date,t,lead_h,obs,ia,baseline,baseline_model
2026-07-04,2026-07-04T07:00:00Z,1,9.9397,9.8481,9.9514,
2026-07-04,2026-07-04T08:00:00Z,2,10.7065,10.6315,10.6574,
2026-07-04,2026-07-04T09:00:00Z,3,10.2816,10.2371,10.2239,
2026-07-04,2026-07-04T10:00:00Z,4,9.0391,8.9862,8.9857,
2026-07-04,2026-07-04T11:00:00Z,5,7.3531,7.3256,7.3816,
2026-07-04,2026-07-04T12:00:00Z,6,5.6118,5.6019,5.7636,
2026-07-04,2026-07-04T13:00:00Z,7,4.1499,4.1429,4.4092,
2026-07-04,2026-07-04T14:00:00Z,8,3.1827,3.2484,3.5265,
2026-07-04,2026-07-04T15:00:00Z,9,2.8981,2.9976,3.3012,
2026-07-04,2026-07-04T16:00:00Z,10,3.646,3.6471,3.9893,
2026-07-04,2026-07-04T17:00:00Z,11,5.4758,5.431,5.679,
2026-07-04,2026-07-04T18:00:00Z,12,7.7611,7.6697,7.9174,
2026-07-04,2026-07-04T19:00:00Z,13,9.853,9.7267,9.8599,
2026-07-04,2026-07-04T20:00:00Z,14,10.8649,10.7146,10.8187,
2026-07-04,2026-07-04T21:00:00Z,15,10.6474,10.5415,10.6016,
2026-07-04,2026-07-04T22:00:00Z,16,9.5593,9.4266,9.4771,
2026-07-04,2026-07-04T23:00:00Z,17,7.9526,7.8471,7.8934,
2026-07-04,2026-07-05T00:00:00Z,18,6.1881,6.1052,6.2188,
2026-07-04,2026-07-05T01:00:00Z,19,4.5657,4.4918,4.7251,
2026-07-04,2026-07-05T02:00:00Z,20,3.3486,3.3582,3.6326,
2026-07-04,2026-07-05T03:00:00Z,21,2.7325,2.8226,3.1177,
2026-07-04,2026-07-05T04:00:00Z,22,3.0284,3.0977,3.4152,
2026-07-04,2026-07-05T05:00:00Z,23,4.4324,4.4716,4.7292,
2026-07-04,2026-07-05T06:00:00Z,24,6.5887,6.6175,6.8218,
2026-07-04,2026-07-05T07:00:00Z,25,8.7775,8.7375,8.9311,
2026-07-05,2026-07-05T07:00:00Z,1,8.7775,8.7918,8.9311,
2026-07-04,2026-07-05T08:00:00Z,26,10.2273,10.0952,10.265,
2026-07-05,2026-07-05T08:00:00Z,2,10.2273,10.2268,10.265,
2026-07-04,2026-07-05T09:00:00Z,27,10.4624,10.3294,10.4601,
2026-07-05,2026-07-05T09:00:00Z,3,10.4624,10.4844,10.4601,
2026-07-04,2026-07-05T10:00:00Z,28,9.6986,9.5449,9.6474,
2026-07-05,2026-07-05T10:00:00Z,4,9.6986,9.6901,9.6474,
2026-07-04,2026-07-05T11:00:00Z,29,8.3207,8.1465,8.2454,
2026-07-05,2026-07-05T11:00:00Z,5,8.3207,8.229,8.2454,
2026-07-04,2026-07-05T12:00:00Z,30,6.6587,6.5747,6.6708,
2026-07-05,2026-07-05T12:00:00Z,6,6.6587,6.5949,6.6708,
2026-07-04,2026-07-05T13:00:00Z,31,5.0536,5.131,5.2185,
2026-07-05,2026-07-05T13:00:00Z,7,5.0536,5.0248,5.2185,
2026-07-04,2026-07-05T14:00:00Z,32,3.8181,3.962,4.1131,
2026-07-05,2026-07-05T14:00:00Z,8,3.8181,3.8655,4.1131,
2026-07-04,2026-07-05T15:00:00Z,33,3.0932,3.3089,3.5267,
2026-07-05,2026-07-05T15:00:00Z,9,3.0932,3.2324,3.5267,
2026-07-04,2026-07-05T16:00:00Z,34,3.1844,3.3673,3.6399,
2026-07-05,2026-07-05T16:00:00Z,10,3.1844,3.2958,3.6399,
2026-07-04,2026-07-05T17:00:00Z,35,4.3665,4.396,4.6664,
2026-07-05,2026-07-05T17:00:00Z,11,4.3665,4.3532,4.6664,
2026-07-04,2026-07-05T18:00:00Z,36,6.3499,6.3175,6.5433,
2026-07-05,2026-07-05T18:00:00Z,12,6.3499,6.3089,6.5433,
2026-07-04,2026-07-05T19:00:00Z,37,8.5429,8.4616,8.666,
2026-07-05,2026-07-05T19:00:00Z,13,8.5429,8.5733,8.666,
2026-07-04,2026-07-05T20:00:00Z,38,10.1814,10.0489,10.2122,
2026-07-05,2026-07-05T20:00:00Z,14,10.1814,10.1678,10.2122,
2026-07-04,2026-07-05T21:00:00Z,39,10.6799,10.5872,10.6814,
2026-07-05,2026-07-05T21:00:00Z,15,10.6799,10.7006,10.6814,
2026-07-04,2026-07-05T22:00:00Z,40,10.1247,9.9747,10.0829,
2026-07-05,2026-07-05T22:00:00Z,16,10.1247,10.1193,10.0829,
2026-07-04,2026-07-05T23:00:00Z,41,8.9333,8.6682,8.7809,
2026-07-05,2026-07-05T23:00:00Z,17,8.9333,8.8054,8.7809,
2026-07-04,2026-07-06T00:00:00Z,42,7.3259,7.1119,7.2018,
2026-07-05,2026-07-06T00:00:00Z,18,7.3259,7.1995,7.2018,
2026-07-04,2026-07-06T01:00:00Z,43,5.6598,5.5972,5.6505,
2026-07-05,2026-07-06T01:00:00Z,19,5.6598,5.5657,5.6505,
2026-07-04,2026-07-06T02:00:00Z,44,4.2186,4.2625,4.3555,
2026-07-05,2026-07-06T02:00:00Z,20,4.2186,4.1808,4.3555,
2026-07-04,2026-07-06T03:00:00Z,45,3.2342,3.3795,3.5149,
2026-07-05,2026-07-06T03:00:00Z,21,3.2342,3.2661,3.5149,
2026-07-04,2026-07-06T04:00:00Z,46,2.9534,3.1263,3.3038,
2026-07-05,2026-07-06T04:00:00Z,22,2.9534,2.9981,3.3038,
2026-07-04,2026-07-06T05:00:00Z,47,3.6293,3.7755,3.9378,
2026-07-05,2026-07-06T05:00:00Z,23,3.6293,3.6572,3.9378,
2026-07-04,2026-07-06T06:00:00Z,48,5.3378,5.3818,5.5016,
2026-07-05,2026-07-06T06:00:00Z,24,5.3378,5.2425,5.5016,
2026-07-05,2026-07-06T07:00:00Z,25,7.4313,7.4119,7.5901,
2026-07-06,2026-07-06T07:00:00Z,1,7.4313,7.4966,7.5901,
2026-07-05,2026-07-06T08:00:00Z,26,9.349,9.2928,9.4057,
2026-07-06,2026-07-06T08:00:00Z,2,9.349,9.3769,9.4057,
2026-07-05,2026-07-06T09:00:00Z,27,10.3002,10.2557,10.3014,
2026-07-06,2026-07-06T09:00:00Z,3,10.3002,10.3388,10.3014,
2026-07-05,2026-07-06T10:00:00Z,28,10.1295,10.1236,10.1078,
2026-07-06,2026-07-06T10:00:00Z,4,10.1295,10.1571,10.1078,
2026-07-05,2026-07-06T11:00:00Z,29,9.153,9.1177,9.075,
2026-07-06,2026-07-06T11:00:00Z,5,9.153,9.0942,9.075,
2026-07-05,2026-07-06T12:00:00Z,30,7.7367,7.6749,7.6338,
2026-07-06,2026-07-06T12:00:00Z,6,7.7367,7.6365,7.6338,
2026-07-05,2026-07-06T13:00:00Z,31,6.1826,6.1825,6.1495,
2026-07-06,2026-07-06T13:00:00Z,7,6.1826,6.0708,6.1495,
2026-07-05,2026-07-06T14:00:00Z,32,4.8107,4.8228,4.8691,
2026-07-06,2026-07-06T14:00:00Z,8,4.8107,4.7473,4.8691,
2026-07-05,2026-07-06T15:00:00Z,33,3.8334,3.8839,3.9912,
2026-07-06,2026-07-06T15:00:00Z,9,3.8334,3.8339,3.9912,
2026-07-05,2026-07-06T16:00:00Z,34,3.41,3.5347,3.6722,
2026-07-06,2026-07-06T16:00:00Z,10,3.41,3.4628,3.6722,
2026-07-05,2026-07-06T17:00:00Z,35,3.8611,3.9092,4.0721,
2026-07-06,2026-07-06T17:00:00Z,11,3.8611,3.8565,4.0721,
2026-07-05,2026-07-06T18:00:00Z,36,5.2737,5.2263,5.3245,
2026-07-06,2026-07-06T18:00:00Z,12,5.2737,5.1593,5.3245,
2026-07-05,2026-07-06T19:00:00Z,37,7.208,7.14,7.2264,
2026-07-06,2026-07-06T19:00:00Z,13,7.208,7.1606,7.2264,
2026-07-05,2026-07-06T20:00:00Z,38,9.1322,9.05,9.1127,
2026-07-06,2026-07-06T20:00:00Z,14,9.1322,9.0986,9.1127,
2026-07-05,2026-07-06T21:00:00Z,39,10.2835,10.282,10.2704,
2026-07-06,2026-07-06T21:00:00Z,15,10.2835,10.3484,10.2704,
2026-07-05,2026-07-06T22:00:00Z,40,10.3909,10.4147,10.3824,
2026-07-06,2026-07-06T22:00:00Z,16,10.3909,10.4751,10.3824,
2026-07-05,2026-07-06T23:00:00Z,41,9.6471,9.584,9.578,
2026-07-06,2026-07-06T23:00:00Z,17,9.6471,9.6264,9.578,
2026-07-05,2026-07-07T00:00:00Z,42,8.3912,8.2625,8.2328,
2026-07-06,2026-07-07T00:00:00Z,18,8.3912,8.2619,8.2328,
2026-07-05,2026-07-07T01:00:00Z,43,6.8619,6.7349,6.7162,
2026-07-06,2026-07-07T01:00:00Z,19,6.8619,6.6667,6.7162,
2026-07-05,2026-07-07T02:00:00Z,44,5.3699,5.2738,5.2856,
2026-07-06,2026-07-07T02:00:00Z,20,5.3699,5.2043,5.2856,
2026-07-05,2026-07-07T03:00:00Z,45,4.1676,4.0956,4.1621,
2026-07-06,2026-07-07T03:00:00Z,21,4.1676,4.0268,4.1621,
2026-07-05,2026-07-07T04:00:00Z,46,3.4386,3.439,3.545,
2026-07-06,2026-07-07T04:00:00Z,22,3.4386,3.363,3.545,
2026-07-05,2026-07-07T05:00:00Z,47,3.4494,3.4948,3.5948,
2026-07-06,2026-07-07T05:00:00Z,23,3.4494,3.4374,3.5948,
2026-07-05,2026-07-07T06:00:00Z,48,4.3879,4.4009,4.4679,
2026-07-06,2026-07-07T06:00:00Z,24,4.3879,4.3617,4.4679,
2026-07-06,2026-07-07T07:00:00Z,25,6.1442,6.0826,6.127,
2026-07-07,2026-07-07T07:00:00Z,1,6.1442,6.088,6.127,
2026-07-06,2026-07-07T08:00:00Z,26,8.0933,8.0489,8.0772,
2026-07-07,2026-07-07T08:00:00Z,2,8.0933,8.0478,8.0772,
2026-07-06,2026-07-07T09:00:00Z,27,9.6244,9.5894,9.5819,
2026-07-07,2026-07-07T09:00:00Z,3,9.6244,9.5726,9.5819,
2026-07-06,2026-07-07T10:00:00Z,28,10.149,10.1729,10.1538,
2026-07-07,2026-07-07T10:00:00Z,4,10.149,10.155,10.1538,
2026-07-06,2026-07-07T11:00:00Z,29,9.7137,9.7683,9.7466,
2026-07-07,2026-07-07T11:00:00Z,5,9.7137,9.6993,9.7466,
2026-07-06,2026-07-07T12:00:00Z,30,8.6897,8.6632,8.6444,
2026-07-07,2026-07-07T12:00:00Z,6,8.6897,8.6241,8.6444,
2026-07-06,2026-07-07T13:00:00Z,31,7.3175,7.252,7.2431,
2026-07-07,2026-07-07T13:00:00Z,7,7.3175,7.2924,7.2431,
2026-07-06,2026-07-07T14:00:00Z,32,5.9197,5.8699,5.8568,
2026-07-07,2026-07-07T14:00:00Z,8,5.9197,5.8948,5.8568,
2026-07-06,2026-07-07T15:00:00Z,33,4.7399,4.6801,4.7138,
2026-07-07,2026-07-07T15:00:00Z,9,4.7399,4.7308,4.7138,
2026-07-06,2026-07-07T16:00:00Z,34,3.9509,3.912,4.0125,
2026-07-07,2026-07-07T16:00:00Z,10,3.9509,3.9971,4.0125,
2026-07-06,2026-07-07T17:00:00Z,35,3.7667,3.7467,3.8938,
2026-07-07,2026-07-07T17:00:00Z,11,3.7667,3.8849,3.8938,
2026-07-06,2026-07-07T18:00:00Z,36,4.4113,4.3675,4.475,
2026-07-07,2026-07-07T18:00:00Z,12,4.4113,4.4373,4.475,
2026-07-06,2026-07-07T19:00:00Z,37,5.8375,5.7028,5.8055,
2026-07-07,2026-07-07T19:00:00Z,13,5.8375,5.7593,5.8055,
2026-07-06,2026-07-07T20:00:00Z,38,7.6015,7.5576,7.6025,
2026-07-07,2026-07-07T20:00:00Z,14,7.6015,7.5634,7.6025,
2026-07-06,2026-07-07T21:00:00Z,39,9.2314,9.2068,9.2311,
2026-07-07,2026-07-07T21:00:00Z,15,9.2314,9.2013,9.2311,
2026-07-06,2026-07-07T22:00:00Z,40,10.064,10.1125,10.1161,
2026-07-07,2026-07-07T22:00:00Z,16,10.064,10.1243,10.1161,
2026-07-06,2026-07-07T23:00:00Z,41,9.988,10.0221,10.0594,
2026-07-07,2026-07-07T23:00:00Z,17,9.988,10.0371,10.0594,
2026-07-06,2026-07-08T00:00:00Z,42,9.213,9.1683,9.2161,
2026-07-07,2026-07-08T00:00:00Z,18,9.213,9.1611,9.2161,
2026-07-06,2026-07-08T01:00:00Z,43,7.9899,7.9186,7.9169,
2026-07-07,2026-07-08T01:00:00Z,19,7.9899,7.9216,7.9169,
2026-07-06,2026-07-08T02:00:00Z,44,6.5638,6.4679,6.475,
2026-07-07,2026-07-08T02:00:00Z,20,6.5638,6.5071,6.475,
2026-07-06,2026-07-08T03:00:00Z,45,5.2187,5.1131,5.1359,
2026-07-07,2026-07-08T03:00:00Z,21,5.2187,5.1211,5.1359,
2026-07-06,2026-07-08T04:00:00Z,46,4.1756,4.0359,4.1413,
2026-07-07,2026-07-08T04:00:00Z,22,4.1756,4.0813,4.1413,
2026-07-06,2026-07-08T05:00:00Z,47,3.6517,3.5868,3.6878,
2026-07-07,2026-07-08T05:00:00Z,23,3.6517,3.6398,3.6878,
2026-07-06,2026-07-08T06:00:00Z,48,3.8682,3.8147,3.8982,
2026-07-07,2026-07-08T06:00:00Z,24,3.8682,3.8524,3.8982,
2026-07-07,2026-07-08T07:00:00Z,25,4.9189,4.8074,4.8641,
2026-07-08,2026-07-08T07:00:00Z,1,4.9189,4.7869,4.8641,
2026-07-07,2026-07-08T08:00:00Z,26,6.5746,6.4455,6.4759,
2026-07-08,2026-07-08T08:00:00Z,2,6.5746,6.4064,6.4759,
2026-07-07,2026-07-08T09:00:00Z,27,8.3226,8.2332,8.2386,
2026-07-08,2026-07-08T09:00:00Z,3,8.3226,8.1755,8.2386,
2026-07-07,2026-07-08T10:00:00Z,28,9.543,9.5269,9.5207,
2026-07-08,2026-07-08T10:00:00Z,4,9.543,9.4638,9.5207,
2026-07-07,2026-07-08T11:00:00Z,29,9.8825,9.9205,9.9472,
2026-07-08,2026-07-08T11:00:00Z,5,9.8825,9.901,9.9472,
2026-07-07,2026-07-08T12:00:00Z,30,9.3796,9.4396,9.5044,
2026-07-08,2026-07-08T12:00:00Z,6,9.3796,9.4744,9.5044,
2026-07-07,2026-07-08T13:00:00Z,31,8.4117,8.4174,8.4457,
2026-07-08,2026-07-08T13:00:00Z,7,8.4117,8.4754,8.4457,
2026-07-07,2026-07-08T14:00:00Z,32,7.1572,7.0793,7.1155,
2026-07-08,2026-07-08T14:00:00Z,8,7.1572,7.1783,7.1155,
2026-07-07,2026-07-08T15:00:00Z,33,5.9095,5.7686,5.7985,
2026-07-08,2026-07-08T15:00:00Z,9,5.9095,5.8456,5.7985,
2026-07-07,2026-07-08T16:00:00Z,34,4.8475,4.6554,4.7339,
2026-07-08,2026-07-08T16:00:00Z,10,4.8475,4.7536,4.7339,
2026-07-07,2026-07-08T17:00:00Z,35,4.1728,4.0741,4.129,
2026-07-08,2026-07-08T17:00:00Z,11,4.1728,4.1331,4.129,
2026-07-07,2026-07-08T18:00:00Z,36,4.1008,4.0516,4.0988,
2026-07-08,2026-07-08T18:00:00Z,12,4.1008,4.0829,4.0988,
2026-07-07,2026-07-08T19:00:00Z,37,4.785,4.674,4.7161,
2026-07-08,2026-07-08T19:00:00Z,13,4.785,4.7125,4.7161,
2026-07-07,2026-07-08T20:00:00Z,38,6.0878,5.9601,5.9855,
2026-07-08,2026-07-08T20:00:00Z,14,6.0878,5.955,5.9855,
2026-07-07,2026-07-08T21:00:00Z,39,7.7046,7.6053,7.6211,
2026-07-08,2026-07-08T21:00:00Z,15,7.7046,7.5989,7.6211,
2026-07-07,2026-07-08T22:00:00Z,40,9.1038,9.0655,9.0697,
2026-07-08,2026-07-08T22:00:00Z,16,9.1038,9.09,9.0697,
2026-07-07,2026-07-08T23:00:00Z,41,9.7767,9.8143,9.8615,
2026-07-08,2026-07-08T23:00:00Z,17,9.7767,9.8421,9.8615,
2026-07-07,2026-07-09T00:00:00Z,42,9.6807,9.7545,9.8269,
2026-07-08,2026-07-09T00:00:00Z,18,9.6807,9.8026,9.8269,
2026-07-07,2026-07-09T01:00:00Z,43,9.0009,9.0188,9.0728,
2026-07-08,2026-07-09T01:00:00Z,19,9.0009,9.0966,9.0728,
2026-07-07,2026-07-09T02:00:00Z,44,7.8955,7.8663,7.8659,
2026-07-08,2026-07-09T02:00:00Z,20,7.8955,7.9674,7.8659,
2026-07-07,2026-07-09T03:00:00Z,45,6.579,6.4789,6.4874,
2026-07-08,2026-07-09T03:00:00Z,21,6.579,6.5584,6.4874,
2026-07-07,2026-07-09T04:00:00Z,46,5.3356,5.1647,5.2006,
2026-07-08,2026-07-09T04:00:00Z,22,5.3356,5.2488,5.2006,
2026-07-07,2026-07-09T05:00:00Z,47,4.3893,4.2273,4.2704,
2026-07-08,2026-07-09T05:00:00Z,23,4.3893,4.3382,4.2704,
2026-07-07,2026-07-09T06:00:00Z,48,3.9428,3.8302,3.8754,
2026-07-08,2026-07-09T06:00:00Z,24,3.9428,3.9318,3.8754,
2026-07-08,2026-07-09T07:00:00Z,25,4.2092,4.0856,4.1,
2026-07-09,2026-07-09T07:00:00Z,1,4.2092,4.1129,4.1,
2026-07-08,2026-07-09T08:00:00Z,26,5.2379,4.9901,5.0093,
2026-07-09,2026-07-09T08:00:00Z,2,5.2379,4.98,5.0093,
2026-07-08,2026-07-09T09:00:00Z,27,6.7263,6.4666,6.492,
2026-07-09,2026-07-09T09:00:00Z,3,6.7263,6.4985,6.492,
2026-07-08,2026-07-09T10:00:00Z,28,8.3117,8.1026,8.1108,
2026-07-09,2026-07-09T10:00:00Z,4,8.3117,8.0986,8.1108,
2026-07-08,2026-07-09T11:00:00Z,29,9.3807,9.2941,9.3265,
2026-07-09,2026-07-09T11:00:00Z,5,9.3807,9.3036,9.3265,
2026-07-08,2026-07-09T12:00:00Z,30,9.6719,9.7473,9.7974,
2026-07-09,2026-07-09T12:00:00Z,6,9.6719,9.7504,9.7974,
2026-07-08,2026-07-09T13:00:00Z,31,9.2505,9.4247,9.4644,
2026-07-09,2026-07-09T13:00:00Z,7,9.2505,9.4867,9.4644,
2026-07-08,2026-07-09T14:00:00Z,32,8.4091,8.5204,8.5155,
2026-07-09,2026-07-09T14:00:00Z,8,8.4091,8.5857,8.5155,
2026-07-08,2026-07-09T15:00:00Z,33,7.2891,7.2517,7.2514,
2026-07-09,2026-07-09T15:00:00Z,9,7.2891,7.3285,7.2514,
2026-07-08,2026-07-09T16:00:00Z,34,6.1276,5.9625,5.9541,
2026-07-09,2026-07-09T16:00:00Z,10,6.1276,6.07,5.9541,
2026-07-08,2026-07-09T17:00:00Z,35,5.1116,4.954,4.8901,
2026-07-09,2026-07-09T17:00:00Z,11,5.1116,5.0208,4.8901,
2026-07-08,2026-07-09T18:00:00Z,36,4.41,4.3423,4.2706,
2026-07-09,2026-07-09T18:00:00Z,12,4.41,4.4032,4.2706,
2026-07-08,2026-07-09T19:00:00Z,37,4.2759,4.2421,4.185,
2026-07-09,2026-07-09T19:00:00Z,13,4.2759,4.2011,4.185,
2026-07-08,2026-07-09T20:00:00Z,38,4.849,4.7179,4.6933,
2026-07-09,2026-07-09T20:00:00Z,14,4.849,4.7167,4.6933,
2026-07-08,2026-07-09T21:00:00Z,39,6.0282,5.8126,5.8147,
2026-07-09,2026-07-09T21:00:00Z,15,6.0282,5.8954,5.8147,
2026-07-08,2026-07-09T22:00:00Z,40,7.508,7.34,7.3152,
2026-07-09,2026-07-09T22:00:00Z,16,7.508,7.3599,7.3152,
2026-07-08,2026-07-09T23:00:00Z,41,8.8494,8.7366,8.7251,
2026-07-09,2026-07-09T23:00:00Z,17,8.8494,8.8136,8.7251,
2026-07-08,2026-07-10T00:00:00Z,42,9.5797,9.5548,9.6129,
2026-07-09,2026-07-10T00:00:00Z,18,9.5797,9.6941,9.6129,
2026-07-08,2026-07-10T01:00:00Z,43,9.5915,9.7347,9.7554,
2026-07-09,2026-07-10T01:00:00Z,19,9.5915,9.8617,9.7554,
2026-07-08,2026-07-10T02:00:00Z,44,9.0255,9.2072,9.1725,
2026-07-09,2026-07-10T02:00:00Z,20,9.0255,9.3255,9.1725,
2026-07-08,2026-07-10T03:00:00Z,45,8.0375,8.1038,8.0752,
2026-07-09,2026-07-10T03:00:00Z,21,8.0375,8.2302,8.0752,
2026-07-08,2026-07-10T04:00:00Z,46,6.8299,6.7765,6.7374,
2026-07-09,2026-07-10T04:00:00Z,22,6.8299,6.8976,6.7374,
2026-07-08,2026-07-10T05:00:00Z,47,5.6116,5.497,5.4488,
2026-07-09,2026-07-10T05:00:00Z,23,5.6116,5.6167,5.4488,
2026-07-08,2026-07-10T06:00:00Z,48,4.6444,4.5689,4.4871,
2026-07-09,2026-07-10T06:00:00Z,24,4.6444,4.6556,4.4871,
2026-07-09,2026-07-10T07:00:00Z,25,4.0986,4.034,4.0116,
2026-07-10,2026-07-10T07:00:00Z,1,4.0986,4.1797,4.0116,
2026-07-09,2026-07-10T08:00:00Z,26,4.2255,4.0742,4.102,
2026-07-10,2026-07-10T08:00:00Z,2,4.2255,4.2167,4.102,
2026-07-09,2026-07-10T09:00:00Z,27,5.1044,4.8474,4.8525,
2026-07-10,2026-07-10T09:00:00Z,3,5.1044,4.9445,4.8525,
2026-07-09,2026-07-10T10:00:00Z,28,6.5133,6.2737,6.2034,
2026-07-10,2026-07-10T10:00:00Z,4,6.5133,6.2763,6.2034,
2026-07-09,2026-07-10T11:00:00Z,29,8.0732,7.8482,7.789,
2026-07-10,2026-07-10T11:00:00Z,5,8.0732,7.8335,7.789,
2026-07-09,2026-07-10T12:00:00Z,30,9.2512,9.136,9.1142,
2026-07-10,2026-07-10T12:00:00Z,6,9.2512,9.0797,9.1142,
2026-07-09,2026-07-10T13:00:00Z,31,9.7177,9.8182,9.7903,
2026-07-10,2026-07-10T13:00:00Z,7,9.7177,9.7301,9.7903,
2026-07-09,2026-07-10T14:00:00Z,32,9.462,9.7671,9.6604,
2026-07-10,2026-07-10T14:00:00Z,8,9.462,9.6301,9.6604,
2026-07-09,2026-07-10T15:00:00Z,33,8.7457,8.989,8.8423,
2026-07-10,2026-07-10T15:00:00Z,9,8.7457,8.8283,8.8423,
2026-07-09,2026-07-10T16:00:00Z,34,7.6753,7.7609,7.6132,
2026-07-10,2026-07-10T16:00:00Z,10,7.6753,7.6684,7.6132,
2026-07-09,2026-07-10T17:00:00Z,35,6.4636,6.3769,6.2714,
2026-07-10,2026-07-10T17:00:00Z,11,6.4636,6.3834,6.2714,
2026-07-09,2026-07-10T18:00:00Z,36,5.3111,5.2105,5.1126,
2026-07-10,2026-07-10T18:00:00Z,12,5.3111,5.2364,5.1126,
2026-07-09,2026-07-10T19:00:00Z,37,4.4442,4.3833,4.3508,
2026-07-10,2026-07-10T19:00:00Z,13,4.4442,4.4494,4.3508,
2026-07-09,2026-07-10T20:00:00Z,38,4.077,4.0593,4.0729,
2026-07-10,2026-07-10T20:00:00Z,14,4.077,4.1401,4.0729,
2026-07-09,2026-07-10T21:00:00Z,39,4.4277,4.3828,4.3722,
2026-07-10,2026-07-10T21:00:00Z,15,4.4277,4.4464,4.3722,
2026-07-09,2026-07-10T22:00:00Z,40,5.5142,5.368,5.3295,
2026-07-10,2026-07-10T22:00:00Z,16,5.5142,5.4249,5.3295,
2026-07-09,2026-07-10T23:00:00Z,41,7.0113,6.8598,6.7828,
2026-07-10,2026-07-10T23:00:00Z,17,7.0113,6.8885,6.7828,
2026-07-09,2026-07-11T00:00:00Z,42,8.5508,8.3716,8.3133,
2026-07-10,2026-07-11T00:00:00Z,18,8.5508,8.3685,8.3133,
2026-07-09,2026-07-11T01:00:00Z,43,9.5609,9.5208,9.4558,
2026-07-10,2026-07-11T01:00:00Z,19,9.5609,9.4867,9.4558,
2026-07-09,2026-07-11T02:00:00Z,44,9.8204,9.9942,9.8771,
2026-07-10,2026-07-11T02:00:00Z,20,9.8204,9.9617,9.8771,
2026-07-09,2026-07-11T03:00:00Z,45,9.3924,9.6338,9.5024,
2026-07-10,2026-07-11T03:00:00Z,21,9.3924,9.6041,9.5024,
2026-07-09,2026-07-11T04:00:00Z,46,8.4687,8.6088,8.5061,
2026-07-10,2026-07-11T04:00:00Z,22,8.4687,8.6415,8.5061,
2026-07-09,2026-07-11T05:00:00Z,47,7.1973,7.2394,7.1675,
2026-07-10,2026-07-11T05:00:00Z,23,7.1973,7.2916,7.1675,
2026-07-09,2026-07-11T06:00:00Z,48,5.8739,5.8375,5.7994,
2026-07-10,2026-07-11T06:00:00Z,24,5.8739,5.9376,5.7994,
2026-07-10,2026-07-11T07:00:00Z,25,4.7359,4.7744,4.6904,
2026-07-11,2026-07-11T07:00:00Z,1,4.7359,4.7877,4.6904,
2026-07-10,2026-07-11T08:00:00Z,26,3.9905,4.0519,4.0043,
2026-07-11,2026-07-11T08:00:00Z,2,3.9905,4.06,4.0043,
2026-07-10,2026-07-11T09:00:00Z,27,3.8938,3.8843,3.8603,
2026-07-11,2026-07-11T09:00:00Z,3,3.8938,3.8878,3.8603,
2026-07-10,2026-07-11T10:00:00Z,28,4.5822,4.4207,4.4232,
2026-07-11,2026-07-11T10:00:00Z,4,4.5822,4.4134,4.4232,
2026-07-10,2026-07-11T11:00:00Z,29,6.01,5.735,5.7064,
2026-07-11,2026-07-11T11:00:00Z,5,6.01,5.7409,5.7064,
2026-07-10,2026-07-11T12:00:00Z,30,7.7189,7.4429,7.4002,
2026-07-11,2026-07-11T12:00:00Z,6,7.7189,7.431,7.4002,
2026-07-10,2026-07-11T13:00:00Z,31,9.2489,9.0157,8.9908,
2026-07-11,2026-07-11T13:00:00Z,7,9.2489,8.99,8.9908,
2026-07-10,2026-07-11T14:00:00Z,32,10.0302,10.0268,9.9763,
2026-07-11,2026-07-11T14:00:00Z,8,10.0302,9.915,9.9763,
2026-07-10,2026-07-11T15:00:00Z,33,9.9853,10.1727,10.0806,
2026-07-11,2026-07-11T15:00:00Z,9,9.9853,10.0,10.0806,
2026-07-10,2026-07-11T16:00:00Z,34,9.2994,9.4454,9.3701,
2026-07-11,2026-07-11T16:00:00Z,10,9.2994,9.2811,9.3701,
2026-07-10,2026-07-11T17:00:00Z,35,8.1621,8.214,8.1209,
2026-07-11,2026-07-11T17:00:00Z,11,8.1621,8.0895,8.1209,
2026-07-10,2026-07-11T18:00:00Z,36,6.7651,6.7327,6.6571,
2026-07-11,2026-07-11T18:00:00Z,12,6.7651,6.6416,6.6571,
2026-07-10,2026-07-11T19:00:00Z,37,5.3882,5.3698,5.3047,
2026-07-11,2026-07-11T19:00:00Z,13,5.3882,5.2858,5.3047,
2026-07-10,2026-07-11T20:00:00Z,38,4.2617,4.2529,4.2927,
2026-07-11,2026-07-11T20:00:00Z,14,4.2617,4.228,4.2927,
2026-07-10,2026-07-11T21:00:00Z,39,3.6264,3.667,3.7365,
2026-07-11,2026-07-11T21:00:00Z,15,3.6264,3.7306,3.7365,
2026-07-10,2026-07-11T22:00:00Z,40,3.7444,3.7408,3.797,
2026-07-11,2026-07-11T22:00:00Z,16,3.7444,3.7852,3.797,
2026-07-10,2026-07-11T23:00:00Z,41,4.746,4.6142,4.6368,
2026-07-11,2026-07-11T23:00:00Z,17,4.746,4.6271,4.6368,
2026-07-10,2026-07-12T00:00:00Z,42,6.4313,6.197,6.1606,
2026-07-11,2026-07-12T00:00:00Z,18,6.4313,6.1896,6.1606,
2026-07-10,2026-07-12T01:00:00Z,43,8.2464,8.0261,7.9552,
2026-07-11,2026-07-12T01:00:00Z,19,8.2464,7.9972,7.9552,
2026-07-10,2026-07-12T02:00:00Z,44,9.6638,9.5093,9.4574,
2026-07-11,2026-07-12T02:00:00Z,20,9.6638,9.5092,9.4574,
2026-07-10,2026-07-12T03:00:00Z,45,10.2275,10.25,10.195,
2026-07-11,2026-07-12T03:00:00Z,21,10.2275,10.2069,10.195,
2026-07-10,2026-07-12T04:00:00Z,46,9.925,10.0379,10.0137,
2026-07-11,2026-07-12T04:00:00Z,22,9.925,9.9814,10.0137,
2026-07-10,2026-07-12T05:00:00Z,47,8.9593,9.0992,9.073,
2026-07-11,2026-07-12T05:00:00Z,23,8.9593,9.0504,9.073,
2026-07-10,2026-07-12T06:00:00Z,48,7.5522,7.6877,7.6641,
2026-07-11,2026-07-12T06:00:00Z,24,7.5522,7.605,7.6641,
2026-07-11,2026-07-12T07:00:00Z,25,6.0121,6.1442,6.126,
2026-07-12,2026-07-12T07:00:00Z,1,6.0121,6.0591,6.126,
2026-07-11,2026-07-12T08:00:00Z,26,4.6205,4.7837,4.7735,
2026-07-12,2026-07-12T08:00:00Z,2,4.6205,4.7202,4.7735,
2026-07-11,2026-07-12T09:00:00Z,27,3.6159,3.8172,3.8035,
2026-07-12,2026-07-12T09:00:00Z,3,3.6159,3.822,3.8035,
2026-07-11,2026-07-12T10:00:00Z,28,3.2346,3.422,3.4012,
2026-07-12,2026-07-12T10:00:00Z,4,3.2346,3.4614,3.4012,
2026-07-11,2026-07-12T11:00:00Z,29,3.7542,3.8511,3.8176,
2026-07-12,2026-07-12T11:00:00Z,5,3.7542,3.8616,3.8176,
2026-07-11,2026-07-12T12:00:00Z,30,5.2493,5.162,5.1411,
2026-07-12,2026-07-12T12:00:00Z,6,5.2493,5.1976,5.1411,
2026-07-11,2026-07-12T13:00:00Z,31,7.2366,7.1225,7.0839,
2026-07-12,2026-07-12T13:00:00Z,7,7.2366,7.1665,7.0839,
2026-07-11,2026-07-12T14:00:00Z,32,9.2226,9.1043,9.046,
2026-07-12,2026-07-12T14:00:00Z,8,9.2226,9.1211,9.046,
2026-07-11,2026-07-12T15:00:00Z,33,10.4631,10.4118,10.3672,
2026-07-12,2026-07-12T15:00:00Z,9,10.4631,10.351,10.3672,
2026-07-11,2026-07-12T16:00:00Z,34,10.6788,10.7207,10.6663,
2026-07-12,2026-07-12T16:00:00Z,10,10.6788,10.5664,10.6663,
2026-07-11,2026-07-12T17:00:00Z,35,9.9928,9.9592,9.9948,
2026-07-12,2026-07-12T17:00:00Z,11,9.9928,9.8266,9.9948,
2026-07-11,2026-07-12T18:00:00Z,36,8.6935,8.6425,8.6486,
2026-07-12,2026-07-12T18:00:00Z,12,8.6935,8.4843,8.6486,
2026-07-11,2026-07-12T19:00:00Z,37,7.0287,6.9557,6.9851,
2026-07-12,2026-07-12T19:00:00Z,13,7.0287,6.8564,6.9851,
2026-07-11,2026-07-12T20:00:00Z,38,5.3803,5.3312,5.3696,
2026-07-12,2026-07-12T20:00:00Z,14,5.3803,5.2308,5.3696,
2026-07-11,2026-07-12T21:00:00Z,39,3.9973,4.0297,4.0601,
2026-07-12,2026-07-12T21:00:00Z,15,3.9973,4.0343,4.0601,
2026-07-11,2026-07-12T22:00:00Z,40,3.095,3.2264,3.2148,
2026-07-12,2026-07-12T22:00:00Z,16,3.095,3.2527,3.2148,
2026-07-11,2026-07-12T23:00:00Z,41,2.9645,3.1252,3.0734,
2026-07-12,2026-07-12T23:00:00Z,17,2.9645,3.2111,3.0734,
2026-07-11,2026-07-13T00:00:00Z,42,3.8802,3.9026,3.8863,
2026-07-12,2026-07-13T00:00:00Z,18,3.8802,4.0126,3.8863,
2026-07-11,2026-07-13T01:00:00Z,43,5.7765,5.6382,5.6067,
2026-07-12,2026-07-13T01:00:00Z,19,5.7765,5.6706,5.6067,
2026-07-11,2026-07-13T02:00:00Z,44,7.9583,7.8397,7.7709,
2026-07-12,2026-07-13T02:00:00Z,20,7.9583,7.829,7.7709,
2026-07-11,2026-07-13T03:00:00Z,45,9.8339,9.7603,9.6645,
2026-07-12,2026-07-13T03:00:00Z,21,9.8339,9.6846,9.6645,
2026-07-11,2026-07-13T04:00:00Z,46,10.7349,10.6968,10.6767,
2026-07-12,2026-07-13T04:00:00Z,22,10.7349,10.6252,10.6767,
2026-07-11,2026-07-13T05:00:00Z,47,10.586,10.5886,10.6105,
2026-07-12,2026-07-13T05:00:00Z,23,10.586,10.5104,10.6105,
2026-07-11,2026-07-13T06:00:00Z,48,9.5457,9.5825,9.637,
2026-07-12,2026-07-13T06:00:00Z,24,9.5457,9.5027,9.637,
2026-07-12,2026-07-13T07:00:00Z,25,7.9925,8.0379,8.072,
2026-07-13,2026-07-13T07:00:00Z,1,7.9925,7.9867,8.072,
2026-07-12,2026-07-13T08:00:00Z,26,6.1713,6.2938,6.2966,
2026-07-13,2026-07-13T08:00:00Z,2,6.1713,6.2162,6.2966,
2026-07-12,2026-07-13T09:00:00Z,27,4.5332,4.7522,4.6672,
2026-07-13,2026-07-13T09:00:00Z,3,4.5332,4.6057,4.6672,
2026-07-12,2026-07-13T10:00:00Z,28,3.2542,3.5446,3.4206,
2026-07-13,2026-07-13T10:00:00Z,4,3.2542,3.391,3.4206,
2026-07-12,2026-07-13T11:00:00Z,29,2.6206,2.9827,2.8093,
2026-07-13,2026-07-13T11:00:00Z,5,2.6206,2.831,2.8093,
2026-07-12,2026-07-13T12:00:00Z,30,3.0512,3.2906,3.1754,
2026-07-13,2026-07-13T12:00:00Z,6,3.0512,3.2121,3.1754,
2026-07-12,2026-07-13T13:00:00Z,31,4.6947,4.7515,4.6712,
2026-07-13,2026-07-13T13:00:00Z,7,4.6947,4.7376,4.6712,
2026-07-12,2026-07-13T14:00:00Z,32,7.1596,7.0519,6.9761,
2026-07-13,2026-07-13T14:00:00Z,8,7.1596,7.0936,6.9761,
2026-07-12,2026-07-13T15:00:00Z,33,9.5861,9.402,9.3362,
2026-07-13,2026-07-13T15:00:00Z,9,9.5861,9.4257,9.3362,
2026-07-12,2026-07-13T16:00:00Z,34,11.1437,10.9362,10.9247,
2026-07-13,2026-07-13T16:00:00Z,10,11.1437,10.942,10.9247,
2026-07-12,2026-07-13T17:00:00Z,35,11.455,11.1941,11.3075,
2026-07-13,2026-07-13T17:00:00Z,11,11.455,11.293,11.3075,
2026-07-12,2026-07-13T18:00:00Z,36,10.6355,10.4592,10.5684,
2026-07-13,2026-07-13T18:00:00Z,12,10.6355,10.5282,10.5684,
2026-07-12,2026-07-13T19:00:00Z,37,9.0698,8.9466,9.0423,
2026-07-13,2026-07-13T19:00:00Z,13,9.0698,8.9473,9.0423,
2026-07-12,2026-07-13T20:00:00Z,38,7.1269,7.1393,7.1318,
2026-07-13,2026-07-13T20:00:00Z,14,7.1269,7.0871,7.1318,
2026-07-12,2026-07-13T21:00:00Z,39,5.1865,5.3099,5.2482,
2026-07-13,2026-07-13T21:00:00Z,15,5.1865,5.1929,5.2482,
2026-07-12,2026-07-13T22:00:00Z,40,3.5891,3.7738,3.6716,
2026-07-13,2026-07-13T22:00:00Z,16,3.5891,3.6221,3.6716,
2026-07-12,2026-07-13T23:00:00Z,41,2.5239,2.7934,2.5951,
2026-07-13,2026-07-13T23:00:00Z,17,2.5239,2.6721,2.5951,
2026-07-12,2026-07-14T00:00:00Z,42,2.3143,2.5224,2.3418,
2026-07-13,2026-07-14T00:00:00Z,18,2.3143,2.4662,2.3418,
2026-07-12,2026-07-14T01:00:00Z,43,3.363,3.3505,3.2513,
2026-07-13,2026-07-14T01:00:00Z,19,3.363,3.3576,3.2513,
2026-07-12,2026-07-14T02:00:00Z,44,5.5977,5.3358,5.2862,
2026-07-13,2026-07-14T02:00:00Z,20,5.5977,5.3671,5.2862,
2026-07-12,2026-07-14T03:00:00Z,45,8.1902,7.9049,7.8619,
2026-07-13,2026-07-14T03:00:00Z,21,8.1902,7.9617,7.8619,
2026-07-12,2026-07-14T04:00:00Z,46,10.3798,10.0968,10.0817,
2026-07-13,2026-07-14T04:00:00Z,22,10.3798,10.1864,10.0817,
2026-07-12,2026-07-14T05:00:00Z,47,11.4086,11.1798,11.2371,
2026-07-13,2026-07-14T05:00:00Z,23,11.4086,11.198,11.2371,
2026-07-12,2026-07-14T06:00:00Z,48,11.1701,11.0817,11.1476,
2026-07-13,2026-07-14T06:00:00Z,24,11.1701,11.0951,11.1476,
2026-07-13,2026-07-14T07:00:00Z,25,9.9691,9.9484,10.029,
2026-07-14,2026-07-14T07:00:00Z,1,9.9691,9.9138,10.029,
2026-07-13,2026-07-14T08:00:00Z,26,8.1672,8.1842,8.2427,
2026-07-14,2026-07-14T08:00:00Z,2,8.1672,8.1044,8.2427,
2026-07-13,2026-07-14T09:00:00Z,27,6.1328,6.1692,6.2253,
2026-07-14,2026-07-14T09:00:00Z,3,6.1328,6.0715,6.2253,
2026-07-13,2026-07-14T10:00:00Z,28,4.2931,4.3353,4.3656,
2026-07-14,2026-07-14T10:00:00Z,4,4.2931,4.1954,4.3656,
2026-07-13,2026-07-14T11:00:00Z,29,2.8672,2.918,2.9201,
2026-07-14,2026-07-14T11:00:00Z,5,2.8672,2.8042,2.9201,
2026-07-13,2026-07-14T12:00:00Z,30,2.135,2.2628,2.2064,
2026-07-14,2026-07-14T12:00:00Z,6,2.135,2.2048,2.2064,
2026-07-13,2026-07-14T13:00:00Z,31,2.6151,2.6818,2.6607,
2026-07-14,2026-07-14T13:00:00Z,7,2.6151,2.7107,2.6607,
2026-07-13,2026-07-14T14:00:00Z,32,4.5663,4.4625,4.4628,
2026-07-14,2026-07-14T14:00:00Z,8,4.5663,4.576,4.4628,
2026-07-13,2026-07-14T15:00:00Z,33,7.3818,7.2089,7.1794,
2026-07-14,2026-07-14T15:00:00Z,9,7.3818,7.3294,7.1794,
2026-07-13,2026-07-14T16:00:00Z,34,10.0782,9.8691,9.8573,
2026-07-14,2026-07-14T16:00:00Z,10,10.0782,10.0779,9.8573,
2026-07-13,2026-07-14T17:00:00Z,35,11.7374,11.4895,11.549,
2026-07-14,2026-07-14T17:00:00Z,11,11.7374,11.6541,11.549,
2026-07-13,2026-07-14T18:00:00Z,36,11.9245,11.7597,11.8505,
2026-07-14,2026-07-14T18:00:00Z,12,11.9245,11.8863,11.8505,
2026-07-13,2026-07-14T19:00:00Z,37,10.9192,10.88,10.925,
2026-07-14,2026-07-14T19:00:00Z,13,10.9192,10.8257,10.925,
2026-07-13,2026-07-14T20:00:00Z,38,9.118,9.1486,9.1633,
2026-07-14,2026-07-14T20:00:00Z,14,9.118,9.0497,9.1633,
2026-07-13,2026-07-14T21:00:00Z,39,6.9474,6.9971,7.0213,
2026-07-14,2026-07-14T21:00:00Z,15,6.9474,6.8896,7.0213,
2026-07-13,2026-07-14T22:00:00Z,40,4.876,4.8891,4.9402,
2026-07-14,2026-07-14T22:00:00Z,16,4.876,4.8243,4.9402,
2026-07-13,2026-07-14T23:00:00Z,41,3.1898,3.1499,3.1896,
2026-07-14,2026-07-14T23:00:00Z,17,3.1898,3.1159,3.1896,
2026-07-13,2026-07-15T00:00:00Z,42,2.0448,2.0929,1.989,
2026-07-14,2026-07-15T00:00:00Z,18,2.0448,2.0731,1.989,
2026-07-13,2026-07-15T01:00:00Z,43,1.8318,1.9054,1.7591,
2026-07-14,2026-07-15T01:00:00Z,19,1.8318,1.8996,1.7591,
2026-07-13,2026-07-15T02:00:00Z,44,3.0448,2.8829,2.9105,
2026-07-14,2026-07-15T02:00:00Z,20,3.0448,2.9708,2.9105,
2026-07-13,2026-07-15T03:00:00Z,45,5.5438,5.3237,5.3395,
2026-07-14,2026-07-15T03:00:00Z,21,5.5438,5.4728,5.3395,
2026-07-13,2026-07-15T04:00:00Z,46,8.4422,8.2789,8.2703,
2026-07-14,2026-07-15T04:00:00Z,22,8.4422,8.4227,8.2703,
2026-07-13,2026-07-15T05:00:00Z,47,10.8147,10.6486,10.6419,
2026-07-14,2026-07-15T05:00:00Z,23,10.8147,10.8499,10.6419,
2026-07-13,2026-07-15T06:00:00Z,48,11.8535,11.6471,11.7354,
2026-07-14,2026-07-15T06:00:00Z,24,11.8535,11.8137,11.7354,
2026-07-14,2026-07-15T07:00:00Z,25,11.4702,11.4527,11.4586,
2026-07-15,2026-07-15T07:00:00Z,1,11.4702,11.4547,11.4586,
2026-07-14,2026-07-15T08:00:00Z,26,10.0571,10.0961,10.1035,
2026-07-15,2026-07-15T08:00:00Z,2,10.0571,10.0781,10.1035,
2026-07-14,2026-07-15T09:00:00Z,27,8.0398,8.0555,8.0917,
2026-07-15,2026-07-15T09:00:00Z,3,8.0398,8.0388,8.0917,
2026-07-14,2026-07-15T10:00:00Z,28,5.8366,5.8929,5.9036,
2026-07-15,2026-07-15T10:00:00Z,4,5.8366,5.8459,5.9036,
2026-07-14,2026-07-15T11:00:00Z,29,3.9065,3.8681,3.922,
2026-07-15,2026-07-15T11:00:00Z,5,3.9065,3.8025,3.922,
2026-07-14,2026-07-15T12:00:00Z,30,2.4535,2.3941,2.4017,
2026-07-15,2026-07-15T12:00:00Z,6,2.4535,2.3482,2.4017,
2026-07-14,2026-07-15T13:00:00Z,31,1.7526,1.8366,1.7359,
2026-07-15,2026-07-15T13:00:00Z,7,1.7526,1.8216,1.7359,
2026-07-14,2026-07-15T14:00:00Z,32,2.4298,2.3747,2.441,
2026-07-15,2026-07-15T14:00:00Z,8,2.4298,2.512,2.441,
2026-07-14,2026-07-15T15:00:00Z,33,4.6908,4.5991,4.6455,
2026-07-15,2026-07-15T15:00:00Z,9,4.6908,4.6935,4.6455,
2026-07-14,2026-07-15T16:00:00Z,34,7.7662,7.7431,7.7195,
2026-07-15,2026-07-15T16:00:00Z,10,7.7662,7.8374,7.7195,
2026-07-14,2026-07-15T17:00:00Z,35,10.5876,10.5845,10.5217,
2026-07-15,2026-07-15T17:00:00Z,11,10.5876,10.6015,10.5217,
2026-07-14,2026-07-15T18:00:00Z,36,12.2203,12.0696,12.0859,
2026-07-15,2026-07-15T18:00:00Z,12,12.2203,12.1572,12.0859,
2026-07-14,2026-07-15T19:00:00Z,37,12.196,12.106,12.1306,
2026-07-15,2026-07-15T19:00:00Z,13,12.196,12.0834,12.1306,
2026-07-14,2026-07-15T20:00:00Z,38,10.9219,10.9287,10.9312,
2026-07-15,2026-07-15T20:00:00Z,14,10.9219,10.8644,10.9312,
2026-07-14,2026-07-15T21:00:00Z,39,8.8976,8.9258,8.9406,
2026-07-15,2026-07-15T21:00:00Z,15,8.8976,8.8554,8.9406,
2026-07-14,2026-07-15T22:00:00Z,40,6.5595,6.6069,6.6544,
2026-07-15,2026-07-15T22:00:00Z,16,6.5595,6.5777,6.6544,
2026-07-14,2026-07-15T23:00:00Z,41,4.4484,4.4031,4.4984,
2026-07-15,2026-07-15T23:00:00Z,17,4.4484,4.3913,4.4984,
2026-07-14,2026-07-16T00:00:00Z,42,2.7512,2.6715,2.6993,
2026-07-15,2026-07-16T00:00:00Z,18,2.7512,2.6631,2.6993,
2026-07-14,2026-07-16T01:00:00Z,43,1.6499,1.6303,1.5194,
2026-07-15,2026-07-16T01:00:00Z,19,1.6499,1.5814,1.5194,
2026-07-14,2026-07-16T02:00:00Z,44,1.5498,1.5395,1.4856,
2026-07-15,2026-07-16T02:00:00Z,20,1.5498,1.4995,1.4856,
2026-07-14,2026-07-16T03:00:00Z,45,3.0478,2.9491,3.0128,
2026-07-15,2026-07-16T03:00:00Z,21,3.0478,2.9719,3.0128,
2026-07-14,2026-07-16T04:00:00Z,46,5.8709,5.8616,5.8277,
2026-07-15,2026-07-16T04:00:00Z,22,5.8709,5.8947,5.8277,
2026-07-14,2026-07-16T05:00:00Z,47,8.949,9.0131,8.9363,
2026-07-15,2026-07-16T05:00:00Z,23,8.949,9.0347,8.9363,
2026-07-14,2026-07-16T06:00:00Z,48,11.3049,11.2558,11.2013,
2026-07-15,2026-07-16T06:00:00Z,24,11.3049,11.2744,11.2013,
2026-07-15,2026-07-16T07:00:00Z,25,12.1437,11.9129,12.0088,
2026-07-16,2026-07-16T07:00:00Z,1,12.1437,12.0072,12.0088,
2026-07-15,2026-07-16T08:00:00Z,26,11.5222,11.4002,11.4134,
2026-07-16,2026-07-16T08:00:00Z,2,11.5222,11.4322,11.4134,
2026-07-15,2026-07-16T09:00:00Z,27,9.8808,9.7588,9.7969,
2026-07-16,2026-07-16T09:00:00Z,3,9.8808,9.7858,9.7969,
2026-07-15,2026-07-16T10:00:00Z,28,7.6948,7.6271,7.6305,
2026-07-16,2026-07-16T10:00:00Z,4,7.6948,7.6094,7.6305,
2026-07-15,2026-07-16T11:00:00Z,29,5.4335,5.3567,5.3966,
2026-07-16,2026-07-16T11:00:00Z,5,5.4335,5.3636,5.3966,
2026-07-15,2026-07-16T12:00:00Z,30,3.5464,3.4185,3.4289,
2026-07-16,2026-07-16T12:00:00Z,6,3.5464,3.3715,3.4289,
2026-07-15,2026-07-16T13:00:00Z,31,2.1906,2.0309,1.9852,
2026-07-16,2026-07-16T13:00:00Z,7,2.1906,2.0612,1.9852,
2026-07-15,2026-07-16T14:00:00Z,32,1.6933,1.6201,1.5461,
2026-07-16,2026-07-16T14:00:00Z,8,1.6933,1.6624,1.5461,
2026-07-15,2026-07-16T15:00:00Z,33,2.677,2.5837,2.6478,
2026-07-16,2026-07-16T15:00:00Z,9,2.677,2.699,2.6478,
2026-07-15,2026-07-16T16:00:00Z,34,5.2222,5.2628,5.2581,
2026-07-16,2026-07-16T16:00:00Z,10,5.2222,5.3553,5.2581,
2026-07-15,2026-07-16T17:00:00Z,35,8.4769,8.6154,8.511,
2026-07-16,2026-07-16T17:00:00Z,11,8.4769,8.6095,8.511,
2026-07-15,2026-07-16T18:00:00Z,36,11.2254,11.2184,11.1643,
2026-07-16,2026-07-16T18:00:00Z,12,11.2254,11.2777,11.1643,
2026-07-15,2026-07-16T19:00:00Z,37,12.5372,12.346,12.3665,
2026-07-16,2026-07-16T19:00:00Z,13,12.5372,12.3722,12.3665,
2026-07-15,2026-07-16T20:00:00Z,38,12.1915,12.0398,12.0271,
2026-07-16,2026-07-16T20:00:00Z,14,12.1915,12.1154,12.0271,
2026-07-15,2026-07-16T21:00:00Z,39,10.6915,10.5723,10.5387,
2026-07-16,2026-07-16T21:00:00Z,15,10.6915,10.5843,10.5387,
2026-07-15,2026-07-16T22:00:00Z,40,8.4975,8.4323,8.3992,
2026-07-16,2026-07-16T22:00:00Z,16,8.4975,8.4111,8.3992,
2026-07-15,2026-07-16T23:00:00Z,41,6.1288,6.1371,6.1016,
2026-07-16,2026-07-16T23:00:00Z,17,6.1288,6.1083,6.1016,
2026-07-15,2026-07-17T00:00:00Z,42,4.057,4.0028,4.006,
2026-07-16,2026-07-17T00:00:00Z,18,4.057,3.9751,4.006,
2026-07-15,2026-07-17T01:00:00Z,43,2.4799,2.3488,2.2979,
2026-07-16,2026-07-17T01:00:00Z,19,2.4799,2.3362,2.2979,
2026-07-15,2026-07-17T02:00:00Z,44,1.5233,1.4851,1.315,
2026-07-16,2026-07-17T02:00:00Z,20,1.5233,1.3925,1.315,
2026-07-15,2026-07-17T03:00:00Z,45,1.755,1.7695,1.6543,
2026-07-16,2026-07-17T03:00:00Z,21,1.755,1.718,1.6543,
2026-07-15,2026-07-17T04:00:00Z,46,3.6042,3.6391,3.617,
2026-07-16,2026-07-17T04:00:00Z,22,3.6042,3.6154,3.617,
2026-07-15,2026-07-17T05:00:00Z,47,6.579,6.7587,6.6816,
2026-07-16,2026-07-17T05:00:00Z,23,6.579,6.7444,6.6816,
2026-07-15,2026-07-17T06:00:00Z,48,9.5829,9.7517,9.6934,
2026-07-16,2026-07-17T06:00:00Z,24,9.5829,9.6968,9.6934,
2026-07-16,2026-07-17T07:00:00Z,25,11.6104,11.5928,11.5798,
2026-07-17,2026-07-17T07:00:00Z,1,11.6104,11.443,11.5798,
2026-07-16,2026-07-17T08:00:00Z,26,12.061,11.9474,11.9327,
2026-07-17,2026-07-17T08:00:00Z,2,12.061,11.9032,11.9327,
2026-07-16,2026-07-17T09:00:00Z,27,11.1654,10.9966,10.9736,
2026-07-17,2026-07-17T09:00:00Z,3,11.1654,11.0101,10.9736,
2026-07-16,2026-07-17T10:00:00Z,28,9.34,9.1547,9.1545,
2026-07-17,2026-07-17T10:00:00Z,4,9.34,9.1984,9.1545,
2026-07-16,2026-07-17T11:00:00Z,29,7.1029,6.9375,6.9575,
2026-07-17,2026-07-17T11:00:00Z,5,7.1029,6.9837,6.9575,
2026-07-16,2026-07-17T12:00:00Z,30,4.9113,4.7645,4.8157,
2026-07-17,2026-07-17T12:00:00Z,6,4.9113,4.8448,4.8157,
2026-07-16,2026-07-17T13:00:00Z,31,3.1712,2.9431,2.9999,
2026-07-17,2026-07-17T13:00:00Z,7,3.1712,3.0265,2.9999,
2026-07-16,2026-07-17T14:00:00Z,32,1.9931,1.8415,1.7981,
2026-07-17,2026-07-17T14:00:00Z,8,1.9931,1.9322,1.7981,
2026-07-16,2026-07-17T15:00:00Z,33,1.8208,1.7841,1.7557,
2026-07-17,2026-07-17T15:00:00Z,9,1.8208,1.8802,1.7557,
2026-07-16,2026-07-17T16:00:00Z,34,3.2104,3.2739,3.3197,
2026-07-17,2026-07-17T16:00:00Z,10,3.2104,3.3002,3.3197,
2026-07-16,2026-07-17T17:00:00Z,35,6.0343,6.2298,6.2079,
2026-07-17,2026-07-17T17:00:00Z,11,6.0343,6.1487,6.2079,
2026-07-16,2026-07-17T18:00:00Z,36,9.2061,9.3831,9.3639,
2026-07-17,2026-07-17T18:00:00Z,12,9.2061,9.194,9.3639,
2026-07-16,2026-07-17T19:00:00Z,37,11.6321,11.6265,11.5921,
2026-07-17,2026-07-17T19:00:00Z,13,11.6321,11.4457,11.5921,
2026-07-16,2026-07-17T20:00:00Z,38,12.4272,12.2718,12.269,
2026-07-17,2026-07-17T20:00:00Z,14,12.4272,12.2121,12.269,
2026-07-16,2026-07-17T21:00:00Z,39,11.7085,11.5697,11.5148,
2026-07-17,2026-07-17T21:00:00Z,15,11.7085,11.5544,11.5148,
2026-07-16,2026-07-17T22:00:00Z,40,9.9879,9.8312,9.8079,
2026-07-17,2026-07-17T22:00:00Z,16,9.9879,9.8466,9.8079,
2026-07-16,2026-07-17T23:00:00Z,41,7.7774,7.6464,7.6481,
2026-07-17,2026-07-17T23:00:00Z,17,7.7774,7.7421,7.6481,
2026-07-16,2026-07-18T00:00:00Z,42,5.551,5.456,5.4744,
2026-07-17,2026-07-18T00:00:00Z,18,5.551,5.5664,5.4744,
2026-07-16,2026-07-18T01:00:00Z,43,3.712,3.5047,3.5621,
2026-07-17,2026-07-18T01:00:00Z,19,3.712,3.6729,3.5621,
2026-07-16,2026-07-18T02:00:00Z,44,2.3302,2.0711,2.0931,
2026-07-17,2026-07-18T02:00:00Z,20,2.3302,2.1563,2.0931,
2026-07-16,2026-07-18T03:00:00Z,45,1.6795,1.5408,1.4878,
2026-07-17,2026-07-18T03:00:00Z,21,1.6795,1.5915,1.4878,
2026-07-16,2026-07-18T04:00:00Z,46,2.3277,2.2846,2.3134,
2026-07-17,2026-07-18T04:00:00Z,22,2.3277,2.3149,2.3134,
2026-07-16,2026-07-18T05:00:00Z,47,4.4852,4.6851,4.6382,
2026-07-17,2026-07-18T05:00:00Z,23,4.4852,4.5788,4.6382,
2026-07-16,2026-07-18T06:00:00Z,48,7.4755,7.7186,7.6995,
2026-07-17,2026-07-18T06:00:00Z,24,7.4755,7.5854,7.6995,
2026-07-17,2026-07-18T07:00:00Z,25,10.1974,10.2335,10.3208,
2026-07-18,2026-07-18T07:00:00Z,1,10.1974,10.0873,10.3208,
2026-07-17,2026-07-18T08:00:00Z,26,11.7368,11.5985,11.6335,
2026-07-18,2026-07-18T08:00:00Z,2,11.7368,11.5261,11.6335,
2026-07-17,2026-07-18T09:00:00Z,27,11.7074,11.5189,11.4784,
2026-07-18,2026-07-18T09:00:00Z,3,11.7074,11.4451,11.4784,
2026-07-17,2026-07-18T10:00:00Z,28,10.4882,10.2528,10.2133,
2026-07-18,2026-07-18T10:00:00Z,4,10.4882,10.2203,10.2133,
2026-07-17,2026-07-18T11:00:00Z,29,8.5528,8.3628,8.3127,
2026-07-18,2026-07-18T11:00:00Z,5,8.5528,8.3367,8.3127,
2026-07-17,2026-07-18T12:00:00Z,30,6.3987,6.2685,6.2199,
2026-07-18,2026-07-18T12:00:00Z,6,6.3987,6.3117,6.2199,
2026-07-17,2026-07-18T13:00:00Z,31,4.4151,4.3538,4.2903,
2026-07-18,2026-07-18T13:00:00Z,7,4.4151,4.3886,4.2903,
2026-07-17,2026-07-18T14:00:00Z,32,2.9139,2.8063,2.7545,
2026-07-18,2026-07-18T14:00:00Z,8,2.9139,2.8395,2.7545,
2026-07-17,2026-07-18T15:00:00Z,33,2.0638,2.0213,1.9464,
2026-07-18,2026-07-18T15:00:00Z,9,2.0638,2.008,1.9464,
2026-07-17,2026-07-18T16:00:00Z,34,2.3515,2.4337,2.4001,
2026-07-18,2026-07-18T16:00:00Z,10,2.3515,2.3913,2.4001,
2026-07-17,2026-07-18T17:00:00Z,35,4.1588,4.3867,4.3574,
2026-07-18,2026-07-18T17:00:00Z,11,4.1588,4.2709,4.3574,
2026-07-17,2026-07-18T18:00:00Z,36,7.0233,7.1699,7.2774,
2026-07-18,2026-07-18T18:00:00Z,12,7.0233,7.1618,7.2774,
2026-07-17,2026-07-18T19:00:00Z,37,9.8773,9.9236,10.0448,
2026-07-18,2026-07-18T19:00:00Z,13,9.8773,9.8098,10.0448,
2026-07-17,2026-07-18T20:00:00Z,38,11.7225,11.6407,11.6584,
2026-07-18,2026-07-18T20:00:00Z,14,11.7225,11.5067,11.6584,
2026-07-17,2026-07-18T21:00:00Z,39,11.959,11.7855,11.7737,
2026-07-18,2026-07-18T21:00:00Z,15,11.959,11.7245,11.7737,
2026-07-17,2026-07-18T22:00:00Z,40,10.8828,10.6691,10.6818,
2026-07-18,2026-07-18T22:00:00Z,16,10.8828,10.6273,10.6818,
2026-07-17,2026-07-18T23:00:00Z,41,9.0741,8.8611,8.8871,
2026-07-18,2026-07-18T23:00:00Z,17,9.0741,8.8781,8.8871,
2026-07-17,2026-07-19T00:00:00Z,42,6.9496,6.857,6.84,
2026-07-18,2026-07-19T00:00:00Z,18,6.9496,6.9281,6.84,
2026-07-17,2026-07-19T01:00:00Z,43,4.94,4.9131,4.8973,
2026-07-18,2026-07-19T01:00:00Z,19,4.94,5.0074,4.8973,
2026-07-17,2026-07-19T02:00:00Z,44,3.3653,3.29,3.2742,
2026-07-18,2026-07-19T02:00:00Z,20,3.3653,3.3529,3.2742,
2026-07-17,2026-07-19T03:00:00Z,45,2.305,2.1542,2.1859,
2026-07-18,2026-07-19T03:00:00Z,21,2.305,2.1984,2.1859,
2026-07-17,2026-07-19T04:00:00Z,46,2.0952,2.0477,2.0819,
2026-07-18,2026-07-19T04:00:00Z,22,2.0952,2.0152,2.0819,
2026-07-17,2026-07-19T05:00:00Z,47,3.1985,3.3943,3.3728,
2026-07-18,2026-07-19T05:00:00Z,23,3.1985,3.2758,3.3728,
2026-07-17,2026-07-19T06:00:00Z,48,5.5616,5.7397,5.8477,
2026-07-18,2026-07-19T06:00:00Z,24,5.5616,5.6964,5.8477,
2026-07-18,2026-07-19T07:00:00Z,25,8.2746,8.4156,8.6134,
2026-07-19,2026-07-19T07:00:00Z,1,8.2746,8.3582,8.6134,
2026-07-18,2026-07-19T08:00:00Z,26,10.4993,10.4684,10.6332,
2026-07-19,2026-07-19T08:00:00Z,2,10.4993,10.352,10.6332,
2026-07-18,2026-07-19T09:00:00Z,27,11.3811,11.2372,11.3186,
2026-07-19,2026-07-19T09:00:00Z,3,11.3811,11.1563,11.3186,
2026-07-18,2026-07-19T10:00:00Z,28,10.8968,10.6882,10.7298,
2026-07-19,2026-07-19T10:00:00Z,4,10.8968,10.583,10.7298,
2026-07-18,2026-07-19T11:00:00Z,29,9.5221,9.2653,9.2934,
2026-07-19,2026-07-19T11:00:00Z,5,9.5221,9.1494,9.2934,
2026-07-18,2026-07-19T12:00:00Z,30,7.6434,7.4091,7.4499,
2026-07-19,2026-07-19T12:00:00Z,6,7.6434,7.3862,7.4499,
2026-07-18,2026-07-19T13:00:00Z,31,5.6604,5.5389,5.5713,
2026-07-19,2026-07-19T13:00:00Z,7,5.6604,5.5415,5.5713,
2026-07-18,2026-07-19T14:00:00Z,32,4.0364,3.9254,3.9439,
2026-07-19,2026-07-19T14:00:00Z,8,4.0364,3.9226,3.9439,
2026-07-18,2026-07-19T15:00:00Z,33,2.8897,2.7431,2.791,
2026-07-19,2026-07-19T15:00:00Z,9,2.8897,2.7153,2.791,
2026-07-18,2026-07-19T16:00:00Z,34,2.4741,2.3658,2.4652,
2026-07-19,2026-07-19T16:00:00Z,10,2.4741,2.3462,2.4652,
2026-07-18,2026-07-19T17:00:00Z,35,3.236,3.2835,3.385,
2026-07-19,2026-07-19T17:00:00Z,11,3.236,3.1881,3.385,
2026-07-18,2026-07-19T18:00:00Z,36,5.3138,5.3844,5.5311,
2026-07-19,2026-07-19T18:00:00Z,12,5.3138,5.2995,5.5311,
2026-07-18,2026-07-19T19:00:00Z,37,7.9341,7.961,8.1962,
2026-07-19,2026-07-19T19:00:00Z,13,7.9341,7.9053,8.1962,
2026-07-18,2026-07-19T20:00:00Z,38,10.2794,10.1542,10.368,
2026-07-19,2026-07-19T20:00:00Z,14,10.2794,10.1156,10.368,
2026-07-18,2026-07-19T21:00:00Z,39,11.3929,11.2914,11.3272,
2026-07-19,2026-07-19T21:00:00Z,15,11.3929,11.1814,11.3272,
2026-07-18,2026-07-19T22:00:00Z,40,11.0866,10.94,10.9777,
2026-07-19,2026-07-19T22:00:00Z,16,11.0866,10.891,10.9777,
2026-07-18,2026-07-19T23:00:00Z,41,9.8384,9.6386,9.701,
2026-07-19,2026-07-19T23:00:00Z,17,9.8384,9.6197,9.701,
2026-07-18,2026-07-20T00:00:00Z,42,8.0782,7.9485,7.9614,
2026-07-19,2026-07-20T00:00:00Z,18,8.0782,7.968,7.9614,
2026-07-18,2026-07-20T01:00:00Z,43,6.2115,6.1231,6.1293,
2026-07-19,2026-07-20T01:00:00Z,19,6.2115,6.1644,6.1293,
2026-07-18,2026-07-20T02:00:00Z,44,4.5357,4.5345,4.4907,
2026-07-19,2026-07-20T02:00:00Z,20,4.5357,4.5278,4.4907,
2026-07-18,2026-07-20T03:00:00Z,45,3.3214,3.2926,3.2415,
2026-07-19,2026-07-20T03:00:00Z,21,3.3214,3.1788,3.2415,
2026-07-18,2026-07-20T04:00:00Z,46,2.6668,2.6281,2.623,
2026-07-19,2026-07-20T04:00:00Z,22,2.6668,2.4575,2.623,
2026-07-18,2026-07-20T05:00:00Z,47,2.9385,3.0119,3.0186,
2026-07-19,2026-07-20T05:00:00Z,23,2.9385,2.7856,3.0186,
2026-07-18,2026-07-20T06:00:00Z,48,4.4036,4.5833,4.602,
2026-07-19,2026-07-20T06:00:00Z,24,4.4036,4.376,4.602,
2026-07-19,2026-07-20T07:00:00Z,25,6.6734,6.636,6.9479,
2026-07-20,2026-07-20T07:00:00Z,1,6.6734,6.7497,6.9479,
2026-07-19,2026-07-20T08:00:00Z,26,8.9642,8.9219,9.1962,
2026-07-20,2026-07-20T08:00:00Z,2,8.9642,9.0136,9.1962,
2026-07-19,2026-07-20T09:00:00Z,27,10.4659,10.3591,10.5581,
2026-07-20,2026-07-20T09:00:00Z,3,10.4659,10.4298,10.5581,
2026-07-19,2026-07-20T10:00:00Z,28,10.7113,10.5492,10.7118,
2026-07-20,2026-07-20T10:00:00Z,4,10.7113,10.5937,10.7118,
2026-07-19,2026-07-20T11:00:00Z,29,9.9248,9.7213,9.855,
2026-07-20,2026-07-20T11:00:00Z,5,9.9248,9.6777,9.855,
2026-07-19,2026-07-20T12:00:00Z,30,8.5313,8.3429,8.4071,
2026-07-20,2026-07-20T12:00:00Z,6,8.5313,8.266,8.4071,
2026-07-19,2026-07-20T13:00:00Z,31,6.8227,6.7008,6.7349,
2026-07-20,2026-07-20T13:00:00Z,7,6.8227,6.7214,6.7349,
2026-07-19,2026-07-20T14:00:00Z,32,5.1637,5.129,5.1391,
2026-07-20,2026-07-20T14:00:00Z,8,5.1637,5.1293,5.1391,
2026-07-19,2026-07-20T15:00:00Z,33,3.9009,3.8129,3.8673,
2026-07-20,2026-07-20T15:00:00Z,9,3.9009,3.8508,3.8673,
2026-07-19,2026-07-20T16:00:00Z,34,3.1733,3.04,3.1428,
2026-07-20,2026-07-20T16:00:00Z,10,3.1733,3.0795,3.1428,
2026-07-19,2026-07-20T17:00:00Z,35,3.2417,3.1231,3.2736,
2026-07-20,2026-07-20T17:00:00Z,11,3.2417,3.1711,3.2736,
2026-07-19,2026-07-20T18:00:00Z,36,4.3765,4.3302,4.4902,
2026-07-20,2026-07-20T18:00:00Z,12,4.3765,4.3486,4.4902,
2026-07-19,2026-07-20T19:00:00Z,37,6.3828,6.3269,6.5552,
2026-07-20,2026-07-20T19:00:00Z,13,6.3828,6.3231,6.5552,
2026-07-19,2026-07-20T20:00:00Z,38,8.5882,8.5351,8.7461,
2026-07-20,2026-07-20T20:00:00Z,14,8.5882,8.5986,8.7461,
2026-07-19,2026-07-20T21:00:00Z,39,10.2119,10.146,10.2721,
2026-07-20,2026-07-20T21:00:00Z,15,10.2119,10.0785,10.2721,
2026-07-19,2026-07-20T22:00:00Z,40,10.6722,10.5717,10.6895,
2026-07-20,2026-07-20T22:00:00Z,16,10.6722,10.553,10.6895,
2026-07-19,2026-07-20T23:00:00Z,41,10.0408,9.9583,10.0618,
2026-07-20,2026-07-20T23:00:00Z,17,10.0408,9.9428,10.0618,
2026-07-19,2026-07-21T00:00:00Z,42,8.801,8.671,8.7716,
2026-07-20,2026-07-21T00:00:00Z,18,8.801,8.6753,8.7716,
2026-07-19,2026-07-21T01:00:00Z,43,7.2126,7.12,7.2006,
2026-07-20,2026-07-21T01:00:00Z,19,7.2126,7.1768,7.2006,
2026-07-19,2026-07-21T02:00:00Z,44,5.6686,5.5519,5.6439,
2026-07-20,2026-07-21T02:00:00Z,20,5.6686,5.5941,5.6439,
2026-07-19,2026-07-21T03:00:00Z,45,4.3757,4.2321,4.3499,
2026-07-20,2026-07-21T03:00:00Z,21,4.3757,4.2533,4.3499,
2026-07-19,2026-07-21T04:00:00Z,46,3.5362,3.3696,3.5103,
2026-07-20,2026-07-21T04:00:00Z,22,3.5362,3.3976,3.5103,
2026-07-19,2026-07-21T05:00:00Z,47,3.3482,3.1599,3.3431,
2026-07-20,2026-07-21T05:00:00Z,23,3.3482,3.2607,3.3431,
2026-07-19,2026-07-21T06:00:00Z,48,4.0252,3.9085,4.0892,
2026-07-20,2026-07-21T06:00:00Z,24,4.0252,3.986,4.0892,
2026-07-20,2026-07-21T07:00:00Z,25,5.5666,5.4486,5.7051,
2026-07-21,2026-07-21T07:00:00Z,1,5.5666,5.5738,5.7051,
2026-07-20,2026-07-21T08:00:00Z,26,7.5036,7.4646,7.691,
2026-07-21,2026-07-21T08:00:00Z,2,7.5036,7.5641,7.691,
2026-07-20,2026-07-21T09:00:00Z,27,9.2249,9.1558,9.352,
2026-07-21,2026-07-21T09:00:00Z,3,9.2249,9.1829,9.352,
2026-07-20,2026-07-21T10:00:00Z,28,10.0358,10.0112,10.1607,
2026-07-21,2026-07-21T10:00:00Z,4,10.0358,10.0045,10.1607,
2026-07-20,2026-07-21T11:00:00Z,29,9.8291,9.827,9.9794,
2026-07-21,2026-07-21T11:00:00Z,5,9.8291,9.8021,9.9794,
2026-07-20,2026-07-21T12:00:00Z,30,8.9196,8.8818,9.0484,
2026-07-21,2026-07-21T12:00:00Z,6,8.9196,8.891,9.0484,
2026-07-20,2026-07-21T13:00:00Z,31,7.6397,7.5875,7.7233,
2026-07-21,2026-07-21T13:00:00Z,7,7.6397,7.6854,7.7233,
2026-07-20,2026-07-21T14:00:00Z,32,6.2404,6.2187,6.2888,
2026-07-21,2026-07-21T14:00:00Z,8,6.2404,6.2784,6.2888,
2026-07-20,2026-07-21T15:00:00Z,33,4.998,4.8936,4.9983,
2026-07-21,2026-07-21T15:00:00Z,9,4.998,4.9052,4.9983,
2026-07-20,2026-07-21T16:00:00Z,34,4.1106,3.9248,4.0814,
2026-07-21,2026-07-21T16:00:00Z,10,4.1106,3.9539,4.0814,
2026-07-20,2026-07-21T17:00:00Z,35,3.7408,3.5723,3.7372,
2026-07-21,2026-07-21T17:00:00Z,11,3.7408,3.6691,3.7372,
2026-07-20,2026-07-21T18:00:00Z,36,4.1595,4.0338,4.174,
2026-07-21,2026-07-21T18:00:00Z,12,4.1595,4.0837,4.174,
2026-07-20,2026-07-21T19:00:00Z,37,5.3962,5.2807,5.4412,
2026-07-21,2026-07-21T19:00:00Z,13,5.3962,5.2784,5.4412,
2026-07-20,2026-07-21T20:00:00Z,38,7.102,7.0347,7.2005,
2026-07-21,2026-07-21T20:00:00Z,14,7.102,7.0623,7.2005,
2026-07-20,2026-07-21T21:00:00Z,39,8.7782,8.714,8.8474,
2026-07-21,2026-07-21T21:00:00Z,15,8.7782,8.7383,8.8474,
2026-07-20,2026-07-21T22:00:00Z,40,9.7026,9.7209,9.8394,
2026-07-21,2026-07-21T22:00:00Z,16,9.7026,9.713,9.8394,
2026-07-20,2026-07-21T23:00:00Z,41,9.7101,9.7943,9.9271,
2026-07-21,2026-07-21T23:00:00Z,17,9.7101,9.7854,9.9271,
2026-07-20,2026-07-22T00:00:00Z,42,9.0103,9.0816,9.2281,
2026-07-21,2026-07-22T00:00:00Z,18,9.0103,9.056,9.2281,
2026-07-20,2026-07-22T01:00:00Z,43,7.9199,7.9788,8.0632,
2026-07-21,2026-07-22T01:00:00Z,19,7.9199,7.9541,8.0632,
2026-07-20,2026-07-22T02:00:00Z,44,6.6571,6.6417,6.7258,
2026-07-21,2026-07-22T02:00:00Z,20,6.6571,6.6384,6.7258,
2026-07-20,2026-07-22T03:00:00Z,45,5.4587,5.3418,5.4629,
2026-07-21,2026-07-22T03:00:00Z,21,5.4587,5.3602,5.4629,
2026-07-20,2026-07-22T04:00:00Z,46,4.5635,4.3641,4.5062,
2026-07-21,2026-07-22T04:00:00Z,22,4.5635,4.3726,4.5062,
2026-07-20,2026-07-22T05:00:00Z,47,4.0799,3.8847,4.0244,
2026-07-21,2026-07-22T05:00:00Z,23,4.0799,3.9318,4.0244,
2026-07-20,2026-07-22T06:00:00Z,48,4.2044,4.0356,4.1645,
2026-07-21,2026-07-22T06:00:00Z,24,4.2044,4.0775,4.1645,
2026-07-21,2026-07-22T07:00:00Z,25,5.0479,4.8612,5.0231,
2026-07-22,2026-07-22T07:00:00Z,1,5.0479,4.9401,5.0231,
2026-07-21,2026-07-22T08:00:00Z,26,6.3944,6.302,6.4394,
2026-07-22,2026-07-22T08:00:00Z,2,6.3944,6.3292,6.4394,
2026-07-21,2026-07-22T09:00:00Z,27,7.9405,7.8652,7.9741,
2026-07-22,2026-07-22T09:00:00Z,3,7.9405,7.8426,7.9741,
2026-07-21,2026-07-22T10:00:00Z,28,9.0635,9.011,9.1421,
2026-07-22,2026-07-22T10:00:00Z,4,9.0635,8.9791,9.1421,
2026-07-21,2026-07-22T11:00:00Z,29,9.4284,9.47,9.6091,
2026-07-22,2026-07-22T11:00:00Z,5,9.4284,9.3623,9.6091,
2026-07-21,2026-07-22T12:00:00Z,30,9.0667,9.1502,9.3167,
2026-07-22,2026-07-22T12:00:00Z,6,9.0667,9.0966,9.3167,
2026-07-21,2026-07-22T13:00:00Z,31,8.2775,8.3953,8.4734,
2026-07-22,2026-07-22T13:00:00Z,7,8.2775,8.3034,8.4734,
2026-07-21,2026-07-22T14:00:00Z,32,7.229,7.2778,7.3478,
2026-07-22,2026-07-22T14:00:00Z,8,7.229,7.2156,7.3478,
2026-07-21,2026-07-22T15:00:00Z,33,6.1552,6.0838,6.161,
2026-07-22,2026-07-22T15:00:00Z,9,6.1552,6.0608,6.161,
2026-07-21,2026-07-22T16:00:00Z,34,5.2211,5.0324,5.1441,
2026-07-22,2026-07-22T16:00:00Z,10,5.2211,5.0918,5.1441,
2026-07-21,2026-07-22T17:00:00Z,35,4.6171,4.428,4.5063,
2026-07-22,2026-07-22T17:00:00Z,11,4.6171,4.561,4.5063,
2026-07-21,2026-07-22T18:00:00Z,36,4.5075,4.3256,4.3951,
2026-07-22,2026-07-22T18:00:00Z,12,4.5075,4.458,4.3951,
2026-07-21,2026-07-22T19:00:00Z,37,5.0247,4.8283,4.9179,
2026-07-22,2026-07-22T19:00:00Z,13,5.0247,4.8371,4.9179,
2026-07-21,2026-07-22T20:00:00Z,38,6.0737,5.9342,6.0199,
2026-07-22,2026-07-22T20:00:00Z,14,6.0737,5.9882,6.0199,
2026-07-21,2026-07-22T21:00:00Z,39,7.4163,7.3108,7.3837,
2026-07-22,2026-07-22T21:00:00Z,15,7.4163,7.3092,7.3837,
2026-07-21,2026-07-22T22:00:00Z,40,8.5807,8.5501,8.5796,
2026-07-22,2026-07-22T22:00:00Z,16,8.5807,8.5035,8.5796,
2026-07-21,2026-07-22T23:00:00Z,41,9.1134,9.1748,9.2549,
2026-07-22,2026-07-22T23:00:00Z,17,9.1134,9.1245,9.2549,
2026-07-21,2026-07-23T00:00:00Z,42,8.9689,9.1644,9.2455,
2026-07-22,2026-07-23T00:00:00Z,18,8.9689,9.0905,9.2455,
2026-07-21,2026-07-23T01:00:00Z,43,8.3513,8.5982,8.6419,
2026-07-22,2026-07-23T01:00:00Z,19,8.3513,8.5947,8.6419,
2026-07-21,2026-07-23T02:00:00Z,44,7.4729,7.6484,7.681,
2026-07-22,2026-07-23T02:00:00Z,20,7.4729,7.6293,7.681,
2026-07-21,2026-07-23T03:00:00Z,45,6.5092,6.5177,6.5887,
2026-07-22,2026-07-23T03:00:00Z,21,6.5092,6.5752,6.5887,
2026-07-21,2026-07-23T04:00:00Z,46,5.6274,5.4723,5.5878,
2026-07-22,2026-07-23T04:00:00Z,22,5.6274,5.573,5.5878,
2026-07-21,2026-07-23T05:00:00Z,47,4.9681,4.7745,4.8884,
2026-07-22,2026-07-23T05:00:00Z,23,4.9681,4.9102,4.8884,
2026-07-21,2026-07-23T06:00:00Z,48,4.6586,4.5141,4.6149,
2026-07-22,2026-07-23T06:00:00Z,24,4.6586,4.6311,4.6149,
2026-07-22,2026-07-23T07:00:00Z,25,4.8825,4.7265,4.8458,
2026-07-23,2026-07-23T07:00:00Z,1,4.8825,4.8384,4.8458,
2026-07-22,2026-07-23T08:00:00Z,26,5.6538,5.5071,5.5998,
2026-07-23,2026-07-23T08:00:00Z,2,5.6538,5.5789,5.5998,
2026-07-22,2026-07-23T09:00:00Z,27,6.7541,6.6385,6.7102,
2026-07-23,2026-07-23T09:00:00Z,3,6.7541,6.6706,6.7102,
2026-07-22,2026-07-23T10:00:00Z,28,7.9141,7.7847,7.864,
2026-07-23,2026-07-23T10:00:00Z,4,7.9141,7.7959,7.864,
2026-07-22,2026-07-23T11:00:00Z,29,8.6954,8.6158,8.7452,
2026-07-23,2026-07-23T11:00:00Z,5,8.6954,8.6294,8.7452,
2026-07-22,2026-07-23T12:00:00Z,30,8.912,8.9666,9.109,
2026-07-23,2026-07-23T12:00:00Z,6,8.912,8.9675,9.109,
2026-07-22,2026-07-23T13:00:00Z,31,8.6108,8.7664,8.889,
2026-07-23,2026-07-23T13:00:00Z,7,8.6108,8.7458,8.889,
2026-07-22,2026-07-23T14:00:00Z,32,8.0024,8.1564,8.2236,
2026-07-23,2026-07-23T14:00:00Z,8,8.0024,8.1246,8.2236,
2026-07-22,2026-07-23T15:00:00Z,33,7.1916,7.2154,7.3034,
2026-07-23,2026-07-23T15:00:00Z,9,7.1916,7.2167,7.3034,
2026-07-22,2026-07-23T16:00:00Z,34,6.3204,6.2276,6.3137,
2026-07-23,2026-07-23T16:00:00Z,10,6.3204,6.279,6.3137,
2026-07-22,2026-07-23T17:00:00Z,35,5.5698,5.3925,5.4747,
2026-07-23,2026-07-23T17:00:00Z,11,5.5698,5.5202,5.4747,
2026-07-22,2026-07-23T18:00:00Z,36,5.0444,4.8982,4.9667,
2026-07-23,2026-07-23T18:00:00Z,12,5.0444,5.0317,4.9667,
2026-07-22,2026-07-23T19:00:00Z,37,4.9457,4.7985,4.8922,
2026-07-23,2026-07-23T19:00:00Z,13,4.9457,4.9169,4.8922,
2026-07-22,2026-07-23T20:00:00Z,38,5.3487,5.1889,5.3096,
2026-07-23,2026-07-23T20:00:00Z,14,5.3487,5.297,5.3096,
2026-07-22,2026-07-23T21:00:00Z,39,6.1554,6.0646,6.1515,
2026-07-23,2026-07-23T21:00:00Z,15,6.1554,6.114,6.1515,
2026-07-22,2026-07-23T22:00:00Z,40,7.1745,7.1138,7.1868,
2026-07-23,2026-07-23T22:00:00Z,16,7.1745,7.1135,7.1868,
2026-07-22,2026-07-23T23:00:00Z,41,8.0974,8.0774,8.1347,
2026-07-23,2026-07-23T23:00:00Z,17,8.0974,8.043,8.1347,
2026-07-22,2026-07-24T00:00:00Z,42,8.5712,8.6212,8.7343,
2026-07-23,2026-07-24T00:00:00Z,18,8.5712,8.6332,8.7343,
2026-07-22,2026-07-24T01:00:00Z,43,8.5372,8.7224,8.8133,
2026-07-23,2026-07-24T01:00:00Z,19,8.5372,8.7107,8.8133,
2026-07-22,2026-07-24T02:00:00Z,44,8.1158,8.3391,8.3972,
2026-07-23,2026-07-24T02:00:00Z,20,8.1158,8.2811,8.3972,
2026-07-22,2026-07-24T03:00:00Z,45,7.4638,7.57,7.6495,
2026-07-23,2026-07-24T03:00:00Z,21,7.4638,7.5652,7.6495,
2026-07-22,2026-07-24T04:00:00Z,46,6.6989,6.677,6.7544,
2026-07-23,2026-07-24T04:00:00Z,22,6.6989,6.6707,6.7544,
2026-07-22,2026-07-24T05:00:00Z,47,5.9582,5.8251,5.9179,
2026-07-23,2026-07-24T05:00:00Z,23,5.9582,5.8675,5.9179,
2026-07-22,2026-07-24T06:00:00Z,48,5.3564,5.2336,5.3216,
2026-07-23,2026-07-24T06:00:00Z,24,5.3564,5.2998,5.3216,
2026-07-23,2026-07-24T07:00:00Z,25,5.0453,5.0059,5.0585,
2026-07-24,2026-07-24T07:00:00Z,1,5.0453,5.0781,5.0585,
2026-07-23,2026-07-24T08:00:00Z,26,5.1614,5.1335,5.1911,
2026-07-24,2026-07-24T08:00:00Z,2,5.1614,5.2198,5.1911,
2026-07-23,2026-07-24T09:00:00Z,27,5.7521,5.6905,5.7393,
2026-07-24,2026-07-24T09:00:00Z,3,5.7521,5.7601,5.7393,
2026-07-23,2026-07-24T10:00:00Z,28,6.626,6.535,6.5916,
2026-07-24,2026-07-24T10:00:00Z,4,6.626,6.5825,6.5916,
2026-07-23,2026-07-24T11:00:00Z,29,7.6351,7.476,7.5506,
2026-07-24,2026-07-24T11:00:00Z,5,7.6351,7.4561,7.5506,
2026-07-23,2026-07-24T12:00:00Z,30,8.4107,8.2667,8.3832,
2026-07-24,2026-07-24T12:00:00Z,6,8.4107,8.2056,8.3832,
2026-07-23,2026-07-24T13:00:00Z,31,8.7686,8.7358,8.8384,
2026-07-24,2026-07-24T13:00:00Z,7,8.7686,8.6418,8.8384,
2026-07-23,2026-07-24T14:00:00Z,32,8.6679,8.7245,8.7897,
2026-07-24,2026-07-24T14:00:00Z,8,8.6679,8.6432,8.7897,
2026-07-23,2026-07-24T15:00:00Z,33,8.2363,8.2539,8.3046,
2026-07-24,2026-07-24T15:00:00Z,9,8.2363,8.1702,8.3046,
2026-07-23,2026-07-24T16:00:00Z,34,7.5532,7.5038,7.5234,
2026-07-24,2026-07-24T16:00:00Z,10,7.5532,7.4124,7.5234,
2026-07-23,2026-07-24T17:00:00Z,35,6.722,6.6354,6.6195,
2026-07-24,2026-07-24T17:00:00Z,11,6.722,6.6114,6.6195,
2026-07-23,2026-07-24T18:00:00Z,36,5.9246,5.8735,5.8079,
2026-07-24,2026-07-24T18:00:00Z,12,5.9246,5.8443,5.8079,
2026-07-23,2026-07-24T19:00:00Z,37,5.2645,5.3272,5.2534,
2026-07-24,2026-07-24T19:00:00Z,13,5.2645,5.332,5.2534,
2026-07-23,2026-07-24T20:00:00Z,38,5.0197,5.0788,5.0563,
2026-07-24,2026-07-24T20:00:00Z,14,5.0197,5.0633,5.0563,
2026-07-23,2026-07-24T21:00:00Z,39,5.2476,5.3063,5.2886,
2026-07-24,2026-07-24T21:00:00Z,15,5.2476,5.307,5.2886,
2026-07-23,2026-07-24T22:00:00Z,40,5.9135,5.9686,5.9205,
2026-07-24,2026-07-24T22:00:00Z,16,5.9135,5.9529,5.9205,
2026-07-23,2026-07-24T23:00:00Z,41,6.8791,6.8177,6.805,
2026-07-24,2026-07-24T23:00:00Z,17,6.8791,6.7603,6.805,
2026-07-23,2026-07-25T00:00:00Z,42,7.8317,7.7282,7.739,
2026-07-24,2026-07-25T00:00:00Z,18,7.8317,7.6726,7.739,
2026-07-23,2026-07-25T01:00:00Z,43,8.4843,8.4339,8.4575,
2026-07-24,2026-07-25T01:00:00Z,19,8.4843,8.3531,8.4575,
2026-07-23,2026-07-25T02:00:00Z,44,8.6821,8.7447,8.7252,
2026-07-24,2026-07-25T02:00:00Z,20,8.6821,8.676,8.7252,
2026-07-23,2026-07-25T03:00:00Z,45,8.4638,8.5248,8.5018,
2026-07-24,2026-07-25T03:00:00Z,21,8.4638,8.4529,8.5018,
2026-07-23,2026-07-25T04:00:00Z,46,7.9256,7.9225,7.9036,
2026-07-24,2026-07-25T04:00:00Z,22,7.9256,7.8647,7.9036,
2026-07-23,2026-07-25T05:00:00Z,47,7.1361,7.1123,7.0923,
2026-07-24,2026-07-25T05:00:00Z,23,7.1361,7.0723,7.0923,
2026-07-23,2026-07-25T06:00:00Z,48,6.3203,6.2835,6.2631,
2026-07-24,2026-07-25T06:00:00Z,24,6.3203,6.263,6.2631,
2026-07-24,2026-07-25T07:00:00Z,25,5.5726,5.6766,5.5888,
2026-07-25,2026-07-25T07:00:00Z,1,5.5726,5.6632,5.5888,
2026-07-24,2026-07-25T08:00:00Z,26,5.078,5.2521,5.1786,
2026-07-25,2026-07-25T08:00:00Z,2,5.078,5.2329,5.1786,
2026-07-24,2026-07-25T09:00:00Z,27,5.0118,5.1783,5.1355,
2026-07-25,2026-07-25T09:00:00Z,3,5.0118,5.2,5.1355,
2026-07-24,2026-07-25T10:00:00Z,28,5.4567,5.5339,5.519,
2026-07-25,2026-07-25T10:00:00Z,4,5.4567,5.5547,5.519,
2026-07-24,2026-07-25T11:00:00Z,29,6.3394,6.2326,6.2755,
2026-07-25,2026-07-25T11:00:00Z,5,6.3394,6.3204,6.2755,
2026-07-24,2026-07-25T12:00:00Z,30,7.4444,7.1935,7.2668,
2026-07-25,2026-07-25T12:00:00Z,6,7.4444,7.2769,7.2668,
2026-07-24,2026-07-25T13:00:00Z,31,8.4459,8.1621,8.2505,
2026-07-25,2026-07-25T13:00:00Z,7,8.4459,8.2438,8.2505,
2026-07-24,2026-07-25T14:00:00Z,32,9.049,8.8697,8.9004,
2026-07-25,2026-07-25T14:00:00Z,8,9.049,8.922,8.9004,
2026-07-24,2026-07-25T15:00:00Z,33,9.0727,8.9963,9.0192,
2026-07-25,2026-07-25T15:00:00Z,9,9.0727,9.0499,9.0192,
2026-07-24,2026-07-25T16:00:00Z,34,8.6695,8.6177,8.631,
2026-07-25,2026-07-25T16:00:00Z,10,8.6695,8.6492,8.631,
2026-07-24,2026-07-25T17:00:00Z,35,7.9118,7.849,7.8597,
2026-07-25,2026-07-25T17:00:00Z,11,7.9118,7.9308,7.8597,
2026-07-24,2026-07-25T18:00:00Z,36,6.9358,6.9387,6.8876,
2026-07-25,2026-07-25T18:00:00Z,12,6.9358,6.9733,6.8876,
2026-07-24,2026-07-25T19:00:00Z,37,5.9542,6.0124,5.944,
2026-07-25,2026-07-25T19:00:00Z,13,5.9542,6.0408,5.944,
2026-07-24,2026-07-25T20:00:00Z,38,5.1379,5.2263,5.2153,
2026-07-25,2026-07-25T20:00:00Z,14,5.1379,5.2797,5.2153,
2026-07-24,2026-07-25T21:00:00Z,39,4.685,4.8354,4.8436,
2026-07-25,2026-07-25T21:00:00Z,15,4.685,4.863,4.8436,
2026-07-24,2026-07-25T22:00:00Z,40,4.801,4.9535,4.9414,
2026-07-25,2026-07-25T22:00:00Z,16,4.801,4.976,4.9414,
2026-07-24,2026-07-25T23:00:00Z,41,5.4445,5.5234,5.5168,
2026-07-25,2026-07-25T23:00:00Z,17,5.4445,5.5902,5.5168,
2026-07-24,2026-07-26T00:00:00Z,42,6.5583,6.4854,6.4666,
2026-07-25,2026-07-26T00:00:00Z,18,6.5583,6.535,6.4666,
2026-07-24,2026-07-26T01:00:00Z,43,7.8325,7.5888,7.5844,
2026-07-25,2026-07-26T01:00:00Z,19,7.8325,7.673,7.5844,
2026-07-24,2026-07-26T02:00:00Z,44,8.8117,8.5633,8.5289,
2026-07-25,2026-07-26T02:00:00Z,20,8.8117,8.6287,8.5289,
2026-07-24,2026-07-26T03:00:00Z,45,9.2211,9.0148,8.9847,
2026-07-25,2026-07-26T03:00:00Z,21,9.2211,9.0416,8.9847,
2026-07-24,2026-07-26T04:00:00Z,46,9.0375,8.9025,8.8721,
2026-07-25,2026-07-26T04:00:00Z,22,9.0375,8.9135,8.8721,
2026-07-24,2026-07-26T05:00:00Z,47,8.4003,8.3138,8.2906,
2026-07-25,2026-07-26T05:00:00Z,23,8.4003,8.3653,8.2906,
2026-07-24,2026-07-26T06:00:00Z,48,7.482,7.4215,7.3999,
2026-07-25,2026-07-26T06:00:00Z,24,7.482,7.4659,7.3999,
2026-07-25,2026-07-26T07:00:00Z,25,6.4513,6.5032,6.4106,
2026-07-26,2026-07-26T07:00:00Z,1,6.4513,6.4879,6.4106,
2026-07-25,2026-07-26T08:00:00Z,26,5.4755,5.5906,5.5298,
2026-07-26,2026-07-26T08:00:00Z,2,5.4755,5.61,5.5298,
2026-07-25,2026-07-26T09:00:00Z,27,4.7934,5.0085,4.926,
2026-07-26,2026-07-26T09:00:00Z,3,4.7934,4.9694,4.926,
2026-07-25,2026-07-26T10:00:00Z,28,4.5651,4.81,4.7587,
2026-07-26,2026-07-26T10:00:00Z,4,4.5651,4.7918,4.7587,
2026-07-25,2026-07-26T11:00:00Z,29,4.991,5.1592,5.1226,
2026-07-26,2026-07-26T11:00:00Z,5,4.991,5.1888,5.1226,
2026-07-25,2026-07-26T12:00:00Z,30,6.0094,6.0491,5.9917,
2026-07-26,2026-07-26T12:00:00Z,6,6.0094,6.0686,5.9917,
2026-07-25,2026-07-26T13:00:00Z,31,7.3809,7.2734,7.2166,
2026-07-26,2026-07-26T13:00:00Z,7,7.3809,7.346,7.2166,
2026-07-25,2026-07-26T14:00:00Z,32,8.7436,8.4958,8.463,
2026-07-26,2026-07-26T14:00:00Z,8,8.7436,8.6047,8.463,
2026-07-25,2026-07-26T15:00:00Z,33,9.5418,9.3502,9.2981,
2026-07-26,2026-07-26T15:00:00Z,9,9.5418,9.4292,9.2981,
2026-07-25,2026-07-26T16:00:00Z,34,9.6107,9.5198,9.4822,
2026-07-26,2026-07-26T16:00:00Z,10,9.6107,9.5964,9.4822,
2026-07-25,2026-07-26T17:00:00Z,35,9.0963,9.0716,9.041,
2026-07-26,2026-07-26T17:00:00Z,11,9.0963,9.1322,9.041,
2026-07-25,2026-07-26T18:00:00Z,36,8.1106,8.1565,8.1161,
2026-07-26,2026-07-26T18:00:00Z,12,8.1106,8.2313,8.1161,
2026-07-25,2026-07-26T19:00:00Z,37,6.9064,6.9456,6.9274,
2026-07-26,2026-07-26T19:00:00Z,13,6.9064,7.039,6.9274,
2026-07-25,2026-07-26T20:00:00Z,38,5.6964,5.7106,5.7521,
2026-07-26,2026-07-26T20:00:00Z,14,5.6964,5.7361,5.7521,
2026-07-25,2026-07-26T21:00:00Z,39,4.7036,4.7827,4.8278,
2026-07-26,2026-07-26T21:00:00Z,15,4.7036,4.7405,4.8278,
2026-07-25,2026-07-26T22:00:00Z,40,4.153,4.2822,4.3453,
2026-07-26,2026-07-26T22:00:00Z,16,4.153,4.2475,4.3453,
2026-07-25,2026-07-26T23:00:00Z,41,4.2668,4.3946,4.4468,
2026-07-26,2026-07-26T23:00:00Z,17,4.2668,4.3508,4.4468,
2026-07-25,2026-07-27T00:00:00Z,42,5.1308,5.1236,5.1572,
2026-07-26,2026-07-27T00:00:00Z,18,5.1308,5.1466,5.1572,
2026-07-25,2026-07-27T01:00:00Z,43,6.5141,6.3664,6.3663,
2026-07-26,2026-07-27T01:00:00Z,19,6.5141,6.4211,6.3663,
2026-07-25,2026-07-27T02:00:00Z,44,8.0511,7.7936,7.7864,
2026-07-26,2026-07-27T02:00:00Z,20,8.0511,7.8608,7.7864,
2026-07-25,2026-07-27T03:00:00Z,45,9.2146,8.9728,8.9558,
2026-07-26,2026-07-27T03:00:00Z,21,9.2146,9.0456,8.9558,
2026-07-25,2026-07-27T04:00:00Z,46,9.637,9.5225,9.4991,
2026-07-26,2026-07-27T04:00:00Z,22,9.637,9.5999,9.4991,
2026-07-25,2026-07-27T05:00:00Z,47,9.3431,9.334,9.342,
2026-07-26,2026-07-27T05:00:00Z,23,9.3431,9.4157,9.342,
2026-07-25,2026-07-27T06:00:00Z,48,8.5246,8.5596,8.6022,
2026-07-26,2026-07-27T06:00:00Z,24,8.5246,8.6184,8.6022,
2026-07-26,2026-07-27T07:00:00Z,25,7.3311,7.4625,7.4719,
2026-07-27,2026-07-27T07:00:00Z,1,7.3311,7.3253,7.4719,
2026-07-26,2026-07-27T08:00:00Z,26,6.0413,6.1915,6.2188,
2026-07-27,2026-07-27T08:00:00Z,2,6.0413,6.0645,6.2188,
2026-07-26,2026-07-27T09:00:00Z,27,4.888,5.0149,5.1153,
2026-07-27,2026-07-27T09:00:00Z,3,4.888,4.9697,5.1153,
2026-07-26,2026-07-27T10:00:00Z,28,4.1078,4.2451,4.3881,
2026-07-27,2026-07-27T10:00:00Z,4,4.1078,4.2393,4.3881,
2026-07-26,2026-07-27T11:00:00Z,29,3.9417,4.1233,4.2341,
2026-07-27,2026-07-27T11:00:00Z,5,3.9417,4.1645,4.2341,
2026-07-26,2026-07-27T12:00:00Z,30,4.57,4.6826,4.7645,
2026-07-27,2026-07-27T12:00:00Z,6,4.57,4.7538,4.7645,
2026-07-26,2026-07-27T13:00:00Z,31,5.9113,5.9579,5.9417,
2026-07-27,2026-07-27T13:00:00Z,7,5.9113,6.0104,5.9417,
2026-07-26,2026-07-27T14:00:00Z,32,7.6556,7.559,7.5258,
2026-07-27,2026-07-27T14:00:00Z,8,7.6556,7.6478,7.5258,
2026-07-26,2026-07-27T15:00:00Z,33,9.2642,9.0739,9.0291,
2026-07-27,2026-07-27T15:00:00Z,9,9.2642,9.1685,9.0291,
2026-07-26,2026-07-27T16:00:00Z,34,10.106,9.9836,9.9291,
2026-07-27,2026-07-27T16:00:00Z,10,10.106,10.0205,9.9291,
2026-07-26,2026-07-27T17:00:00Z,35,10.0626,10.0485,10.005,
2026-07-27,2026-07-27T17:00:00Z,11,10.0626,10.018,10.005,
2026-07-26,2026-07-27T18:00:00Z,36,9.2685,9.3261,9.3342,
2026-07-27,2026-07-27T18:00:00Z,12,9.2685,9.2772,9.3342,
2026-07-26,2026-07-27T19:00:00Z,37,7.9814,8.0937,8.1112,
2026-07-27,2026-07-27T19:00:00Z,13,7.9814,8.025,8.1112,
2026-07-26,2026-07-27T20:00:00Z,38,6.4873,6.5699,6.6285,
2026-07-27,2026-07-27T20:00:00Z,14,6.4873,6.5536,6.6285,
2026-07-26,2026-07-27T21:00:00Z,39,5.0668,5.1071,5.2299,
2026-07-27,2026-07-27T21:00:00Z,15,5.0668,5.1081,5.2299,
2026-07-26,2026-07-27T22:00:00Z,40,3.9627,4.0268,4.1928,
2026-07-27,2026-07-27T22:00:00Z,16,3.9627,4.0803,4.1928,
2026-07-26,2026-07-27T23:00:00Z,41,3.4256,3.6055,3.7313,
2026-07-27,2026-07-27T23:00:00Z,17,3.4256,3.6587,3.7313,
2026-07-26,2026-07-28T00:00:00Z,42,3.7191,3.9019,4.0024,
2026-07-27,2026-07-28T00:00:00Z,18,3.7191,3.9543,4.0024,
2026-07-26,2026-07-28T01:00:00Z,43,4.9196,4.9382,5.0282,
2026-07-27,2026-07-28T01:00:00Z,19,4.9196,4.9798,5.0282,
2026-07-26,2026-07-28T02:00:00Z,44,6.6906,6.6221,6.6282,
2026-07-27,2026-07-28T02:00:00Z,20,6.6906,6.6702,6.6282,
2026-07-26,2026-07-28T03:00:00Z,45,8.5605,8.4135,8.3619,
2026-07-27,2026-07-28T03:00:00Z,21,8.5605,8.4098,8.3619,
2026-07-26,2026-07-28T04:00:00Z,46,9.8642,9.699,9.6419,
2026-07-27,2026-07-28T04:00:00Z,22,9.8642,9.7086,9.6419,
2026-07-26,2026-07-28T05:00:00Z,47,10.2134,10.0797,10.0911,
2026-07-27,2026-07-28T05:00:00Z,23,10.2134,10.0993,10.0911,
2026-07-26,2026-07-28T06:00:00Z,48,9.672,9.6748,9.6989,
2026-07-27,2026-07-28T06:00:00Z,24,9.672,9.67,9.6989,
2026-07-27,2026-07-28T07:00:00Z,25,8.5573,8.5305,8.6423,
2026-07-28,2026-07-28T07:00:00Z,1,8.5573,8.527,8.6423,
2026-07-27,2026-07-28T08:00:00Z,26,7.0764,7.0894,7.1868,
2026-07-28,2026-07-28T08:00:00Z,2,7.0764,7.0698,7.1868,
2026-07-27,2026-07-28T09:00:00Z,27,5.587,5.5536,5.6816,
2026-07-28,2026-07-28T09:00:00Z,3,5.587,5.5454,5.6816,
2026-07-27,2026-07-28T10:00:00Z,28,4.3248,4.3178,4.4481,
2026-07-28,2026-07-28T10:00:00Z,4,4.3248,4.2779,4.4481,
2026-07-27,2026-07-28T11:00:00Z,29,3.5474,3.6027,3.7345,
2026-07-28,2026-07-28T11:00:00Z,5,3.5474,3.6211,3.7345,
2026-07-27,2026-07-28T12:00:00Z,30,3.5377,3.6543,3.7576,
2026-07-28,2026-07-28T12:00:00Z,6,3.5377,3.6935,3.7576,
2026-07-27,2026-07-28T13:00:00Z,31,4.5002,4.5475,4.6339,
2026-07-28,2026-07-28T13:00:00Z,7,4.5002,4.616,4.6339,
2026-07-27,2026-07-28T14:00:00Z,32,6.3006,6.2365,6.2569,
2026-07-28,2026-07-28T14:00:00Z,8,6.3006,6.313,6.2569,
2026-07-27,2026-07-28T15:00:00Z,33,8.3905,8.22,8.2126,
2026-07-28,2026-07-28T15:00:00Z,9,8.3905,8.3047,8.2126,
2026-07-27,2026-07-28T16:00:00Z,34,10.1019,9.8887,9.843,
2026-07-28,2026-07-28T16:00:00Z,10,10.1019,9.9287,9.843,
2026-07-27,2026-07-28T17:00:00Z,35,10.7991,10.6042,10.6063,
2026-07-28,2026-07-28T17:00:00Z,11,10.7991,10.68,10.6063,
2026-07-27,2026-07-28T18:00:00Z,36,10.4111,10.3523,10.3791,
2026-07-28,2026-07-28T18:00:00Z,12,10.4111,10.4255,10.3791,
2026-07-27,2026-07-28T19:00:00Z,37,9.271,9.2916,9.334,
2026-07-28,2026-07-28T19:00:00Z,13,9.271,9.2337,9.334,
2026-07-27,2026-07-28T20:00:00Z,38,7.6409,7.6991,7.7504,
2026-07-28,2026-07-28T20:00:00Z,14,7.6409,7.6606,7.7504,
2026-07-27,2026-07-28T21:00:00Z,39,5.9242,5.9354,6.0086,
2026-07-28,2026-07-28T21:00:00Z,15,5.9242,5.8821,6.0086,
2026-07-27,2026-07-28T22:00:00Z,40,4.4267,4.4044,4.4938,
2026-07-28,2026-07-28T22:00:00Z,16,4.4267,4.2913,4.4938,
2026-07-27,2026-07-28T23:00:00Z,41,3.3876,3.4028,3.4772,
2026-07-28,2026-07-28T23:00:00Z,17,3.3876,3.3577,3.4772,
2026-07-27,2026-07-29T00:00:00Z,42,3.0463,3.1265,3.1791,
2026-07-28,2026-07-29T00:00:00Z,18,3.0463,3.0787,3.1791,
2026-07-27,2026-07-29T01:00:00Z,43,3.6626,3.7188,3.7776,
2026-07-28,2026-07-29T01:00:00Z,19,3.6626,3.7234,3.7776,
2026-07-27,2026-07-29T02:00:00Z,44,5.2786,5.2479,5.2576,
2026-07-28,2026-07-29T02:00:00Z,20,5.2786,5.246,5.2576,
2026-07-27,2026-07-29T03:00:00Z,45,7.3979,7.3042,7.2841,
2026-07-28,2026-07-29T03:00:00Z,21,7.3979,7.3647,7.2841,
2026-07-27,2026-07-29T04:00:00Z,46,9.4223,9.254,9.2181,
2026-07-28,2026-07-29T04:00:00Z,22,9.4223,9.3176,9.2181,
2026-07-27,2026-07-29T05:00:00Z,47,10.5717,10.409,10.3998,
2026-07-28,2026-07-29T05:00:00Z,23,10.5717,10.486,10.3998,
2026-07-27,2026-07-29T06:00:00Z,48,10.5859,10.5442,10.5409,
2026-07-28,2026-07-29T06:00:00Z,24,10.5859,10.5975,10.5409,
2026-07-28,2026-07-29T07:00:00Z,25,9.6802,9.7609,9.7524,
2026-07-29,2026-07-29T07:00:00Z,1,9.6802,9.7143,9.7524,
2026-07-28,2026-07-29T08:00:00Z,26,8.2102,8.3318,8.3059,
2026-07-29,2026-07-29T08:00:00Z,2,8.2102,8.2789,8.3059,
2026-07-28,2026-07-29T09:00:00Z,27,6.518,6.5764,6.5601,
2026-07-29,2026-07-29T09:00:00Z,3,6.518,6.522,6.5601,
2026-07-28,2026-07-29T10:00:00Z,28,4.929,4.9296,4.9203,
2026-07-29,2026-07-29T10:00:00Z,4,4.929,4.8227,4.9203,
2026-07-28,2026-07-29T11:00:00Z,29,3.7149,3.6815,3.701,
2026-07-29,2026-07-29T11:00:00Z,5,3.7149,3.5997,3.701,
2026-07-28,2026-07-29T12:00:00Z,30,3.092,3.1398,3.1461,
2026-07-29,2026-07-29T12:00:00Z,6,3.092,3.0652,3.1461,
2026-07-28,2026-07-29T13:00:00Z,31,3.4005,3.4807,3.5016,
2026-07-29,2026-07-29T13:00:00Z,7,3.4005,3.4791,3.5016,
2026-07-28,2026-07-29T14:00:00Z,32,4.8323,4.8617,4.8643,
2026-07-29,2026-07-29T14:00:00Z,8,4.8323,4.8918,4.8643,
2026-07-28,2026-07-29T15:00:00Z,33,7.0603,7.0262,6.9721,
2026-07-29,2026-07-29T15:00:00Z,9,7.0603,7.0651,6.9721,
2026-07-28,2026-07-29T16:00:00Z,34,9.3255,9.2434,9.1773,
2026-07-29,2026-07-29T16:00:00Z,10,9.3255,9.2675,9.1773,
2026-07-28,2026-07-29T17:00:00Z,35,10.8432,10.7582,10.7059,
2026-07-29,2026-07-29T17:00:00Z,11,10.8432,10.7812,10.7059,
2026-07-28,2026-07-29T18:00:00Z,36,11.1408,11.1353,11.1079,
2026-07-29,2026-07-29T18:00:00Z,12,11.1408,11.2002,11.1079,
2026-07-28,2026-07-29T19:00:00Z,37,10.3615,10.4833,10.4267,
2026-07-29,2026-07-29T19:00:00Z,13,10.3615,10.4039,10.4267,
2026-07-28,2026-07-29T20:00:00Z,38,8.8721,9.0114,8.9547,
2026-07-29,2026-07-29T20:00:00Z,14,8.8721,8.9674,8.9547,
2026-07-28,2026-07-29T21:00:00Z,39,7.003,7.1144,7.0652,
2026-07-29,2026-07-29T21:00:00Z,15,7.003,7.0204,7.0652,
2026-07-28,2026-07-29T22:00:00Z,40,5.2073,5.2157,5.1971,
2026-07-29,2026-07-29T22:00:00Z,16,5.2073,5.1249,5.1971,
2026-07-28,2026-07-29T23:00:00Z,41,3.7224,3.6815,3.7114,
2026-07-29,2026-07-29T23:00:00Z,17,3.7224,3.6528,3.7114,
2026-07-28,2026-07-30T00:00:00Z,42,2.79,2.8264,2.8414,
2026-07-29,2026-07-30T00:00:00Z,18,2.79,2.8121,2.8414,
2026-07-28,2026-07-30T01:00:00Z,43,2.6904,2.8127,2.837,
2026-07-29,2026-07-30T01:00:00Z,19,2.6904,2.8299,2.837,
2026-07-28,2026-07-30T02:00:00Z,44,3.7596,3.8834,3.8987,
2026-07-29,2026-07-30T02:00:00Z,20,3.7596,3.8732,3.8987,
2026-07-28,2026-07-30T03:00:00Z,45,5.855,5.951,5.8969,
2026-07-29,2026-07-30T03:00:00Z,21,5.855,5.9592,5.8969,
2026-07-28,2026-07-30T04:00:00Z,46,8.2745,8.3185,8.2571,
2026-07-29,2026-07-30T04:00:00Z,22,8.2745,8.3354,8.2571,
2026-07-28,2026-07-30T05:00:00Z,47,10.2345,10.1921,10.1636,
2026-07-29,2026-07-30T05:00:00Z,23,10.2345,10.2249,10.1636,
2026-07-28,2026-07-30T06:00:00Z,48,11.0277,10.999,10.9986,
2026-07-29,2026-07-30T06:00:00Z,24,11.0277,11.058,10.9986,
2026-07-29,2026-07-30T07:00:00Z,25,10.6023,10.6637,10.6577,
2026-07-30,2026-07-30T07:00:00Z,1,10.6023,10.6794,10.6577,
2026-07-29,2026-07-30T08:00:00Z,26,9.3318,9.426,9.408,
2026-07-30,2026-07-30T08:00:00Z,2,9.3318,9.4211,9.408,
2026-07-29,2026-07-30T09:00:00Z,27,7.5699,7.6287,7.6226,
2026-07-30,2026-07-30T09:00:00Z,3,7.5699,7.634,7.6226,
2026-07-29,2026-07-30T10:00:00Z,28,5.7438,5.7093,5.7266,
2026-07-30,2026-07-30T10:00:00Z,4,5.7438,5.7186,5.7266,
2026-07-29,2026-07-30T11:00:00Z,29,4.1545,4.041,4.1131,
2026-07-30,2026-07-30T11:00:00Z,5,4.1545,4.0667,4.1131,
2026-07-29,2026-07-30T12:00:00Z,30,3.0625,2.9558,3.0431,
2026-07-30,2026-07-30T12:00:00Z,6,3.0625,2.9835,3.0431,
2026-07-29,2026-07-30T13:00:00Z,31,2.6737,2.7263,2.7748,
2026-07-30,2026-07-30T13:00:00Z,7,2.6737,2.6829,2.7748,
2026-07-29,2026-07-30T14:00:00Z,32,3.4235,3.5145,3.595,
2026-07-30,2026-07-30T14:00:00Z,8,3.4235,3.5004,3.595,
2026-07-29,2026-07-30T15:00:00Z,33,5.3749,5.4973,5.51,
2026-07-30,2026-07-30T15:00:00Z,9,5.3749,5.4688,5.51,
2026-07-29,2026-07-30T16:00:00Z,34,7.9513,8.0594,8.0083,
2026-07-30,2026-07-30T16:00:00Z,10,7.9513,7.9767,8.0083,
2026-07-29,2026-07-30T17:00:00Z,35,10.2374,10.2705,10.2205,
2026-07-30,2026-07-30T17:00:00Z,11,10.2374,10.2065,10.2205,
2026-07-29,2026-07-30T18:00:00Z,36,11.3898,11.4089,11.3822,
2026-07-30,2026-07-30T18:00:00Z,12,11.3898,11.3958,11.3822,
2026-07-29,2026-07-30T19:00:00Z,37,11.2344,11.2991,11.2499,
2026-07-30,2026-07-30T19:00:00Z,13,11.2344,11.2519,11.2499,
2026-07-29,2026-07-30T20:00:00Z,38,10.0186,10.1108,10.0663,
2026-07-30,2026-07-30T20:00:00Z,14,10.0186,10.0862,10.0663,
2026-07-29,2026-07-30T21:00:00Z,39,8.1868,8.2517,8.2348,
2026-07-30,2026-07-30T21:00:00Z,15,8.1868,8.2156,8.2348,
2026-07-29,2026-07-30T22:00:00Z,40,6.183,6.1794,6.1918,
2026-07-30,2026-07-30T22:00:00Z,16,6.183,6.1526,6.1918,
2026-07-29,2026-07-30T23:00:00Z,41,4.3939,4.2559,4.3629,
2026-07-30,2026-07-30T23:00:00Z,17,4.3939,4.2751,4.3629,
2026-07-29,2026-07-31T00:00:00Z,42,3.0549,2.9216,3.0289,
2026-07-30,2026-07-31T00:00:00Z,18,3.0549,2.9382,3.0289,
2026-07-29,2026-07-31T01:00:00Z,43,2.3855,2.3488,2.4086,
2026-07-30,2026-07-31T01:00:00Z,19,2.3855,2.36,2.4086,
2026-07-29,2026-07-31T02:00:00Z,44,2.737,2.7233,2.8201,
2026-07-30,2026-07-31T02:00:00Z,20,2.737,2.7476,2.8201,
2026-07-29,2026-07-31T03:00:00Z,45,4.3841,4.3567,4.4346,
2026-07-30,2026-07-31T03:00:00Z,21,4.3841,4.38,4.4346,
2026-07-29,2026-07-31T04:00:00Z,46,6.8301,6.9321,6.8964,
2026-07-30,2026-07-31T04:00:00Z,22,6.8301,6.9469,6.8964,
2026-07-29,2026-07-31T05:00:00Z,47,9.3505,9.3947,9.3645,
2026-07-30,2026-07-31T05:00:00Z,23,9.3505,9.3604,9.3645,
2026-07-29,2026-07-31T06:00:00Z,48,10.9717,10.9708,10.9578,
2026-07-30,2026-07-31T06:00:00Z,24,10.9717,10.9417,10.9578,
2026-07-30,2026-07-31T07:00:00Z,25,11.2438,11.2191,11.2414,
2026-07-31,2026-07-31T07:00:00Z,1,11.2438,11.2179,11.2414,
2026-07-30,2026-07-31T08:00:00Z,26,10.3405,10.3752,10.3521,
2026-07-31,2026-07-31T08:00:00Z,2,10.3405,10.2864,10.3521,
2026-07-30,2026-07-31T09:00:00Z,27,8.7122,8.7022,8.7031,
2026-07-31,2026-07-31T09:00:00Z,3,8.7122,8.6334,8.7031,
2026-07-30,2026-07-31T10:00:00Z,28,6.763,6.7121,6.7334,
2026-07-31,2026-07-31T10:00:00Z,4,6.763,6.6411,6.7334,
2026-07-30,2026-07-31T11:00:00Z,29,4.8828,4.7498,4.8665,
2026-07-31,2026-07-31T11:00:00Z,5,4.8828,4.7297,4.8665,
2026-07-30,2026-07-31T12:00:00Z,30,3.4424,3.2967,3.4172,
2026-07-31,2026-07-31T12:00:00Z,6,3.4424,3.2856,3.4172,
2026-07-30,2026-07-31T13:00:00Z,31,2.5562,2.5061,2.6012,
2026-07-31,2026-07-31T13:00:00Z,7,2.5562,2.4604,2.6012,
2026-07-30,2026-07-31T14:00:00Z,32,2.6157,2.5827,2.7335,
2026-07-31,2026-07-31T14:00:00Z,8,2.6157,2.6036,2.7335,
2026-07-30,2026-07-31T15:00:00Z,33,3.9767,3.9689,4.1053,
2026-07-31,2026-07-31T15:00:00Z,9,3.9767,3.9784,4.1053,
2026-07-30,2026-07-31T16:00:00Z,34,6.4104,6.5268,6.5213,
2026-07-31,2026-07-31T16:00:00Z,10,6.4104,6.4743,6.5213,
2026-07-30,2026-07-31T17:00:00Z,35,9.0862,9.1629,9.1796,
2026-07-31,2026-07-31T17:00:00Z,11,9.0862,9.1085,9.1796,
2026-07-30,2026-07-31T18:00:00Z,36,11.0849,11.0814,11.098,
2026-07-31,2026-07-31T18:00:00Z,12,11.0849,11.0445,11.098,
2026-07-30,2026-07-31T19:00:00Z,37,11.6983,11.6801,11.6789,
2026-07-31,2026-07-31T19:00:00Z,13,11.6983,11.6989,11.6789,
2026-07-30,2026-07-31T20:00:00Z,38,10.9893,11.009,10.954,
2026-07-31,2026-07-31T20:00:00Z,14,10.9893,11.0001,10.954,
2026-07-30,2026-07-31T21:00:00Z,39,9.4205,9.3857,9.3434,
2026-07-31,2026-07-31T21:00:00Z,15,9.4205,9.3465,9.3434,
2026-07-30,2026-07-31T22:00:00Z,40,7.4012,7.2994,7.3148,
2026-07-31,2026-07-31T22:00:00Z,16,7.4012,7.2876,7.3148,
2026-07-30,2026-07-31T23:00:00Z,41,5.3532,5.1972,5.2999,
2026-07-31,2026-07-31T23:00:00Z,17,5.3532,5.2455,5.2999,
2026-07-30,2026-08-01T00:00:00Z,42,3.6797,3.5015,3.6417,
2026-07-31,2026-08-01T00:00:00Z,18,3.6797,3.5165,3.6417,
2026-07-30,2026-08-01T01:00:00Z,43,2.5198,2.4483,2.5437,
2026-07-31,2026-08-01T01:00:00Z,19,2.5198,2.466,2.5437,
2026-07-30,2026-08-01T02:00:00Z,44,2.1766,2.1201,2.2721,
2026-07-31,2026-08-01T02:00:00Z,20,2.1766,2.1491,2.2721,
2026-07-30,2026-08-01T03:00:00Z,45,3.0583,3.0285,3.2042,
2026-07-31,2026-08-01T03:00:00Z,21,3.0583,3.0842,3.2042,
2026-07-30,2026-08-01T04:00:00Z,46,5.2303,5.2842,5.3656,
2026-07-31,2026-08-01T04:00:00Z,22,5.2303,5.3119,5.3656,
2026-07-30,2026-08-01T05:00:00Z,47,7.9111,8.0626,8.0943,
2026-07-31,2026-08-01T05:00:00Z,23,7.9111,8.0579,8.0943,
2026-07-30,2026-08-01T06:00:00Z,48,10.2697,10.3263,10.3624,
2026-07-31,2026-08-01T06:00:00Z,24,10.2697,10.3172,10.3624,
2026-07-31,2026-08-01T07:00:00Z,25,11.3632,11.4183,11.3942,
2026-08-01,2026-08-01T07:00:00Z,1,11.3632,11.3732,11.3942,
2026-07-31,2026-08-01T08:00:00Z,26,11.0446,11.0589,11.0406,
2026-08-01,2026-08-01T08:00:00Z,2,11.0446,11.0425,11.0406,
2026-07-31,2026-08-01T09:00:00Z,27,9.7277,9.6619,9.6698,
2026-08-01,2026-08-01T09:00:00Z,3,9.7277,9.6843,9.6698,
2026-07-31,2026-08-01T10:00:00Z,28,7.8559,7.7302,7.7834,
2026-08-01,2026-08-01T10:00:00Z,4,7.8559,7.7824,7.7834,
2026-07-31,2026-08-01T11:00:00Z,29,5.8318,5.7084,5.8186,
2026-08-01,2026-08-01T11:00:00Z,5,5.8318,5.8109,5.8186,
2026-07-31,2026-08-01T12:00:00Z,30,4.1154,3.9963,4.1282,
2026-08-01,2026-08-01T12:00:00Z,6,4.1154,4.0741,4.1282,
2026-07-31,2026-08-01T13:00:00Z,31,2.8788,2.8333,2.9346,
2026-08-01,2026-08-01T13:00:00Z,7,2.8788,2.8378,2.9346,
2026-07-31,2026-08-01T14:00:00Z,32,2.3427,2.3245,2.4605,
2026-08-01,2026-08-01T14:00:00Z,8,2.3427,2.3434,2.4605,
2026-07-31,2026-08-01T15:00:00Z,33,2.9381,2.9614,3.0866,
2026-08-01,2026-08-01T15:00:00Z,9,2.9381,2.949,3.0866,
2026-07-31,2026-08-01T16:00:00Z,34,4.8902,4.9277,5.0071,
2026-08-01,2026-08-01T16:00:00Z,10,4.8902,4.9223,5.0071,
2026-07-31,2026-08-01T17:00:00Z,35,7.5722,7.7085,7.7345,
2026-08-01,2026-08-01T17:00:00Z,11,7.5722,7.6527,7.7345,
2026-07-31,2026-08-01T18:00:00Z,36,10.157,10.2447,10.2399,
2026-08-01,2026-08-01T18:00:00Z,12,10.157,10.1458,10.2399,
2026-07-31,2026-08-01T19:00:00Z,37,11.6084,11.6202,11.6042,
2026-08-01,2026-08-01T19:00:00Z,13,11.6084,11.6145,11.6042,
2026-07-31,2026-08-01T20:00:00Z,38,11.5717,11.5801,11.5167,
2026-08-01,2026-08-01T20:00:00Z,14,11.5717,11.5638,11.5167,
2026-07-31,2026-08-01T21:00:00Z,39,10.4025,10.3304,10.2756,
2026-08-01,2026-08-01T21:00:00Z,15,10.4025,10.3349,10.2756,
2026-07-31,2026-08-01T22:00:00Z,40,8.5479,8.4141,8.4069,
2026-08-01,2026-08-01T22:00:00Z,16,8.5479,8.4111,8.4069,
2026-07-31,2026-08-01T23:00:00Z,41,6.4599,6.3136,6.369,
2026-08-01,2026-08-01T23:00:00Z,17,6.4599,6.3407,6.369,
2026-07-31,2026-08-02T00:00:00Z,42,4.5152,4.426,4.5233,
2026-08-01,2026-08-02T00:00:00Z,18,4.5152,4.4425,4.5233,
2026-07-31,2026-08-02T01:00:00Z,43,3.0335,2.9982,3.1124,
2026-08-01,2026-08-02T01:00:00Z,19,3.0335,3.002,3.1124,
2026-07-31,2026-08-02T02:00:00Z,44,2.1615,2.199,2.3216,
2026-08-01,2026-08-02T02:00:00Z,20,2.1615,2.2149,2.3216,
2026-07-31,2026-08-02T03:00:00Z,45,2.3142,2.3281,2.4992,
2026-08-01,2026-08-02T03:00:00Z,21,2.3142,2.3776,2.4992,
2026-07-31,2026-08-02T04:00:00Z,46,3.8093,3.867,3.9909,
2026-08-01,2026-08-02T04:00:00Z,22,3.8093,3.8983,3.9909,
2026-07-31,2026-08-02T05:00:00Z,47,6.3937,6.4856,6.5553,
2026-08-01,2026-08-02T05:00:00Z,23,6.3937,6.4634,6.5553,
2026-07-31,2026-08-02T06:00:00Z,48,9.0842,9.2088,9.2493,
2026-08-01,2026-08-02T06:00:00Z,24,9.0842,9.11,9.2493,
2026-08-01,2026-08-02T07:00:00Z,25,11.0028,11.0113,11.0301,
2026-08-02,2026-08-02T07:00:00Z,1,11.0028,10.9325,11.0301,
2026-08-01,2026-08-02T08:00:00Z,26,11.4688,11.3925,11.3788,
2026-08-02,2026-08-02T08:00:00Z,2,11.4688,11.3562,11.3788,
2026-08-01,2026-08-02T09:00:00Z,27,10.6253,10.4753,10.4488,
2026-08-02,2026-08-02T09:00:00Z,3,10.6253,10.4895,10.4488,
2026-08-01,2026-08-02T10:00:00Z,28,8.9943,8.7626,8.7645,
2026-08-02,2026-08-02T10:00:00Z,4,8.9943,8.8019,8.7645,
2026-08-01,2026-08-02T11:00:00Z,29,7.0009,6.8109,6.8331,
2026-08-02,2026-08-02T11:00:00Z,5,7.0009,6.8663,6.8331,
2026-08-01,2026-08-02T12:00:00Z,30,5.0762,4.9546,5.0253,
2026-08-02,2026-08-02T12:00:00Z,6,5.0762,4.9986,5.0253,
2026-08-01,2026-08-02T13:00:00Z,31,3.5621,3.5565,3.5973,
2026-08-02,2026-08-02T13:00:00Z,7,3.5621,3.5163,3.5973,
2026-08-01,2026-08-02T14:00:00Z,32,2.5989,2.6704,2.7203,
2026-08-02,2026-08-02T14:00:00Z,8,2.5989,2.6197,2.7203,
2026-08-01,2026-08-02T15:00:00Z,33,2.5211,2.6148,2.6668,
2026-08-02,2026-08-02T15:00:00Z,9,2.5211,2.5215,2.6668,
2026-08-01,2026-08-02T16:00:00Z,34,3.7135,3.7671,3.8196,
2026-08-02,2026-08-02T16:00:00Z,10,3.7135,3.6558,3.8196,
2026-08-01,2026-08-02T17:00:00Z,35,6.1218,6.1187,6.1581,
2026-08-02,2026-08-02T17:00:00Z,11,6.1218,6.017,6.1581,
2026-08-01,2026-08-02T18:00:00Z,36,8.8411,8.8864,8.9048,
2026-08-02,2026-08-02T18:00:00Z,12,8.8411,8.7491,8.9048,
2026-08-01,2026-08-02T19:00:00Z,37,11.0146,10.9607,10.965,
2026-08-02,2026-08-02T19:00:00Z,13,11.0146,10.8978,10.965,
2026-08-01,2026-08-02T20:00:00Z,38,11.7892,11.6596,11.6471,
2026-08-02,2026-08-02T20:00:00Z,14,11.7892,11.6399,11.6471,
2026-08-01,2026-08-02T21:00:00Z,39,11.1809,11.0175,10.957,
2026-08-02,2026-08-02T21:00:00Z,15,11.1809,11.0401,10.957,
2026-08-01,2026-08-02T22:00:00Z,40,9.6925,9.4094,9.3766,
2026-08-02,2026-08-02T22:00:00Z,16,9.6925,9.4524,9.3766,
2026-08-01,2026-08-02T23:00:00Z,41,7.6979,7.4544,7.4424,
2026-08-02,2026-08-02T23:00:00Z,17,7.6979,7.5134,7.4424,
2026-08-01,2026-08-03T00:00:00Z,42,5.6529,5.5231,5.5398,
2026-08-02,2026-08-03T00:00:00Z,18,5.6529,5.5613,5.5398,
2026-08-01,2026-08-03T01:00:00Z,43,3.9445,3.8987,3.9377,
2026-08-02,2026-08-03T01:00:00Z,19,3.9445,3.922,3.9377,
2026-08-01,2026-08-03T02:00:00Z,44,2.7495,2.7574,2.8207,
2026-08-02,2026-08-03T02:00:00Z,20,2.7495,2.7977,2.8207,
2026-08-01,2026-08-03T03:00:00Z,45,2.3155,2.3485,2.4122,
2026-08-02,2026-08-03T03:00:00Z,21,2.3155,2.349,2.4122,
2026-08-01,2026-08-03T04:00:00Z,46,3.0804,3.0825,3.0991,
2026-08-02,2026-08-03T04:00:00Z,22,3.0804,3.0537,3.0991,
2026-08-01,2026-08-03T05:00:00Z,47,5.1187,5.1104,5.066,
2026-08-02,2026-08-03T05:00:00Z,23,5.1187,4.9943,5.066,
2026-08-01,2026-08-03T06:00:00Z,48,7.7614,7.8044,7.7673,
2026-08-02,2026-08-03T06:00:00Z,24,7.7614,7.6727,7.7673,
2026-08-02,2026-08-03T07:00:00Z,25,10.1541,10.0984,10.1208,
2026-08-03,2026-08-03T07:00:00Z,1,10.1541,10.1574,10.1208,
2026-08-02,2026-08-03T08:00:00Z,26,11.3663,11.2555,11.253,
2026-08-03,2026-08-03T08:00:00Z,2,11.3663,11.3262,11.253,
2026-08-02,2026-08-03T09:00:00Z,27,11.1638,10.999,10.9617,
2026-08-03,2026-08-03T09:00:00Z,3,11.1638,11.0618,10.9617,
2026-08-02,2026-08-03T10:00:00Z,28,9.9438,9.6912,9.6299,
2026-08-03,2026-08-03T10:00:00Z,4,9.9438,9.7645,9.6299,
2026-08-02,2026-08-03T11:00:00Z,29,8.1481,7.8712,7.8318,
2026-08-03,2026-08-03T11:00:00Z,5,8.1481,7.9527,7.8318,
2026-08-02,2026-08-03T12:00:00Z,30,6.1972,6.0673,6.0087,
2026-08-03,2026-08-03T12:00:00Z,6,6.1972,6.0825,6.0087,
2026-08-02,2026-08-03T13:00:00Z,31,4.4482,4.4912,4.4398,
2026-08-03,2026-08-03T13:00:00Z,7,4.4482,4.5164,4.4398,
2026-08-02,2026-08-03T14:00:00Z,32,3.2121,3.3466,3.3124,
2026-08-03,2026-08-03T14:00:00Z,8,3.2121,3.3162,3.3124,
2026-08-02,2026-08-03T15:00:00Z,33,2.6336,2.7933,2.799,
2026-08-03,2026-08-03T15:00:00Z,9,2.6336,2.7812,2.799,
2026-08-02,2026-08-03T16:00:00Z,34,3.1063,3.1989,3.2044,
2026-08-03,2026-08-03T16:00:00Z,10,3.1063,3.2333,3.2044,
2026-08-02,2026-08-03T17:00:00Z,35,4.8591,4.783,4.8064,
2026-08-03,2026-08-03T17:00:00Z,11,4.8591,4.8833,4.8064,
2026-08-02,2026-08-03T18:00:00Z,36,7.3538,7.3143,7.3168,
2026-08-03,2026-08-03T18:00:00Z,12,7.3538,7.3598,7.3168,
2026-08-02,2026-08-03T19:00:00Z,37,9.8416,9.739,9.7837,
2026-08-03,2026-08-03T19:00:00Z,13,9.8416,9.8279,9.7837,
2026-08-02,2026-08-03T20:00:00Z,38,11.3356,11.2253,11.2328,
2026-08-03,2026-08-03T20:00:00Z,14,11.3356,11.3564,11.2328,
2026-08-02,2026-08-03T21:00:00Z,39,11.4457,11.3441,11.277,
2026-08-03,2026-08-03T21:00:00Z,15,11.4457,11.3553,11.277,
2026-08-02,2026-08-03T22:00:00Z,40,10.4601,10.2328,10.1698,
2026-08-03,2026-08-03T22:00:00Z,16,10.4601,10.2714,10.1698,
2026-08-02,2026-08-03T23:00:00Z,41,8.8002,8.5087,8.4583,
2026-08-03,2026-08-03T23:00:00Z,17,8.8002,8.5977,8.4583,
2026-08-02,2026-08-04T00:00:00Z,42,7.8288,6.6457,6.6098,
2026-08-03,2026-08-04T00:00:00Z,18,6.8512,6.7211,6.6098,
2026-08-02,2026-08-04T01:00:00Z,43,7.8288,4.9448,4.916,
2026-08-03,2026-08-04T01:00:00Z,19,4.9955,4.9574,4.916,
2026-08-02,2026-08-04T02:00:00Z,44,3.5499,3.6035,3.5862,
2026-08-03,2026-08-04T02:00:00Z,20,3.5499,3.5966,3.5862,
2026-08-02,2026-08-04T03:00:00Z,45,2.6634,2.7919,2.8027,
2026-08-03,2026-08-04T03:00:00Z,21,2.6634,2.8133,2.8027,
2026-08-02,2026-08-04T04:00:00Z,46,2.6808,2.7964,2.8243,
2026-08-03,2026-08-04T04:00:00Z,22,2.6808,2.8198,2.8243,
2026-08-02,2026-08-04T05:00:00Z,47,3.9393,3.9421,3.9755,
2026-08-03,2026-08-04T05:00:00Z,23,3.9393,3.9994,3.9755,
2026-08-02,2026-08-04T06:00:00Z,48,6.2477,6.1926,6.2016,
2026-08-03,2026-08-04T06:00:00Z,24,6.2477,6.2817,6.2016,
2026-08-03,2026-08-04T07:00:00Z,25,8.7408,8.8209,8.7401,
2026-08-04,2026-08-04T07:00:00Z,1,8.7408,8.7949,8.7401,
2026-08-03,2026-08-04T08:00:00Z,26,10.6163,10.7359,10.559,
2026-08-04,2026-08-04T08:00:00Z,2,10.6163,10.6396,10.559,
2026-08-03,2026-08-04T09:00:00Z,27,11.1763,11.171,11.0595,
2026-08-04,2026-08-04T09:00:00Z,3,11.1763,11.1966,11.0595,
2026-08-03,2026-08-04T10:00:00Z,28,10.5086,10.4377,10.3061,
2026-08-04,2026-08-04T10:00:00Z,4,10.5086,10.4436,10.3061,
2026-08-03,2026-08-04T11:00:00Z,29,9.0853,8.9828,8.7908,
2026-08-04,2026-08-04T11:00:00Z,5,9.0853,8.9543,8.7908,
2026-08-03,2026-08-04T12:00:00Z,30,7.2813,7.2014,7.0446,
2026-08-04,2026-08-04T12:00:00Z,6,7.2813,7.2238,7.0446,
2026-08-03,2026-08-04T13:00:00Z,31,5.4841,5.5054,5.4119,
2026-08-04,2026-08-04T13:00:00Z,7,5.4841,5.5315,5.4119,
2026-08-03,2026-08-04T14:00:00Z,32,4.089,4.1212,4.1039,
2026-08-04,2026-08-04T14:00:00Z,8,4.089,4.1357,4.1039,
2026-08-03,2026-08-04T15:00:00Z,33,3.1539,3.3081,3.2886,
2026-08-04,2026-08-04T15:00:00Z,9,3.1539,3.3053,3.2886,
2026-08-03,2026-08-04T16:00:00Z,34,2.9778,3.1637,3.1524,
2026-08-04,2026-08-04T16:00:00Z,10,2.9778,3.1328,3.1524,
2026-08-03,2026-08-04T17:00:00Z,35,3.8848,4.0335,3.9624,
2026-08-04,2026-08-04T17:00:00Z,11,3.8848,3.9531,3.9624,
2026-08-03,2026-08-04T18:00:00Z,36,5.8745,5.927,5.8163,
2026-08-04,2026-08-04T18:00:00Z,12,5.8745,5.8637,5.8163,
2026-08-03,2026-08-04T19:00:00Z,37,8.2299,8.3207,8.2154,
2026-08-04,2026-08-04T19:00:00Z,13,8.2299,8.3265,8.2154,
2026-08-03,2026-08-04T20:00:00Z,38,10.2215,10.3739,10.2083,
2026-08-04,2026-08-04T20:00:00Z,14,10.2215,10.3017,10.2083,
2026-08-03,2026-08-04T21:00:00Z,39,11.0761,11.159,11.0608,
2026-08-04,2026-08-04T21:00:00Z,15,11.0761,11.1827,11.0608,
2026-08-03,2026-08-04T22:00:00Z,40,10.7214,10.7425,10.6549,
2026-08-04,2026-08-04T22:00:00Z,16,10.7214,10.8026,10.6549,
2026-08-03,2026-08-04T23:00:00Z,41,9.5644,9.5199,9.3644,
2026-08-04,2026-08-04T23:00:00Z,17,9.5644,9.4457,9.3644,
2026-08-03,2026-08-05T00:00:00Z,42,8.7676,7.8225,7.6969,
2026-08-04,2026-08-05T00:00:00Z,18,7.9119,7.8093,7.6969,
2026-08-03,2026-08-05T01:00:00Z,43,8.7676,6.1055,6.0174,
2026-08-04,2026-08-05T01:00:00Z,19,6.141,6.101,6.0174,
2026-08-03,2026-08-05T02:00:00Z,44,4.5732,4.5816,4.5525,
2026-08-04,2026-08-05T02:00:00Z,20,4.5732,4.555,4.5525,
2026-08-03,2026-08-05T03:00:00Z,45,3.4471,3.4641,3.5036,
2026-08-04,2026-08-05T03:00:00Z,21,3.4471,3.4714,3.5036,
2026-08-03,2026-08-05T04:00:00Z,46,2.9629,3.0357,3.0671,
2026-08-04,2026-08-05T04:00:00Z,22,2.9629,3.0238,3.0671,
2026-08-03,2026-08-05T05:00:00Z,47,3.4349,3.4498,3.4774,
2026-08-04,2026-08-05T05:00:00Z,23,3.4349,3.449,3.4774,
2026-08-03,2026-08-05T06:00:00Z,48,4.9885,5.0029,4.9172,
2026-08-04,2026-08-05T06:00:00Z,24,4.9885,4.8833,4.9172,
2026-08-04,2026-08-05T07:00:00Z,25,6.5826,7.1676,7.1252,
2026-08-05,2026-08-05T07:00:00Z,1,7.1693,7.2075,7.1252,
2026-08-04,2026-08-05T08:00:00Z,26,6.5826,9.341,9.2843,
2026-08-05,2026-08-05T08:00:00Z,2,9.3002,9.3506,9.2843,
2026-08-04,2026-08-05T09:00:00Z,27,10.5172,10.6042,10.5521,
2026-08-05,2026-08-05T09:00:00Z,3,10.5172,10.6256,10.5521,
2026-08-04,2026-08-05T10:00:00Z,28,10.5246,10.6389,10.5933,
2026-08-05,2026-08-05T10:00:00Z,4,10.5246,10.6346,10.5933,
2026-08-04,2026-08-05T11:00:00Z,29,9.6297,9.6347,9.6199,
2026-08-05,2026-08-05T11:00:00Z,5,9.6297,9.6707,9.6199,
2026-08-04,2026-08-05T12:00:00Z,30,8.1902,8.1471,8.1175,
2026-08-05,2026-08-05T12:00:00Z,6,8.1902,8.1915,8.1175,
2026-08-04,2026-08-05T13:00:00Z,31,6.5451,6.5533,6.5233,
2026-08-05,2026-08-05T13:00:00Z,7,6.5451,6.5604,6.5233,
2026-08-04,2026-08-05T14:00:00Z,32,5.0369,5.114,5.1002,
2026-08-05,2026-08-05T14:00:00Z,8,5.0369,5.0175,5.1002,
2026-08-04,2026-08-05T15:00:00Z,33,3.9169,4.0153,4.0382,
2026-08-05,2026-08-05T15:00:00Z,9,3.9169,3.9636,4.0382,
2026-08-04,2026-08-05T16:00:00Z,34,3.3408,3.4586,3.5122,
2026-08-05,2026-08-05T16:00:00Z,10,3.3408,3.4037,3.5122,
2026-08-04,2026-08-05T17:00:00Z,35,3.574,3.6161,3.688,
2026-08-05,2026-08-05T17:00:00Z,11,3.574,3.606,3.688,
2026-08-04,2026-08-05T18:00:00Z,36,4.7697,4.6737,4.7333,
2026-08-05,2026-08-05T18:00:00Z,12,4.7697,4.6869,4.7333,
2026-08-04,2026-08-05T19:00:00Z,37,6.6596,6.5102,6.5807,
2026-08-05,2026-08-05T19:00:00Z,13,6.6596,6.5083,6.5807,
2026-08-04,2026-08-05T20:00:00Z,38,8.6427,8.6392,8.6564,
2026-08-05,2026-08-05T20:00:00Z,14,8.6427,8.6293,8.6564,
2026-08-04,2026-08-05T21:00:00Z,39,10.0418,10.1934,10.1515,
2026-08-05,2026-08-05T21:00:00Z,15,10.0418,10.1433,10.1515,
2026-08-04,2026-08-05T22:00:00Z,40,10.3988,10.6516,10.5818,
2026-08-05,2026-08-05T22:00:00Z,16,10.3988,10.5664,10.5818,
2026-08-04,2026-08-05T23:00:00Z,41,9.8511,9.9999,9.9837,
2026-08-05,2026-08-05T23:00:00Z,17,9.8511,9.9496,9.9837,
2026-08-04,2026-08-06T00:00:00Z,42,8.7333,8.7441,8.7253,
2026-08-05,2026-08-06T00:00:00Z,18,8.7333,8.7657,8.7253,
2026-08-04,2026-08-06T01:00:00Z,43,7.2312,7.2914,7.2157,
2026-08-05,2026-08-06T01:00:00Z,19,7.2312,7.2352,7.2157,
2026-08-04,2026-08-06T02:00:00Z,44,5.7523,5.7497,5.7337,
2026-08-05,2026-08-06T02:00:00Z,20,5.7523,5.725,5.7337,
2026-08-04,2026-08-06T03:00:00Z,45,4.4704,4.4506,4.4897,
2026-08-05,2026-08-06T03:00:00Z,21,4.4704,4.4322,4.4897,
2026-08-04,2026-08-06T04:00:00Z,46,3.6389,3.6455,3.7011,
2026-08-05,2026-08-06T04:00:00Z,22,3.6389,3.6037,3.7011,
2026-08-04,2026-08-06T05:00:00Z,47,3.4562,3.4915,3.5481,
2026-08-05,2026-08-06T05:00:00Z,23,3.4562,3.4503,3.5481,
2026-08-04,2026-08-06T06:00:00Z,48,4.1492,4.1502,4.1854,
2026-08-05,2026-08-06T06:00:00Z,24,4.1492,4.1059,4.1854,
2026-08-05,2026-08-06T07:00:00Z,25,5.7344,5.5999,5.6599,
2026-08-06,2026-08-06T07:00:00Z,1,5.7344,5.5898,5.6599,
2026-08-05,2026-08-06T08:00:00Z,26,7.6249,7.545,7.6214,
2026-08-06,2026-08-06T08:00:00Z,2,7.6249,7.5391,7.6214,
2026-08-05,2026-08-06T09:00:00Z,27,9.2732,9.3102,9.3445,
2026-08-06,2026-08-06T09:00:00Z,3,9.2732,9.2816,9.3445,
2026-08-05,2026-08-06T10:00:00Z,28,9.8625,10.1152,10.2102,
2026-08-06,2026-08-06T10:00:00Z,4,10.0078,10.0927,10.2102,
2026-08-05,2026-08-06T11:00:00Z,29,9.8625,9.914,10.0494,
2026-08-06,2026-08-06T11:00:00Z,5,9.766,9.8644,10.0494,
2026-08-05,2026-08-06T12:00:00Z,30,9.8626,9.0375,9.0927,
2026-08-06,2026-08-06T12:00:00Z,6,8.8848,8.9693,9.0927,
2026-08-05,2026-08-06T13:00:00Z,31,7.6199,7.7176,7.743,
2026-08-06,2026-08-06T13:00:00Z,7,7.6199,7.6846,7.743,
2026-08-05,2026-08-06T14:00:00Z,32,6.2589,6.316,6.3388,
2026-08-06,2026-08-06T14:00:00Z,8,6.2589,6.3123,6.3388,
2026-08-05,2026-08-06T15:00:00Z,33,5.0474,5.0237,5.102,
2026-08-06,2026-08-06T15:00:00Z,9,5.0474,5.0565,5.102,
2026-08-05,2026-08-06T16:00:00Z,34,4.1924,4.1161,4.2353,
2026-08-06,2026-08-06T16:00:00Z,10,4.1924,4.1322,4.2353,
2026-08-05,2026-08-06T17:00:00Z,35,3.8393,3.753,3.9092,
2026-08-06,2026-08-06T17:00:00Z,11,3.8393,3.8235,3.9092,
2026-08-05,2026-08-06T18:00:00Z,36,4.1933,4.0639,4.2309,
2026-08-06,2026-08-06T18:00:00Z,12,4.1933,4.1204,4.2309,
2026-08-05,2026-08-06T19:00:00Z,37,5.3307,5.1832,5.2719,
2026-08-06,2026-08-06T19:00:00Z,13,5.3307,5.1213,5.2719,
2026-08-05,2026-08-06T20:00:00Z,38,6.9209,6.8286,6.8925,
2026-08-06,2026-08-06T20:00:00Z,14,6.9209,6.7988,6.8925,
2026-08-05,2026-08-06T21:00:00Z,39,8.534,8.5625,8.5774,
2026-08-06,2026-08-06T21:00:00Z,15,8.534,8.5099,8.5774,
2026-08-05,2026-08-06T22:00:00Z,40,9.5042,9.6815,9.7122,
2026-08-06,2026-08-06T22:00:00Z,16,9.5042,9.6473,9.7122,
2026-08-05,2026-08-06T23:00:00Z,41,9.6515,9.8918,9.9827,
2026-08-06,2026-08-06T23:00:00Z,17,9.6515,9.8656,9.9827,
2026-08-05,2026-08-07T00:00:00Z,42,9.1295,9.3226,9.447,
2026-08-06,2026-08-07T00:00:00Z,18,9.1295,9.3227,9.447,
2026-08-05,2026-08-07T01:00:00Z,43,8.1772,8.3605,8.3814,
2026-08-06,2026-08-07T01:00:00Z,19,8.1772,8.2523,8.3814,
2026-08-05,2026-08-07T02:00:00Z,44,6.9605,7.1325,7.0879,
2026-08-06,2026-08-07T02:00:00Z,20,6.9605,7.0921,7.0879,
2026-08-05,2026-08-07T03:00:00Z,45,5.7517,5.8062,5.7975,
2026-08-06,2026-08-07T03:00:00Z,21,5.7517,5.7856,5.7975,
2026-08-05,2026-08-07T04:00:00Z,46,4.7253,4.6678,4.7345,
2026-08-06,2026-08-07T04:00:00Z,22,4.7253,4.6727,4.7345,
2026-08-05,2026-08-07T05:00:00Z,47,4.0835,4.0485,4.1195,
2026-08-06,2026-08-07T05:00:00Z,23,4.0835,4.0266,4.1195,
2026-08-05,2026-08-07T06:00:00Z,48,4.0246,4.0289,4.0835,
2026-08-06,2026-08-07T06:00:00Z,24,4.0246,3.956,4.0835,
2026-08-06,2026-08-07T07:00:00Z,25,4.747,4.6028,4.7086,
2026-08-07,2026-08-07T07:00:00Z,1,4.747,4.58,4.7086,
2026-08-06,2026-08-07T08:00:00Z,26,6.0756,5.9451,5.9882,
2026-08-07,2026-08-07T08:00:00Z,2,6.0756,5.9284,5.9882,
2026-08-06,2026-08-07T09:00:00Z,27,7.6667,7.5729,7.6075,
2026-08-07,2026-08-07T09:00:00Z,3,7.6667,7.572,7.6075,
2026-08-06,2026-08-07T10:00:00Z,28,8.8045,8.9868,8.9984,
2026-08-07,2026-08-07T10:00:00Z,4,8.934,8.9512,8.9984,
2026-08-06,2026-08-07T11:00:00Z,29,8.8045,9.6221,9.7104,
2026-08-07,2026-08-07T11:00:00Z,5,9.461,9.614,9.7104,
2026-08-06,2026-08-07T12:00:00Z,30,9.239,9.4626,9.6152,
2026-08-07,2026-08-07T12:00:00Z,6,9.239,9.4435,9.6152,
2026-08-06,2026-08-07T13:00:00Z,31,8.5417,8.7168,8.8626,
2026-08-07,2026-08-07T13:00:00Z,7,8.5417,8.6853,8.8626,
2026-08-06,2026-08-07T14:00:00Z,32,7.5621,7.6988,7.7415,
2026-08-07,2026-08-07T14:00:00Z,8,7.5621,7.6551,7.7415,
2026-08-06,2026-08-07T15:00:00Z,33,6.4654,6.4891,6.5162,
2026-08-07,2026-08-07T15:00:00Z,9,6.4654,6.4863,6.5162,
2026-08-06,2026-08-07T16:00:00Z,34,5.4753,5.3699,5.4048,
2026-08-07,2026-08-07T16:00:00Z,10,5.4753,5.4032,5.4048,
2026-08-06,2026-08-07T17:00:00Z,35,4.7178,4.5404,4.628,
2026-08-07,2026-08-07T17:00:00Z,11,4.7178,4.5725,4.628,
2026-08-06,2026-08-07T18:00:00Z,36,4.3765,4.1965,4.3315,
2026-08-07,2026-08-07T18:00:00Z,12,4.3765,4.2423,4.3315,
2026-08-06,2026-08-07T19:00:00Z,37,4.6616,4.4552,4.5711,
2026-08-07,2026-08-07T19:00:00Z,13,4.6616,4.4589,4.5711,
2026-08-06,2026-08-07T20:00:00Z,38,5.4904,5.3339,5.3893,
2026-08-07,2026-08-07T20:00:00Z,14,5.4904,5.2765,5.3893,
2026-08-06,2026-08-07T21:00:00Z,39,6.7283,6.6655,6.6796,
2026-08-07,2026-08-07T21:00:00Z,15,6.7283,6.5787,6.6796,
2026-08-06,2026-08-07T22:00:00Z,40,8.0097,8.0572,8.0555,
2026-08-07,2026-08-07T22:00:00Z,16,8.0097,7.9904,8.0555,
2026-08-06,2026-08-07T23:00:00Z,41,8.8469,9.0379,9.065,
2026-08-07,2026-08-07T23:00:00Z,17,8.8469,9.0114,9.065,
2026-08-06,2026-08-08T00:00:00Z,42,9.0877,9.3741,9.449,
2026-08-07,2026-08-08T00:00:00Z,18,9.0877,9.3679,9.449,
2026-08-06,2026-08-08T01:00:00Z,43,8.8135,9.0541,9.1804,
2026-08-07,2026-08-08T01:00:00Z,19,8.8135,9.0454,9.1804,
2026-08-06,2026-08-08T02:00:00Z,44,8.1399,8.321,8.4056,
2026-08-07,2026-08-08T02:00:00Z,20,8.1399,8.364,8.4056,
2026-08-06,2026-08-08T03:00:00Z,45,7.1902,7.3121,7.3397,
2026-08-07,2026-08-08T03:00:00Z,21,7.1902,7.3198,7.3397,
2026-08-06,2026-08-08T04:00:00Z,46,6.1471,6.1633,6.1968,
2026-08-07,2026-08-08T04:00:00Z,22,6.1471,6.1881,6.1968,
2026-08-06,2026-08-08T05:00:00Z,47,5.2656,5.1603,5.2168,
2026-08-07,2026-08-08T05:00:00Z,23,5.2656,5.2112,5.2168,
2026-08-06,2026-08-08T06:00:00Z,48,4.612,4.5501,4.6059,
2026-08-07,2026-08-08T06:00:00Z,24,4.612,4.5808,4.6059,
2026-08-07,2026-08-08T07:00:00Z,25,4.4633,4.3587,4.4596,
2026-08-08,2026-08-08T07:00:00Z,1,4.4633,4.4208,4.4596,
2026-08-07,2026-08-08T08:00:00Z,26,4.6482,4.7971,4.8522,
2026-08-08,2026-08-08T08:00:00Z,2,4.9484,4.8261,4.8522,
2026-08-07,2026-08-08T09:00:00Z,27,4.6482,5.8473,5.8175,
2026-08-08,2026-08-08T09:00:00Z,3,5.9342,5.8809,5.8175,
2026-08-07,2026-08-08T10:00:00Z,28,6.6094,7.2038,7.1447,
2026-08-08,2026-08-08T10:00:00Z,4,7.2433,7.21,7.1447,
2026-08-07,2026-08-08T11:00:00Z,29,6.6094,8.4541,8.413,
2026-08-08,2026-08-08T11:00:00Z,5,8.4389,8.4471,8.413,
2026-08-07,2026-08-08T12:00:00Z,30,9.0895,9.2185,9.2445,
2026-08-08,2026-08-08T12:00:00Z,6,9.0895,9.2346,9.2445,
2026-08-07,2026-08-08T13:00:00Z,31,9.137,9.3092,9.4385,
2026-08-08,2026-08-08T13:00:00Z,7,9.137,9.2818,9.4385,
2026-08-07,2026-08-08T14:00:00Z,32,8.7273,8.9055,9.0052,
2026-08-08,2026-08-08T14:00:00Z,8,8.7273,8.8644,9.0052,
2026-08-07,2026-08-08T15:00:00Z,33,8.0005,8.0724,8.1244,
2026-08-08,2026-08-08T15:00:00Z,9,8.0005,8.0497,8.1244,
2026-08-07,2026-08-08T16:00:00Z,34,7.0503,7.0199,7.0198,
2026-08-08,2026-08-08T16:00:00Z,10,7.0503,6.9668,7.0198,
2026-08-07,2026-08-08T17:00:00Z,35,6.076,5.905,5.9243,
2026-08-08,2026-08-08T17:00:00Z,11,6.076,5.8855,5.9243,
2026-08-07,2026-08-08T18:00:00Z,36,5.2034,5.0109,5.0721,
2026-08-08,2026-08-08T18:00:00Z,12,5.2034,5.006,5.0721,
2026-08-07,2026-08-08T19:00:00Z,37,4.6163,4.5299,4.5942,
2026-08-08,2026-08-08T19:00:00Z,13,4.6163,4.6038,4.5942,
2026-08-07,2026-08-08T20:00:00Z,38,4.5448,4.4518,4.5488,
2026-08-08,2026-08-08T20:00:00Z,14,4.5448,4.5024,4.5488,
2026-08-07,2026-08-08T21:00:00Z,39,5.0853,5.0136,5.0269,
2026-08-08,2026-08-08T21:00:00Z,15,5.0853,4.9167,5.0269,
2026-08-07,2026-08-08T22:00:00Z,40,6.0665,6.0272,6.0167,
2026-08-08,2026-08-08T22:00:00Z,16,6.0665,6.0627,6.0167,
2026-08-07,2026-08-08T23:00:00Z,41,7.3281,7.3449,7.2653,
2026-08-08,2026-08-08T23:00:00Z,17,7.3281,7.301,7.2653,
2026-08-07,2026-08-09T00:00:00Z,42,8.4624,8.5195,8.41,
2026-08-08,2026-08-09T00:00:00Z,18,8.4624,8.4532,8.41,
2026-08-07,2026-08-09T01:00:00Z,43,9.1114,9.1936,9.1375,
2026-08-08,2026-08-09T01:00:00Z,19,9.1114,9.1357,9.1375,
2026-08-07,2026-08-09T02:00:00Z,44,9.1935,9.2357,9.2662,
2026-08-08,2026-08-09T02:00:00Z,20,9.1935,9.1737,9.2662,
2026-08-07,2026-08-09T03:00:00Z,45,8.7727,8.8049,8.8107,
2026-08-08,2026-08-09T03:00:00Z,21,8.7727,8.7616,8.8107,
2026-08-07,2026-08-09T04:00:00Z,46,7.9302,7.9737,7.9277,
2026-08-08,2026-08-09T04:00:00Z,22,7.9302,7.942,7.9277,
2026-08-07,2026-08-09T05:00:00Z,47,6.8788,6.8639,6.8294,
2026-08-08,2026-08-09T05:00:00Z,23,6.8788,6.8823,6.8294,
2026-08-07,2026-08-09T06:00:00Z,48,5.8223,5.7691,5.769,
2026-08-08,2026-08-09T06:00:00Z,24,5.8223,5.8017,5.769,
2026-08-08,2026-08-09T07:00:00Z,25,4.9116,4.8926,4.955,
2026-08-09,2026-08-09T07:00:00Z,1,4.9116,4.9865,4.955,
2026-08-08,2026-08-09T08:00:00Z,26,4.5496,4.3484,4.502,
2026-08-09,2026-08-09T08:00:00Z,2,4.4103,4.4379,4.502,
2026-08-08,2026-08-09T09:00:00Z,27,4.5496,4.3866,4.5457,
2026-08-09,2026-08-09T09:00:00Z,3,4.4964,4.4872,4.5457,
2026-08-08,2026-08-09T10:00:00Z,28,4.8169,5.1888,5.2101,
2026-08-09,2026-08-09T10:00:00Z,4,5.271,5.2246,5.2101,
2026-08-08,2026-08-09T11:00:00Z,29,4.8169,6.4274,6.4018,
2026-08-09,2026-08-09T11:00:00Z,5,6.5022,6.434,6.4018,
2026-08-08,2026-08-09T12:00:00Z,30,7.9562,7.8648,7.7971,
2026-08-09,2026-08-09T12:00:00Z,6,7.9562,7.8467,7.7971,
2026-08-08,2026-08-09T13:00:00Z,31,9.0865,9.0688,8.9869,
2026-08-09,2026-08-09T13:00:00Z,7,9.0865,9.0214,8.9869,
2026-08-08,2026-08-09T14:00:00Z,32,9.5853,9.6435,9.6114,
2026-08-09,2026-08-09T14:00:00Z,8,9.5853,9.5429,9.6114,
2026-08-08,2026-08-09T15:00:00Z,33,9.4442,9.5207,9.523,
2026-08-09,2026-08-09T15:00:00Z,9,9.4442,9.4593,9.523,
2026-08-08,2026-08-09T16:00:00Z,34,8.7914,8.8629,8.8234,
2026-08-09,2026-08-09T16:00:00Z,10,8.7914,8.7826,8.8234,
2026-08-08,2026-08-09T17:00:00Z,35,7.765,7.7479,7.7263,
2026-08-09,2026-08-09T17:00:00Z,11,7.765,7.7209,7.7263,
2026-08-08,2026-08-09T18:00:00Z,36,6.5494,6.4812,6.4915,
2026-08-09,2026-08-09T18:00:00Z,12,6.5494,6.47,6.4915,
2026-08-08,2026-08-09T19:00:00Z,37,5.3559,5.312,5.3813,
2026-08-09,2026-08-09T19:00:00Z,13,5.3559,5.3741,5.3813,
2026-08-08,2026-08-09T20:00:00Z,38,4.3943,4.4155,4.5535,
2026-08-09,2026-08-09T20:00:00Z,14,4.3943,4.5189,4.5535,
2026-08-08,2026-08-09T21:00:00Z,39,3.9064,3.9487,4.1226,
2026-08-09,2026-08-09T21:00:00Z,15,3.9064,4.0309,4.1226,
2026-08-08,2026-08-09T22:00:00Z,40,4.1203,4.038,4.2675,
2026-08-09,2026-08-09T22:00:00Z,16,4.1203,4.1748,4.2675,
2026-08-08,2026-08-09T23:00:00Z,41,5.0926,5.0048,5.086,
2026-08-09,2026-08-09T23:00:00Z,17,5.0926,5.0353,5.086,
2026-08-08,2026-08-10T00:00:00Z,42,6.5416,6.4431,6.4313,
2026-08-09,2026-08-10T00:00:00Z,18,6.5416,6.4502,6.4313,
2026-08-08,2026-08-10T01:00:00Z,43,8.1346,8.0433,7.9443,
2026-08-09,2026-08-10T01:00:00Z,19,8.1346,8.0271,7.9443,
2026-08-08,2026-08-10T02:00:00Z,44,9.319,9.2897,9.1637,
2026-08-09,2026-08-10T02:00:00Z,20,9.319,9.3004,9.1637,
2026-08-08,2026-08-10T03:00:00Z,45,9.7939,9.7988,9.7218,
2026-08-09,2026-08-10T03:00:00Z,21,9.7939,9.7801,9.7218,
2026-08-08,2026-08-10T04:00:00Z,46,9.5428,9.5941,9.5275,
2026-08-09,2026-08-10T04:00:00Z,22,9.5428,9.5467,9.5275,
2026-08-08,2026-08-10T05:00:00Z,47,8.6949,8.7487,8.7097,
2026-08-09,2026-08-10T05:00:00Z,23,8.6949,8.7447,8.7097,
2026-08-08,2026-08-10T06:00:00Z,48,7.4427,7.4683,7.4947,
2026-08-09,2026-08-10T06:00:00Z,24,7.4427,7.4913,7.4947,
2026-08-09,2026-08-10T07:00:00Z,25,6.0706,6.1222,6.1718,
2026-08-10,2026-08-10T07:00:00Z,1,6.0706,6.0942,6.1718,
2026-08-09,2026-08-10T08:00:00Z,26,4.829,4.887,4.9976,
2026-08-10,2026-08-10T08:00:00Z,2,4.8017,4.8869,4.9976,
2026-08-09,2026-08-10T09:00:00Z,27,4.829,3.978,4.1531,
2026-08-10,2026-08-10T09:00:00Z,3,3.9156,4.0202,4.1531,
2026-08-09,2026-08-10T10:00:00Z,28,3.6334,3.6639,3.8596,
2026-08-10,2026-08-10T10:00:00Z,4,3.6622,3.7151,3.8596,
2026-08-09,2026-08-10T11:00:00Z,29,3.6334,4.1913,4.3411,
2026-08-10,2026-08-10T11:00:00Z,5,4.277,4.2934,4.3411,
2026-08-09,2026-08-10T12:00:00Z,30,5.6888,5.5637,5.6092,
2026-08-10,2026-08-10T12:00:00Z,6,5.6888,5.6079,5.6092,
2026-08-09,2026-08-10T13:00:00Z,31,7.6206,7.3858,7.367,
2026-08-10,2026-08-10T13:00:00Z,7,7.6206,7.4214,7.367,
2026-08-09,2026-08-10T14:00:00Z,32,9.2735,9.1471,9.0705,
2026-08-10,2026-08-10T14:00:00Z,8,9.2735,9.2263,9.0705,
2026-08-09,2026-08-10T15:00:00Z,33,10.2892,10.2229,10.1494,
2026-08-10,2026-08-10T15:00:00Z,9,10.2892,10.2599,10.1494,
2026-08-09,2026-08-10T16:00:00Z,34,10.3646,10.3619,10.3259,
2026-08-10,2026-08-10T16:00:00Z,10,10.3646,10.3816,10.3259,
2026-08-09,2026-08-10T17:00:00Z,35,9.6489,9.6548,9.6732,
2026-08-10,2026-08-10T17:00:00Z,11,9.6489,9.657,9.6732,
2026-08-09,2026-08-10T18:00:00Z,36,8.3846,8.3944,8.4257,
2026-08-10,2026-08-10T18:00:00Z,12,8.3846,8.4284,8.4257,
2026-08-09,2026-08-10T19:00:00Z,37,6.8127,6.8378,6.8948,
2026-08-10,2026-08-10T19:00:00Z,13,6.8127,6.8042,6.8948,
2026-08-09,2026-08-10T20:00:00Z,38,5.2753,5.3389,5.4046,
2026-08-10,2026-08-10T20:00:00Z,14,5.2753,5.3297,5.4046,
2026-08-09,2026-08-10T21:00:00Z,39,3.9474,4.0618,4.1714,
2026-08-10,2026-08-10T21:00:00Z,15,3.9474,4.1091,4.1714,
2026-08-09,2026-08-10T22:00:00Z,40,3.1061,3.2034,3.3781,
2026-08-10,2026-08-10T22:00:00Z,16,3.1061,3.2971,3.3781,
2026-08-09,2026-08-10T23:00:00Z,41,3.05,3.1028,3.2948,
2026-08-10,2026-08-10T23:00:00Z,17,3.05,3.242,3.2948,
2026-08-09,2026-08-11T00:00:00Z,42,4.0267,3.9656,4.1289,
2026-08-10,2026-08-11T00:00:00Z,18,4.0267,4.0519,4.1289,
2026-08-09,2026-08-11T01:00:00Z,43,5.9036,5.7122,5.7944,
2026-08-10,2026-08-11T01:00:00Z,19,5.9036,5.7961,5.7944,
2026-08-09,2026-08-11T02:00:00Z,44,8.0432,7.7958,7.8377,
2026-08-10,2026-08-11T02:00:00Z,20,8.0432,7.8821,7.8377,
2026-08-09,2026-08-11T03:00:00Z,45,9.783,9.5998,9.5774,
2026-08-10,2026-08-11T03:00:00Z,21,9.783,9.6763,9.5774,
2026-08-09,2026-08-11T04:00:00Z,46,10.6228,10.4472,10.4731,
2026-08-10,2026-08-11T04:00:00Z,22,10.6228,10.5037,10.4731,
2026-08-09,2026-08-11T05:00:00Z,47,10.4373,10.2946,10.383,
2026-08-10,2026-08-11T05:00:00Z,23,10.4373,10.3213,10.383,
2026-08-09,2026-08-11T06:00:00Z,48,9.4148,9.3269,9.45,
2026-08-10,2026-08-11T06:00:00Z,24,9.4148,9.3582,9.45,
2026-08-10,2026-08-11T07:00:00Z,25,7.8477,7.8109,7.9482,
2026-08-10,2026-08-11T08:00:00Z,26,6.107,6.1272,6.2463,
2026-08-10,2026-08-11T09:00:00Z,27,4.5138,4.5954,4.6773,
2026-08-10,2026-08-11T10:00:00Z,28,3.3148,3.4045,3.4856,
2026-08-10,2026-08-11T11:00:00Z,29,2.7686,2.8927,2.9677,
2026-08-10,2026-08-11T12:00:00Z,30,3.2904,3.3997,3.4504,
2026-08-10,2026-08-11T13:00:00Z,31,5.0003,4.993,5.0205,
2026-08-10,2026-08-11T14:00:00Z,32,7.4263,7.3257,7.3104,
2026-08-10,2026-08-11T15:00:00Z,33,9.6727,9.5586,9.5497,
2026-08-10,2026-08-11T16:00:00Z,34,11.1152,10.9572,10.9642,
2026-08-10,2026-08-11T17:00:00Z,35,11.2919,11.1583,11.2214,
2026-08-10,2026-08-11T18:00:00Z,36,10.4229,10.3046,10.4276,
2026-08-10,2026-08-11T19:00:00Z,37,8.8108,8.7223,8.8756,
2026-08-10,2026-08-11T20:00:00Z,38,6.8618,6.8132,6.9632,
2026-08-10,2026-08-11T21:00:00Z,39,4.9435,4.9723,5.0937,
2026-08-10,2026-08-11T22:00:00Z,40,3.3906,3.5065,3.5243,
2026-08-10,2026-08-11T23:00:00Z,41,2.3618,2.4909,2.4853,
2026-08-10,2026-08-12T00:00:00Z,42,2.2074,2.3019,2.3436,
2026-08-10,2026-08-12T01:00:00Z,43,3.3316,3.3718,3.4094,
2026-08-10,2026-08-12T02:00:00Z,44,5.5968,5.5747,5.5771,
2026-08-10,2026-08-12T03:00:00Z,45,8.253,8.1914,8.1896,
2026-08-10,2026-08-12T04:00:00Z,46,10.4252,10.3131,10.322,
2026-08-10,2026-08-12T05:00:00Z,47,11.427,11.2735,11.3355,
2026-08-10,2026-08-12T06:00:00Z,48,11.1416,11.0074,11.1208,
2026-08-12,2026-08-12T07:00:00Z,1,9.8336,9.8236,9.8871,
2026-08-12,2026-08-12T08:00:00Z,2,7.9199,7.9082,8.0017,
2026-08-12,2026-08-12T09:00:00Z,3,5.8686,5.8304,5.9332,
2026-08-12,2026-08-12T10:00:00Z,4,4.0205,3.9523,4.0642,
2026-08-12,2026-08-12T11:00:00Z,5,2.6479,2.5974,2.6623,
2026-08-12,2026-08-12T12:00:00Z,6,2.0404,2.0234,2.0977,
2026-08-12,2026-08-12T13:00:00Z,7,2.6541,2.7598,2.8025,
2026-08-12,2026-08-12T14:00:00Z,8,4.7517,4.8605,4.8668,
2026-08-12,2026-08-12T15:00:00Z,9,7.645,7.6761,7.7312,
2026-08-12,2026-08-12T16:00:00Z,10,10.3203,10.3405,10.3583,
2026-08-12,2026-08-12T17:00:00Z,11,11.9165,11.9156,11.8556,
2026-08-12,2026-08-12T18:00:00Z,12,11.9649,11.9481,11.9452,
2026-08-12,2026-08-12T19:00:00Z,13,10.8074,10.7566,10.8284,
2026-08-12,2026-08-12T20:00:00Z,14,8.8368,8.8314,8.8941,
2026-08-12,2026-08-12T21:00:00Z,15,6.595,6.556,6.6412,
2026-08-12,2026-08-12T22:00:00Z,16,4.4787,4.3972,4.5153,
2026-08-12,2026-08-12T23:00:00Z,17,2.7998,2.7854,2.7605,
2026-08-12,2026-08-13T00:00:00Z,18,1.7003,1.6377,1.6487,
2026-08-12,2026-08-13T01:00:00Z,19,1.6333,1.5993,1.6651,
2026-08-12,2026-08-13T02:00:00Z,20,3.0501,3.0852,3.1741,
2026-08-12,2026-08-13T03:00:00Z,21,5.8204,5.8553,5.9224,
2026-08-12,2026-08-13T04:00:00Z,22,8.8306,8.8434,8.97,
2026-08-12,2026-08-13T05:00:00Z,23,11.1504,11.1938,11.2126,
2026-08-12,2026-08-13T06:00:00Z,24,12.0313,12.0099,12.0443,
2026-08-12,2026-08-13T07:00:00Z,25,11.4771,11.3945,11.4782,
2026-08-13,2026-08-13T07:00:00Z,1,11.4771,11.4245,11.4782,
2026-08-12,2026-08-13T08:00:00Z,26,9.8286,9.7882,9.8379,
2026-08-13,2026-08-13T08:00:00Z,2,9.8286,9.8023,9.8379,
2026-08-12,2026-08-13T09:00:00Z,27,7.6505,7.6058,7.6034,
2026-08-13,2026-08-13T09:00:00Z,3,7.6505,7.6079,7.6034,
2026-08-12,2026-08-13T10:00:00Z,28,5.7468,5.303,5.3074,
2026-08-13,2026-08-13T10:00:00Z,4,5.374,5.2849,5.3074,
2026-08-12,2026-08-13T11:00:00Z,29,5.7468,3.3121,3.3116,
2026-08-13,2026-08-13T11:00:00Z,5,3.4576,3.3575,3.3116,
2026-08-12,2026-08-13T12:00:00Z,30,2.0811,1.8724,1.8845,
2026-08-13,2026-08-13T12:00:00Z,6,2.0811,1.9557,1.8845,
2026-08-12,2026-08-13T13:00:00Z,31,1.5796,1.3989,1.493,
2026-08-13,2026-08-13T13:00:00Z,7,1.5796,1.4919,1.493,
2026-08-12,2026-08-13T14:00:00Z,32,2.5326,2.4882,2.6394,
2026-08-13,2026-08-13T14:00:00Z,8,2.5326,2.5055,2.6394,
2026-08-12,2026-08-13T15:00:00Z,33,5.1009,5.1412,5.2879,
2026-08-13,2026-08-13T15:00:00Z,9,5.1009,5.1545,5.2879,
2026-08-12,2026-08-13T16:00:00Z,34,8.3754,8.4071,8.5887,
2026-08-13,2026-08-13T16:00:00Z,10,8.3754,8.4197,8.5887,
2026-08-12,2026-08-13T17:00:00Z,35,11.1476,11.1467,11.296,
2026-08-13,2026-08-13T17:00:00Z,11,11.1476,11.1557,11.296,
2026-08-12,2026-08-13T18:00:00Z,36,12.5255,12.4826,12.5515,
2026-08-13,2026-08-13T18:00:00Z,12,12.5255,12.514,12.5515,
2026-08-12,2026-08-13T19:00:00Z,37,12.2067,12.1631,12.2412,
2026-08-13,2026-08-13T19:00:00Z,13,12.2067,12.2019,12.2412,
2026-08-12,2026-08-13T20:00:00Z,38,10.6806,10.7242,10.7044,
2026-08-13,2026-08-13T20:00:00Z,14,10.6806,10.7165,10.7044,
2026-08-12,2026-08-13T21:00:00Z,39,8.4483,8.4594,8.4375,
2026-08-13,2026-08-13T21:00:00Z,15,8.4483,8.4252,8.4375,
2026-08-12,2026-08-13T22:00:00Z,40,6.0308,6.0772,6.0029,
2026-08-13,2026-08-13T22:00:00Z,16,6.0308,6.0074,6.0029,
2026-08-12,2026-08-13T23:00:00Z,41,3.9117,3.911,3.8083,
2026-08-13,2026-08-13T23:00:00Z,17,3.9117,3.8528,3.8083,
2026-08-12,2026-08-14T00:00:00Z,42,2.2793,2.2094,2.0509,
2026-08-13,2026-08-14T00:00:00Z,18,2.2793,2.2015,2.0509,
2026-08-12,2026-08-14T01:00:00Z,43,1.2792,1.1727,1.0801,
2026-08-13,2026-08-14T01:00:00Z,19,1.2792,1.1303,1.0801,
2026-08-12,2026-08-14T02:00:00Z,44,1.5092,1.3997,1.4925,
2026-08-13,2026-08-14T02:00:00Z,20,1.5092,1.4162,1.4925,
2026-08-12,2026-08-14T03:00:00Z,45,3.3907,3.4165,3.5832,
2026-08-13,2026-08-14T03:00:00Z,21,3.3907,3.3961,3.5832,
2026-08-12,2026-08-14T04:00:00Z,46,6.5527,6.547,6.8176,
2026-08-13,2026-08-14T04:00:00Z,22,6.5527,6.5336,6.8176,
2026-08-12,2026-08-14T05:00:00Z,47,9.6672,9.834,9.9895,
2026-08-13,2026-08-14T05:00:00Z,23,9.6672,9.7863,9.9895,
2026-08-12,2026-08-14T06:00:00Z,48,11.8401,11.8212,11.973,
2026-08-13,2026-08-14T06:00:00Z,24,11.8401,11.8776,11.973,
2026-08-13,2026-08-14T07:00:00Z,25,12.3246,12.3107,12.3413,
2026-08-14,2026-08-14T07:00:00Z,1,12.3246,12.2645,12.3413,
2026-08-13,2026-08-14T08:00:00Z,26,11.361,11.3501,11.2923,
2026-08-14,2026-08-14T08:00:00Z,2,11.361,11.267,11.2923,
2026-08-13,2026-08-14T09:00:00Z,27,9.3871,9.3528,9.2761,
2026-08-14,2026-08-14T09:00:00Z,3,9.3871,9.3323,9.2761,
2026-08-13,2026-08-14T10:00:00Z,28,7.5694,6.9357,6.8514,
2026-08-14,2026-08-14T10:00:00Z,4,7.013,6.9374,6.8514,
2026-08-13,2026-08-14T11:00:00Z,29,7.5694,4.5793,4.5305,
2026-08-14,2026-08-14T11:00:00Z,5,4.7113,4.6134,4.5305,
2026-08-13,2026-08-14T12:00:00Z,30,2.8813,2.7083,2.6008,
2026-08-14,2026-08-14T12:00:00Z,6,2.8813,2.7956,2.6008,
2026-08-13,2026-08-14T13:00:00Z,31,1.6369,1.4352,1.3578,
2026-08-14,2026-08-14T13:00:00Z,7,1.6369,1.5296,1.3578,
2026-08-13,2026-08-14T14:00:00Z,32,1.4483,1.2863,1.3734,
2026-08-14,2026-08-14T14:00:00Z,8,1.4483,1.3844,1.3734,
2026-08-13,2026-08-14T15:00:00Z,33,2.9038,2.9015,3.109,
2026-08-14,2026-08-14T15:00:00Z,9,2.9038,2.9866,3.109,
2026-08-13,2026-08-14T16:00:00Z,34,5.9363,5.9384,6.2572,
2026-08-14,2026-08-14T16:00:00Z,10,5.9363,6.06,6.2572,
2026-08-13,2026-08-14T17:00:00Z,35,9.278,9.4017,9.6766,
2026-08-14,2026-08-14T17:00:00Z,11,9.278,9.4598,9.6766,
2026-08-13,2026-08-14T18:00:00Z,36,11.8837,11.9188,12.0756,
2026-08-14,2026-08-14T18:00:00Z,12,11.8837,11.9253,12.0756,
2026-08-13,2026-08-14T19:00:00Z,37,12.7537,12.7237,12.7988,
2026-08-14,2026-08-14T19:00:00Z,13,12.7537,12.7352,12.7988,
2026-08-13,2026-08-14T20:00:00Z,38,11.9886,12.0148,11.9627,
2026-08-14,2026-08-14T20:00:00Z,14,11.9886,11.958,11.9627,
2026-08-13,2026-08-14T21:00:00Z,39,10.0945,10.1833,10.0447,
2026-08-14,2026-08-14T21:00:00Z,15,10.0945,10.0927,10.0447,
2026-08-13,2026-08-14T22:00:00Z,40,7.6979,7.7764,7.6125,
2026-08-14,2026-08-14T22:00:00Z,16,7.6979,7.7283,7.6125,
2026-08-13,2026-08-14T23:00:00Z,41,5.2937,5.3598,5.2069,
2026-08-14,2026-08-14T23:00:00Z,17,5.2937,5.2917,5.2069,
2026-08-13,2026-08-15T00:00:00Z,42,3.3215,3.2874,3.132,
2026-08-14,2026-08-15T00:00:00Z,18,3.3215,3.3425,3.132,
2026-08-13,2026-08-15T01:00:00Z,43,1.8518,1.7744,1.5669,
2026-08-14,2026-08-15T01:00:00Z,19,1.8518,1.7661,1.5669,
2026-08-13,2026-08-15T02:00:00Z,44,1.1436,1.082,0.9755,
2026-08-14,2026-08-15T02:00:00Z,20,1.1436,1.066,0.9755,
2026-08-13,2026-08-15T03:00:00Z,45,1.8909,1.8813,1.9764,
2026-08-14,2026-08-15T03:00:00Z,21,1.8909,1.9024,1.9764,
2026-08-13,2026-08-15T04:00:00Z,46,4.3446,4.3519,4.6261,
2026-08-14,2026-08-15T04:00:00Z,22,4.3446,4.4283,4.6261,
2026-08-13,2026-08-15T05:00:00Z,47,7.658,7.703,8.058,
2026-08-14,2026-08-15T05:00:00Z,23,7.658,7.7498,8.058,
2026-08-13,2026-08-15T06:00:00Z,48,10.6019,10.5983,10.9438,
2026-08-14,2026-08-15T06:00:00Z,24,10.6019,10.7234,10.9438,
2026-08-14,2026-08-15T07:00:00Z,25,12.247,12.2874,12.3343,
2026-08-15,2026-08-15T07:00:00Z,1,12.2679,12.1839,12.3343,
2026-08-14,2026-08-15T08:00:00Z,26,12.247,12.1172,12.0816,
2026-08-15,2026-08-15T08:00:00Z,2,12.1436,12.0175,12.0816,
2026-08-14,2026-08-15T09:00:00Z,27,10.8672,10.6628,10.5707,
2026-08-15,2026-08-15T09:00:00Z,3,10.7123,10.6034,10.5707,
2026-08-14,2026-08-15T10:00:00Z,28,10.8672,8.4197,8.3372,
2026-08-15,2026-08-15T10:00:00Z,4,8.4132,8.4201,8.3372,
2026-08-14,2026-08-15T11:00:00Z,29,6.0677,5.9806,5.9379,
2026-08-15,2026-08-15T11:00:00Z,5,6.0677,6.0161,5.9379,
2026-08-14,2026-08-15T12:00:00Z,30,3.931,3.9202,3.7876,
2026-08-15,2026-08-15T12:00:00Z,6,3.931,3.8952,3.7876,
2026-08-14,2026-08-15T13:00:00Z,31,2.3377,2.3451,2.1073,
2026-08-15,2026-08-15T13:00:00Z,7,2.3377,2.3187,2.1073,
2026-08-14,2026-08-15T14:00:00Z,32,1.4203,1.4565,1.2644,
2026-08-15,2026-08-15T14:00:00Z,8,1.4203,1.327,1.2644,
2026-08-14,2026-08-15T15:00:00Z,33,1.7988,1.8424,1.8714,
2026-08-15,2026-08-15T15:00:00Z,9,1.7988,1.7895,1.8714,
2026-08-14,2026-08-15T16:00:00Z,34,3.9111,3.9784,4.1846,
2026-08-15,2026-08-15T16:00:00Z,10,3.9111,3.9404,4.1846,
2026-08-14,2026-08-15T17:00:00Z,35,7.1884,7.2121,7.5535,
2026-08-15,2026-08-15T17:00:00Z,11,7.1884,7.2766,7.5535,
2026-08-14,2026-08-15T18:00:00Z,36,10.3064,10.4871,10.6764,
2026-08-15,2026-08-15T18:00:00Z,12,10.3064,10.3734,10.6764,
2026-08-14,2026-08-15T19:00:00Z,37,12.3143,12.2903,12.4272,
2026-08-15,2026-08-15T19:00:00Z,13,12.3143,12.2882,12.4272,
2026-08-14,2026-08-15T20:00:00Z,38,12.4944,12.4727,12.4668,
2026-08-15,2026-08-15T20:00:00Z,14,12.4944,12.4159,12.4668,
2026-08-14,2026-08-15T21:00:00Z,39,11.2554,11.1856,11.1372,
2026-08-15,2026-08-15T21:00:00Z,15,11.2554,11.1776,11.1372,
2026-08-14,2026-08-15T22:00:00Z,40,9.1787,9.0488,9.0019,
2026-08-15,2026-08-15T22:00:00Z,16,9.1787,9.1432,9.0019,
2026-08-14,2026-08-15T23:00:00Z,41,6.7633,6.6659,6.6208,
2026-08-15,2026-08-15T23:00:00Z,17,6.7633,6.7301,6.6208,
2026-08-14,2026-08-16T00:00:00Z,42,4.5496,4.5336,4.4327,
2026-08-15,2026-08-16T00:00:00Z,18,4.5496,4.5259,4.4327,
2026-08-14,2026-08-16T01:00:00Z,43,2.8236,2.8576,2.6403,
2026-08-15,2026-08-16T01:00:00Z,19,2.8236,2.8503,2.6403,
2026-08-14,2026-08-16T02:00:00Z,44,1.6468,1.5979,1.468,
2026-08-15,2026-08-16T02:00:00Z,20,1.6468,1.545,1.468,
2026-08-14,2026-08-16T03:00:00Z,45,1.4612,1.4516,1.4637,
2026-08-15,2026-08-16T03:00:00Z,21,1.4612,1.4414,1.4637,
2026-08-14,2026-08-16T04:00:00Z,46,2.8712,3.0023,3.1,
2026-08-15,2026-08-16T04:00:00Z,22,2.8712,2.9889,3.1,
2026-08-14,2026-08-16T05:00:00Z,47,5.706,5.7516,6.0793,
2026-08-15,2026-08-16T05:00:00Z,23,5.706,5.7821,6.0793,
2026-08-14,2026-08-16T06:00:00Z,48,8.875,8.9533,9.2978,
2026-08-15,2026-08-16T06:00:00Z,24,8.875,9.0221,9.2978,
2026-08-15,2026-08-16T07:00:00Z,25,11.2761,11.3602,11.5281,
2026-08-16,2026-08-16T07:00:00Z,1,11.2761,11.3836,11.5281,
2026-08-15,2026-08-16T08:00:00Z,26,12.128,12.1433,12.1481,
2026-08-16,2026-08-16T08:00:00Z,2,12.128,12.1086,12.1481,
2026-08-15,2026-08-16T09:00:00Z,27,11.537,11.3655,11.2974,
2026-08-16,2026-08-16T09:00:00Z,3,11.4252,11.3593,11.2974,
2026-08-15,2026-08-16T10:00:00Z,28,11.537,9.6059,9.4856,
2026-08-16,2026-08-16T10:00:00Z,4,9.6855,9.5877,9.4856,
2026-08-15,2026-08-16T11:00:00Z,29,7.4572,7.3476,7.2531,
2026-08-16,2026-08-16T11:00:00Z,5,7.4572,7.3467,7.2531,
2026-08-15,2026-08-16T12:00:00Z,30,5.2248,5.1655,5.0737,
2026-08-16,2026-08-16T12:00:00Z,6,5.2248,5.1433,5.0737,
2026-08-15,2026-08-16T13:00:00Z,31,3.4037,3.4062,3.2465,
2026-08-16,2026-08-16T13:00:00Z,7,3.4037,3.3865,3.2465,
2026-08-15,2026-08-16T14:00:00Z,32,2.1497,2.1546,1.9812,
2026-08-16,2026-08-16T14:00:00Z,8,2.1497,2.0596,1.9812,
2026-08-15,2026-08-16T15:00:00Z,33,1.758,1.7366,1.7135,
2026-08-16,2026-08-16T15:00:00Z,9,1.758,1.6367,1.7135,
2026-08-15,2026-08-16T16:00:00Z,34,2.7605,2.871,2.9563,
2026-08-16,2026-08-16T16:00:00Z,10,2.7605,2.7454,2.9563,
2026-08-15,2026-08-16T17:00:00Z,35,5.3142,5.3954,5.6334,
2026-08-16,2026-08-16T17:00:00Z,11,5.3142,5.3675,5.6334,
2026-08-15,2026-08-16T18:00:00Z,36,8.4717,8.5382,8.8213,
2026-08-16,2026-08-16T18:00:00Z,12,8.4717,8.5175,8.8213,
2026-08-15,2026-08-16T19:00:00Z,37,11.0977,11.0963,11.2786,
2026-08-16,2026-08-16T19:00:00Z,13,11.0977,11.1401,11.2786,
2026-08-15,2026-08-16T20:00:00Z,38,12.2114,12.1801,12.2107,
2026-08-16,2026-08-16T20:00:00Z,14,12.2114,12.1629,12.2107,
2026-08-15,2026-08-16T21:00:00Z,39,11.7168,11.6557,11.6061,
2026-08-16,2026-08-16T21:00:00Z,15,11.7168,11.6477,11.6061,
2026-08-15,2026-08-16T22:00:00Z,40,10.1211,10.0449,9.9564,
2026-08-16,2026-08-16T22:00:00Z,16,10.1211,10.0712,9.9564,
2026-08-15,2026-08-16T23:00:00Z,41,7.9938,7.8768,7.8237,
2026-08-16,2026-08-16T23:00:00Z,17,7.9938,7.9322,7.8237,
2026-08-15,2026-08-17T00:00:00Z,42,5.7793,5.7444,5.6812,
2026-08-16,2026-08-17T00:00:00Z,18,5.7793,5.7515,5.6812,
2026-08-15,2026-08-17T01:00:00Z,43,3.9705,3.9247,3.8438,
2026-08-16,2026-08-17T01:00:00Z,19,3.9705,3.975,3.8438,
2026-08-15,2026-08-17T02:00:00Z,44,2.6341,2.5377,2.4724,
2026-08-16,2026-08-17T02:00:00Z,20,2.6341,2.5337,2.4724,
2026-08-15,2026-08-17T03:00:00Z,45,1.9595,1.9062,1.8636,
2026-08-16,2026-08-17T03:00:00Z,21,1.9595,1.8634,1.8636,
2026-08-15,2026-08-17T04:00:00Z,46,2.442,2.4673,2.5271,
2026-08-16,2026-08-17T04:00:00Z,22,2.442,2.387,2.5271,
2026-08-15,2026-08-17T05:00:00Z,47,4.38,4.5111,4.6353,
2026-08-16,2026-08-17T05:00:00Z,23,4.38,4.4998,4.6353,
2026-08-15,2026-08-17T06:00:00Z,48,7.2182,7.36,7.5634,
2026-08-16,2026-08-17T06:00:00Z,24,7.2182,7.3284,7.5634,
2026-08-16,2026-08-17T07:00:00Z,25,9.9192,9.9654,10.1837,
2026-08-17,2026-08-17T07:00:00Z,1,9.9192,9.9661,10.1837,
2026-08-16,2026-08-17T08:00:00Z,26,11.0824,11.5018,11.5652,
2026-08-17,2026-08-17T08:00:00Z,2,11.5035,11.4628,11.5652,
2026-08-16,2026-08-17T09:00:00Z,27,11.0824,11.4618,11.4491,
2026-08-17,2026-08-17T09:00:00Z,3,11.52,11.4503,11.4491,
2026-08-16,2026-08-17T10:00:00Z,28,11.0308,10.2718,10.1821,
2026-08-17,2026-08-17T10:00:00Z,4,10.3292,10.2233,10.1821,
2026-08-16,2026-08-17T11:00:00Z,29,11.0308,8.37,8.2989,
2026-08-17,2026-08-17T11:00:00Z,5,8.4839,8.3234,8.2989,
2026-08-16,2026-08-17T12:00:00Z,30,6.3762,6.2926,6.2643,
2026-08-17,2026-08-17T12:00:00Z,6,6.3762,6.311,6.2643,
2026-08-16,2026-08-17T13:00:00Z,31,4.486,4.4697,4.4359,
2026-08-17,2026-08-17T13:00:00Z,7,4.486,4.4779,4.4359,
2026-08-16,2026-08-17T14:00:00Z,32,3.0698,3.0856,3.0385,
2026-08-17,2026-08-17T14:00:00Z,8,3.0698,3.0792,3.0385,
2026-08-16,2026-08-17T15:00:00Z,33,2.2768,2.2556,2.3106,
2026-08-17,2026-08-17T15:00:00Z,9,2.2768,2.2773,2.3106,
2026-08-16,2026-08-17T16:00:00Z,34,2.5476,2.5325,2.6747,
2026-08-17,2026-08-17T16:00:00Z,10,2.5476,2.5385,2.6747,
2026-08-16,2026-08-17T17:00:00Z,35,4.1933,4.2268,4.4001,
2026-08-17,2026-08-17T17:00:00Z,11,4.1933,4.2544,4.4001,
2026-08-16,2026-08-17T18:00:00Z,36,6.8679,6.8474,7.0784,
2026-08-17,2026-08-17T18:00:00Z,12,6.8679,6.933,7.0784,
2026-08-16,2026-08-17T19:00:00Z,37,9.5286,9.5167,9.7075,
2026-08-17,2026-08-17T19:00:00Z,13,9.5286,9.4821,9.7075,
2026-08-16,2026-08-17T20:00:00Z,38,11.2827,11.2065,11.3112,
2026-08-17,2026-08-17T20:00:00Z,14,11.2827,11.2382,11.3112,
2026-08-16,2026-08-17T21:00:00Z,39,11.5166,11.5204,11.475,
2026-08-17,2026-08-17T21:00:00Z,15,11.5166,11.5135,11.475,
2026-08-16,2026-08-17T22:00:00Z,40,10.511,10.4993,10.4279,
2026-08-17,2026-08-17T22:00:00Z,16,10.511,10.5142,10.4279,
2026-08-16,2026-08-17T23:00:00Z,41,8.8249,8.7802,8.6975,
2026-08-17,2026-08-17T23:00:00Z,17,8.8249,8.7965,8.6975,
2026-08-16,2026-08-18T00:00:00Z,42,6.8696,6.8142,6.7618,
2026-08-17,2026-08-18T00:00:00Z,18,6.8696,6.8187,6.7618,
2026-08-16,2026-08-18T01:00:00Z,43,5.0479,4.9968,4.9767,
2026-08-17,2026-08-18T01:00:00Z,19,5.0479,5.0472,4.9767,
2026-08-16,2026-08-18T02:00:00Z,44,3.6297,3.617,3.573,
2026-08-17,2026-08-18T02:00:00Z,20,3.6297,3.6447,3.573,
2026-08-16,2026-08-18T03:00:00Z,45,2.7517,2.7173,2.7238,
2026-08-17,2026-08-18T03:00:00Z,21,2.7517,2.7024,2.7238,
2026-08-16,2026-08-18T04:00:00Z,46,2.7176,2.7128,2.7426,
2026-08-17,2026-08-18T04:00:00Z,22,2.7176,2.6608,2.7426,
2026-08-16,2026-08-18T05:00:00Z,47,3.845,3.847,3.9551,
2026-08-17,2026-08-18T05:00:00Z,23,3.845,3.8552,3.9551,
2026-08-16,2026-08-18T06:00:00Z,48,6.0372,6.0912,6.1972,
2026-08-17,2026-08-18T06:00:00Z,24,6.0372,6.1135,6.1972,
2026-08-17,2026-08-18T07:00:00Z,25,8.4751,8.5923,8.6891,
2026-08-18,2026-08-18T07:00:00Z,1,8.4751,8.6024,8.6891,
2026-08-17,2026-08-18T08:00:00Z,26,9.6536,10.46,10.5006,
2026-08-18,2026-08-18T08:00:00Z,2,10.4007,10.4701,10.5006,
2026-08-17,2026-08-18T09:00:00Z,27,9.6536,11.1141,11.0739,
2026-08-18,2026-08-18T09:00:00Z,3,11.0527,11.1004,11.0739,
2026-08-17,2026-08-18T10:00:00Z,28,11.0597,10.5138,10.4343,
2026-08-18,2026-08-18T10:00:00Z,4,10.482,10.5001,10.4343,
2026-08-17,2026-08-18T11:00:00Z,29,9.1262,9.1515,9.01,
2026-08-18,2026-08-18T11:00:00Z,5,9.1262,9.0873,9.01,
2026-08-17,2026-08-18T12:00:00Z,30,7.3677,7.3455,7.2675,
2026-08-18,2026-08-18T12:00:00Z,6,7.3677,7.326,7.2675,
2026-08-17,2026-08-18T13:00:00Z,31,5.5815,5.6256,5.5572,
2026-08-18,2026-08-18T13:00:00Z,7,5.5815,5.5823,5.5572,
2026-08-17,2026-08-18T14:00:00Z,32,4.1648,4.2166,4.1447,
2026-08-18,2026-08-18T14:00:00Z,8,4.1648,4.1887,4.1447,
2026-08-17,2026-08-18T15:00:00Z,33,3.2323,3.264,3.2326,
2026-08-18,2026-08-18T15:00:00Z,9,3.2323,3.2395,3.2326,
2026-08-17,2026-08-18T16:00:00Z,34,3.0446,3.0162,3.0668,
2026-08-18,2026-08-18T16:00:00Z,10,3.0446,3.0491,3.0668,
2026-08-17,2026-08-18T17:00:00Z,35,3.9181,3.8657,3.9423,
2026-08-18,2026-08-18T17:00:00Z,11,3.9181,3.9201,3.9423,
2026-08-17,2026-08-18T18:00:00Z,36,5.8281,5.768,5.8344,
2026-08-18,2026-08-18T18:00:00Z,12,5.8281,5.8643,5.8344,
2026-08-17,2026-08-18T19:00:00Z,37,8.0922,8.0987,8.1429,
2026-08-18,2026-08-18T19:00:00Z,13,8.0922,8.1048,8.1429,
2026-08-17,2026-08-18T20:00:00Z,38,10.0123,10.0355,10.0057,
2026-08-18,2026-08-18T20:00:00Z,14,10.0123,10.021,10.0057,
2026-08-17,2026-08-18T21:00:00Z,39,10.7761,10.9187,10.8055,
2026-08-18,2026-08-18T21:00:00Z,15,10.7761,10.8976,10.8055,
2026-08-17,2026-08-18T22:00:00Z,40,10.3793,10.5249,10.4324,
2026-08-18,2026-08-18T22:00:00Z,16,10.3793,10.525,10.4324,
2026-08-17,2026-08-18T23:00:00Z,41,9.2112,9.3582,9.2184,
2026-08-18,2026-08-18T23:00:00Z,17,9.2112,9.3257,9.2184,
2026-08-17,2026-08-19T00:00:00Z,42,7.6527,7.7196,7.6246,
2026-08-18,2026-08-19T00:00:00Z,18,7.6527,7.7007,7.6246,
2026-08-17,2026-08-19T01:00:00Z,43,6.0441,6.0637,6.0083,
2026-08-18,2026-08-19T01:00:00Z,19,6.0441,6.0429,6.0083,
2026-08-17,2026-08-19T02:00:00Z,44,4.7086,4.6894,4.6328,
2026-08-18,2026-08-19T02:00:00Z,20,4.7086,4.7171,4.6328,
2026-08-17,2026-08-19T03:00:00Z,45,3.8065,3.7453,3.6981,
2026-08-18,2026-08-19T03:00:00Z,21,3.8065,3.7497,3.6981,
2026-08-17,2026-08-19T04:00:00Z,46,3.487,3.4262,3.3845,
2026-08-18,2026-08-19T04:00:00Z,22,3.487,3.4106,3.3845,
2026-08-17,2026-08-19T05:00:00Z,47,4.0109,3.8792,3.9231,
2026-08-18,2026-08-19T05:00:00Z,23,4.0109,3.9871,3.9231,
2026-08-17,2026-08-19T06:00:00Z,48,5.4614,5.4396,5.3885,
2026-08-18,2026-08-19T06:00:00Z,24,5.4614,5.4627,5.3885,
2026-08-18,2026-08-19T07:00:00Z,25,7.4081,7.4669,7.3914,
2026-08-19,2026-08-19T07:00:00Z,1,7.4081,7.5815,7.3914,
2026-08-18,2026-08-19T08:00:00Z,26,8.4542,9.3562,9.2159,
2026-08-19,2026-08-19T08:00:00Z,2,9.2589,9.4361,9.2159,
2026-08-18,2026-08-19T09:00:00Z,27,8.4542,10.3746,10.2484,
2026-08-19,2026-08-19T09:00:00Z,3,10.268,10.4692,10.2484,
2026-08-18,2026-08-19T10:00:00Z,28,10.2609,10.3182,10.2465,
2026-08-19,2026-08-19T10:00:00Z,4,10.2255,10.3409,10.2465,
2026-08-18,2026-08-19T11:00:00Z,29,9.3772,9.4279,9.3787,
2026-08-19,2026-08-19T11:00:00Z,5,9.3772,9.4485,9.3787,
2026-08-18,2026-08-19T12:00:00Z,30,8.0694,8.1633,8.039,
2026-08-19,2026-08-19T12:00:00Z,6,8.0694,8.1648,8.039,
2026-08-18,2026-08-19T13:00:00Z,31,6.583,6.681,6.5753,
2026-08-19,2026-08-19T13:00:00Z,7,6.583,6.6586,6.5753,
2026-08-18,2026-08-19T14:00:00Z,32,5.2462,5.2937,5.2368,
2026-08-19,2026-08-19T14:00:00Z,8,5.2462,5.2726,5.2368,
2026-08-18,2026-08-19T15:00:00Z,33,4.2884,4.3172,4.2447,
2026-08-19,2026-08-19T15:00:00Z,9,4.2884,4.276,4.2447,
2026-08-18,2026-08-19T16:00:00Z,34,3.8812,3.8609,3.7924,
2026-08-19,2026-08-19T16:00:00Z,10,3.8812,3.878,3.7924,
2026-08-18,2026-08-19T17:00:00Z,35,4.2149,4.1396,4.0694,
2026-08-19,2026-08-19T17:00:00Z,11,4.2149,4.2136,4.0694,
2026-08-18,2026-08-19T18:00:00Z,36,5.387,5.2663,5.1821,
2026-08-19,2026-08-19T18:00:00Z,12,5.387,5.335,5.1821,
2026-08-18,2026-08-19T19:00:00Z,37,7.0359,6.9565,6.8913,
2026-08-19,2026-08-19T19:00:00Z,13,7.0359,7.0905,6.8913,
2026-08-18,2026-08-19T20:00:00Z,38,8.7149,8.6968,8.6036,
2026-08-19,2026-08-19T20:00:00Z,14,8.7149,8.763,8.6036,
2026-08-18,2026-08-19T21:00:00Z,39,9.7533,9.8187,9.7297,
2026-08-19,2026-08-19T21:00:00Z,15,9.7533,9.8345,9.7297,
2026-08-18,2026-08-19T22:00:00Z,40,9.8394,9.9816,9.9683,
2026-08-19,2026-08-19T22:00:00Z,16,9.8394,9.9536,9.9683,
2026-08-18,2026-08-19T23:00:00Z,41,9.206,9.3229,9.3686,
2026-08-19,2026-08-19T23:00:00Z,17,9.206,9.3563,9.3686,
2026-08-18,2026-08-20T00:00:00Z,42,8.15,8.1912,8.2391,
2026-08-19,2026-08-20T00:00:00Z,18,8.15,8.2377,8.2391,
2026-08-18,2026-08-20T01:00:00Z,43,6.9013,6.8878,6.9221,
2026-08-19,2026-08-20T01:00:00Z,19,6.9013,6.9111,6.9221,
2026-08-18,2026-08-20T02:00:00Z,44,5.7048,5.6533,5.6697,
2026-08-19,2026-08-20T02:00:00Z,20,5.7048,5.6723,5.6697,
2026-08-18,2026-08-20T03:00:00Z,45,4.8063,4.7481,4.6986,
2026-08-19,2026-08-20T03:00:00Z,21,4.8063,4.7508,4.6986,
2026-08-18,2026-08-20T04:00:00Z,46,4.3445,4.2885,4.1939,
2026-08-19,2026-08-20T04:00:00Z,22,4.3445,4.3191,4.1939,
2026-08-18,2026-08-20T05:00:00Z,47,4.4706,4.4022,4.293,
2026-08-19,2026-08-20T05:00:00Z,23,4.4706,4.4794,4.293,
2026-08-18,2026-08-20T06:00:00Z,48,5.3052,5.243,5.0871,
2026-08-19,2026-08-20T06:00:00Z,24,5.3052,5.3697,5.0871,
2026-08-19,2026-08-20T07:00:00Z,25,6.5799,6.6687,6.4582,
2026-08-20,2026-08-20T07:00:00Z,1,6.5799,6.7572,6.4582,
2026-08-19,2026-08-20T08:00:00Z,26,7.4017,8.175,7.9758,
2026-08-20,2026-08-20T08:00:00Z,2,8.0617,8.2433,7.9758,
2026-08-19,2026-08-20T09:00:00Z,27,7.4017,9.3196,9.1346,
2026-08-20,2026-08-20T09:00:00Z,3,9.1472,9.2859,9.1346,
2026-08-19,2026-08-20T10:00:00Z,28,9.1472,9.629,9.6179,
2026-08-20,2026-08-20T10:00:00Z,4,9.494,9.5796,9.6179,
2026-08-19,2026-08-20T11:00:00Z,29,9.134,9.2936,9.3606,
2026-08-20,2026-08-20T11:00:00Z,5,9.134,9.2539,9.3606,
2026-08-19,2026-08-20T12:00:00Z,30,8.3615,8.4674,8.5392,
2026-08-20,2026-08-20T12:00:00Z,6,8.3615,8.4426,8.5392,
2026-08-19,2026-08-20T13:00:00Z,31,7.3478,7.4319,7.4441,
2026-08-20,2026-08-20T13:00:00Z,7,7.3478,7.3886,7.4441,
2026-08-19,2026-08-20T14:00:00Z,32,6.2908,6.3344,6.3062,
2026-08-20,2026-08-20T14:00:00Z,8,6.2908,6.2698,6.3062,
2026-08-19,2026-08-20T15:00:00Z,33,5.3893,5.397,5.316,
2026-08-20,2026-08-20T15:00:00Z,9,5.3893,5.3743,5.316,
2026-08-19,2026-08-20T16:00:00Z,34,4.831,4.775,4.6772,
2026-08-20,2026-08-20T16:00:00Z,10,4.831,4.791,4.6772,
2026-08-19,2026-08-20T17:00:00Z,35,4.7506,4.6601,4.5491,
2026-08-20,2026-08-20T17:00:00Z,11,4.7506,4.7446,4.5491,
2026-08-19,2026-08-20T18:00:00Z,36,5.2603,5.2116,5.0237,
2026-08-20,2026-08-20T18:00:00Z,12,5.2603,5.2715,5.0237,
2026-08-19,2026-08-20T19:00:00Z,37,6.2613,6.2224,6.059,
2026-08-20,2026-08-20T19:00:00Z,13,6.2613,6.2768,6.059,
2026-08-19,2026-08-20T20:00:00Z,38,7.4693,7.5169,7.3535,
2026-08-20,2026-08-20T20:00:00Z,14,7.4693,7.5248,7.3535,
2026-08-19,2026-08-20T21:00:00Z,39,8.4733,8.585,8.467,
2026-08-20,2026-08-20T21:00:00Z,15,8.4733,8.5743,8.467,
2026-08-19,2026-08-20T22:00:00Z,40,8.9451,9.1093,9.0838,
2026-08-20,2026-08-20T22:00:00Z,16,8.9451,9.0367,9.0838,
2026-08-19,2026-08-20T23:00:00Z,41,8.8004,8.9825,9.0873,
2026-08-20,2026-08-20T23:00:00Z,17,8.8004,8.9419,9.0873,
2026-08-19,2026-08-21T00:00:00Z,42,8.248,8.4159,8.5427,
2026-08-20,2026-08-21T00:00:00Z,18,8.248,8.383,8.5427,
2026-08-19,2026-08-21T01:00:00Z,43,7.4519,7.5523,7.6619,
2026-08-20,2026-08-21T01:00:00Z,19,7.4519,7.5537,7.6619,
2026-08-19,2026-08-21T02:00:00Z,44,6.5914,6.6285,6.671,
2026-08-20,2026-08-21T02:00:00Z,20,6.5914,6.6196,6.671,
2026-08-19,2026-08-21T03:00:00Z,45,5.8024,5.7772,5.7574,
2026-08-20,2026-08-21T03:00:00Z,21,5.8024,5.8513,5.7574,
2026-08-19,2026-08-21T04:00:00Z,46,5.2748,5.2104,5.1157,
2026-08-20,2026-08-21T04:00:00Z,22,5.2748,5.2685,5.1157,
2026-08-19,2026-08-21T05:00:00Z,47,5.1075,5.0687,4.8964,
2026-08-20,2026-08-21T05:00:00Z,23,5.1075,5.1599,4.8964,
2026-08-19,2026-08-21T06:00:00Z,48,5.3689,5.3603,5.1637,
2026-08-20,2026-08-21T06:00:00Z,24,5.3689,5.4257,5.1637,
2026-08-20,2026-08-21T07:00:00Z,25,6.0614,6.1037,5.904,
2026-08-20,2026-08-21T08:00:00Z,26,6.9817,7.0894,6.9399,
2026-08-20,2026-08-21T09:00:00Z,27,7.9143,8.0532,7.9428,
2026-08-20,2026-08-21T10:00:00Z,28,8.4846,8.6398,8.6398,
2026-08-20,2026-08-21T11:00:00Z,29,8.6017,8.7577,8.8968,
2026-08-20,2026-08-21T12:00:00Z,30,8.3082,8.5191,8.6808,
2026-08-20,2026-08-21T13:00:00Z,31,7.7725,7.9727,8.0881,
2026-08-20,2026-08-21T14:00:00Z,32,7.0827,7.2201,7.2912,
2026-08-20,2026-08-21T15:00:00Z,33,6.3555,6.4555,6.4406,
2026-08-20,2026-08-21T16:00:00Z,34,5.7608,5.7744,5.704,
2026-08-20,2026-08-21T17:00:00Z,35,5.3839,5.3516,5.2661,
2026-08-20,2026-08-21T18:00:00Z,36,5.3789,5.2947,5.2349,
2026-08-20,2026-08-21T19:00:00Z,37,5.7491,5.7021,5.6339,
2026-08-20,2026-08-21T20:00:00Z,38,6.3839,6.4283,6.3778,
2026-08-20,2026-08-21T21:00:00Z,39,7.1602,7.2546,7.229,
2026-08-20,2026-08-21T22:00:00Z,40,7.7853,7.8604,7.9362,
2026-08-20,2026-08-21T23:00:00Z,41,8.074,8.2103,8.362,
2026-08-20,2026-08-22T00:00:00Z,42,8.0352,8.2441,8.429,
2026-08-20,2026-08-22T01:00:00Z,43,7.739,7.9884,8.1244,
2026-08-20,2026-08-22T02:00:00Z,44,7.2573,7.4659,7.5487,
2026-08-20,2026-08-22T03:00:00Z,45,6.6996,6.8046,6.8466,
2026-08-20,2026-08-22T04:00:00Z,46,6.1775,6.2116,6.1735,
2026-08-20,2026-08-22T05:00:00Z,47,5.7772,5.7271,5.7002,
2026-08-20,2026-08-22T06:00:00Z,48,5.6183,5.5398,5.5339,
2026-08-22,2026-08-22T07:00:00Z,1,5.7316,5.6841,5.7002,
2026-08-22,2026-08-22T08:00:00Z,2,6.1377,6.1767,6.1748,
2026-08-22,2026-08-22T09:00:00Z,3,6.7117,6.7724,6.8319,
2026-08-22,2026-08-22T10:00:00Z,4,7.3629,7.3811,7.4881,
2026-08-22,2026-08-22T11:00:00Z,5,7.8431,7.896,8.0293,
2026-08-22,2026-08-22T12:00:00Z,6,8.0878,8.1303,8.3656,
2026-08-22,2026-08-22T13:00:00Z,7,8.0686,8.1372,8.3897,
2026-08-22,2026-08-22T14:00:00Z,8,7.8527,7.8508,8.0862,
2026-08-22,2026-08-22T15:00:00Z,9,7.4011,7.3927,7.5376,
2026-08-22,2026-08-22T16:00:00Z,10,6.8374,6.8002,6.8572,
2026-08-22,2026-08-22T17:00:00Z,11,6.2682,6.1863,6.2076,
2026-08-22,2026-08-22T18:00:00Z,12,5.7646,5.7314,5.7551,
2026-08-22,2026-08-22T19:00:00Z,13,5.5256,5.5015,5.5861,
2026-08-22,2026-08-22T20:00:00Z,14,5.5694,5.66,5.7313,
2026-08-22,2026-08-22T21:00:00Z,15,5.9291,6.083,6.1512,
2026-08-22,2026-08-22T22:00:00Z,16,6.4916,6.6154,6.7144,
2026-08-22,2026-08-22T23:00:00Z,17,7.1203,7.2058,7.3066,
2026-08-22,2026-08-23T00:00:00Z,18,7.6481,7.7308,7.8431,
2026-08-22,2026-08-23T01:00:00Z,19,7.9342,8.047,8.174,
2026-08-22,2026-08-23T02:00:00Z,20,7.9293,7.9775,8.172,
2026-08-22,2026-08-23T03:00:00Z,21,7.6849,7.7298,7.8529,
2026-08-22,2026-08-23T04:00:00Z,22,7.2093,7.2731,7.3193,
2026-08-22,2026-08-23T05:00:00Z,23,6.6028,6.6788,6.7109,
2026-08-22,2026-08-23T06:00:00Z,24,6.0082,6.1129,6.1821,
2026-08-22,2026-08-23T07:00:00Z,25,5.5415,5.7275,5.8347,
2026-08-22,2026-08-23T08:00:00Z,26,5.3782,5.6356,5.7291,
2026-08-22,2026-08-23T09:00:00Z,27,5.5212,5.8246,5.905,
2026-08-22,2026-08-23T10:00:00Z,28,5.5212,6.2225,6.3226,
