date,t,lead_h,obs,ia,baseline,baseline_model
2026-07-04,2026-07-04T07:00:00Z,1,5.7869,5.7469,5.8666,
2026-07-04,2026-07-04T08:00:00Z,2,5.0058,4.9785,5.1118,
2026-07-04,2026-07-04T09:00:00Z,3,4.0425,4.0345,4.1724,
2026-07-04,2026-07-04T10:00:00Z,4,3.1275,3.14,3.2821,
2026-07-04,2026-07-04T11:00:00Z,5,2.4265,2.404,2.5708,
2026-07-04,2026-07-04T12:00:00Z,6,2.0222,2.0111,2.1808,
2026-07-04,2026-07-04T13:00:00Z,7,2.1363,2.1396,2.3132,
2026-07-04,2026-07-04T14:00:00Z,8,2.8655,2.8571,3.0212,
2026-07-04,2026-07-04T15:00:00Z,9,3.9486,3.9333,4.0788,
2026-07-04,2026-07-04T16:00:00Z,10,5.0527,5.0042,5.153,
2026-07-04,2026-07-04T17:00:00Z,11,5.8823,5.8628,5.9876,
2026-07-04,2026-07-04T18:00:00Z,12,6.2711,6.2785,6.3966,
2026-07-04,2026-07-04T19:00:00Z,13,6.1479,6.1388,6.2516,
2026-07-04,2026-07-04T20:00:00Z,14,5.4726,5.4526,5.5776,
2026-07-04,2026-07-04T21:00:00Z,15,4.4683,4.4543,4.596,
2026-07-04,2026-07-04T22:00:00Z,16,3.4533,3.432,3.5884,
2026-07-04,2026-07-04T23:00:00Z,17,2.6089,2.5693,2.7351,
2026-07-04,2026-07-05T00:00:00Z,18,1.9909,1.9665,2.1644,
2026-07-04,2026-07-05T01:00:00Z,19,1.8629,1.8658,2.0705,
2026-07-04,2026-07-05T02:00:00Z,20,2.3967,2.3751,2.58,
2026-07-04,2026-07-05T03:00:00Z,21,3.3538,3.3626,3.5395,
2026-07-04,2026-07-05T04:00:00Z,22,4.4494,4.4364,4.6048,
2026-07-04,2026-07-05T05:00:00Z,23,5.3858,5.3338,5.4863,
2026-07-04,2026-07-05T06:00:00Z,24,5.917,5.8635,6.0031,
2026-07-04,2026-07-05T07:00:00Z,25,5.9406,5.8982,6.0286,
2026-07-05,2026-07-05T07:00:00Z,1,5.9406,5.9546,6.0286,
2026-07-04,2026-07-05T08:00:00Z,26,5.4405,5.4012,5.545,
2026-07-05,2026-07-05T08:00:00Z,2,5.4405,5.4534,5.545,
2026-07-04,2026-07-05T09:00:00Z,27,4.6143,4.5768,4.7197,
2026-07-05,2026-07-05T09:00:00Z,3,4.6143,4.6149,4.7197,
2026-07-04,2026-07-05T10:00:00Z,28,3.7011,3.6797,3.8232,
2026-07-05,2026-07-05T10:00:00Z,4,3.7011,3.7226,3.8232,
2026-07-04,2026-07-05T11:00:00Z,29,2.9007,2.895,3.0451,
2026-07-05,2026-07-05T11:00:00Z,5,2.9007,2.9278,3.0451,
2026-07-04,2026-07-05T12:00:00Z,30,2.3135,2.3207,2.4731,
2026-07-05,2026-07-05T12:00:00Z,6,2.3135,2.3308,2.4731,
2026-07-04,2026-07-05T13:00:00Z,31,2.0899,2.0875,2.2523,
2026-07-05,2026-07-05T13:00:00Z,7,2.0899,2.1092,2.2523,
2026-07-04,2026-07-05T14:00:00Z,32,2.4523,2.413,2.5718,
2026-07-05,2026-07-05T14:00:00Z,8,2.4523,2.429,2.5718,
2026-07-04,2026-07-05T15:00:00Z,33,3.3022,3.2669,3.4089,
2026-07-05,2026-07-05T15:00:00Z,9,3.3022,3.2817,3.4089,
2026-07-04,2026-07-05T16:00:00Z,34,4.351,4.3144,4.4667,
2026-07-05,2026-07-05T16:00:00Z,10,4.351,4.3428,4.4667,
2026-07-04,2026-07-05T17:00:00Z,35,5.3319,5.2808,5.4213,
2026-07-05,2026-07-05T17:00:00Z,11,5.3319,5.3107,5.4213,
2026-07-04,2026-07-05T18:00:00Z,36,5.9986,5.946,6.0748,
2026-07-05,2026-07-05T18:00:00Z,12,5.9986,5.9742,6.0748,
2026-07-04,2026-07-05T19:00:00Z,37,6.2101,6.1622,6.2878,
2026-07-05,2026-07-05T19:00:00Z,13,6.2101,6.2113,6.2878,
2026-07-04,2026-07-05T20:00:00Z,38,5.9184,5.8499,5.9692,
2026-07-05,2026-07-05T20:00:00Z,14,5.9184,5.8983,5.9692,
2026-07-04,2026-07-05T21:00:00Z,39,5.1683,5.057,5.1948,
2026-07-05,2026-07-05T21:00:00Z,15,5.1683,5.1034,5.1948,
2026-07-04,2026-07-05T22:00:00Z,40,4.1948,4.0645,4.2216,
2026-07-05,2026-07-05T22:00:00Z,16,4.1948,4.1299,4.2216,
2026-07-04,2026-07-05T23:00:00Z,41,3.2339,3.1649,3.3095,
2026-07-05,2026-07-05T23:00:00Z,17,3.2339,3.2339,3.3095,
2026-07-04,2026-07-06T00:00:00Z,42,2.4773,2.4651,2.5903,
2026-07-05,2026-07-06T00:00:00Z,18,2.4773,2.478,2.5903,
2026-07-04,2026-07-06T01:00:00Z,43,2.0659,2.0503,2.1789,
2026-07-05,2026-07-06T01:00:00Z,19,2.0659,2.0428,2.1789,
2026-07-04,2026-07-06T02:00:00Z,44,2.18,2.1302,2.2668,
2026-07-05,2026-07-06T02:00:00Z,20,2.18,2.1503,2.2668,
2026-07-04,2026-07-06T03:00:00Z,45,2.8377,2.7858,2.9234,
2026-07-05,2026-07-06T03:00:00Z,21,2.8377,2.8285,2.9234,
2026-07-04,2026-07-06T04:00:00Z,46,3.8189,3.7995,3.9172,
2026-07-05,2026-07-06T04:00:00Z,22,3.8189,3.847,3.9172,
2026-07-04,2026-07-06T05:00:00Z,47,4.8438,4.7705,4.8923,
2026-07-05,2026-07-06T05:00:00Z,23,4.8438,4.8235,4.8923,
2026-07-04,2026-07-06T06:00:00Z,48,5.5897,5.5031,5.6132,
2026-07-05,2026-07-06T06:00:00Z,24,5.5897,5.559,5.6132,
2026-07-05,2026-07-06T07:00:00Z,25,5.9068,5.9052,5.9528,
2026-07-06,2026-07-06T07:00:00Z,1,5.9068,5.9334,5.9528,
2026-07-05,2026-07-06T08:00:00Z,26,5.7794,5.7712,5.8201,
2026-07-06,2026-07-06T08:00:00Z,2,5.7794,5.7913,5.8201,
2026-07-05,2026-07-06T09:00:00Z,27,5.2096,5.1737,5.2379,
2026-07-06,2026-07-06T09:00:00Z,3,5.2096,5.1788,5.2379,
2026-07-05,2026-07-06T10:00:00Z,28,4.4089,4.3451,4.4095,
2026-07-06,2026-07-06T10:00:00Z,4,4.4089,4.353,4.4095,
2026-07-05,2026-07-06T11:00:00Z,29,3.5911,3.5271,3.5937,
2026-07-06,2026-07-06T11:00:00Z,5,3.5911,3.537,3.5937,
2026-07-05,2026-07-06T12:00:00Z,30,2.916,2.856,2.9284,
2026-07-06,2026-07-06T12:00:00Z,6,2.916,2.8616,2.9284,
2026-07-05,2026-07-06T13:00:00Z,31,2.4267,2.3996,2.4763,
2026-07-06,2026-07-06T13:00:00Z,7,2.4267,2.4033,2.4763,
2026-07-05,2026-07-06T14:00:00Z,32,2.3309,2.3157,2.3953,
2026-07-06,2026-07-06T14:00:00Z,8,2.3309,2.3254,2.3953,
2026-07-05,2026-07-06T15:00:00Z,33,2.8442,2.7951,2.85,
2026-07-06,2026-07-06T15:00:00Z,9,2.8442,2.7964,2.85,
2026-07-05,2026-07-06T16:00:00Z,34,3.7275,3.6905,3.7413,
2026-07-06,2026-07-06T16:00:00Z,10,3.7275,3.6983,3.7413,
2026-07-05,2026-07-06T17:00:00Z,35,4.6966,4.6871,4.7348,
2026-07-06,2026-07-06T17:00:00Z,11,4.6966,4.6978,4.7348,
2026-07-05,2026-07-06T18:00:00Z,36,5.5448,5.495,5.5499,
2026-07-06,2026-07-06T18:00:00Z,12,5.5448,5.5191,5.5499,
2026-07-05,2026-07-06T19:00:00Z,37,6.0703,6.0043,6.0475,
2026-07-06,2026-07-06T19:00:00Z,13,6.0703,6.0206,6.0475,
2026-07-05,2026-07-06T20:00:00Z,38,6.1484,6.0883,6.1161,
2026-07-06,2026-07-06T20:00:00Z,14,6.1484,6.0856,6.1161,
2026-07-05,2026-07-06T21:00:00Z,39,5.714,5.6619,5.689,
2026-07-06,2026-07-06T21:00:00Z,15,5.714,5.6577,5.689,
2026-07-05,2026-07-06T22:00:00Z,40,4.9163,4.8441,4.8812,
2026-07-06,2026-07-06T22:00:00Z,16,4.9163,4.8302,4.8812,
2026-07-05,2026-07-06T23:00:00Z,41,4.0283,3.928,3.964,
2026-07-06,2026-07-06T23:00:00Z,17,4.0283,3.9141,3.964,
2026-07-05,2026-07-07T00:00:00Z,42,3.2159,3.0947,3.1595,
2026-07-06,2026-07-07T00:00:00Z,18,3.2159,3.1112,3.1595,
2026-07-05,2026-07-07T01:00:00Z,43,2.5722,2.4857,2.5579,
2026-07-06,2026-07-07T01:00:00Z,19,2.5722,2.5145,2.5579,
2026-07-05,2026-07-07T02:00:00Z,44,2.2538,2.2244,2.2735,
2026-07-06,2026-07-07T02:00:00Z,20,2.2538,2.2416,2.2735,
2026-07-05,2026-07-07T03:00:00Z,45,2.4988,2.4516,2.4911,
2026-07-06,2026-07-07T03:00:00Z,21,2.4988,2.4659,2.4911,
2026-07-05,2026-07-07T04:00:00Z,46,3.2517,3.1791,3.2213,
2026-07-06,2026-07-07T04:00:00Z,22,3.2517,3.2037,3.2213,
2026-07-05,2026-07-07T05:00:00Z,47,4.1977,4.1307,4.1828,
2026-07-06,2026-07-07T05:00:00Z,23,4.1977,4.1619,4.1828,
2026-07-05,2026-07-07T06:00:00Z,48,5.0707,4.9797,5.0443,
2026-07-06,2026-07-07T06:00:00Z,24,5.0707,5.0103,5.0443,
2026-07-06,2026-07-07T07:00:00Z,25,5.6599,5.6238,5.6304,
2026-07-07,2026-07-07T07:00:00Z,1,5.6599,5.6381,5.6304,
2026-07-06,2026-07-07T08:00:00Z,26,5.8631,5.8395,5.8489,
2026-07-07,2026-07-07T08:00:00Z,2,5.8631,5.8527,5.8489,
2026-07-06,2026-07-07T09:00:00Z,27,5.636,5.6061,5.6273,
2026-07-07,2026-07-07T09:00:00Z,3,5.636,5.6346,5.6273,
2026-07-06,2026-07-07T10:00:00Z,28,5.0263,4.9807,5.0152,
2026-07-07,2026-07-07T10:00:00Z,4,5.0263,5.01,5.0152,
2026-07-06,2026-07-07T11:00:00Z,29,4.2724,4.1905,4.229,
2026-07-07,2026-07-07T11:00:00Z,5,4.2724,4.2326,4.229,
2026-07-06,2026-07-07T12:00:00Z,30,3.5655,3.4595,3.4974,
2026-07-07,2026-07-07T12:00:00Z,6,3.5655,3.5037,3.4974,
2026-07-06,2026-07-07T13:00:00Z,31,2.9712,2.8678,2.9151,
2026-07-07,2026-07-07T13:00:00Z,7,2.9712,2.9115,2.9151,
2026-07-06,2026-07-07T14:00:00Z,32,2.5558,2.4943,2.5432,
2026-07-07,2026-07-07T14:00:00Z,8,2.5558,2.5368,2.5432,
2026-07-06,2026-07-07T15:00:00Z,33,2.5608,2.5172,2.5546,
2026-07-07,2026-07-07T15:00:00Z,9,2.5608,2.5573,2.5546,
2026-07-06,2026-07-07T16:00:00Z,34,3.1005,3.0309,3.0773,
2026-07-07,2026-07-07T16:00:00Z,10,3.1005,3.0766,3.0773,
2026-07-06,2026-07-07T17:00:00Z,35,3.9293,3.9079,3.9531,
2026-07-07,2026-07-07T17:00:00Z,11,3.9293,3.9584,3.9531,
2026-07-06,2026-07-07T18:00:00Z,36,4.8088,4.81,4.8519,
2026-07-07,2026-07-07T18:00:00Z,12,4.8088,4.8435,4.8519,
2026-07-06,2026-07-07T19:00:00Z,37,5.5631,5.5205,5.5523,
2026-07-07,2026-07-07T19:00:00Z,13,5.5631,5.5704,5.5523,
2026-07-06,2026-07-07T20:00:00Z,38,5.9874,5.9302,5.9521,
2026-07-07,2026-07-07T20:00:00Z,14,5.9874,5.98,5.9521,
2026-07-06,2026-07-07T21:00:00Z,39,5.955,5.918,5.9436,
2026-07-07,2026-07-07T21:00:00Z,15,5.955,5.9741,5.9436,
2026-07-06,2026-07-07T22:00:00Z,40,5.4732,5.4367,5.476,
2026-07-07,2026-07-07T22:00:00Z,16,5.4732,5.4922,5.476,
2026-07-06,2026-07-07T23:00:00Z,41,4.716,4.6377,4.6907,
2026-07-07,2026-07-07T23:00:00Z,17,4.716,4.6843,4.6907,
2026-07-06,2026-07-08T00:00:00Z,42,3.8962,3.7926,3.8506,
2026-07-07,2026-07-08T00:00:00Z,18,3.8962,3.8615,3.8506,
2026-07-06,2026-07-08T01:00:00Z,43,3.1738,3.0721,3.1333,
2026-07-07,2026-07-08T01:00:00Z,19,3.1738,3.1359,3.1333,
2026-07-06,2026-07-08T02:00:00Z,44,2.6425,2.5441,2.6059,
2026-07-07,2026-07-08T02:00:00Z,20,2.6425,2.608,2.6059,
2026-07-06,2026-07-08T03:00:00Z,45,2.4345,2.3483,2.3956,
2026-07-07,2026-07-08T03:00:00Z,21,2.4345,2.4032,2.3956,
2026-07-06,2026-07-08T04:00:00Z,46,2.7324,2.6344,2.6762,
2026-07-07,2026-07-08T04:00:00Z,22,2.7324,2.6904,2.6762,
2026-07-06,2026-07-08T05:00:00Z,47,3.4622,3.3652,3.4104,
2026-07-07,2026-07-08T05:00:00Z,23,3.4622,3.4213,3.4104,
2026-07-06,2026-07-08T06:00:00Z,48,4.3459,4.2598,4.3033,
2026-07-07,2026-07-08T06:00:00Z,24,4.3459,4.3111,4.3033,
2026-07-07,2026-07-08T07:00:00Z,25,5.0957,5.0494,5.0711,
2026-07-08,2026-07-08T07:00:00Z,1,5.0957,5.0975,5.0711,
2026-07-07,2026-07-08T08:00:00Z,26,5.5796,5.5556,5.5829,
2026-07-08,2026-07-08T08:00:00Z,2,5.5796,5.6014,5.5829,
2026-07-07,2026-07-08T09:00:00Z,27,5.7744,5.7254,5.7543,
2026-07-08,2026-07-08T09:00:00Z,3,5.7744,5.7602,5.7543,
2026-07-07,2026-07-08T10:00:00Z,28,5.5354,5.4854,5.5153,
2026-07-08,2026-07-08T10:00:00Z,4,5.5354,5.5267,5.5153,
2026-07-07,2026-07-08T11:00:00Z,29,4.9371,4.8986,4.9267,
2026-07-08,2026-07-08T11:00:00Z,5,4.9371,4.9353,4.9267,
2026-07-07,2026-07-08T12:00:00Z,30,4.2601,4.166,4.1973,
2026-07-08,2026-07-08T12:00:00Z,6,4.2601,4.2099,4.1973,
2026-07-07,2026-07-08T13:00:00Z,31,3.6237,3.4929,3.5211,
2026-07-08,2026-07-08T13:00:00Z,7,3.6237,3.5406,3.5211,
2026-07-07,2026-07-08T14:00:00Z,32,3.043,2.942,2.9717,
2026-07-08,2026-07-08T14:00:00Z,8,3.043,2.9703,2.9717,
2026-07-07,2026-07-08T15:00:00Z,33,2.6578,2.6065,2.6266,
2026-07-08,2026-07-08T15:00:00Z,9,2.6578,2.6371,2.6266,
2026-07-07,2026-07-08T16:00:00Z,34,2.7309,2.6427,2.6677,
2026-07-08,2026-07-08T16:00:00Z,10,2.7309,2.6681,2.6677,
2026-07-07,2026-07-08T17:00:00Z,35,3.2601,3.157,3.1874,
2026-07-08,2026-07-08T17:00:00Z,11,3.2601,3.1882,3.1874,
2026-07-07,2026-07-08T18:00:00Z,36,4.0101,3.967,4.0026,
2026-07-08,2026-07-08T18:00:00Z,12,4.0101,3.9904,4.0026,
2026-07-07,2026-07-08T19:00:00Z,37,4.8104,4.7917,4.8201,
2026-07-08,2026-07-08T19:00:00Z,13,4.8104,4.8264,4.8201,
2026-07-07,2026-07-08T20:00:00Z,38,5.4991,5.4429,5.4661,
2026-07-08,2026-07-08T20:00:00Z,14,5.4991,5.4839,5.4661,
2026-07-07,2026-07-08T21:00:00Z,39,5.8972,5.833,5.8416,
2026-07-08,2026-07-08T21:00:00Z,15,5.8972,5.8759,5.8416,
2026-07-07,2026-07-08T22:00:00Z,40,5.8732,5.8176,5.8272,
2026-07-08,2026-07-08T22:00:00Z,16,5.8732,5.86,5.8272,
2026-07-07,2026-07-08T23:00:00Z,41,5.4082,5.3762,5.3822,
2026-07-08,2026-07-08T23:00:00Z,17,5.4082,5.4019,5.3822,
2026-07-07,2026-07-09T00:00:00Z,42,4.7023,4.6444,4.6546,
2026-07-08,2026-07-09T00:00:00Z,18,4.7023,4.6544,4.6546,
2026-07-07,2026-07-09T01:00:00Z,43,3.9687,3.8657,3.8801,
2026-07-08,2026-07-09T01:00:00Z,19,3.9687,3.8774,3.8801,
2026-07-07,2026-07-09T02:00:00Z,44,3.2968,3.1844,3.2019,
2026-07-08,2026-07-09T02:00:00Z,20,3.2968,3.1967,3.2019,
2026-07-07,2026-07-09T03:00:00Z,45,2.7682,2.678,2.6892,
2026-07-08,2026-07-09T03:00:00Z,21,2.7682,2.6941,2.6892,
2026-07-07,2026-07-09T04:00:00Z,46,2.5822,2.4809,2.489,
2026-07-08,2026-07-09T04:00:00Z,22,2.5822,2.4961,2.489,
2026-07-07,2026-07-09T05:00:00Z,47,2.9077,2.7502,2.7638,
2026-07-08,2026-07-09T05:00:00Z,23,2.9077,2.7793,2.7638,
2026-07-07,2026-07-09T06:00:00Z,48,3.5696,3.441,3.4523,
2026-07-08,2026-07-09T06:00:00Z,24,3.5696,3.452,3.4523,
2026-07-08,2026-07-09T07:00:00Z,25,4.3463,4.2713,4.2803,
2026-07-09,2026-07-09T07:00:00Z,1,4.3463,4.3826,4.2803,
2026-07-08,2026-07-09T08:00:00Z,26,5.0576,5.0029,5.011,
2026-07-09,2026-07-09T08:00:00Z,2,5.0576,5.1005,5.011,
2026-07-08,2026-07-09T09:00:00Z,27,5.5512,5.538,5.5265,
2026-07-09,2026-07-09T09:00:00Z,3,5.5512,5.6132,5.5265,
2026-07-08,2026-07-09T10:00:00Z,28,5.7491,5.746,5.7256,
2026-07-09,2026-07-09T10:00:00Z,4,5.7491,5.8195,5.7256,
2026-07-08,2026-07-09T11:00:00Z,29,5.5629,5.5451,5.5292,
2026-07-09,2026-07-09T11:00:00Z,5,5.5629,5.6327,5.5292,
2026-07-08,2026-07-09T12:00:00Z,30,5.0442,5.0009,4.9928,
2026-07-09,2026-07-09T12:00:00Z,6,5.0442,5.0943,4.9928,
2026-07-08,2026-07-09T13:00:00Z,31,4.41,4.3142,4.3037,
2026-07-09,2026-07-09T13:00:00Z,7,4.41,4.4138,4.3037,
2026-07-08,2026-07-09T14:00:00Z,32,3.7751,3.6518,3.6319,
2026-07-09,2026-07-09T14:00:00Z,8,3.7751,3.7475,3.6319,
2026-07-08,2026-07-09T15:00:00Z,33,3.1753,3.0865,3.0548,
2026-07-09,2026-07-09T15:00:00Z,9,3.1753,3.1587,3.0548,
2026-07-08,2026-07-09T16:00:00Z,34,2.7604,2.7125,2.6743,
2026-07-09,2026-07-09T16:00:00Z,10,2.7604,2.7769,2.6743,
2026-07-08,2026-07-09T17:00:00Z,35,2.7912,2.7275,2.6764,
2026-07-09,2026-07-09T17:00:00Z,11,2.7912,2.7814,2.6764,
2026-07-08,2026-07-09T18:00:00Z,36,3.2734,3.1513,3.1368,
2026-07-09,2026-07-09T18:00:00Z,12,3.2734,3.2365,3.1368,
2026-07-08,2026-07-09T19:00:00Z,37,3.9607,3.9144,3.885,
2026-07-09,2026-07-09T19:00:00Z,13,3.9607,3.9514,3.885,
2026-07-08,2026-07-09T20:00:00Z,38,4.7169,4.7061,4.672,
2026-07-09,2026-07-09T20:00:00Z,14,4.7169,4.7473,4.672,
2026-07-08,2026-07-09T21:00:00Z,39,5.3971,5.359,5.3395,
2026-07-09,2026-07-09T21:00:00Z,15,5.3971,5.4131,5.3395,
2026-07-08,2026-07-09T22:00:00Z,40,5.8371,5.7973,5.7648,
2026-07-09,2026-07-09T22:00:00Z,16,5.8371,5.8409,5.7648,
2026-07-08,2026-07-09T23:00:00Z,41,5.8654,5.8559,5.8113,
2026-07-09,2026-07-09T23:00:00Z,17,5.8654,5.8941,5.8113,
2026-07-08,2026-07-10T00:00:00Z,42,5.4619,5.4779,5.4366,
2026-07-09,2026-07-10T00:00:00Z,18,5.4619,5.5213,5.4366,
2026-07-08,2026-07-10T01:00:00Z,43,4.835,4.8007,4.7712,
2026-07-09,2026-07-10T01:00:00Z,19,4.835,4.8472,4.7712,
2026-07-08,2026-07-10T02:00:00Z,44,4.1452,4.0551,4.0206,
2026-07-09,2026-07-10T02:00:00Z,20,4.1452,4.1012,4.0206,
2026-07-08,2026-07-10T03:00:00Z,45,3.4497,3.3611,3.3192,
2026-07-09,2026-07-10T03:00:00Z,21,3.4497,3.4043,3.3192,
2026-07-08,2026-07-10T04:00:00Z,46,2.8682,2.8116,2.7583,
2026-07-09,2026-07-10T04:00:00Z,22,2.8682,2.8471,2.7583,
2026-07-08,2026-07-10T05:00:00Z,47,2.6395,2.5614,2.5043,
2026-07-09,2026-07-10T05:00:00Z,23,2.6395,2.5965,2.5043,
2026-07-08,2026-07-10T06:00:00Z,48,2.9078,2.7577,2.7173,
2026-07-09,2026-07-10T06:00:00Z,24,2.9078,2.8002,2.7173,
2026-07-09,2026-07-10T07:00:00Z,25,3.5288,3.4007,3.3447,
2026-07-10,2026-07-10T07:00:00Z,1,3.5288,3.4626,3.3447,
2026-07-09,2026-07-10T08:00:00Z,26,4.2799,4.2181,4.1502,
2026-07-10,2026-07-10T08:00:00Z,2,4.2799,4.274,4.1502,
2026-07-09,2026-07-10T09:00:00Z,27,4.9921,4.9789,4.9194,
2026-07-10,2026-07-10T09:00:00Z,3,4.9921,5.0364,4.9194,
2026-07-09,2026-07-10T10:00:00Z,28,5.5653,5.577,5.5138,
2026-07-10,2026-07-10T10:00:00Z,4,5.5653,5.63,5.5138,
2026-07-09,2026-07-10T11:00:00Z,29,5.8703,5.8633,5.802,
2026-07-10,2026-07-10T11:00:00Z,5,5.8703,5.9272,5.802,
2026-07-09,2026-07-10T12:00:00Z,30,5.7567,5.7438,5.6865,
2026-07-10,2026-07-10T12:00:00Z,6,5.7567,5.8241,5.6865,
2026-07-09,2026-07-10T13:00:00Z,31,5.2801,5.2639,5.2012,
2026-07-10,2026-07-10T13:00:00Z,7,5.2801,5.3247,5.2012,
2026-07-09,2026-07-10T14:00:00Z,32,4.6411,4.576,4.5105,
2026-07-10,2026-07-10T14:00:00Z,8,4.6411,4.6297,4.5105,
2026-07-09,2026-07-10T15:00:00Z,33,3.9432,3.862,3.7827,
2026-07-10,2026-07-10T15:00:00Z,9,3.9432,3.9158,3.7827,
2026-07-09,2026-07-10T16:00:00Z,34,3.2348,3.1937,3.1168,
2026-07-10,2026-07-10T16:00:00Z,10,3.2348,3.2434,3.1168,
2026-07-09,2026-07-10T17:00:00Z,35,2.7005,2.7221,2.6385,
2026-07-10,2026-07-10T17:00:00Z,11,2.7005,2.7673,2.6385,
2026-07-09,2026-07-10T18:00:00Z,36,2.6315,2.6192,2.5435,
2026-07-10,2026-07-10T18:00:00Z,12,2.6315,2.6637,2.5435,
2026-07-09,2026-07-10T19:00:00Z,37,3.0477,2.9918,2.9211,
2026-07-10,2026-07-10T19:00:00Z,13,3.0477,3.0364,2.9211,
2026-07-09,2026-07-10T20:00:00Z,38,3.7419,3.685,3.635,
2026-07-10,2026-07-10T20:00:00Z,14,3.7419,3.7679,3.635,
2026-07-09,2026-07-10T21:00:00Z,39,4.5608,4.5041,4.4609,
2026-07-10,2026-07-10T21:00:00Z,15,4.5608,4.5886,4.4609,
2026-07-09,2026-07-10T22:00:00Z,40,5.3125,5.2661,5.2227,
2026-07-10,2026-07-10T22:00:00Z,16,5.3125,5.3298,5.2227,
2026-07-09,2026-07-10T23:00:00Z,41,5.836,5.8175,5.762,
2026-07-10,2026-07-10T23:00:00Z,17,5.836,5.8855,5.762,
2026-07-09,2026-07-11T00:00:00Z,42,5.9846,5.9826,5.9206,
2026-07-10,2026-07-11T00:00:00Z,18,5.9846,6.0463,5.9206,
2026-07-09,2026-07-11T01:00:00Z,43,5.6779,5.692,5.6332,
2026-07-10,2026-07-11T01:00:00Z,19,5.6779,5.7597,5.6332,
2026-07-09,2026-07-11T02:00:00Z,44,5.0563,5.0417,5.0001,
2026-07-10,2026-07-11T02:00:00Z,20,5.0563,5.1005,5.0001,
2026-07-09,2026-07-11T03:00:00Z,45,4.3037,4.2707,4.2152,
2026-07-10,2026-07-11T03:00:00Z,21,4.3037,4.3344,4.2152,
2026-07-09,2026-07-11T04:00:00Z,46,3.5419,3.4785,3.4317,
2026-07-10,2026-07-11T04:00:00Z,22,3.5419,3.5546,3.4317,
2026-07-09,2026-07-11T05:00:00Z,47,2.8905,2.8144,2.7677,
2026-07-10,2026-07-11T05:00:00Z,23,2.8905,2.8852,2.7677,
2026-07-09,2026-07-11T06:00:00Z,48,2.5329,2.4536,2.4085,
2026-07-10,2026-07-11T06:00:00Z,24,2.5329,2.528,2.4085,
2026-07-10,2026-07-11T07:00:00Z,25,2.6935,2.6183,2.5337,
2026-07-11,2026-07-11T07:00:00Z,1,2.6935,2.6373,2.5337,
2026-07-10,2026-07-11T08:00:00Z,26,3.3063,3.1968,3.1255,
2026-07-11,2026-07-11T08:00:00Z,2,3.3063,3.2308,3.1255,
2026-07-10,2026-07-11T09:00:00Z,27,4.1215,4.0471,3.9748,
2026-07-11,2026-07-11T09:00:00Z,3,4.1215,4.0835,3.9748,
2026-07-10,2026-07-11T10:00:00Z,28,4.9655,4.9132,4.8538,
2026-07-11,2026-07-11T10:00:00Z,4,4.9655,4.9499,4.8538,
2026-07-10,2026-07-11T11:00:00Z,29,5.6748,5.6451,5.5833,
2026-07-11,2026-07-11T11:00:00Z,5,5.6748,5.6872,5.5833,
2026-07-10,2026-07-11T12:00:00Z,30,6.0891,6.0392,5.9986,
2026-07-11,2026-07-11T12:00:00Z,6,6.0891,6.0965,5.9986,
2026-07-10,2026-07-11T13:00:00Z,31,6.081,6.0178,5.9725,
2026-07-11,2026-07-11T13:00:00Z,7,6.081,6.0671,5.9725,
2026-07-10,2026-07-11T14:00:00Z,32,5.6137,5.5526,5.5073,
2026-07-11,2026-07-11T14:00:00Z,8,5.6137,5.5994,5.5073,
2026-07-10,2026-07-11T15:00:00Z,33,4.865,4.802,4.7593,
2026-07-11,2026-07-11T15:00:00Z,9,4.865,4.8485,4.7593,
2026-07-10,2026-07-11T16:00:00Z,34,4.0387,3.9806,3.919,
2026-07-11,2026-07-11T16:00:00Z,10,4.0387,4.0186,3.919,
2026-07-10,2026-07-11T17:00:00Z,35,3.2219,3.175,3.113,
2026-07-11,2026-07-11T17:00:00Z,11,3.2219,3.1981,3.113,
2026-07-10,2026-07-11T18:00:00Z,36,2.5509,2.567,2.4886,
2026-07-11,2026-07-11T18:00:00Z,12,2.5509,2.5713,2.4886,
2026-07-10,2026-07-11T19:00:00Z,37,2.342,2.344,2.2687,
2026-07-11,2026-07-11T19:00:00Z,13,2.342,2.3251,2.2687,
2026-07-10,2026-07-11T20:00:00Z,38,2.729,2.6571,2.5807,
2026-07-11,2026-07-11T20:00:00Z,14,2.729,2.6381,2.5807,
2026-07-10,2026-07-11T21:00:00Z,39,3.4602,3.3745,3.3185,
2026-07-11,2026-07-11T21:00:00Z,15,3.4602,3.3855,3.3185,
2026-07-10,2026-07-11T22:00:00Z,40,4.3633,4.2971,4.251,
2026-07-11,2026-07-11T22:00:00Z,16,4.3633,4.317,4.251,
2026-07-10,2026-07-11T23:00:00Z,41,5.2675,5.1983,5.1633,
2026-07-11,2026-07-11T23:00:00Z,17,5.2675,5.218,5.1633,
2026-07-10,2026-07-12T00:00:00Z,42,5.9575,5.9214,5.8595,
2026-07-11,2026-07-12T00:00:00Z,18,5.9575,5.9297,5.8595,
2026-07-10,2026-07-12T01:00:00Z,43,6.2437,6.195,6.1483,
2026-07-11,2026-07-12T01:00:00Z,19,6.2437,6.2004,6.1483,
2026-07-10,2026-07-12T02:00:00Z,44,5.9664,5.9621,5.925,
2026-07-11,2026-07-12T02:00:00Z,20,5.9664,5.9804,5.925,
2026-07-10,2026-07-12T03:00:00Z,45,5.2749,5.3035,5.2695,
2026-07-11,2026-07-12T03:00:00Z,21,5.2749,5.3237,5.2695,
2026-07-10,2026-07-12T04:00:00Z,46,4.4448,4.4364,4.3955,
2026-07-11,2026-07-12T04:00:00Z,22,4.4448,4.439,4.3955,
2026-07-10,2026-07-12T05:00:00Z,47,3.5765,3.5355,3.4873,
2026-07-11,2026-07-12T05:00:00Z,23,3.5765,3.5241,3.4873,
2026-07-10,2026-07-12T06:00:00Z,48,2.7647,2.7308,2.6833,
2026-07-11,2026-07-12T06:00:00Z,24,2.7647,2.7233,2.6833,
2026-07-11,2026-07-12T07:00:00Z,25,2.2631,2.264,2.196,
2026-07-12,2026-07-12T07:00:00Z,1,2.2631,2.2741,2.196,
2026-07-11,2026-07-12T08:00:00Z,26,2.3619,2.316,2.2501,
2026-07-12,2026-07-12T08:00:00Z,2,2.3619,2.3311,2.2501,
2026-07-11,2026-07-12T09:00:00Z,27,2.988,2.9331,2.8641,
2026-07-12,2026-07-12T09:00:00Z,3,2.988,2.9458,2.8641,
2026-07-11,2026-07-12T10:00:00Z,28,3.8997,3.9063,3.8247,
2026-07-12,2026-07-12T10:00:00Z,4,3.8997,3.9028,3.8247,
2026-07-11,2026-07-12T11:00:00Z,29,4.9262,4.927,4.862,
2026-07-12,2026-07-12T11:00:00Z,5,4.9262,4.9347,4.862,
2026-07-11,2026-07-12T12:00:00Z,30,5.8313,5.809,5.7542,
2026-07-12,2026-07-12T12:00:00Z,6,5.8313,5.8361,5.7542,
2026-07-11,2026-07-12T13:00:00Z,31,6.4102,6.3582,6.3024,
2026-07-12,2026-07-12T13:00:00Z,7,6.4102,6.3616,6.3024,
2026-07-11,2026-07-12T14:00:00Z,32,6.4686,6.3878,6.3387,
2026-07-12,2026-07-12T14:00:00Z,8,6.4686,6.4135,6.3387,
2026-07-11,2026-07-12T15:00:00Z,33,5.9224,5.8872,5.8394,
2026-07-12,2026-07-12T15:00:00Z,9,5.9224,5.9129,5.8394,
2026-07-11,2026-07-12T16:00:00Z,34,5.0582,5.0366,4.9801,
2026-07-12,2026-07-12T16:00:00Z,10,5.0582,5.0325,4.9801,
2026-07-11,2026-07-12T17:00:00Z,35,4.0901,4.0637,3.9884,
2026-07-12,2026-07-12T17:00:00Z,11,4.0901,4.0518,3.9884,
2026-07-11,2026-07-12T18:00:00Z,36,3.1093,3.0822,3.0128,
2026-07-12,2026-07-12T18:00:00Z,12,3.1093,3.0862,3.0128,
2026-07-11,2026-07-12T19:00:00Z,37,2.2973,2.3158,2.2247,
2026-07-12,2026-07-12T19:00:00Z,13,2.2973,2.3129,2.2247,
2026-07-11,2026-07-12T20:00:00Z,38,1.9716,1.9943,1.8943,
2026-07-12,2026-07-12T20:00:00Z,14,1.9716,2.0207,1.8943,
2026-07-11,2026-07-12T21:00:00Z,39,2.3279,2.2856,2.1931,
2026-07-12,2026-07-12T21:00:00Z,15,2.3279,2.3112,2.1931,
2026-07-11,2026-07-12T22:00:00Z,40,3.1471,3.0888,3.02,
2026-07-12,2026-07-12T22:00:00Z,16,3.1471,3.1361,3.02,
2026-07-11,2026-07-12T23:00:00Z,41,4.2185,4.1748,4.1089,
2026-07-12,2026-07-12T23:00:00Z,17,4.2185,4.2051,4.1089,
2026-07-11,2026-07-13T00:00:00Z,42,5.3329,5.2547,5.2003,
2026-07-12,2026-07-13T00:00:00Z,18,5.3329,5.2935,5.2003,
2026-07-11,2026-07-13T01:00:00Z,43,6.1814,6.1278,6.0594,
2026-07-12,2026-07-13T01:00:00Z,19,6.1814,6.1167,6.0594,
2026-07-11,2026-07-13T02:00:00Z,44,6.6003,6.4747,6.45,
2026-07-12,2026-07-13T02:00:00Z,20,6.6003,6.5028,6.45,
2026-07-11,2026-07-13T03:00:00Z,45,6.355,6.2754,6.2313,
2026-07-12,2026-07-13T03:00:00Z,21,6.355,6.2969,6.2313,
2026-07-11,2026-07-13T04:00:00Z,46,5.5089,5.5375,5.4947,
2026-07-12,2026-07-13T04:00:00Z,22,5.5089,5.5618,5.4947,
2026-07-11,2026-07-13T05:00:00Z,47,4.5254,4.555,4.4964,
2026-07-12,2026-07-13T05:00:00Z,23,4.5254,4.5655,4.4964,
2026-07-11,2026-07-13T06:00:00Z,48,3.5344,3.5142,3.4447,
2026-07-12,2026-07-13T06:00:00Z,24,3.5344,3.4924,3.4447,
2026-07-12,2026-07-13T07:00:00Z,25,2.5551,2.5652,2.4927,
2026-07-13,2026-07-13T07:00:00Z,1,2.5551,2.5669,2.4927,
2026-07-12,2026-07-13T08:00:00Z,26,1.8655,1.9947,1.8972,
2026-07-13,2026-07-13T08:00:00Z,2,1.8655,2.0022,1.8972,
2026-07-12,2026-07-13T09:00:00Z,27,2.0245,2.04,1.9375,
2026-07-13,2026-07-13T09:00:00Z,3,2.0245,2.0424,1.9375,
2026-07-12,2026-07-13T10:00:00Z,28,2.856,2.7365,2.6436,
2026-07-13,2026-07-13T10:00:00Z,4,2.856,2.7356,2.6436,
2026-07-12,2026-07-13T11:00:00Z,29,3.8612,3.8558,3.762,
2026-07-13,2026-07-13T11:00:00Z,5,3.8612,3.8485,3.762,
2026-07-12,2026-07-13T12:00:00Z,30,5.0139,5.0392,4.9731,
2026-07-13,2026-07-13T12:00:00Z,6,5.0139,5.0741,4.9731,
2026-07-12,2026-07-13T13:00:00Z,31,6.1285,6.0809,6.0209,
2026-07-13,2026-07-13T13:00:00Z,7,6.1285,6.1202,6.0209,
2026-07-12,2026-07-13T14:00:00Z,32,6.8366,6.7053,6.6686,
2026-07-13,2026-07-13T14:00:00Z,8,6.8366,6.7189,6.6686,
2026-07-12,2026-07-13T15:00:00Z,33,6.8088,6.7421,6.7068,
2026-07-13,2026-07-13T15:00:00Z,9,6.8088,6.741,6.7068,
2026-07-12,2026-07-13T16:00:00Z,34,6.1498,6.1784,6.1116,
2026-07-13,2026-07-13T16:00:00Z,10,6.1498,6.1632,6.1116,
2026-07-12,2026-07-13T17:00:00Z,35,5.2096,5.1912,5.1057,
2026-07-13,2026-07-13T17:00:00Z,11,5.2096,5.1377,5.1057,
2026-07-12,2026-07-13T18:00:00Z,36,4.0218,4.0375,3.9525,
2026-07-13,2026-07-13T18:00:00Z,12,4.0218,3.9967,3.9525,
2026-07-12,2026-07-13T19:00:00Z,37,2.8402,2.8992,2.8102,
2026-07-13,2026-07-13T19:00:00Z,13,2.8402,2.8543,2.8102,
2026-07-12,2026-07-13T20:00:00Z,38,1.9762,2.0173,1.883,
2026-07-13,2026-07-13T20:00:00Z,14,1.9762,1.9716,1.883,
2026-07-12,2026-07-13T21:00:00Z,39,1.63,1.6193,1.4988,
2026-07-13,2026-07-13T21:00:00Z,15,1.63,1.5855,1.4988,
2026-07-12,2026-07-13T22:00:00Z,40,2.0147,1.9553,1.8562,
2026-07-13,2026-07-13T22:00:00Z,16,2.0147,1.9505,1.8562,
2026-07-12,2026-07-13T23:00:00Z,41,2.9863,2.8824,2.8261,
2026-07-13,2026-07-13T23:00:00Z,17,2.9863,2.8831,2.8261,
2026-07-12,2026-07-14T00:00:00Z,42,4.2383,4.1538,4.0915,
2026-07-13,2026-07-14T00:00:00Z,18,4.2383,4.1369,4.0915,
2026-07-12,2026-07-14T01:00:00Z,43,5.4879,5.4269,5.3509,
2026-07-13,2026-07-14T01:00:00Z,19,5.4879,5.393,5.3509,
2026-07-12,2026-07-14T02:00:00Z,44,6.4332,6.3845,6.3297,
2026-07-13,2026-07-14T02:00:00Z,20,6.4332,6.3664,6.3297,
2026-07-12,2026-07-14T03:00:00Z,45,6.8554,6.7567,6.7491,
2026-07-13,2026-07-14T03:00:00Z,21,6.8554,6.7583,6.7491,
2026-07-12,2026-07-14T04:00:00Z,46,6.5535,6.4905,6.4602,
2026-07-13,2026-07-14T04:00:00Z,22,6.5535,6.4902,6.4602,
2026-07-12,2026-07-14T05:00:00Z,47,5.6495,5.6432,5.6,
2026-07-13,2026-07-14T05:00:00Z,23,5.6495,5.6409,5.6,
2026-07-12,2026-07-14T06:00:00Z,48,4.5167,4.5148,4.47,
2026-07-13,2026-07-14T06:00:00Z,24,4.5167,4.5078,4.47,
2026-07-13,2026-07-14T07:00:00Z,25,3.3499,3.344,3.2853,
2026-07-14,2026-07-14T07:00:00Z,1,3.3499,3.3337,3.2853,
2026-07-13,2026-07-14T08:00:00Z,26,2.2988,2.2769,2.2162,
2026-07-14,2026-07-14T08:00:00Z,2,2.2988,2.2759,2.2162,
2026-07-13,2026-07-14T09:00:00Z,27,1.624,1.669,1.5765,
2026-07-14,2026-07-14T09:00:00Z,3,1.624,1.6607,1.5765,
2026-07-13,2026-07-14T10:00:00Z,28,1.7413,1.7716,1.6834,
2026-07-14,2026-07-14T10:00:00Z,4,1.7413,1.7742,1.6834,
2026-07-13,2026-07-14T11:00:00Z,29,2.6441,2.6094,2.5385,
2026-07-14,2026-07-14T11:00:00Z,5,2.6441,2.5949,2.5385,
2026-07-13,2026-07-14T12:00:00Z,30,3.9504,3.9115,3.828,
2026-07-14,2026-07-14T12:00:00Z,6,3.9504,3.8957,3.828,
2026-07-13,2026-07-14T13:00:00Z,31,5.3311,5.258,5.1921,
2026-07-14,2026-07-14T13:00:00Z,7,5.3311,5.255,5.1921,
2026-07-13,2026-07-14T14:00:00Z,32,6.4524,6.4142,6.3486,
2026-07-14,2026-07-14T14:00:00Z,8,6.4524,6.4171,6.3486,
2026-07-13,2026-07-14T15:00:00Z,33,7.1028,7.0286,7.0228,
2026-07-14,2026-07-14T15:00:00Z,9,7.1028,7.0529,7.0228,
2026-07-13,2026-07-14T16:00:00Z,34,7.0779,6.9958,6.9833,
2026-07-14,2026-07-14T16:00:00Z,10,7.0779,7.0135,6.9833,
2026-07-13,2026-07-14T17:00:00Z,35,6.3161,6.2989,6.2444,
2026-07-14,2026-07-14T17:00:00Z,11,6.3161,6.295,6.2444,
2026-07-13,2026-07-14T18:00:00Z,36,5.1441,5.1455,5.0889,
2026-07-14,2026-07-14T18:00:00Z,12,5.1441,5.1189,5.0889,
2026-07-13,2026-07-14T19:00:00Z,37,3.8278,3.8495,3.7978,
2026-07-14,2026-07-14T19:00:00Z,13,3.8278,3.8039,3.7978,
2026-07-13,2026-07-14T20:00:00Z,38,2.5996,2.5884,2.5295,
2026-07-14,2026-07-14T20:00:00Z,14,2.5996,2.5505,2.5295,
2026-07-13,2026-07-14T21:00:00Z,39,1.6456,1.5965,1.5302,
2026-07-14,2026-07-14T21:00:00Z,15,1.6456,1.5864,1.5302,
2026-07-13,2026-07-14T22:00:00Z,40,1.2865,1.2385,1.1789,
2026-07-14,2026-07-14T22:00:00Z,16,1.2865,1.2288,1.1789,
2026-07-13,2026-07-14T23:00:00Z,41,1.7914,1.7138,1.6664,
2026-07-14,2026-07-14T23:00:00Z,17,1.7914,1.7166,1.6664,
2026-07-13,2026-07-15T00:00:00Z,42,2.9437,2.8081,2.8064,
2026-07-14,2026-07-15T00:00:00Z,18,2.9437,2.8317,2.8064,
2026-07-13,2026-07-15T01:00:00Z,43,4.3557,4.2375,4.2284,
2026-07-14,2026-07-15T01:00:00Z,19,4.3557,4.2503,4.2284,
2026-07-13,2026-07-15T02:00:00Z,44,5.7007,5.6086,5.5973,
2026-07-14,2026-07-15T02:00:00Z,20,5.7007,5.6231,5.5973,
2026-07-13,2026-07-15T03:00:00Z,45,6.6819,6.6004,6.6068,
2026-07-14,2026-07-15T03:00:00Z,21,6.6819,6.6076,6.6068,
2026-07-13,2026-07-15T04:00:00Z,46,7.0421,6.9247,6.9584,
2026-07-14,2026-07-15T04:00:00Z,22,7.0421,6.9032,6.9584,
2026-07-13,2026-07-15T05:00:00Z,47,6.6084,6.5374,6.5345,
2026-07-14,2026-07-15T05:00:00Z,23,6.6084,6.5411,6.5345,
2026-07-13,2026-07-15T06:00:00Z,48,5.6017,5.5506,5.5378,
2026-07-14,2026-07-15T06:00:00Z,24,5.6017,5.5451,5.5378,
2026-07-14,2026-07-15T07:00:00Z,25,4.3561,4.314,4.2989,
2026-07-15,2026-07-15T07:00:00Z,1,4.3561,4.3536,4.2989,
2026-07-14,2026-07-15T08:00:00Z,26,3.0783,3.0443,3.0248,
2026-07-15,2026-07-15T08:00:00Z,2,3.0783,3.0965,3.0248,
2026-07-14,2026-07-15T09:00:00Z,27,1.9895,1.9575,1.9091,
2026-07-15,2026-07-15T09:00:00Z,3,1.9895,2.002,1.9091,
2026-07-14,2026-07-15T10:00:00Z,28,1.3819,1.3646,1.3172,
2026-07-15,2026-07-15T10:00:00Z,4,1.3819,1.3876,1.3172,
2026-07-14,2026-07-15T11:00:00Z,29,1.6318,1.6175,1.5675,
2026-07-15,2026-07-15T11:00:00Z,5,1.6318,1.6226,1.5675,
2026-07-14,2026-07-15T12:00:00Z,30,2.6835,2.6428,2.5982,
2026-07-15,2026-07-15T12:00:00Z,6,2.6835,2.6361,2.5982,
2026-07-14,2026-07-15T13:00:00Z,31,4.1303,4.0793,4.0348,
2026-07-15,2026-07-15T13:00:00Z,7,4.1303,4.0783,4.0348,
2026-07-14,2026-07-15T14:00:00Z,32,5.5966,5.5408,5.4929,
2026-07-15,2026-07-15T14:00:00Z,8,5.5966,5.5282,5.4929,
2026-07-14,2026-07-15T15:00:00Z,33,6.7349,6.6989,6.6722,
2026-07-15,2026-07-15T15:00:00Z,9,6.7349,6.7076,6.6722,
2026-07-14,2026-07-15T16:00:00Z,34,7.3043,7.2226,7.2748,
2026-07-15,2026-07-15T16:00:00Z,10,7.3043,7.2518,7.2748,
2026-07-14,2026-07-15T17:00:00Z,35,7.1352,7.0661,7.0851,
2026-07-15,2026-07-15T17:00:00Z,11,7.1352,7.0855,7.0851,
2026-07-14,2026-07-15T18:00:00Z,36,6.2384,6.2197,6.187,
2026-07-15,2026-07-15T18:00:00Z,12,6.2384,6.2168,6.187,
2026-07-14,2026-07-15T19:00:00Z,37,4.9446,4.9354,4.915,
2026-07-15,2026-07-15T19:00:00Z,13,4.9446,4.9286,4.915,
2026-07-14,2026-07-15T20:00:00Z,38,3.5712,3.564,3.5417,
2026-07-15,2026-07-15T20:00:00Z,14,3.5712,3.5617,3.5417,
2026-07-14,2026-07-15T21:00:00Z,39,2.3181,2.2563,2.2229,
2026-07-15,2026-07-15T21:00:00Z,15,2.3181,2.2641,2.2229,
2026-07-14,2026-07-15T22:00:00Z,40,1.3612,1.301,1.2495,
2026-07-15,2026-07-15T22:00:00Z,16,1.3612,1.3114,1.2495,
2026-07-14,2026-07-15T23:00:00Z,41,1.1217,1.0549,1.0255,
2026-07-15,2026-07-15T23:00:00Z,17,1.1217,1.0532,1.0255,
2026-07-14,2026-07-16T00:00:00Z,42,1.8091,1.7188,1.6935,
2026-07-15,2026-07-16T00:00:00Z,18,1.8091,1.7352,1.6935,
2026-07-14,2026-07-16T01:00:00Z,43,3.0975,3.0187,2.9917,
2026-07-15,2026-07-16T01:00:00Z,19,3.0975,3.0221,2.9917,
2026-07-14,2026-07-16T02:00:00Z,44,4.614,4.5309,4.506,
2026-07-15,2026-07-16T02:00:00Z,20,4.614,4.549,4.506,
2026-07-14,2026-07-16T03:00:00Z,45,5.9917,5.9187,5.8849,
2026-07-15,2026-07-16T03:00:00Z,21,5.9917,5.9311,5.8849,
2026-07-14,2026-07-16T04:00:00Z,46,6.8943,6.8229,6.8122,
2026-07-15,2026-07-16T04:00:00Z,22,6.8943,6.8158,6.8122,
2026-07-14,2026-07-16T05:00:00Z,47,7.1329,6.9732,7.0061,
2026-07-15,2026-07-16T05:00:00Z,23,7.1329,7.003,7.0061,
2026-07-14,2026-07-16T06:00:00Z,48,6.5588,6.4215,6.4136,
2026-07-15,2026-07-16T06:00:00Z,24,6.5588,6.4495,6.4136,
2026-07-15,2026-07-16T07:00:00Z,25,5.4396,5.3373,5.3018,
2026-07-16,2026-07-16T07:00:00Z,1,5.4396,5.4097,5.3018,
2026-07-15,2026-07-16T08:00:00Z,26,4.1124,4.0575,4.0064,
2026-07-16,2026-07-16T08:00:00Z,2,4.1124,4.0929,4.0064,
2026-07-15,2026-07-16T09:00:00Z,27,2.841,2.7879,2.7159,
2026-07-16,2026-07-16T09:00:00Z,3,2.841,2.8232,2.7159,
2026-07-15,2026-07-16T10:00:00Z,28,1.8045,1.7386,1.6482,
2026-07-16,2026-07-16T10:00:00Z,4,1.8045,1.7707,1.6482,
2026-07-15,2026-07-16T11:00:00Z,29,1.29,1.2585,1.1973,
2026-07-16,2026-07-16T11:00:00Z,5,1.29,1.2874,1.1973,
2026-07-15,2026-07-16T12:00:00Z,30,1.6999,1.7191,1.6414,
2026-07-16,2026-07-16T12:00:00Z,6,1.6999,1.7333,1.6414,
2026-07-15,2026-07-16T13:00:00Z,31,2.9131,2.9181,2.836,
2026-07-16,2026-07-16T13:00:00Z,7,2.9131,2.9231,2.836,
2026-07-15,2026-07-16T14:00:00Z,32,4.446,4.432,4.3582,
2026-07-16,2026-07-16T14:00:00Z,8,4.446,4.4599,4.3582,
2026-07-15,2026-07-16T15:00:00Z,33,5.9257,5.8867,5.8168,
2026-07-16,2026-07-16T15:00:00Z,9,5.9257,5.9407,5.8168,
2026-07-15,2026-07-16T16:00:00Z,34,7.0017,6.9307,6.9094,
2026-07-16,2026-07-16T16:00:00Z,10,7.0017,6.9865,6.9094,
2026-07-15,2026-07-16T17:00:00Z,35,7.4449,7.3226,7.3458,
2026-07-16,2026-07-16T17:00:00Z,11,7.4449,7.4061,7.3458,
2026-07-15,2026-07-16T18:00:00Z,36,7.0939,6.981,6.9662,
2026-07-16,2026-07-16T18:00:00Z,12,7.0939,7.0413,6.9662,
2026-07-15,2026-07-16T19:00:00Z,37,6.0604,5.9841,5.9337,
2026-07-16,2026-07-16T19:00:00Z,13,6.0604,6.0079,5.9337,
2026-07-15,2026-07-16T20:00:00Z,38,4.6962,4.652,4.6078,
2026-07-16,2026-07-16T20:00:00Z,14,4.6962,4.6812,4.6078,
2026-07-15,2026-07-16T21:00:00Z,39,3.3085,3.264,3.2316,
2026-07-16,2026-07-16T21:00:00Z,15,3.3085,3.3016,3.2316,
2026-07-15,2026-07-16T22:00:00Z,40,2.0943,2.0027,1.96,
2026-07-16,2026-07-16T22:00:00Z,16,2.0943,2.0457,1.96,
2026-07-15,2026-07-16T23:00:00Z,41,1.2739,1.144,1.1193,
2026-07-16,2026-07-16T23:00:00Z,17,1.2739,1.1931,1.1193,
2026-07-15,2026-07-17T00:00:00Z,42,1.2296,1.1156,1.0989,
2026-07-16,2026-07-17T00:00:00Z,18,1.2296,1.1221,1.0989,
2026-07-15,2026-07-17T01:00:00Z,43,2.05,1.9921,1.9577,
2026-07-16,2026-07-17T01:00:00Z,19,2.05,2.0003,1.9577,
2026-07-15,2026-07-17T02:00:00Z,44,3.4173,3.3937,3.3578,
2026-07-16,2026-07-17T02:00:00Z,20,3.4173,3.4377,3.3578,
2026-07-15,2026-07-17T03:00:00Z,45,4.9241,4.9041,4.8643,
2026-07-16,2026-07-17T03:00:00Z,21,4.9241,4.9206,4.8643,
2026-07-15,2026-07-17T04:00:00Z,46,6.1932,6.1816,6.136,
2026-07-16,2026-07-17T04:00:00Z,22,6.1932,6.1977,6.136,
2026-07-15,2026-07-17T05:00:00Z,47,6.9671,6.8766,6.8777,
2026-07-16,2026-07-17T05:00:00Z,23,6.9671,6.8883,6.8777,
2026-07-15,2026-07-17T06:00:00Z,48,7.004,6.8659,6.8586,
2026-07-16,2026-07-17T06:00:00Z,24,7.004,6.904,6.8586,
2026-07-16,2026-07-17T07:00:00Z,25,6.2558,6.1594,6.1054,
2026-07-17,2026-07-17T07:00:00Z,1,6.2558,6.2066,6.1054,
2026-07-16,2026-07-17T08:00:00Z,26,5.0835,4.971,4.9323,
2026-07-17,2026-07-17T08:00:00Z,2,5.0835,5.0309,4.9323,
2026-07-16,2026-07-17T09:00:00Z,27,3.7691,3.7032,3.6542,
2026-07-17,2026-07-17T09:00:00Z,3,3.7691,3.7711,3.6542,
2026-07-16,2026-07-17T10:00:00Z,28,2.5633,2.4898,2.4346,
2026-07-17,2026-07-17T10:00:00Z,4,2.5633,2.5623,2.4346,
2026-07-16,2026-07-17T11:00:00Z,29,1.6529,1.5725,1.5086,
2026-07-17,2026-07-17T11:00:00Z,5,1.6529,1.6495,1.5086,
2026-07-16,2026-07-17T12:00:00Z,30,1.3615,1.3244,1.2677,
2026-07-17,2026-07-17T12:00:00Z,6,1.3615,1.3853,1.2677,
2026-07-16,2026-07-17T13:00:00Z,31,1.9951,1.9662,1.9158,
2026-07-17,2026-07-17T13:00:00Z,7,1.9951,2.0069,1.9158,
2026-07-16,2026-07-17T14:00:00Z,32,3.2982,3.2794,3.2223,
2026-07-17,2026-07-17T14:00:00Z,8,3.2982,3.3188,3.2223,
2026-07-16,2026-07-17T15:00:00Z,33,4.8164,4.7765,4.7361,
2026-07-17,2026-07-17T15:00:00Z,9,4.8164,4.82,4.7361,
2026-07-16,2026-07-17T16:00:00Z,34,6.1548,6.1128,6.0837,
2026-07-17,2026-07-17T16:00:00Z,10,6.1548,6.1645,6.0837,
2026-07-16,2026-07-17T17:00:00Z,35,7.0301,6.9456,6.9867,
2026-07-17,2026-07-17T17:00:00Z,11,7.0301,7.039,6.9867,
2026-07-16,2026-07-17T18:00:00Z,36,7.273,7.1501,7.1972,
2026-07-17,2026-07-17T18:00:00Z,12,7.273,7.2486,7.1972,
2026-07-16,2026-07-17T19:00:00Z,37,6.7473,6.6321,6.6337,
2026-07-17,2026-07-17T19:00:00Z,13,6.7473,6.6609,6.6337,
2026-07-16,2026-07-17T20:00:00Z,38,5.6474,5.5464,5.5258,
2026-07-17,2026-07-17T20:00:00Z,14,5.6474,5.5499,5.5258,
2026-07-16,2026-07-17T21:00:00Z,39,4.3235,4.2447,4.2261,
2026-07-17,2026-07-17T21:00:00Z,15,4.3235,4.2494,4.2261,
2026-07-16,2026-07-17T22:00:00Z,40,3.0472,2.9531,2.9357,
2026-07-17,2026-07-17T22:00:00Z,16,3.0472,2.9608,2.9357,
2026-07-16,2026-07-17T23:00:00Z,41,1.9738,1.8334,1.8103,
2026-07-17,2026-07-17T23:00:00Z,17,1.9738,1.8363,1.8103,
2026-07-16,2026-07-18T00:00:00Z,42,1.3216,1.2066,1.1899,
2026-07-17,2026-07-18T00:00:00Z,18,1.3216,1.2025,1.1899,
2026-07-16,2026-07-18T01:00:00Z,43,1.4884,1.4174,1.4072,
2026-07-17,2026-07-18T01:00:00Z,19,1.4884,1.4166,1.4072,
2026-07-16,2026-07-18T02:00:00Z,44,2.4594,2.4399,2.4179,
2026-07-17,2026-07-18T02:00:00Z,20,2.4594,2.4264,2.4179,
2026-07-16,2026-07-18T03:00:00Z,45,3.8617,3.8529,3.827,
2026-07-17,2026-07-18T03:00:00Z,21,3.8617,3.8362,3.827,
2026-07-16,2026-07-18T04:00:00Z,46,5.2835,5.2313,5.2134,
2026-07-17,2026-07-18T04:00:00Z,22,5.2835,5.2055,5.2134,
2026-07-16,2026-07-18T05:00:00Z,47,6.3505,6.284,6.2765,
2026-07-17,2026-07-18T05:00:00Z,23,6.3505,6.2687,6.2765,
2026-07-16,2026-07-18T06:00:00Z,48,6.8717,6.7541,6.769,
2026-07-17,2026-07-18T06:00:00Z,24,6.8717,6.7425,6.769,
2026-07-17,2026-07-18T07:00:00Z,25,6.6899,6.5153,6.5312,
2026-07-18,2026-07-18T07:00:00Z,1,6.6899,6.5958,6.5312,
2026-07-17,2026-07-18T08:00:00Z,26,5.8333,5.664,5.6665,
2026-07-18,2026-07-18T08:00:00Z,2,5.8333,5.7255,5.6665,
2026-07-17,2026-07-18T09:00:00Z,27,4.6489,4.5178,4.5078,
2026-07-18,2026-07-18T09:00:00Z,3,4.6489,4.5756,4.5078,
2026-07-17,2026-07-18T10:00:00Z,28,3.4315,3.3342,3.3259,
2026-07-18,2026-07-18T10:00:00Z,4,3.4315,3.4035,3.3259,
2026-07-17,2026-07-18T11:00:00Z,29,2.3872,2.2547,2.2554,
2026-07-18,2026-07-18T11:00:00Z,5,2.3872,2.32,2.2554,
2026-07-17,2026-07-18T12:00:00Z,30,1.6499,1.535,1.5397,
2026-07-18,2026-07-18T12:00:00Z,6,1.6499,1.6054,1.5397,
2026-07-17,2026-07-18T13:00:00Z,31,1.5932,1.5346,1.5371,
2026-07-18,2026-07-18T13:00:00Z,7,1.5932,1.5858,1.5371,
2026-07-17,2026-07-18T14:00:00Z,32,2.3904,2.3448,2.354,
2026-07-18,2026-07-18T14:00:00Z,8,2.3904,2.4157,2.354,
2026-07-17,2026-07-18T15:00:00Z,33,3.7001,3.6791,3.6841,
2026-07-18,2026-07-18T15:00:00Z,9,3.7001,3.7346,3.6841,
2026-07-17,2026-07-18T16:00:00Z,34,5.1116,5.0663,5.081,
2026-07-18,2026-07-18T16:00:00Z,10,5.1116,5.116,5.081,
2026-07-17,2026-07-18T17:00:00Z,35,6.2603,6.2031,6.2189,
2026-07-18,2026-07-18T17:00:00Z,11,6.2603,6.2781,6.2189,
2026-07-17,2026-07-18T18:00:00Z,36,6.9047,6.8209,6.8691,
2026-07-18,2026-07-18T18:00:00Z,12,6.9047,6.9293,6.8691,
2026-07-17,2026-07-18T19:00:00Z,37,6.9201,6.8052,6.846,
2026-07-18,2026-07-18T19:00:00Z,13,6.9201,6.8596,6.846,
2026-07-17,2026-07-18T20:00:00Z,38,6.2361,6.1448,6.1477,
2026-07-18,2026-07-18T20:00:00Z,14,6.2361,6.1805,6.1477,
2026-07-17,2026-07-18T21:00:00Z,39,5.1212,5.0506,5.0436,
2026-07-18,2026-07-18T21:00:00Z,15,5.1212,5.0628,5.0436,
2026-07-17,2026-07-18T22:00:00Z,40,3.8976,3.8622,3.8516,
2026-07-18,2026-07-18T22:00:00Z,16,3.8976,3.8757,3.8516,
2026-07-17,2026-07-18T23:00:00Z,41,2.7921,2.7323,2.7259,
2026-07-18,2026-07-18T23:00:00Z,17,2.7921,2.7219,2.7259,
2026-07-17,2026-07-19T00:00:00Z,42,1.9142,1.8413,1.8216,
2026-07-18,2026-07-19T00:00:00Z,18,1.9142,1.8375,1.8216,
2026-07-17,2026-07-19T01:00:00Z,43,1.5075,1.4756,1.4647,
2026-07-18,2026-07-19T01:00:00Z,19,1.5075,1.4738,1.4647,
2026-07-17,2026-07-19T02:00:00Z,44,1.8909,1.9233,1.8985,
2026-07-18,2026-07-19T02:00:00Z,20,1.8909,1.9233,1.8985,
2026-07-17,2026-07-19T03:00:00Z,45,2.9369,2.998,2.9785,
2026-07-18,2026-07-19T03:00:00Z,21,2.9369,2.9963,2.9785,
2026-07-17,2026-07-19T04:00:00Z,46,4.2611,4.3026,4.2903,
2026-07-18,2026-07-19T04:00:00Z,22,4.2611,4.2995,4.2903,
2026-07-17,2026-07-19T05:00:00Z,47,5.4835,5.4556,5.4645,
2026-07-18,2026-07-19T05:00:00Z,23,5.4835,5.4738,5.4645,
2026-07-17,2026-07-19T06:00:00Z,48,6.3015,6.2541,6.2628,
2026-07-18,2026-07-19T06:00:00Z,24,6.3015,6.2716,6.2628,
2026-07-18,2026-07-19T07:00:00Z,25,6.5766,6.494,6.4986,
2026-07-19,2026-07-19T07:00:00Z,1,6.5766,6.5123,6.4986,
2026-07-18,2026-07-19T08:00:00Z,26,6.1993,6.0746,6.087,
2026-07-19,2026-07-19T08:00:00Z,2,6.1993,6.0984,6.087,
2026-07-18,2026-07-19T09:00:00Z,27,5.2955,5.1882,5.1891,
2026-07-19,2026-07-19T09:00:00Z,3,5.2955,5.2129,5.1891,
2026-07-18,2026-07-19T10:00:00Z,28,4.2068,4.1336,4.1229,
2026-07-19,2026-07-19T10:00:00Z,4,4.2068,4.1593,4.1229,
2026-07-18,2026-07-19T11:00:00Z,29,3.1662,3.1193,3.0988,
2026-07-19,2026-07-19T11:00:00Z,5,3.1662,3.1382,3.0988,
2026-07-18,2026-07-19T12:00:00Z,30,2.3275,2.2283,2.2269,
2026-07-19,2026-07-19T12:00:00Z,6,2.3275,2.2465,2.2269,
2026-07-18,2026-07-19T13:00:00Z,31,1.8513,1.7505,1.7501,
2026-07-19,2026-07-19T13:00:00Z,7,1.8513,1.7622,1.7501,
2026-07-18,2026-07-19T14:00:00Z,32,2.0266,1.9845,1.9657,
2026-07-19,2026-07-19T14:00:00Z,8,2.0266,1.9778,1.9657,
2026-07-18,2026-07-19T15:00:00Z,33,2.8756,2.8838,2.8731,
2026-07-19,2026-07-19T15:00:00Z,9,2.8756,2.8936,2.8731,
2026-07-18,2026-07-19T16:00:00Z,34,4.0906,4.1186,4.1206,
2026-07-19,2026-07-19T16:00:00Z,10,4.0906,4.1327,4.1206,
2026-07-18,2026-07-19T17:00:00Z,35,5.3129,5.2974,5.3085,
2026-07-19,2026-07-19T17:00:00Z,11,5.3129,5.3192,5.3085,
2026-07-18,2026-07-19T18:00:00Z,36,6.198,6.168,6.1833,
2026-07-19,2026-07-19T18:00:00Z,12,6.198,6.1949,6.1833,
2026-07-18,2026-07-19T19:00:00Z,37,6.5858,6.5558,6.5744,
2026-07-19,2026-07-19T19:00:00Z,13,6.5858,6.5622,6.5744,
2026-07-18,2026-07-19T20:00:00Z,38,6.4034,6.3374,6.3607,
2026-07-19,2026-07-19T20:00:00Z,14,6.4034,6.3507,6.3607,
2026-07-18,2026-07-19T21:00:00Z,39,5.6613,5.573,5.6055,
2026-07-19,2026-07-19T21:00:00Z,15,5.6613,5.5873,5.6055,
2026-07-18,2026-07-19T22:00:00Z,40,4.6164,4.5433,4.5871,
2026-07-19,2026-07-19T22:00:00Z,16,4.6164,4.5439,4.5871,
2026-07-18,2026-07-19T23:00:00Z,41,3.5599,3.5268,3.5669,
2026-07-19,2026-07-19T23:00:00Z,17,3.5599,3.5186,3.5669,
2026-07-18,2026-07-20T00:00:00Z,42,2.6761,2.6106,2.6544,
2026-07-19,2026-07-20T00:00:00Z,18,2.6761,2.6284,2.6544,
2026-07-18,2026-07-20T01:00:00Z,43,2.0343,1.9465,2.0015,
2026-07-19,2026-07-20T01:00:00Z,19,2.0343,1.9702,2.0015,
2026-07-18,2026-07-20T02:00:00Z,44,1.8894,1.869,1.8941,
2026-07-19,2026-07-20T02:00:00Z,20,1.8894,1.8775,1.8941,
2026-07-18,2026-07-20T03:00:00Z,45,2.426,2.434,2.4713,
2026-07-19,2026-07-20T03:00:00Z,21,2.426,2.4459,2.4713,
2026-07-18,2026-07-20T04:00:00Z,46,3.4371,3.4757,3.5165,
2026-07-19,2026-07-20T04:00:00Z,22,3.4371,3.4845,3.5165,
2026-07-18,2026-07-20T05:00:00Z,47,4.5928,4.5832,4.6437,
2026-07-19,2026-07-20T05:00:00Z,23,4.5928,4.6148,4.6437,
2026-07-18,2026-07-20T06:00:00Z,48,5.5405,5.4967,5.5619,
2026-07-19,2026-07-20T06:00:00Z,24,5.5405,5.5258,5.5619,
2026-07-19,2026-07-20T07:00:00Z,25,6.0863,6.0522,6.0986,
2026-07-20,2026-07-20T07:00:00Z,1,6.0863,6.0783,6.0986,
2026-07-19,2026-07-20T08:00:00Z,26,6.1542,6.0748,6.125,
2026-07-20,2026-07-20T08:00:00Z,2,6.1542,6.1085,6.125,
2026-07-19,2026-07-20T09:00:00Z,27,5.6667,5.5711,5.621,
2026-07-20,2026-07-20T09:00:00Z,3,5.6667,5.6045,5.621,
2026-07-19,2026-07-20T10:00:00Z,28,4.8009,4.7308,4.7747,
2026-07-20,2026-07-20T10:00:00Z,4,4.8009,4.7798,4.7747,
2026-07-19,2026-07-20T11:00:00Z,29,3.8488,3.82,3.8579,
2026-07-20,2026-07-20T11:00:00Z,5,3.8488,3.8453,3.8579,
2026-07-19,2026-07-20T12:00:00Z,30,3.0239,2.9675,3.0187,
2026-07-20,2026-07-20T12:00:00Z,6,3.0239,2.965,3.0187,
2026-07-19,2026-07-20T13:00:00Z,31,2.3952,2.2884,2.3562,
2026-07-20,2026-07-20T13:00:00Z,7,2.3952,2.2791,2.3562,
2026-07-19,2026-07-20T14:00:00Z,32,2.1223,2.0361,2.1017,
2026-07-20,2026-07-20T14:00:00Z,8,2.1223,2.026,2.1017,
2026-07-19,2026-07-20T15:00:00Z,33,2.4561,2.4207,2.4681,
2026-07-20,2026-07-20T15:00:00Z,9,2.4561,2.3983,2.4681,
2026-07-19,2026-07-20T16:00:00Z,34,3.2991,3.2956,3.3617,
2026-07-20,2026-07-20T16:00:00Z,10,3.2991,3.2842,3.3617,
2026-07-19,2026-07-20T17:00:00Z,35,4.3715,4.3686,4.4349,
2026-07-20,2026-07-20T17:00:00Z,11,4.3715,4.3499,4.4349,
2026-07-19,2026-07-20T18:00:00Z,36,5.3434,5.3075,5.3708,
2026-07-20,2026-07-20T18:00:00Z,12,5.3434,5.283,5.3708,
2026-07-19,2026-07-20T19:00:00Z,37,5.9621,5.9325,5.9895,
2026-07-20,2026-07-20T19:00:00Z,13,5.9621,5.8966,5.9895,
2026-07-19,2026-07-20T20:00:00Z,38,6.1456,6.1186,6.1686,
2026-07-20,2026-07-20T20:00:00Z,14,6.1456,6.1226,6.1686,
2026-07-19,2026-07-20T21:00:00Z,39,5.8553,5.794,5.8426,
2026-07-20,2026-07-20T21:00:00Z,15,5.8553,5.7984,5.8426,
2026-07-19,2026-07-20T22:00:00Z,40,5.1255,5.056,5.118,
2026-07-20,2026-07-20T22:00:00Z,16,5.1255,5.051,5.118,
2026-07-19,2026-07-20T23:00:00Z,41,4.2126,4.1929,4.2494,
2026-07-20,2026-07-20T23:00:00Z,17,4.2126,4.179,4.2494,
2026-07-19,2026-07-21T00:00:00Z,42,3.3866,3.3744,3.4292,
2026-07-20,2026-07-21T00:00:00Z,18,3.3866,3.3474,3.4292,
2026-07-19,2026-07-21T01:00:00Z,43,2.7472,2.6719,2.7337,
2026-07-20,2026-07-21T01:00:00Z,19,2.7472,2.636,2.7337,
2026-07-19,2026-07-21T02:00:00Z,44,2.3034,2.2477,2.3099,
2026-07-20,2026-07-21T02:00:00Z,20,2.3034,2.2131,2.3099,
2026-07-19,2026-07-21T03:00:00Z,45,2.3232,2.3317,2.3854,
2026-07-20,2026-07-21T03:00:00Z,21,2.3232,2.3004,2.3854,
2026-07-19,2026-07-21T04:00:00Z,46,2.9333,2.9415,3.0029,
2026-07-20,2026-07-21T04:00:00Z,22,2.9333,2.9222,3.0029,
2026-07-19,2026-07-21T05:00:00Z,47,3.8499,3.8498,3.9213,
2026-07-20,2026-07-21T05:00:00Z,23,3.8499,3.8346,3.9213,
2026-07-19,2026-07-21T06:00:00Z,48,4.7687,4.7549,4.8247,
2026-07-20,2026-07-21T06:00:00Z,24,4.7687,4.7326,4.8247,
2026-07-20,2026-07-21T07:00:00Z,25,5.4522,5.3705,5.5035,
2026-07-21,2026-07-21T07:00:00Z,1,5.4522,5.4421,5.5035,
2026-07-20,2026-07-21T08:00:00Z,26,5.7722,5.7119,5.8354,
2026-07-21,2026-07-21T08:00:00Z,2,5.7722,5.7731,5.8354,
2026-07-20,2026-07-21T09:00:00Z,27,5.681,5.6031,5.7379,
2026-07-21,2026-07-21T09:00:00Z,3,5.681,5.6775,5.7379,
2026-07-20,2026-07-21T10:00:00Z,28,5.1645,5.0917,5.2341,
2026-07-21,2026-07-21T10:00:00Z,4,5.1645,5.17,5.2341,
2026-07-20,2026-07-21T11:00:00Z,29,4.4194,4.362,4.5035,
2026-07-21,2026-07-21T11:00:00Z,5,4.4194,4.4342,4.5035,
2026-07-20,2026-07-21T12:00:00Z,30,3.6872,3.6144,3.7534,
2026-07-21,2026-07-21T12:00:00Z,6,3.6872,3.6765,3.7534,
2026-07-20,2026-07-21T13:00:00Z,31,3.0713,2.9342,3.0865,
2026-07-21,2026-07-21T13:00:00Z,7,3.0713,2.9923,3.0865,
2026-07-20,2026-07-21T14:00:00Z,32,2.6081,2.4495,2.6053,
2026-07-21,2026-07-21T14:00:00Z,8,2.6081,2.4868,2.6053,
2026-07-20,2026-07-21T15:00:00Z,33,2.4729,2.3687,2.5135,
2026-07-21,2026-07-21T15:00:00Z,9,2.4729,2.3979,2.5135,
2026-07-20,2026-07-21T16:00:00Z,34,2.8721,2.7955,2.9319,
2026-07-21,2026-07-21T16:00:00Z,10,2.8721,2.8162,2.9319,
2026-07-20,2026-07-21T17:00:00Z,35,3.6586,3.6015,3.7146,
2026-07-21,2026-07-21T17:00:00Z,11,3.6586,3.589,3.7146,
2026-07-20,2026-07-21T18:00:00Z,36,4.509,4.4499,4.5707,
2026-07-21,2026-07-21T18:00:00Z,12,4.509,4.4668,4.5707,
2026-07-20,2026-07-21T19:00:00Z,37,5.199,5.1547,5.2745,
2026-07-21,2026-07-21T19:00:00Z,13,5.199,5.213,5.2745,
2026-07-20,2026-07-21T20:00:00Z,38,5.6271,5.5597,5.6965,
2026-07-21,2026-07-21T20:00:00Z,14,5.6271,5.6325,5.6965,
2026-07-20,2026-07-21T21:00:00Z,39,5.7124,5.6152,5.7458,
2026-07-21,2026-07-21T21:00:00Z,15,5.7124,5.6734,5.7458,
2026-07-20,2026-07-21T22:00:00Z,40,5.356,5.2609,5.4003,
2026-07-21,2026-07-21T22:00:00Z,16,5.356,5.3182,5.4003,
2026-07-20,2026-07-21T23:00:00Z,41,4.6804,4.6372,4.7799,
2026-07-21,2026-07-21T23:00:00Z,17,4.6804,4.6995,4.7799,
2026-07-20,2026-07-22T00:00:00Z,42,4.0053,3.9354,4.0866,
2026-07-21,2026-07-22T00:00:00Z,18,4.0053,3.9992,4.0866,
2026-07-20,2026-07-22T01:00:00Z,43,3.4421,3.292,3.4482,
2026-07-21,2026-07-22T01:00:00Z,19,3.4421,3.3647,3.4482,
2026-07-20,2026-07-22T02:00:00Z,44,2.9395,2.8051,2.9283,
2026-07-21,2026-07-22T02:00:00Z,20,2.9395,2.8358,2.9283,
2026-07-20,2026-07-22T03:00:00Z,45,2.6253,2.5483,2.6676,
2026-07-21,2026-07-22T03:00:00Z,21,2.6253,2.5787,2.6676,
2026-07-20,2026-07-22T04:00:00Z,46,2.782,2.7032,2.8277,
2026-07-21,2026-07-22T04:00:00Z,22,2.782,2.7433,2.8277,
2026-07-20,2026-07-22T05:00:00Z,47,3.3876,3.267,3.3868,
2026-07-21,2026-07-22T05:00:00Z,23,3.3876,3.3014,3.3868,
2026-07-20,2026-07-22T06:00:00Z,48,4.1106,4.0136,4.1317,
2026-07-21,2026-07-22T06:00:00Z,24,4.1106,4.0331,4.1317,
2026-07-21,2026-07-22T07:00:00Z,25,4.7816,4.7299,4.8333,
2026-07-22,2026-07-22T07:00:00Z,1,4.7816,4.7799,4.8333,
2026-07-21,2026-07-22T08:00:00Z,26,5.2977,5.2442,5.3406,
2026-07-22,2026-07-22T08:00:00Z,2,5.2977,5.2981,5.3406,
2026-07-21,2026-07-22T09:00:00Z,27,5.5127,5.4623,5.5579,
2026-07-22,2026-07-22T09:00:00Z,3,5.5127,5.5088,5.5579,
2026-07-21,2026-07-22T10:00:00Z,28,5.3902,5.3364,5.4327,
2026-07-22,2026-07-22T10:00:00Z,4,5.3902,5.3921,5.4327,
2026-07-21,2026-07-22T11:00:00Z,29,4.9282,4.9163,5.0029,
2026-07-22,2026-07-22T11:00:00Z,5,4.9282,4.9599,5.0029,
2026-07-21,2026-07-22T12:00:00Z,30,4.3224,4.3232,4.4097,
2026-07-22,2026-07-22T12:00:00Z,6,4.3224,4.3654,4.4097,
2026-07-21,2026-07-22T13:00:00Z,31,3.7939,3.7132,3.7993,
2026-07-22,2026-07-22T13:00:00Z,7,3.7939,3.7606,3.7993,
2026-07-21,2026-07-22T14:00:00Z,32,3.3186,3.169,3.2582,
2026-07-22,2026-07-22T14:00:00Z,8,3.3186,3.2035,3.2582,
2026-07-21,2026-07-22T15:00:00Z,33,2.9223,2.7978,2.8986,
2026-07-22,2026-07-22T15:00:00Z,9,2.9223,2.836,2.8986,
2026-07-21,2026-07-22T16:00:00Z,34,2.8538,2.7778,2.8806,
2026-07-22,2026-07-22T16:00:00Z,10,2.8538,2.814,2.8806,
2026-07-21,2026-07-22T17:00:00Z,35,3.246,3.1596,3.2523,
2026-07-22,2026-07-22T17:00:00Z,11,3.246,3.1812,3.2523,
2026-07-21,2026-07-22T18:00:00Z,36,3.8813,3.7741,3.872,
2026-07-22,2026-07-22T18:00:00Z,12,3.8813,3.8085,3.872,
2026-07-21,2026-07-22T19:00:00Z,37,4.5271,4.4421,4.5334,
2026-07-22,2026-07-22T19:00:00Z,13,4.5271,4.4603,4.5334,
2026-07-21,2026-07-22T20:00:00Z,38,5.0663,4.9899,5.0768,
2026-07-22,2026-07-22T20:00:00Z,14,5.0663,5.0173,5.0768,
2026-07-21,2026-07-22T21:00:00Z,39,5.3752,5.3128,5.3907,
2026-07-22,2026-07-22T21:00:00Z,15,5.3752,5.3529,5.3907,
2026-07-21,2026-07-22T22:00:00Z,40,5.3712,5.322,5.4045,
2026-07-22,2026-07-22T22:00:00Z,16,5.3712,5.3773,5.4045,
2026-07-21,2026-07-22T23:00:00Z,41,5.0604,5.0256,5.1215,
2026-07-22,2026-07-22T23:00:00Z,17,5.0604,5.0719,5.1215,
2026-07-21,2026-07-23T00:00:00Z,42,4.5662,4.5557,4.6404,
2026-07-22,2026-07-23T00:00:00Z,18,4.5662,4.5791,4.6404,
2026-07-21,2026-07-23T01:00:00Z,43,4.0656,4.0078,4.0973,
2026-07-22,2026-07-23T01:00:00Z,19,4.0656,4.023,4.0973,
2026-07-21,2026-07-23T02:00:00Z,44,3.6038,3.4953,3.5809,
2026-07-22,2026-07-23T02:00:00Z,20,3.6038,3.5068,3.5809,
2026-07-21,2026-07-23T03:00:00Z,45,3.1744,3.0852,3.1645,
2026-07-22,2026-07-23T03:00:00Z,21,3.1744,3.0893,3.1645,
2026-07-21,2026-07-23T04:00:00Z,46,2.949,2.9021,2.9774,
2026-07-22,2026-07-23T04:00:00Z,22,2.949,2.8948,2.9774,
2026-07-21,2026-07-23T05:00:00Z,47,3.1301,3.0433,3.1247,
2026-07-22,2026-07-23T05:00:00Z,23,3.1301,3.0431,3.1247,
2026-07-21,2026-07-23T06:00:00Z,48,3.5989,3.4882,3.5669,
2026-07-22,2026-07-23T06:00:00Z,24,3.5989,3.5021,3.5669,
2026-07-22,2026-07-23T07:00:00Z,25,4.1642,4.0699,4.1547,
2026-07-23,2026-07-23T07:00:00Z,1,4.1642,4.1301,4.1547,
2026-07-22,2026-07-23T08:00:00Z,26,4.717,4.6554,4.7287,
2026-07-23,2026-07-23T08:00:00Z,2,4.717,4.7009,4.7287,
2026-07-22,2026-07-23T09:00:00Z,27,5.1268,5.083,5.1594,
2026-07-23,2026-07-23T09:00:00Z,3,5.1268,5.1278,5.1594,
2026-07-22,2026-07-23T10:00:00Z,28,5.3271,5.2821,5.3571,
2026-07-23,2026-07-23T10:00:00Z,4,5.3271,5.3286,5.3571,
2026-07-22,2026-07-23T11:00:00Z,29,5.2333,5.2056,5.2817,
2026-07-23,2026-07-23T11:00:00Z,5,5.2333,5.2696,5.2817,
2026-07-22,2026-07-23T12:00:00Z,30,4.8715,4.8713,4.9564,
2026-07-23,2026-07-23T12:00:00Z,6,4.8715,4.9288,4.9564,
2026-07-22,2026-07-23T13:00:00Z,31,4.4291,4.3915,4.4722,
2026-07-23,2026-07-23T13:00:00Z,7,4.4291,4.447,4.4722,
2026-07-22,2026-07-23T14:00:00Z,32,3.9627,3.8653,3.9401,
2026-07-23,2026-07-23T14:00:00Z,8,3.9627,3.9106,3.9401,
2026-07-22,2026-07-23T15:00:00Z,33,3.4944,3.378,3.4571,
2026-07-23,2026-07-23T15:00:00Z,9,3.4944,3.4262,3.4571,
2026-07-22,2026-07-23T16:00:00Z,34,3.1459,3.0609,3.1404,
2026-07-23,2026-07-23T16:00:00Z,10,3.1459,3.0942,3.1404,
2026-07-22,2026-07-23T17:00:00Z,35,3.0869,3.0293,3.1058,
2026-07-23,2026-07-23T17:00:00Z,11,3.0869,3.0619,3.1058,
2026-07-22,2026-07-23T18:00:00Z,36,3.3519,3.2912,3.3707,
2026-07-23,2026-07-23T18:00:00Z,12,3.3519,3.3206,3.3707,
2026-07-22,2026-07-23T19:00:00Z,37,3.8188,3.7644,3.8417,
2026-07-23,2026-07-23T19:00:00Z,13,3.8188,3.8211,3.8417,
2026-07-22,2026-07-23T20:00:00Z,38,4.3719,4.3142,4.385,
2026-07-23,2026-07-23T20:00:00Z,14,4.3719,4.3645,4.385,
2026-07-22,2026-07-23T21:00:00Z,39,4.8438,4.7901,4.8635,
2026-07-23,2026-07-23T21:00:00Z,15,4.8438,4.8455,4.8635,
2026-07-22,2026-07-23T22:00:00Z,40,5.1185,5.0842,5.1621,
2026-07-23,2026-07-23T22:00:00Z,16,5.1185,5.1375,5.1621,
2026-07-22,2026-07-23T23:00:00Z,41,5.1758,5.1452,5.223,
2026-07-23,2026-07-23T23:00:00Z,17,5.1758,5.1864,5.223,
2026-07-22,2026-07-24T00:00:00Z,42,4.9755,4.9645,5.0469,
2026-07-23,2026-07-24T00:00:00Z,18,4.9755,5.0046,5.0469,
2026-07-22,2026-07-24T01:00:00Z,43,4.6092,4.603,4.6847,
2026-07-23,2026-07-24T01:00:00Z,19,4.6092,4.6384,4.6847,
2026-07-22,2026-07-24T02:00:00Z,44,4.1867,4.1508,4.222,
2026-07-23,2026-07-24T02:00:00Z,20,4.1867,4.1906,4.222,
2026-07-22,2026-07-24T03:00:00Z,45,3.7529,3.6784,3.7461,
2026-07-23,2026-07-24T03:00:00Z,21,3.7529,3.7173,3.7461,
2026-07-22,2026-07-24T04:00:00Z,46,3.3571,3.2979,3.3517,
2026-07-23,2026-07-24T04:00:00Z,22,3.3571,3.3354,3.3517,
2026-07-22,2026-07-24T05:00:00Z,47,3.121,3.0971,3.1527,
2026-07-23,2026-07-24T05:00:00Z,23,3.121,3.1356,3.1527,
2026-07-22,2026-07-24T06:00:00Z,48,3.2028,3.1723,3.225,
2026-07-23,2026-07-24T06:00:00Z,24,3.2028,3.2066,3.225,
2026-07-23,2026-07-24T07:00:00Z,25,3.5742,3.5211,3.5558,
2026-07-24,2026-07-24T07:00:00Z,1,3.5742,3.5212,3.5558,
2026-07-23,2026-07-24T08:00:00Z,26,4.0866,4.029,4.0599,
2026-07-24,2026-07-24T08:00:00Z,2,4.0866,4.027,4.0599,
2026-07-23,2026-07-24T09:00:00Z,27,4.6154,4.5846,4.6054,
2026-07-24,2026-07-24T09:00:00Z,3,4.6154,4.5781,4.6054,
2026-07-23,2026-07-24T10:00:00Z,28,5.0496,5.0333,5.0515,
2026-07-24,2026-07-24T10:00:00Z,4,5.0496,5.0221,5.0515,
2026-07-23,2026-07-24T11:00:00Z,29,5.3169,5.2894,5.3028,
2026-07-24,2026-07-24T11:00:00Z,5,5.3169,5.2978,5.3028,
2026-07-23,2026-07-24T12:00:00Z,30,5.332,5.302,5.3119,
2026-07-24,2026-07-24T12:00:00Z,6,5.332,5.3047,5.3119,
2026-07-23,2026-07-24T13:00:00Z,31,5.0673,5.0364,5.0673,
2026-07-24,2026-07-24T13:00:00Z,7,5.0673,5.0249,5.0673,
2026-07-23,2026-07-24T14:00:00Z,32,4.631,4.5882,4.6231,
2026-07-24,2026-07-24T14:00:00Z,8,4.631,4.5799,4.6231,
2026-07-23,2026-07-24T15:00:00Z,33,4.1444,4.0589,4.0913,
2026-07-24,2026-07-24T15:00:00Z,9,4.1444,4.0474,4.0913,
2026-07-23,2026-07-24T16:00:00Z,34,3.6636,3.571,3.5934,
2026-07-24,2026-07-24T16:00:00Z,10,3.6636,3.5474,3.5934,
2026-07-23,2026-07-24T17:00:00Z,35,3.2641,3.2143,3.2445,
2026-07-24,2026-07-24T17:00:00Z,11,3.2641,3.186,3.2445,
2026-07-23,2026-07-24T18:00:00Z,36,3.1213,3.1099,3.1357,
2026-07-24,2026-07-24T18:00:00Z,12,3.1213,3.0734,3.1357,
2026-07-23,2026-07-24T19:00:00Z,37,3.3239,3.2873,3.2974,
2026-07-24,2026-07-24T19:00:00Z,13,3.3239,3.2975,3.2974,
2026-07-23,2026-07-24T20:00:00Z,38,3.7301,3.686,3.693,
2026-07-24,2026-07-24T20:00:00Z,14,3.7301,3.6878,3.693,
2026-07-23,2026-07-24T21:00:00Z,39,4.2349,4.2094,4.2192,
2026-07-24,2026-07-24T21:00:00Z,15,4.2349,4.2144,4.2192,
2026-07-23,2026-07-24T22:00:00Z,40,4.7402,4.7081,4.7245,
2026-07-24,2026-07-24T22:00:00Z,16,4.7402,4.7071,4.7245,
2026-07-23,2026-07-24T23:00:00Z,41,5.1151,5.0702,5.0837,
2026-07-24,2026-07-24T23:00:00Z,17,5.1151,5.0702,5.0837,
2026-07-23,2026-07-25T00:00:00Z,42,5.2774,5.2325,5.237,
2026-07-24,2026-07-25T00:00:00Z,18,5.2774,5.227,5.237,
2026-07-23,2026-07-25T01:00:00Z,43,5.152,5.1495,5.1536,
2026-07-24,2026-07-25T01:00:00Z,19,5.152,5.1219,5.1536,
2026-07-23,2026-07-25T02:00:00Z,44,4.8062,4.832,4.838,
2026-07-24,2026-07-25T02:00:00Z,20,4.8062,4.8075,4.838,
2026-07-23,2026-07-25T03:00:00Z,45,4.3748,4.3535,4.3655,
2026-07-24,2026-07-25T03:00:00Z,21,4.3748,4.3306,4.3655,
2026-07-23,2026-07-25T04:00:00Z,46,3.8871,3.8527,3.8516,
2026-07-24,2026-07-25T04:00:00Z,22,3.8871,3.8347,3.8516,
2026-07-23,2026-07-25T05:00:00Z,47,3.4329,3.416,3.4097,
2026-07-24,2026-07-25T05:00:00Z,23,3.4329,3.3998,3.4097,
2026-07-23,2026-07-25T06:00:00Z,48,3.1116,3.1477,3.1449,
2026-07-24,2026-07-25T06:00:00Z,24,3.1116,3.1244,3.1449,
2026-07-24,2026-07-25T07:00:00Z,25,3.1054,3.119,3.1406,
2026-07-25,2026-07-25T07:00:00Z,1,3.1054,3.1042,3.1406,
2026-07-24,2026-07-25T08:00:00Z,26,3.478,3.4134,3.4279,
2026-07-25,2026-07-25T08:00:00Z,2,3.478,3.3879,3.4279,
2026-07-24,2026-07-25T09:00:00Z,27,4.0129,3.9311,3.9508,
2026-07-25,2026-07-25T09:00:00Z,3,4.0129,3.9312,3.9508,
2026-07-24,2026-07-25T10:00:00Z,28,4.5789,4.5242,4.5591,
2026-07-25,2026-07-25T10:00:00Z,4,4.5789,4.5428,4.5591,
2026-07-24,2026-07-25T11:00:00Z,29,5.1107,5.0529,5.0856,
2026-07-25,2026-07-25T11:00:00Z,5,5.1107,5.0814,5.0856,
2026-07-24,2026-07-25T12:00:00Z,30,5.4823,5.3964,5.4223,
2026-07-25,2026-07-25T12:00:00Z,6,5.4823,5.4444,5.4223,
2026-07-24,2026-07-25T13:00:00Z,31,5.5445,5.4713,5.4956,
2026-07-25,2026-07-25T13:00:00Z,7,5.5445,5.4985,5.4956,
2026-07-24,2026-07-25T14:00:00Z,32,5.2546,5.2352,5.2601,
2026-07-25,2026-07-25T14:00:00Z,8,5.2546,5.2251,5.2601,
2026-07-24,2026-07-25T15:00:00Z,33,4.7796,4.7403,4.7683,
2026-07-25,2026-07-25T15:00:00Z,9,4.7796,4.7438,4.7683,
2026-07-24,2026-07-25T16:00:00Z,34,4.2169,4.1442,4.1633,
2026-07-25,2026-07-25T16:00:00Z,10,4.2169,4.1342,4.1633,
2026-07-24,2026-07-25T17:00:00Z,35,3.5993,3.5876,3.5903,
2026-07-25,2026-07-25T17:00:00Z,11,3.5993,3.5404,3.5903,
2026-07-24,2026-07-25T18:00:00Z,36,3.105,3.1589,3.164,
2026-07-25,2026-07-25T18:00:00Z,12,3.105,3.1232,3.164,
2026-07-24,2026-07-25T19:00:00Z,37,2.9275,2.9746,2.9807,
2026-07-25,2026-07-25T19:00:00Z,13,2.9275,2.94,2.9807,
2026-07-24,2026-07-25T20:00:00Z,38,3.0994,3.1058,3.1054,
2026-07-25,2026-07-25T20:00:00Z,14,3.0994,3.0843,3.1054,
2026-07-24,2026-07-25T21:00:00Z,39,3.5481,3.5393,3.5289,
2026-07-25,2026-07-25T21:00:00Z,15,3.5481,3.531,3.5289,
2026-07-24,2026-07-25T22:00:00Z,40,4.1607,4.1519,4.1317,
2026-07-25,2026-07-25T22:00:00Z,16,4.1607,4.1462,4.1317,
2026-07-24,2026-07-25T23:00:00Z,41,4.7574,4.7542,4.7317,
2026-07-25,2026-07-25T23:00:00Z,17,4.7574,4.7619,4.7317,
2026-07-24,2026-07-26T00:00:00Z,42,5.2451,5.2175,5.1902,
2026-07-25,2026-07-26T00:00:00Z,18,5.2451,5.2429,5.1902,
2026-07-24,2026-07-26T01:00:00Z,43,5.5021,5.4691,5.4238,
2026-07-25,2026-07-26T01:00:00Z,19,5.5021,5.4778,5.4238,
2026-07-24,2026-07-26T02:00:00Z,44,5.3826,5.4043,5.3609,
2026-07-25,2026-07-26T02:00:00Z,20,5.3826,5.4097,5.3609,
2026-07-24,2026-07-26T03:00:00Z,45,4.9781,5.0319,4.9936,
2026-07-25,2026-07-26T03:00:00Z,21,4.9781,5.0393,4.9936,
2026-07-24,2026-07-26T04:00:00Z,46,4.4441,4.473,4.4302,
2026-07-25,2026-07-26T04:00:00Z,22,4.4441,4.4815,4.4302,
2026-07-24,2026-07-26T05:00:00Z,47,3.8623,3.8737,3.8217,
2026-07-25,2026-07-26T05:00:00Z,23,3.8623,3.8832,3.8217,
2026-07-24,2026-07-26T06:00:00Z,48,3.2979,3.3404,3.2935,
2026-07-25,2026-07-26T06:00:00Z,24,3.2979,3.3374,3.2935,
2026-07-25,2026-07-26T07:00:00Z,25,2.9086,3.0096,2.9624,
2026-07-26,2026-07-26T07:00:00Z,1,2.9086,2.9786,2.9624,
2026-07-25,2026-07-26T08:00:00Z,26,2.9197,2.9643,2.9434,
2026-07-26,2026-07-26T08:00:00Z,2,2.9197,2.9537,2.9434,
2026-07-25,2026-07-26T09:00:00Z,27,3.3359,3.3103,3.291,
2026-07-26,2026-07-26T09:00:00Z,3,3.3359,3.3059,3.291,
2026-07-25,2026-07-26T10:00:00Z,28,3.9681,3.9513,3.9273,
2026-07-26,2026-07-26T10:00:00Z,4,3.9681,3.9344,3.9273,
2026-07-25,2026-07-26T11:00:00Z,29,4.6923,4.6904,4.6576,
2026-07-26,2026-07-26T11:00:00Z,5,4.6923,4.6357,4.6576,
2026-07-25,2026-07-26T12:00:00Z,30,5.3527,5.3361,5.2888,
2026-07-26,2026-07-26T12:00:00Z,6,5.3527,5.276,5.2888,
2026-07-25,2026-07-26T13:00:00Z,31,5.7663,5.7134,5.6909,
2026-07-26,2026-07-26T13:00:00Z,7,5.7663,5.6517,5.6909,
2026-07-25,2026-07-26T14:00:00Z,32,5.8089,5.775,5.7564,
2026-07-26,2026-07-26T14:00:00Z,8,5.8089,5.725,5.7564,
2026-07-25,2026-07-26T15:00:00Z,33,5.4327,5.4454,5.4339,
2026-07-26,2026-07-26T15:00:00Z,9,5.4327,5.3867,5.4339,
2026-07-25,2026-07-26T16:00:00Z,34,4.8254,4.8082,4.8154,
2026-07-26,2026-07-26T16:00:00Z,10,4.8254,4.7668,4.8154,
2026-07-25,2026-07-26T17:00:00Z,35,4.1142,4.0666,4.0869,
2026-07-26,2026-07-26T17:00:00Z,11,4.1142,4.0374,4.0869,
2026-07-25,2026-07-26T18:00:00Z,36,3.3844,3.3807,3.4095,
2026-07-26,2026-07-26T18:00:00Z,12,3.3844,3.344,3.4095,
2026-07-25,2026-07-26T19:00:00Z,37,2.8312,2.8989,2.9097,
2026-07-26,2026-07-26T19:00:00Z,13,2.8312,2.8838,2.9097,
2026-07-25,2026-07-26T20:00:00Z,38,2.6184,2.7038,2.7116,
2026-07-26,2026-07-26T20:00:00Z,14,2.6184,2.6938,2.7116,
2026-07-25,2026-07-26T21:00:00Z,39,2.8705,2.8891,2.9015,
2026-07-26,2026-07-26T21:00:00Z,15,2.8705,2.8871,2.9015,
2026-07-25,2026-07-26T22:00:00Z,40,3.4551,3.448,3.4514,
2026-07-26,2026-07-26T22:00:00Z,16,3.4551,3.4389,3.4514,
2026-07-25,2026-07-26T23:00:00Z,41,4.1842,4.1942,4.1955,
2026-07-26,2026-07-26T23:00:00Z,17,4.1842,4.195,4.1955,
2026-07-25,2026-07-27T00:00:00Z,42,4.9157,4.9176,4.9195,
2026-07-26,2026-07-27T00:00:00Z,18,4.9157,4.9175,4.9195,
2026-07-25,2026-07-27T01:00:00Z,43,5.4747,5.4719,5.4625,
2026-07-26,2026-07-27T01:00:00Z,19,5.4747,5.4722,5.4625,
2026-07-25,2026-07-27T02:00:00Z,44,5.6985,5.716,5.7048,
2026-07-26,2026-07-27T02:00:00Z,20,5.6985,5.7164,5.7048,
2026-07-25,2026-07-27T03:00:00Z,45,5.5118,5.5619,5.5572,
2026-07-26,2026-07-27T03:00:00Z,21,5.5118,5.562,5.5572,
2026-07-25,2026-07-27T04:00:00Z,46,4.982,5.0419,5.05,
2026-07-26,2026-07-27T04:00:00Z,22,4.982,5.0527,5.05,
2026-07-25,2026-07-27T05:00:00Z,47,4.278,4.3286,4.3456,
2026-07-26,2026-07-27T05:00:00Z,23,4.278,4.3468,4.3456,
2026-07-25,2026-07-27T06:00:00Z,48,3.5354,3.5936,3.6193,
2026-07-26,2026-07-27T06:00:00Z,24,3.5354,3.6069,3.6193,
2026-07-26,2026-07-27T07:00:00Z,25,2.9068,3.0126,3.0108,
2026-07-27,2026-07-27T07:00:00Z,1,2.9068,2.9351,3.0108,
2026-07-26,2026-07-27T08:00:00Z,26,2.5743,2.676,2.6707,
2026-07-27,2026-07-27T08:00:00Z,2,2.5743,2.6098,2.6707,
2026-07-26,2026-07-27T09:00:00Z,27,2.6613,2.7411,2.7397,
2026-07-27,2026-07-27T09:00:00Z,3,2.6613,2.6785,2.7397,
2026-07-26,2026-07-27T10:00:00Z,28,3.2102,3.2453,3.2481,
2026-07-27,2026-07-27T10:00:00Z,4,3.2102,3.1953,3.2481,
2026-07-26,2026-07-27T11:00:00Z,29,4.0488,4.0529,4.057,
2026-07-27,2026-07-27T11:00:00Z,5,4.0488,4.0184,4.057,
2026-07-26,2026-07-27T12:00:00Z,30,4.9243,4.9255,4.9258,
2026-07-27,2026-07-27T12:00:00Z,6,4.9243,4.8904,4.9258,
2026-07-26,2026-07-27T13:00:00Z,31,5.6518,5.638,5.6388,
2026-07-27,2026-07-27T13:00:00Z,7,5.6518,5.6203,5.6388,
2026-07-26,2026-07-27T14:00:00Z,32,6.0346,6.0262,6.0357,
2026-07-27,2026-07-27T14:00:00Z,8,6.0346,6.0014,6.0357,
2026-07-26,2026-07-27T15:00:00Z,33,5.9613,5.9786,5.9909,
2026-07-27,2026-07-27T15:00:00Z,9,5.9613,5.9554,5.9909,
2026-07-26,2026-07-27T16:00:00Z,34,5.4529,5.4871,5.4924,
2026-07-27,2026-07-27T16:00:00Z,10,5.4529,5.4433,5.4924,
2026-07-26,2026-07-27T17:00:00Z,35,4.6538,4.6953,4.7003,
2026-07-27,2026-07-27T17:00:00Z,11,4.6538,4.6351,4.7003,
2026-07-26,2026-07-27T18:00:00Z,36,3.762,3.8128,3.834,
2026-07-27,2026-07-27T18:00:00Z,12,3.762,3.7579,3.834,
2026-07-26,2026-07-27T19:00:00Z,37,2.9629,3.0517,3.0651,
2026-07-27,2026-07-27T19:00:00Z,13,2.9629,2.9776,3.0651,
2026-07-26,2026-07-27T20:00:00Z,38,2.4302,2.5464,2.5473,
2026-07-27,2026-07-27T20:00:00Z,14,2.4302,2.4767,2.5473,
2026-07-26,2026-07-27T21:00:00Z,39,2.3465,2.435,2.4329,
2026-07-27,2026-07-27T21:00:00Z,15,2.3465,2.3689,2.4329,
2026-07-26,2026-07-27T22:00:00Z,40,2.7689,2.7884,2.7916,
2026-07-27,2026-07-27T22:00:00Z,16,2.7689,2.7259,2.7916,
2026-07-26,2026-07-27T23:00:00Z,41,3.5223,3.5279,3.5356,
2026-07-27,2026-07-27T23:00:00Z,17,3.5223,3.4755,3.5356,
2026-07-26,2026-07-28T00:00:00Z,42,4.4371,4.4302,4.4436,
2026-07-27,2026-07-28T00:00:00Z,18,4.4371,4.4038,4.4436,
2026-07-26,2026-07-28T01:00:00Z,43,5.3017,5.2789,5.271,
2026-07-27,2026-07-28T01:00:00Z,19,5.3017,5.256,5.271,
2026-07-26,2026-07-28T02:00:00Z,44,5.8547,5.8223,5.8276,
2026-07-27,2026-07-28T02:00:00Z,20,5.8547,5.8171,5.8276,
2026-07-26,2026-07-28T03:00:00Z,45,5.9852,5.9587,5.9697,
2026-07-27,2026-07-28T03:00:00Z,21,5.9852,5.9644,5.9697,
2026-07-26,2026-07-28T04:00:00Z,46,5.6336,5.6403,5.639,
2026-07-27,2026-07-28T04:00:00Z,22,5.6336,5.6301,5.639,
2026-07-26,2026-07-28T05:00:00Z,47,4.9111,4.9529,4.941,
2026-07-27,2026-07-28T05:00:00Z,23,4.9111,4.9267,4.941,
2026-07-26,2026-07-28T06:00:00Z,48,4.0638,4.101,4.0853,
2026-07-27,2026-07-28T06:00:00Z,24,4.0638,4.0522,4.0853,
2026-07-27,2026-07-28T07:00:00Z,25,3.2346,3.1975,3.2573,
2026-07-28,2026-07-28T07:00:00Z,1,3.2346,3.2291,3.2573,
2026-07-27,2026-07-28T08:00:00Z,26,2.592,2.5645,2.6233,
2026-07-28,2026-07-28T08:00:00Z,2,2.592,2.6095,2.6233,
2026-07-27,2026-07-28T09:00:00Z,27,2.3205,2.3162,2.3724,
2026-07-28,2026-07-28T09:00:00Z,3,2.3205,2.368,2.3724,
2026-07-27,2026-07-28T10:00:00Z,28,2.6188,2.5972,2.6343,
2026-07-28,2026-07-28T10:00:00Z,4,2.6188,2.6287,2.6343,
2026-07-27,2026-07-28T11:00:00Z,29,3.4162,3.3407,3.3679,
2026-07-28,2026-07-28T11:00:00Z,5,3.4162,3.375,3.3679,
2026-07-27,2026-07-28T12:00:00Z,30,4.4206,4.3405,4.3618,
2026-07-28,2026-07-28T12:00:00Z,6,4.4206,4.3715,4.3618,
2026-07-27,2026-07-28T13:00:00Z,31,5.3952,5.3362,5.341,
2026-07-28,2026-07-28T13:00:00Z,7,5.3952,5.3769,5.341,
2026-07-27,2026-07-28T14:00:00Z,32,6.1423,6.058,6.0669,
2026-07-28,2026-07-28T14:00:00Z,8,6.1423,6.1048,6.0669,
2026-07-27,2026-07-28T15:00:00Z,33,6.4171,6.3316,6.3544,
2026-07-28,2026-07-28T15:00:00Z,9,6.4171,6.3868,6.3544,
2026-07-27,2026-07-28T16:00:00Z,34,6.122,6.0926,6.0994,
2026-07-28,2026-07-28T16:00:00Z,10,6.122,6.1329,6.0994,
2026-07-27,2026-07-28T17:00:00Z,35,5.375,5.3712,5.3732,
2026-07-28,2026-07-28T17:00:00Z,11,5.375,5.3961,5.3732,
2026-07-27,2026-07-28T18:00:00Z,36,4.394,4.3875,4.4044,
2026-07-28,2026-07-28T18:00:00Z,12,4.394,4.4105,4.4044,
2026-07-27,2026-07-28T19:00:00Z,37,3.4154,3.405,3.4255,
2026-07-28,2026-07-28T19:00:00Z,13,3.4154,3.4007,3.4255,
2026-07-27,2026-07-28T20:00:00Z,38,2.627,2.6042,2.6194,
2026-07-28,2026-07-28T20:00:00Z,14,2.627,2.6069,2.6194,
2026-07-27,2026-07-28T21:00:00Z,39,2.1735,2.1563,2.1756,
2026-07-28,2026-07-28T21:00:00Z,15,2.1735,2.1787,2.1756,
2026-07-27,2026-07-28T22:00:00Z,40,2.2486,2.2479,2.2506,
2026-07-28,2026-07-28T22:00:00Z,16,2.2486,2.2515,2.2506,
2026-07-27,2026-07-28T23:00:00Z,41,2.8803,2.858,2.8527,
2026-07-28,2026-07-28T23:00:00Z,17,2.8803,2.8542,2.8527,
2026-07-27,2026-07-29T00:00:00Z,42,3.858,3.8155,3.8124,
2026-07-28,2026-07-29T00:00:00Z,18,3.858,3.8241,3.8124,
2026-07-27,2026-07-29T01:00:00Z,43,4.9089,4.8734,4.8571,
2026-07-28,2026-07-29T01:00:00Z,19,4.9089,4.8672,4.8571,
2026-07-27,2026-07-29T02:00:00Z,44,5.7697,5.7436,5.7164,
2026-07-28,2026-07-29T02:00:00Z,20,5.7697,5.7443,5.7164,
2026-07-27,2026-07-29T03:00:00Z,45,6.2217,6.2033,6.1783,
2026-07-28,2026-07-29T03:00:00Z,21,6.2217,6.2003,6.1783,
2026-07-27,2026-07-29T04:00:00Z,46,6.1359,6.1452,6.1134,
2026-07-28,2026-07-29T04:00:00Z,22,6.1359,6.1303,6.1134,
2026-07-27,2026-07-29T05:00:00Z,47,5.5276,5.5694,5.5413,
2026-07-28,2026-07-29T05:00:00Z,23,5.5276,5.559,5.5413,
2026-07-27,2026-07-29T06:00:00Z,48,4.6322,4.6664,4.6502,
2026-07-28,2026-07-29T06:00:00Z,24,4.6322,4.6591,4.6502,
2026-07-28,2026-07-29T07:00:00Z,25,3.6697,3.6798,3.6726,
2026-07-29,2026-07-29T07:00:00Z,1,3.6697,3.6669,3.6726,
2026-07-28,2026-07-29T08:00:00Z,26,2.8235,2.8022,2.798,
2026-07-29,2026-07-29T08:00:00Z,2,2.8235,2.8023,2.798,
2026-07-28,2026-07-29T09:00:00Z,27,2.2365,2.2302,2.2288,
2026-07-29,2026-07-29T09:00:00Z,3,2.2365,2.2453,2.2288,
2026-07-28,2026-07-29T10:00:00Z,28,2.1519,2.1628,2.1725,
2026-07-29,2026-07-29T10:00:00Z,4,2.1519,2.1932,2.1725,
2026-07-28,2026-07-29T11:00:00Z,29,2.7297,2.6796,2.7,
2026-07-29,2026-07-29T11:00:00Z,5,2.7297,2.7202,2.7,
2026-07-28,2026-07-29T12:00:00Z,30,3.7161,3.6622,3.6729,
2026-07-29,2026-07-29T12:00:00Z,6,3.7161,3.7104,3.6729,
2026-07-28,2026-07-29T13:00:00Z,31,4.8413,4.8091,4.8177,
2026-07-29,2026-07-29T13:00:00Z,7,4.8413,4.8372,4.8177,
2026-07-28,2026-07-29T14:00:00Z,32,5.8614,5.8458,5.837,
2026-07-29,2026-07-29T14:00:00Z,8,5.8614,5.863,5.837,
2026-07-28,2026-07-29T15:00:00Z,33,6.4843,6.4728,6.4736,
2026-07-29,2026-07-29T15:00:00Z,9,6.4843,6.4808,6.4736,
2026-07-28,2026-07-29T16:00:00Z,34,6.5541,6.5332,6.5444,
2026-07-29,2026-07-29T16:00:00Z,10,6.5541,6.5506,6.5444,
2026-07-28,2026-07-29T17:00:00Z,35,5.9993,6.0131,6.0165,
2026-07-29,2026-07-29T17:00:00Z,11,5.9993,6.0115,6.0165,
2026-07-28,2026-07-29T18:00:00Z,36,5.0384,5.0301,5.0633,
2026-07-29,2026-07-29T18:00:00Z,12,5.0384,5.0363,5.0633,
2026-07-28,2026-07-29T19:00:00Z,37,3.9368,3.9187,3.9576,
2026-07-29,2026-07-29T19:00:00Z,13,3.9368,3.9102,3.9576,
2026-07-28,2026-07-29T20:00:00Z,38,2.9084,2.8852,2.9249,
2026-07-29,2026-07-29T20:00:00Z,14,2.9084,2.8861,2.9249,
2026-07-28,2026-07-29T21:00:00Z,39,2.1489,2.1283,2.1655,
2026-07-29,2026-07-29T21:00:00Z,15,2.1489,2.1635,2.1655,
2026-07-28,2026-07-29T22:00:00Z,40,1.8555,1.8855,1.8982,
2026-07-29,2026-07-29T22:00:00Z,16,1.8555,1.9121,1.8982,
2026-07-28,2026-07-29T23:00:00Z,41,2.215,2.2133,2.2449,
2026-07-29,2026-07-29T23:00:00Z,17,2.215,2.2295,2.2449,
2026-07-28,2026-07-30T00:00:00Z,42,3.1113,3.085,3.1172,
2026-07-29,2026-07-30T00:00:00Z,18,3.1113,3.1082,3.1172,
2026-07-28,2026-07-30T01:00:00Z,43,4.2599,4.2272,4.2611,
2026-07-29,2026-07-30T01:00:00Z,19,4.2599,4.2512,4.2611,
2026-07-28,2026-07-30T02:00:00Z,44,5.3592,5.3589,5.3672,
2026-07-29,2026-07-30T02:00:00Z,20,5.3592,5.3629,5.3672,
2026-07-28,2026-07-30T03:00:00Z,45,6.1467,6.1652,6.1516,
2026-07-29,2026-07-30T03:00:00Z,21,6.1467,6.1488,6.1516,
2026-07-28,2026-07-30T04:00:00Z,46,6.3973,6.4019,6.4081,
2026-07-29,2026-07-30T04:00:00Z,22,6.3973,6.3926,6.4081,
2026-07-28,2026-07-30T05:00:00Z,47,6.0272,6.0619,6.0673,
2026-07-29,2026-07-30T05:00:00Z,23,6.0272,6.0573,6.0673,
2026-07-28,2026-07-30T06:00:00Z,48,5.2142,5.2209,5.2509,
2026-07-29,2026-07-30T06:00:00Z,24,5.2142,5.2215,5.2509,
2026-07-29,2026-07-30T07:00:00Z,25,4.1889,4.1822,4.2097,
2026-07-30,2026-07-30T07:00:00Z,1,4.1889,4.1743,4.2097,
2026-07-29,2026-07-30T08:00:00Z,26,3.1666,3.1388,3.1732,
2026-07-30,2026-07-30T08:00:00Z,2,3.1666,3.146,3.1732,
2026-07-29,2026-07-30T09:00:00Z,27,2.3511,2.313,2.3352,
2026-07-30,2026-07-30T09:00:00Z,3,2.3511,2.3172,2.3352,
2026-07-29,2026-07-30T10:00:00Z,28,1.9031,1.9224,1.9305,
2026-07-30,2026-07-30T10:00:00Z,4,1.9031,1.9211,1.9305,
2026-07-29,2026-07-30T11:00:00Z,29,2.0827,2.1313,2.1484,
2026-07-30,2026-07-30T11:00:00Z,5,2.0827,2.1203,2.1484,
2026-07-29,2026-07-30T12:00:00Z,30,2.9338,2.9475,2.9636,
2026-07-30,2026-07-30T12:00:00Z,6,2.9338,2.9416,2.9636,
2026-07-29,2026-07-30T13:00:00Z,31,4.1405,4.1319,4.1394,
2026-07-30,2026-07-30T13:00:00Z,7,4.1405,4.1229,4.1394,
2026-07-29,2026-07-30T14:00:00Z,32,5.3533,5.3678,5.3599,
2026-07-30,2026-07-30T14:00:00Z,8,5.3533,5.3431,5.3599,
2026-07-29,2026-07-30T15:00:00Z,33,6.2913,6.32,6.318,
2026-07-30,2026-07-30T15:00:00Z,9,6.2913,6.2978,6.318,
2026-07-29,2026-07-30T16:00:00Z,34,6.7402,6.7506,6.7561,
2026-07-30,2026-07-30T16:00:00Z,10,6.7402,6.7115,6.7561,
2026-07-29,2026-07-30T17:00:00Z,35,6.5094,6.5304,6.5354,
2026-07-30,2026-07-30T17:00:00Z,11,6.5094,6.4994,6.5354,
2026-07-29,2026-07-30T18:00:00Z,36,5.6788,5.7187,5.7288,
2026-07-30,2026-07-30T18:00:00Z,12,5.6788,5.6923,5.7288,
2026-07-29,2026-07-30T19:00:00Z,37,4.5586,4.5687,4.5993,
2026-07-30,2026-07-30T19:00:00Z,13,4.5586,4.5351,4.5993,
2026-07-29,2026-07-30T20:00:00Z,38,3.398,3.3931,3.4271,
2026-07-30,2026-07-30T20:00:00Z,14,3.398,3.3662,3.4271,
2026-07-29,2026-07-30T21:00:00Z,39,2.4259,2.3878,2.4204,
2026-07-30,2026-07-30T21:00:00Z,15,2.4259,2.3643,2.4204,
2026-07-29,2026-07-30T22:00:00Z,40,1.813,1.7927,1.8018,
2026-07-30,2026-07-30T22:00:00Z,16,1.813,1.7792,1.8018,
2026-07-29,2026-07-30T23:00:00Z,41,1.7701,1.778,1.7975,
2026-07-30,2026-07-30T23:00:00Z,17,1.7701,1.7546,1.7975,
2026-07-29,2026-07-31T00:00:00Z,42,2.4203,2.4126,2.4532,
2026-07-30,2026-07-31T00:00:00Z,18,2.4203,2.4251,2.4532,
2026-07-29,2026-07-31T01:00:00Z,43,3.5249,3.5273,3.5663,
2026-07-30,2026-07-31T01:00:00Z,19,3.5249,3.5418,3.5663,
2026-07-29,2026-07-31T02:00:00Z,44,4.7761,4.7858,4.8134,
2026-07-30,2026-07-31T02:00:00Z,20,4.7761,4.7751,4.8134,
2026-07-29,2026-07-31T03:00:00Z,45,5.8451,5.8607,5.872,
2026-07-30,2026-07-31T03:00:00Z,21,5.8451,5.8437,5.872,
2026-07-29,2026-07-31T04:00:00Z,46,6.4311,6.4502,6.4707,
2026-07-30,2026-07-31T04:00:00Z,22,6.4311,6.428,6.4707,
2026-07-29,2026-07-31T05:00:00Z,47,6.407,6.4285,6.4445,
2026-07-30,2026-07-31T05:00:00Z,23,6.407,6.4032,6.4445,
2026-07-29,2026-07-31T06:00:00Z,48,5.7826,5.8005,5.8159,
2026-07-30,2026-07-31T06:00:00Z,24,5.7826,5.7694,5.8159,
2026-07-30,2026-07-31T07:00:00Z,25,4.7703,4.7281,4.8049,
2026-07-31,2026-07-31T07:00:00Z,1,4.7703,4.7502,4.8049,
2026-07-30,2026-07-31T08:00:00Z,26,3.6431,3.612,3.6901,
2026-07-31,2026-07-31T08:00:00Z,2,3.6431,3.6387,3.6901,
2026-07-30,2026-07-31T09:00:00Z,27,2.6445,2.5873,2.6775,
2026-07-31,2026-07-31T09:00:00Z,3,2.6445,2.6168,2.6775,
2026-07-30,2026-07-31T10:00:00Z,28,1.937,1.8892,1.9658,
2026-07-31,2026-07-31T10:00:00Z,4,1.937,1.9184,1.9658,
2026-07-30,2026-07-31T11:00:00Z,29,1.7505,1.7377,1.8061,
2026-07-31,2026-07-31T11:00:00Z,5,1.7505,1.7573,1.8061,
2026-07-30,2026-07-31T12:00:00Z,30,2.287,2.2597,2.3328,
2026-07-31,2026-07-31T12:00:00Z,6,2.287,2.2744,2.3328,
2026-07-30,2026-07-31T13:00:00Z,31,3.36,3.3457,3.4054,
2026-07-31,2026-07-31T13:00:00Z,7,3.36,3.3512,3.4054,
2026-07-30,2026-07-31T14:00:00Z,32,4.6692,4.6376,4.7041,
2026-07-31,2026-07-31T14:00:00Z,8,4.6692,4.6246,4.7041,
2026-07-30,2026-07-31T15:00:00Z,33,5.8676,5.8324,5.8951,
2026-07-31,2026-07-31T15:00:00Z,9,5.8676,5.8198,5.8951,
2026-07-30,2026-07-31T16:00:00Z,34,6.632,6.6073,6.6827,
2026-07-31,2026-07-31T16:00:00Z,10,6.632,6.592,6.6827,
2026-07-30,2026-07-31T17:00:00Z,35,6.7956,6.7586,6.84,
2026-07-31,2026-07-31T17:00:00Z,11,6.7956,6.7518,6.84,
2026-07-30,2026-07-31T18:00:00Z,36,6.2842,6.2538,6.3093,
2026-07-31,2026-07-31T18:00:00Z,12,6.2842,6.2361,6.3093,
2026-07-30,2026-07-31T19:00:00Z,37,5.2635,5.2029,5.2746,
2026-07-31,2026-07-31T19:00:00Z,13,5.2635,5.2124,5.2746,
2026-07-30,2026-07-31T20:00:00Z,38,4.0238,3.966,4.0528,
2026-07-31,2026-07-31T20:00:00Z,14,4.0238,3.9814,4.0528,
2026-07-30,2026-07-31T21:00:00Z,39,2.8739,2.8101,2.8993,
2026-07-31,2026-07-31T21:00:00Z,15,2.8739,2.8247,2.8993,
2026-07-30,2026-07-31T22:00:00Z,40,2.0077,1.9438,2.0036,
2026-07-31,2026-07-31T22:00:00Z,16,2.0077,1.9546,2.0036,
2026-07-30,2026-07-31T23:00:00Z,41,1.5732,1.5355,1.6088,
2026-07-31,2026-07-31T23:00:00Z,17,1.5732,1.5403,1.6088,
2026-07-30,2026-08-01T00:00:00Z,42,1.8568,1.8265,1.9162,
2026-07-31,2026-08-01T00:00:00Z,18,1.8568,1.8451,1.9162,
2026-07-30,2026-08-01T01:00:00Z,43,2.8066,2.7715,2.8622,
2026-07-31,2026-08-01T01:00:00Z,19,2.8066,2.7915,2.8622,
2026-07-30,2026-08-01T02:00:00Z,44,4.0749,4.0651,4.1335,
2026-07-31,2026-08-01T02:00:00Z,20,4.0749,4.0628,4.1335,
2026-07-30,2026-08-01T03:00:00Z,45,5.3262,5.3191,5.3695,
2026-07-31,2026-08-01T03:00:00Z,21,5.3262,5.3058,5.3695,
2026-07-30,2026-08-01T04:00:00Z,46,6.2168,6.2245,6.2683,
2026-07-31,2026-08-01T04:00:00Z,22,6.2168,6.2079,6.2683,
2026-07-30,2026-08-01T05:00:00Z,47,6.5419,6.5349,6.5997,
2026-07-31,2026-08-01T05:00:00Z,23,6.5419,6.539,6.5997,
2026-07-30,2026-08-01T06:00:00Z,48,6.2214,6.2098,6.2679,
2026-07-31,2026-08-01T06:00:00Z,24,6.2214,6.2022,6.2679,
2026-07-31,2026-08-01T07:00:00Z,25,5.3524,5.3195,5.3963,
2026-08-01,2026-08-01T07:00:00Z,1,5.3524,5.3386,5.3963,
2026-07-31,2026-08-01T08:00:00Z,26,4.2471,4.194,4.2776,
2026-08-01,2026-08-01T08:00:00Z,2,4.2471,4.2103,4.2776,
2026-07-31,2026-08-01T09:00:00Z,27,3.1445,3.1041,3.181,
2026-08-01,2026-08-01T09:00:00Z,3,3.1445,3.1186,3.181,
2026-07-31,2026-08-01T10:00:00Z,28,2.2595,2.1984,2.2749,
2026-08-01,2026-08-01T10:00:00Z,4,2.2595,2.2188,2.2749,
2026-07-31,2026-08-01T11:00:00Z,29,1.7297,1.6908,1.7624,
2026-08-01,2026-08-01T11:00:00Z,5,1.7297,1.7143,1.7624,
2026-07-31,2026-08-01T12:00:00Z,30,1.8269,1.817,1.8911,
2026-08-01,2026-08-01T12:00:00Z,6,1.8269,1.8227,1.8911,
2026-07-31,2026-08-01T13:00:00Z,31,2.6507,2.6316,2.7109,
2026-08-01,2026-08-01T13:00:00Z,7,2.6507,2.6535,2.7109,
2026-07-31,2026-08-01T14:00:00Z,32,3.9026,3.8966,3.9635,
2026-08-01,2026-08-01T14:00:00Z,8,3.9026,3.8961,3.9635,
2026-07-31,2026-08-01T15:00:00Z,33,5.2269,5.2078,5.2737,
2026-08-01,2026-08-01T15:00:00Z,9,5.2269,5.2088,5.2737,
2026-07-31,2026-08-01T16:00:00Z,34,6.2787,6.2638,6.3231,
2026-08-01,2026-08-01T16:00:00Z,10,6.2787,6.2505,6.3231,
2026-07-31,2026-08-01T17:00:00Z,35,6.8003,6.781,6.8556,
2026-08-01,2026-08-01T17:00:00Z,11,6.8003,6.7728,6.8556,
2026-07-31,2026-08-01T18:00:00Z,36,6.6663,6.6484,6.7026,
2026-08-01,2026-08-01T18:00:00Z,12,6.6663,6.6256,6.7026,
2026-07-31,2026-08-01T19:00:00Z,37,5.8904,5.8493,5.9021,
2026-08-01,2026-08-01T19:00:00Z,13,5.8904,5.8545,5.9021,
2026-07-31,2026-08-01T20:00:00Z,38,4.7379,4.6654,4.7288,
2026-08-01,2026-08-01T20:00:00Z,14,4.7379,4.6619,4.7288,
2026-07-31,2026-08-01T21:00:00Z,39,3.4967,3.4537,3.5119,
2026-08-01,2026-08-01T21:00:00Z,15,3.4967,3.4462,3.5119,
2026-07-31,2026-08-01T22:00:00Z,40,2.4441,2.3929,2.4601,
2026-08-01,2026-08-01T22:00:00Z,16,2.4441,2.3938,2.4601,
2026-07-31,2026-08-01T23:00:00Z,41,1.7264,1.6835,1.7484,
2026-08-01,2026-08-01T23:00:00Z,17,1.7264,1.6989,1.7484,
2026-07-31,2026-08-02T00:00:00Z,42,1.5909,1.5594,1.6299,
2026-08-01,2026-08-02T00:00:00Z,18,1.5909,1.5611,1.6299,
2026-07-31,2026-08-02T01:00:00Z,43,2.2117,2.1724,2.2464,
2026-08-01,2026-08-02T01:00:00Z,19,2.2117,2.1754,2.2464,
2026-07-31,2026-08-02T02:00:00Z,44,3.3491,3.3516,3.4088,
2026-08-01,2026-08-02T02:00:00Z,20,3.3491,3.3406,3.4088,
2026-07-31,2026-08-02T03:00:00Z,45,4.6829,4.6653,4.7198,
2026-08-01,2026-08-02T03:00:00Z,21,4.6829,4.6584,4.7198,
2026-07-31,2026-08-02T04:00:00Z,46,5.8498,5.7743,5.8271,
2026-08-01,2026-08-02T04:00:00Z,22,5.8498,5.787,5.8271,
2026-07-31,2026-08-02T05:00:00Z,47,6.5012,6.4355,6.4828,
2026-08-01,2026-08-02T05:00:00Z,23,6.5012,6.4363,6.4828,
2026-07-31,2026-08-02T06:00:00Z,48,6.5232,6.4781,6.517,
2026-08-01,2026-08-02T06:00:00Z,24,6.5232,6.4752,6.517,
2026-08-01,2026-08-02T07:00:00Z,25,5.9403,5.9119,5.9135,
2026-08-02,2026-08-02T07:00:00Z,1,5.9403,5.9271,5.9135,
2026-08-01,2026-08-02T08:00:00Z,26,4.949,4.87,4.8861,
2026-08-02,2026-08-02T08:00:00Z,2,4.949,4.8911,4.8861,
2026-08-01,2026-08-02T09:00:00Z,27,3.8232,3.7611,3.7626,
2026-08-02,2026-08-02T09:00:00Z,3,3.8232,3.7689,3.7626,
2026-08-01,2026-08-02T10:00:00Z,28,2.813,2.7771,2.7682,
2026-08-02,2026-08-02T10:00:00Z,4,2.813,2.7763,2.7682,
2026-08-01,2026-08-02T11:00:00Z,29,2.0705,2.0297,2.0298,
2026-08-02,2026-08-02T11:00:00Z,5,2.0705,2.0404,2.0298,
2026-08-01,2026-08-02T12:00:00Z,30,1.7886,1.7719,1.7571,
2026-08-02,2026-08-02T12:00:00Z,6,1.7886,1.754,1.7571,
2026-08-01,2026-08-02T13:00:00Z,31,2.2185,2.1794,2.1737,
2026-08-02,2026-08-02T13:00:00Z,7,2.2185,2.1934,2.1737,
2026-08-01,2026-08-02T14:00:00Z,32,3.2511,3.2316,3.2225,
2026-08-02,2026-08-02T14:00:00Z,8,3.2511,3.24,3.2225,
2026-08-01,2026-08-02T15:00:00Z,33,4.5709,4.5531,4.542,
2026-08-02,2026-08-02T15:00:00Z,9,4.5709,4.5637,4.542,
2026-08-01,2026-08-02T16:00:00Z,34,5.8231,5.7709,5.745,
2026-08-02,2026-08-02T16:00:00Z,10,5.8231,5.7782,5.745,
2026-08-01,2026-08-02T17:00:00Z,35,6.6554,6.5783,6.5669,
2026-08-02,2026-08-02T17:00:00Z,11,6.6554,6.6104,6.5669,
2026-08-01,2026-08-02T18:00:00Z,36,6.899,6.8188,6.8111,
2026-08-02,2026-08-02T18:00:00Z,12,6.899,6.854,6.8111,
2026-08-01,2026-08-02T19:00:00Z,37,6.4696,6.3904,6.3764,
2026-08-02,2026-08-02T19:00:00Z,13,6.4696,6.4316,6.3764,
2026-08-01,2026-08-02T20:00:00Z,38,5.496,5.4185,5.3899,
2026-08-02,2026-08-02T20:00:00Z,14,5.496,5.434,5.3899,
2026-08-01,2026-08-02T21:00:00Z,39,4.2919,4.205,4.1844,
2026-08-02,2026-08-02T21:00:00Z,15,4.2919,4.2363,4.1844,
2026-08-01,2026-08-02T22:00:00Z,40,3.1456,3.0767,3.0627,
2026-08-02,2026-08-02T22:00:00Z,16,3.1456,3.1056,3.0627,
2026-08-01,2026-08-02T23:00:00Z,41,2.256,2.215,2.1768,
2026-08-02,2026-08-02T23:00:00Z,17,2.256,2.2217,2.1768,
2026-08-01,2026-08-03T00:00:00Z,42,1.7742,1.7289,1.6934,
2026-08-02,2026-08-03T00:00:00Z,18,1.7742,1.7411,1.6934,
2026-08-01,2026-08-03T01:00:00Z,43,1.9581,1.8957,1.8593,
2026-08-02,2026-08-03T01:00:00Z,19,1.9581,1.9025,1.8593,
2026-08-01,2026-08-03T02:00:00Z,44,2.815,2.7715,2.7284,
2026-08-02,2026-08-03T02:00:00Z,20,2.815,2.7799,2.7284,
2026-08-01,2026-08-03T03:00:00Z,45,4.0404,4.0464,3.9924,
2026-08-02,2026-08-03T03:00:00Z,21,4.0404,4.0489,3.9924,
2026-08-01,2026-08-03T04:00:00Z,46,5.2887,5.2757,5.2186,
2026-08-02,2026-08-03T04:00:00Z,22,5.2887,5.2726,5.2186,
2026-08-01,2026-08-03T05:00:00Z,47,6.2259,6.1754,6.1105,
2026-08-02,2026-08-03T05:00:00Z,23,6.2259,6.1732,6.1105,
2026-08-01,2026-08-03T06:00:00Z,48,6.6128,6.5466,6.4926,
2026-08-02,2026-08-03T06:00:00Z,24,6.6128,6.5471,6.4926,
2026-08-02,2026-08-03T07:00:00Z,25,6.3767,6.3672,6.2566,
2026-08-03,2026-08-03T07:00:00Z,1,6.3767,6.4689,6.1597,
2026-08-02,2026-08-03T08:00:00Z,26,5.5884,5.5789,5.4608,
2026-08-03,2026-08-03T08:00:00Z,2,5.5884,5.7047,5.4464,
2026-08-02,2026-08-03T09:00:00Z,27,4.524,4.509,4.385,
2026-08-03,2026-08-03T09:00:00Z,3,4.524,4.61,4.4731,
2026-08-02,2026-08-03T10:00:00Z,28,3.4502,3.4747,3.3494,
2026-08-03,2026-08-03T10:00:00Z,4,3.4502,3.5035,3.5116,
2026-08-02,2026-08-03T11:00:00Z,29,2.5832,2.6261,2.5121,
2026-08-03,2026-08-03T11:00:00Z,5,2.5832,2.5888,2.7008,
2026-08-02,2026-08-03T12:00:00Z,30,2.0303,2.085,1.9684,
2026-08-03,2026-08-03T12:00:00Z,6,2.0303,1.9521,2.1482,
2026-08-02,2026-08-03T13:00:00Z,31,2.0112,2.0573,1.9381,
2026-08-03,2026-08-03T13:00:00Z,7,2.0112,1.8664,2.0784,
2026-08-02,2026-08-03T14:00:00Z,32,2.6964,2.71,2.5963,
2026-08-03,2026-08-03T14:00:00Z,8,2.6964,2.5137,2.6547,
2026-08-02,2026-08-03T15:00:00Z,33,3.8399,3.8944,3.7691,
2026-08-03,2026-08-03T15:00:00Z,9,3.8399,3.6485,3.7062,
2026-08-02,2026-08-03T16:00:00Z,34,5.0844,5.1459,5.0299,
2026-08-03,2026-08-03T16:00:00Z,10,5.0844,4.9587,4.8517,
2026-08-02,2026-08-03T17:00:00Z,35,6.1191,6.1373,6.0347,
2026-08-03,2026-08-03T17:00:00Z,11,6.1191,6.0413,5.8017,
2026-08-02,2026-08-03T18:00:00Z,36,6.6947,6.6829,6.5973,
2026-08-03,2026-08-03T18:00:00Z,12,6.6947,6.6555,6.3757,
2026-08-02,2026-08-03T19:00:00Z,37,6.6843,6.6687,6.5785,
2026-08-03,2026-08-03T19:00:00Z,13,6.6843,6.6598,6.4143,
2026-08-02,2026-08-03T20:00:00Z,38,6.0453,6.0462,5.9371,
2026-08-03,2026-08-03T20:00:00Z,14,6.0453,6.0205,5.8728,
2026-08-02,2026-08-03T21:00:00Z,39,4.9946,4.9672,4.8715,
2026-08-03,2026-08-03T21:00:00Z,15,4.9946,4.9887,4.9291,
2026-08-02,2026-08-03T22:00:00Z,40,3.8418,3.8323,3.735,
2026-08-03,2026-08-03T22:00:00Z,16,3.8418,3.8075,3.8858,
2026-08-02,2026-08-03T23:00:00Z,41,2.85,2.8666,2.773,
2026-08-03,2026-08-03T23:00:00Z,17,2.85,2.6595,2.9659,
2026-08-02,2026-08-04T00:00:00Z,42,2.4221,2.176,2.0832,
2026-08-03,2026-08-04T00:00:00Z,18,2.1238,1.9252,2.2784,
2026-08-02,2026-08-04T01:00:00Z,43,2.4221,1.9423,1.8318,
2026-08-03,2026-08-04T01:00:00Z,19,1.8626,1.6449,1.987,
2026-08-02,2026-08-04T02:00:00Z,44,2.3387,2.3484,2.2407,
2026-08-03,2026-08-04T02:00:00Z,20,2.3387,2.0501,2.3038,
2026-08-02,2026-08-04T03:00:00Z,45,3.3507,3.371,3.2608,
2026-08-03,2026-08-04T03:00:00Z,21,3.3507,3.1159,3.1979,
2026-08-02,2026-08-04T04:00:00Z,46,4.5397,4.6055,4.4982,
2026-08-03,2026-08-04T04:00:00Z,22,4.5397,4.3939,4.3219,
2026-08-02,2026-08-04T05:00:00Z,47,5.623,5.6565,5.5452,
2026-08-03,2026-08-04T05:00:00Z,23,5.623,5.5864,5.3159,
2026-08-02,2026-08-04T06:00:00Z,48,6.3143,6.3038,6.1918,
2026-08-03,2026-08-04T06:00:00Z,24,6.3143,6.3489,5.9864,
2026-08-03,2026-08-04T07:00:00Z,25,6.4683,6.5793,6.205,
2026-08-04,2026-08-04T07:00:00Z,1,6.4337,6.4273,6.3288,
2026-08-03,2026-08-04T08:00:00Z,26,6.4683,6.1582,5.8942,
2026-08-04,2026-08-04T08:00:00Z,2,5.9695,5.9912,5.8967,
2026-08-03,2026-08-04T09:00:00Z,27,5.1017,5.2543,5.1526,
2026-08-04,2026-08-04T09:00:00Z,3,5.1091,5.1049,5.0139,
2026-08-03,2026-08-04T10:00:00Z,28,4.5004,4.2344,4.2424,
2026-08-04,2026-08-04T10:00:00Z,4,4.1074,4.1053,3.9914,
2026-08-03,2026-08-04T11:00:00Z,29,4.5004,3.2602,3.3936,
2026-08-04,2026-08-04T11:00:00Z,5,3.1784,3.2128,3.1025,
2026-08-03,2026-08-04T12:00:00Z,30,2.4589,2.5125,2.6974,
2026-08-04,2026-08-04T12:00:00Z,6,2.4604,2.5211,2.4356,
2026-08-03,2026-08-04T13:00:00Z,31,2.0851,2.0706,2.2584,
2026-08-04,2026-08-04T13:00:00Z,7,2.0851,2.1706,2.0765,
2026-08-03,2026-08-04T14:00:00Z,32,2.2933,2.1332,2.3053,
2026-08-04,2026-08-04T14:00:00Z,8,2.2933,2.3522,2.251,
2026-08-03,2026-08-04T15:00:00Z,33,2.6475,2.8418,2.951,
2026-08-04,2026-08-04T15:00:00Z,9,3.1092,3.161,3.0609,
2026-08-03,2026-08-04T16:00:00Z,34,2.6475,3.9993,3.967,
2026-08-04,2026-08-04T16:00:00Z,10,4.2383,4.3323,4.231,
2026-08-03,2026-08-04T17:00:00Z,35,5.3351,5.1233,4.9878,
2026-08-04,2026-08-04T17:00:00Z,11,5.3351,5.4263,5.3318,
2026-08-03,2026-08-04T18:00:00Z,36,6.1349,6.042,5.7844,
2026-08-04,2026-08-04T18:00:00Z,12,6.1349,6.1977,6.1059,
2026-08-03,2026-08-04T19:00:00Z,37,6.4989,6.4656,6.2158,
2026-08-04,2026-08-04T19:00:00Z,13,6.4989,6.553,6.4399,
2026-08-03,2026-08-04T20:00:00Z,38,6.299,6.2819,6.1454,
2026-08-04,2026-08-04T20:00:00Z,14,6.299,6.3391,6.2307,
2026-08-03,2026-08-04T21:00:00Z,39,5.5425,5.6153,5.5603,
2026-08-04,2026-08-04T21:00:00Z,15,5.5425,5.5821,5.4853,
2026-08-03,2026-08-04T22:00:00Z,40,4.5342,4.5997,4.6621,
2026-08-04,2026-08-04T22:00:00Z,16,4.5342,4.5446,4.4495,
2026-08-03,2026-08-04T23:00:00Z,41,3.539,3.5023,3.7354,
2026-08-04,2026-08-04T23:00:00Z,17,3.539,3.551,3.4568,
2026-08-03,2026-08-05T00:00:00Z,42,2.7166,2.6534,2.9508,
2026-08-04,2026-08-05T00:00:00Z,18,2.7166,2.7598,2.6772,
2026-08-03,2026-08-05T01:00:00Z,43,2.1592,2.1096,2.3846,
2026-08-04,2026-08-05T01:00:00Z,19,2.1592,2.2319,2.1707,
2026-08-03,2026-08-05T02:00:00Z,44,2.1106,1.9495,2.203,
2026-08-04,2026-08-05T02:00:00Z,20,2.1106,2.1848,2.1107,
2026-08-03,2026-08-05T03:00:00Z,45,2.7186,2.4985,2.5978,
2026-08-04,2026-08-05T03:00:00Z,21,2.7186,2.7573,2.6763,
2026-08-03,2026-08-05T04:00:00Z,46,3.7274,3.4945,3.4837,
2026-08-04,2026-08-05T04:00:00Z,22,3.7274,3.8042,3.7229,
2026-08-03,2026-08-05T05:00:00Z,47,4.7878,4.7425,4.5014,
2026-08-04,2026-08-05T05:00:00Z,23,4.7878,4.8886,4.8281,
2026-08-03,2026-08-05T06:00:00Z,48,5.621,5.6414,5.3471,
2026-08-04,2026-08-05T06:00:00Z,24,5.621,5.7254,5.6604,
2026-08-04,2026-08-05T07:00:00Z,25,6.0062,6.101,6.0961,
2026-08-05,2026-08-05T07:00:00Z,1,6.064,6.0687,6.0961,
2026-08-04,2026-08-05T08:00:00Z,26,6.0062,6.0657,6.0654,
2026-08-05,2026-08-05T08:00:00Z,2,6.0328,6.0342,6.0654,
2026-08-04,2026-08-05T09:00:00Z,27,6.118,5.5331,5.5404,
2026-08-05,2026-08-05T09:00:00Z,3,5.4875,5.5057,5.5404,
2026-08-04,2026-08-05T10:00:00Z,28,5.0025,4.6697,4.6777,
2026-08-05,2026-08-05T10:00:00Z,4,4.6515,4.6388,4.6777,
2026-08-04,2026-08-05T11:00:00Z,29,5.0025,3.775,3.7791,
2026-08-05,2026-08-05T11:00:00Z,5,3.7667,3.7295,3.7791,
2026-08-04,2026-08-05T12:00:00Z,30,3.9325,3.0507,3.0479,
2026-08-05,2026-08-05T12:00:00Z,6,3.0188,3.0083,3.0479,
2026-08-04,2026-08-05T13:00:00Z,31,2.4398,2.526,2.5229,
2026-08-05,2026-08-05T13:00:00Z,7,2.4398,2.4729,2.5229,
2026-08-04,2026-08-05T14:00:00Z,32,2.2117,2.3069,2.3029,
2026-08-05,2026-08-05T14:00:00Z,8,2.2117,2.2181,2.3029,
2026-08-04,2026-08-05T15:00:00Z,33,2.5871,2.6187,2.6042,
2026-08-05,2026-08-05T15:00:00Z,9,2.5871,2.5541,2.6042,
2026-08-04,2026-08-05T16:00:00Z,34,3.4078,3.4536,3.446,
2026-08-05,2026-08-05T16:00:00Z,10,3.4078,3.3942,3.446,
2026-08-04,2026-08-05T17:00:00Z,35,4.3852,4.4893,4.5005,
2026-08-05,2026-08-05T17:00:00Z,11,4.3852,4.4327,4.5005,
2026-08-04,2026-08-05T18:00:00Z,36,5.2819,5.3673,5.3987,
2026-08-05,2026-08-05T18:00:00Z,12,5.2819,5.3296,5.3987,
2026-08-04,2026-08-05T19:00:00Z,37,5.8778,5.9571,5.9778,
2026-08-05,2026-08-05T19:00:00Z,13,5.8778,5.918,5.9778,
2026-08-04,2026-08-05T20:00:00Z,38,6.082,6.1401,6.163,
2026-08-05,2026-08-05T20:00:00Z,14,6.082,6.1201,6.163,
2026-08-04,2026-08-05T21:00:00Z,39,5.7782,5.8454,5.8653,
2026-08-05,2026-08-05T21:00:00Z,15,5.7782,5.8208,5.8653,
2026-08-04,2026-08-05T22:00:00Z,40,5.0316,5.114,5.128,
2026-08-05,2026-08-05T22:00:00Z,16,5.0316,5.0679,5.128,
2026-08-04,2026-08-05T23:00:00Z,41,4.1693,4.1958,4.2107,
2026-08-05,2026-08-05T23:00:00Z,17,4.1693,4.1507,4.2107,
2026-08-04,2026-08-06T00:00:00Z,42,3.3691,3.37,3.3901,
2026-08-05,2026-08-06T00:00:00Z,18,3.3691,3.3378,3.3901,
2026-08-04,2026-08-06T01:00:00Z,43,2.6925,2.7395,2.7656,
2026-08-05,2026-08-06T01:00:00Z,19,2.6925,2.7188,2.7656,
2026-08-04,2026-08-06T02:00:00Z,44,2.263,2.3728,2.3882,
2026-08-05,2026-08-06T02:00:00Z,20,2.263,2.3197,2.3882,
2026-08-04,2026-08-06T03:00:00Z,45,2.3709,2.4327,2.4401,
2026-08-05,2026-08-06T03:00:00Z,21,2.3709,2.3777,2.4401,
2026-08-04,2026-08-06T04:00:00Z,46,3.0375,3.0261,3.0478,
2026-08-05,2026-08-06T04:00:00Z,22,3.0375,3.0007,3.0478,
2026-08-04,2026-08-06T05:00:00Z,47,3.9345,3.9774,4.0064,
2026-08-05,2026-08-06T05:00:00Z,23,3.9345,3.9505,4.0064,
2026-08-04,2026-08-06T06:00:00Z,48,4.8031,4.8983,4.9293,
2026-08-05,2026-08-06T06:00:00Z,24,4.8031,4.8827,4.9293,
2026-08-05,2026-08-06T07:00:00Z,25,5.4551,5.4806,5.5812,
2026-08-06,2026-08-06T07:00:00Z,1,5.4551,5.4709,5.5812,
2026-08-05,2026-08-06T08:00:00Z,26,5.7473,5.7909,5.892,
2026-08-06,2026-08-06T08:00:00Z,2,5.7473,5.7854,5.892,
2026-08-05,2026-08-06T09:00:00Z,27,5.6613,5.7058,5.7996,
2026-08-06,2026-08-06T09:00:00Z,3,5.6613,5.7038,5.7996,
2026-08-05,2026-08-06T10:00:00Z,28,5.419,5.1876,5.2917,
2026-08-06,2026-08-06T10:00:00Z,4,5.16,5.1961,5.2917,
2026-08-05,2026-08-06T11:00:00Z,29,5.419,4.4322,4.5329,
2026-08-06,2026-08-06T11:00:00Z,5,4.4455,4.4328,4.5329,
2026-08-05,2026-08-06T12:00:00Z,30,4.5488,3.6972,3.7799,
2026-08-06,2026-08-06T12:00:00Z,6,3.7359,3.7059,3.7799,
2026-08-05,2026-08-06T13:00:00Z,31,3.1123,3.0891,3.1688,
2026-08-06,2026-08-06T13:00:00Z,7,3.1123,3.1002,3.1688,
2026-08-05,2026-08-06T14:00:00Z,32,2.6156,2.6307,2.7233,
2026-08-06,2026-08-06T14:00:00Z,8,2.6156,2.6215,2.7233,
2026-08-05,2026-08-06T15:00:00Z,33,2.4462,2.4598,2.565,
2026-08-06,2026-08-06T15:00:00Z,9,2.4462,2.4516,2.565,
2026-08-05,2026-08-06T16:00:00Z,34,2.8172,2.7925,2.8841,
2026-08-06,2026-08-06T16:00:00Z,10,2.8172,2.7752,2.8841,
2026-08-05,2026-08-06T17:00:00Z,35,3.5471,3.5453,3.6392,
2026-08-06,2026-08-06T17:00:00Z,11,3.5471,3.5371,3.6392,
2026-08-05,2026-08-06T18:00:00Z,36,4.3525,4.4029,4.5174,
2026-08-06,2026-08-06T18:00:00Z,12,4.3525,4.4111,4.5174,
2026-08-05,2026-08-06T19:00:00Z,37,5.0712,5.1446,5.2433,
2026-08-06,2026-08-06T19:00:00Z,13,5.0712,5.122,5.2433,
2026-08-05,2026-08-06T20:00:00Z,38,5.5731,5.6328,5.716,
2026-08-06,2026-08-06T20:00:00Z,14,5.5731,5.6204,5.716,
2026-08-05,2026-08-06T21:00:00Z,39,5.7258,5.7803,5.859,
2026-08-06,2026-08-06T21:00:00Z,15,5.7258,5.7625,5.859,
2026-08-05,2026-08-06T22:00:00Z,40,5.4295,5.5065,5.5856,
2026-08-06,2026-08-06T22:00:00Z,16,5.4295,5.4813,5.5856,
2026-08-05,2026-08-06T23:00:00Z,41,4.8111,4.8577,4.9561,
2026-08-06,2026-08-06T23:00:00Z,17,4.8111,4.8307,4.9561,
2026-08-05,2026-08-07T00:00:00Z,42,4.1203,4.1138,4.2014,
2026-08-06,2026-08-07T00:00:00Z,18,4.1203,4.0901,4.2014,
2026-08-05,2026-08-07T01:00:00Z,43,3.4734,3.4458,3.5244,
2026-08-06,2026-08-07T01:00:00Z,19,3.4734,3.449,3.5244,
2026-08-05,2026-08-07T02:00:00Z,44,2.8973,2.8995,2.985,
2026-08-06,2026-08-07T02:00:00Z,20,2.8973,2.9026,2.985,
2026-08-05,2026-08-07T03:00:00Z,45,2.5401,2.5701,2.6526,
2026-08-06,2026-08-07T03:00:00Z,21,2.5401,2.561,2.6526,
2026-08-05,2026-08-07T04:00:00Z,46,2.6587,2.6457,2.7122,
2026-08-06,2026-08-07T04:00:00Z,22,2.6587,2.6195,2.7122,
2026-08-05,2026-08-07T05:00:00Z,47,3.2366,3.1816,3.247,
2026-08-06,2026-08-07T05:00:00Z,23,3.2366,3.1658,3.247,
2026-08-05,2026-08-07T06:00:00Z,48,4.0009,3.9805,4.049,
2026-08-06,2026-08-07T06:00:00Z,24,4.0009,3.9614,4.049,
2026-08-06,2026-08-07T07:00:00Z,25,4.7077,4.7174,4.8114,
2026-08-07,2026-08-07T07:00:00Z,1,4.7077,4.7318,4.8114,
2026-08-06,2026-08-07T08:00:00Z,26,5.1414,5.2783,5.3734,
2026-08-07,2026-08-07T08:00:00Z,2,5.2314,5.2933,5.3734,
2026-08-06,2026-08-07T09:00:00Z,27,5.1414,5.5866,5.6719,
2026-08-07,2026-08-07T09:00:00Z,3,5.5421,5.5765,5.6719,
2026-08-06,2026-08-07T10:00:00Z,28,5.5398,5.5389,5.6296,
2026-08-07,2026-08-07T10:00:00Z,4,5.531,5.5334,5.6296,
2026-08-06,2026-08-07T11:00:00Z,29,5.6038,5.1274,5.2315,
2026-08-07,2026-08-07T11:00:00Z,5,5.1235,5.1281,5.2315,
2026-08-06,2026-08-07T12:00:00Z,30,4.548,4.5327,4.6152,
2026-08-07,2026-08-07T12:00:00Z,6,4.548,4.5217,4.6152,
2026-08-06,2026-08-07T13:00:00Z,31,3.9817,3.9066,3.9757,
2026-08-07,2026-08-07T13:00:00Z,7,3.9817,3.9132,3.9757,
2026-08-06,2026-08-07T14:00:00Z,32,3.4087,3.3575,3.4099,
2026-08-07,2026-08-07T14:00:00Z,8,3.4087,3.3537,3.4099,
2026-08-06,2026-08-07T15:00:00Z,33,2.9014,2.9094,2.9587,
2026-08-07,2026-08-07T15:00:00Z,9,2.9014,2.9111,2.9587,
2026-08-06,2026-08-07T16:00:00Z,34,2.7043,2.7057,2.7624,
2026-08-07,2026-08-07T16:00:00Z,10,2.7043,2.7096,2.7624,
2026-08-06,2026-08-07T17:00:00Z,35,2.9663,2.9327,2.9854,
2026-08-07,2026-08-07T17:00:00Z,11,2.9663,2.9403,2.9854,
2026-08-06,2026-08-07T18:00:00Z,36,3.5159,3.5162,3.5765,
2026-08-07,2026-08-07T18:00:00Z,12,3.5159,3.5151,3.5765,
2026-08-06,2026-08-07T19:00:00Z,37,4.168,4.2258,4.2907,
2026-08-07,2026-08-07T19:00:00Z,13,4.168,4.2026,4.2907,
2026-08-06,2026-08-07T20:00:00Z,38,4.7975,4.8773,4.9332,
2026-08-07,2026-08-07T20:00:00Z,14,4.7975,4.8434,4.9332,
2026-08-06,2026-08-07T21:00:00Z,39,5.2975,5.3527,5.4125,
2026-08-07,2026-08-07T21:00:00Z,15,5.2975,5.329,5.4125,
2026-08-06,2026-08-07T22:00:00Z,40,5.5203,5.5678,5.6258,
2026-08-07,2026-08-07T22:00:00Z,16,5.5203,5.5549,5.6258,
2026-08-06,2026-08-07T23:00:00Z,41,5.3636,5.4246,5.4801,
2026-08-07,2026-08-07T23:00:00Z,17,5.3636,5.402,5.4801,
2026-08-06,2026-08-08T00:00:00Z,42,4.9245,4.9409,5.018,
2026-08-07,2026-08-08T00:00:00Z,18,4.9245,4.9303,5.018,
2026-08-06,2026-08-08T01:00:00Z,43,4.3667,4.3543,4.4083,
2026-08-07,2026-08-08T01:00:00Z,19,4.3667,4.364,4.4083,
2026-08-06,2026-08-08T02:00:00Z,44,3.7779,3.7638,3.7978,
2026-08-07,2026-08-08T02:00:00Z,20,3.7779,3.771,3.7978,
2026-08-06,2026-08-08T03:00:00Z,45,3.2077,3.2291,3.2503,
2026-08-07,2026-08-08T03:00:00Z,21,3.2077,3.2324,3.2503,
2026-08-06,2026-08-08T04:00:00Z,46,2.8114,2.8275,2.866,
2026-08-07,2026-08-08T04:00:00Z,22,2.8114,2.8437,2.866,
2026-08-06,2026-08-08T05:00:00Z,47,2.8174,2.7981,2.8276,
2026-08-07,2026-08-08T05:00:00Z,23,2.8174,2.8299,2.8276,
2026-08-06,2026-08-08T06:00:00Z,48,3.2347,3.1816,3.2099,
2026-08-07,2026-08-08T06:00:00Z,24,3.2347,3.2198,3.2099,
2026-08-07,2026-08-08T07:00:00Z,25,3.8504,3.8197,3.8569,
2026-08-08,2026-08-08T07:00:00Z,1,3.8504,3.8636,3.8569,
2026-08-07,2026-08-08T08:00:00Z,26,4.2119,4.5054,4.5433,
2026-08-08,2026-08-08T08:00:00Z,2,4.4894,4.543,4.5433,
2026-08-07,2026-08-08T09:00:00Z,27,4.2119,5.0939,5.1325,
2026-08-08,2026-08-08T09:00:00Z,3,5.0578,5.1345,5.1325,
2026-08-07,2026-08-08T10:00:00Z,28,5.3144,5.5069,5.53,
2026-08-08,2026-08-08T10:00:00Z,4,5.4592,5.5309,5.53,
2026-08-07,2026-08-08T11:00:00Z,29,5.3144,5.6241,5.6317,
2026-08-08,2026-08-08T11:00:00Z,5,5.5689,5.6341,5.6317,
2026-08-07,2026-08-08T12:00:00Z,30,5.3602,5.3884,5.3952,
2026-08-08,2026-08-08T12:00:00Z,6,5.3602,5.3913,5.3952,
2026-08-07,2026-08-08T13:00:00Z,31,4.926,4.9007,4.9032,
2026-08-08,2026-08-08T13:00:00Z,7,4.926,4.8924,4.9032,
2026-08-07,2026-08-08T14:00:00Z,32,4.3539,4.3082,4.3009,
2026-08-08,2026-08-08T14:00:00Z,8,4.3539,4.2838,4.3009,
2026-08-07,2026-08-08T15:00:00Z,33,3.7261,3.7009,3.6876,
2026-08-08,2026-08-08T15:00:00Z,9,3.7261,3.6756,3.6876,
2026-08-07,2026-08-08T16:00:00Z,34,3.1398,3.1423,3.1373,
2026-08-08,2026-08-08T16:00:00Z,10,3.1398,3.1329,3.1373,
2026-08-07,2026-08-08T17:00:00Z,35,2.7842,2.7928,2.8027,
2026-08-08,2026-08-08T17:00:00Z,11,2.7842,2.7913,2.8027,
2026-08-07,2026-08-08T18:00:00Z,36,2.8582,2.8337,2.8483,
2026-08-08,2026-08-08T18:00:00Z,12,2.8582,2.84,2.8483,
2026-08-07,2026-08-08T19:00:00Z,37,3.2832,3.245,3.2677,
2026-08-08,2026-08-08T19:00:00Z,13,3.2832,3.2793,3.2677,
2026-08-07,2026-08-08T20:00:00Z,38,3.8841,3.8733,3.896,
2026-08-08,2026-08-08T20:00:00Z,14,3.8841,3.9174,3.896,
2026-08-07,2026-08-08T21:00:00Z,39,4.5704,4.5482,4.5705,
2026-08-08,2026-08-08T21:00:00Z,15,4.5704,4.5892,4.5705,
2026-08-07,2026-08-08T22:00:00Z,40,5.1904,5.1361,5.1673,
2026-08-08,2026-08-08T22:00:00Z,16,5.1904,5.1899,5.1673,
2026-08-07,2026-08-08T23:00:00Z,41,5.5583,5.5582,5.5484,
2026-08-08,2026-08-08T23:00:00Z,17,5.5583,5.5697,5.5484,
2026-08-07,2026-08-09T00:00:00Z,42,5.5973,5.6075,5.5957,
2026-08-08,2026-08-09T00:00:00Z,18,5.5973,5.6164,5.5957,
2026-08-07,2026-08-09T01:00:00Z,43,5.3069,5.3018,5.2962,
2026-08-08,2026-08-09T01:00:00Z,19,5.3069,5.3146,5.2962,
2026-08-07,2026-08-09T02:00:00Z,44,4.7672,4.7374,4.7561,
2026-08-08,2026-08-09T02:00:00Z,20,4.7672,4.7578,4.7561,
2026-08-07,2026-08-09T03:00:00Z,45,4.1177,4.0948,4.1122,
2026-08-08,2026-08-09T03:00:00Z,21,4.1177,4.1214,4.1122,
2026-08-07,2026-08-09T04:00:00Z,46,3.4362,3.4526,3.464,
2026-08-08,2026-08-09T04:00:00Z,22,3.4362,3.4722,3.464,
2026-08-07,2026-08-09T05:00:00Z,47,2.8917,2.9192,2.9382,
2026-08-08,2026-08-09T05:00:00Z,23,2.8917,2.9408,2.9382,
2026-08-07,2026-08-09T06:00:00Z,48,2.6921,2.7102,2.7262,
2026-08-08,2026-08-09T06:00:00Z,24,2.6921,2.7215,2.7262,
2026-08-08,2026-08-09T07:00:00Z,25,2.9452,2.9428,2.9419,
2026-08-09,2026-08-09T07:00:00Z,1,2.9452,2.9088,2.9419,
2026-08-08,2026-08-09T08:00:00Z,26,3.2318,3.5092,3.5049,
2026-08-09,2026-08-09T08:00:00Z,2,3.4908,3.476,3.5049,
2026-08-08,2026-08-09T09:00:00Z,27,3.2318,4.2345,4.2317,
2026-08-09,2026-08-09T09:00:00Z,3,4.1792,4.2106,4.2317,
2026-08-08,2026-08-09T10:00:00Z,28,4.5728,4.9431,4.9579,
2026-08-09,2026-08-09T10:00:00Z,4,4.9157,4.9483,4.9579,
2026-08-08,2026-08-09T11:00:00Z,29,4.5728,5.5269,5.5411,
2026-08-09,2026-08-09T11:00:00Z,5,5.5074,5.5414,5.5411,
2026-08-08,2026-08-09T12:00:00Z,30,5.8191,5.8382,5.8399,
2026-08-09,2026-08-09T12:00:00Z,6,5.8191,5.8447,5.8399,
2026-08-08,2026-08-09T13:00:00Z,31,5.7461,5.7591,5.7581,
2026-08-09,2026-08-09T13:00:00Z,7,5.7461,5.7611,5.7581,
2026-08-08,2026-08-09T14:00:00Z,32,5.2945,5.3151,5.3187,
2026-08-09,2026-08-09T14:00:00Z,8,5.2945,5.3071,5.3187,
2026-08-08,2026-08-09T15:00:00Z,33,4.6412,4.6414,4.6561,
2026-08-09,2026-08-09T15:00:00Z,9,4.6412,4.6166,4.6561,
2026-08-08,2026-08-09T16:00:00Z,34,3.8746,3.8919,3.9062,
2026-08-09,2026-08-09T16:00:00Z,10,3.8746,3.8804,3.9062,
2026-08-08,2026-08-09T17:00:00Z,35,3.1139,3.1552,3.1757,
2026-08-09,2026-08-09T17:00:00Z,11,3.1139,3.1374,3.1757,
2026-08-08,2026-08-09T18:00:00Z,36,2.5451,2.5994,2.6342,
2026-08-09,2026-08-09T18:00:00Z,12,2.5451,2.5858,2.6342,
2026-08-08,2026-08-09T19:00:00Z,37,2.4071,2.4424,2.4859,
2026-08-09,2026-08-09T19:00:00Z,13,2.4071,2.4141,2.4859,
2026-08-08,2026-08-09T20:00:00Z,38,2.7619,2.7424,2.7975,
2026-08-09,2026-08-09T20:00:00Z,14,2.7619,2.7425,2.7975,
2026-08-08,2026-08-09T21:00:00Z,39,3.4262,3.4191,3.4529,
2026-08-09,2026-08-09T21:00:00Z,15,3.4262,3.3777,3.4529,
2026-08-08,2026-08-09T22:00:00Z,40,4.2577,4.234,4.2689,
2026-08-09,2026-08-09T22:00:00Z,16,4.2577,4.2157,4.2689,
2026-08-08,2026-08-09T23:00:00Z,41,5.0627,5.0401,5.0693,
2026-08-09,2026-08-09T23:00:00Z,17,5.0627,5.0276,5.0693,
2026-08-08,2026-08-10T00:00:00Z,42,5.6767,5.6434,5.6752,
2026-08-09,2026-08-10T00:00:00Z,18,5.6767,5.6385,5.6752,
2026-08-08,2026-08-10T01:00:00Z,43,5.9218,5.9047,5.9143,
2026-08-09,2026-08-10T01:00:00Z,19,5.9218,5.9026,5.9143,
2026-08-08,2026-08-10T02:00:00Z,44,5.6586,5.6849,5.7045,
2026-08-09,2026-08-10T02:00:00Z,20,5.6586,5.6917,5.7045,
2026-08-08,2026-08-10T03:00:00Z,45,5.0485,5.077,5.1279,
2026-08-09,2026-08-10T03:00:00Z,21,5.0485,5.1019,5.1279,
2026-08-08,2026-08-10T04:00:00Z,46,4.3116,4.3079,4.3586,
2026-08-09,2026-08-10T04:00:00Z,22,4.3116,4.3126,4.3586,
2026-08-08,2026-08-10T05:00:00Z,47,3.4847,3.4885,3.5383,
2026-08-09,2026-08-10T05:00:00Z,23,3.4847,3.4838,3.5383,
2026-08-08,2026-08-10T06:00:00Z,48,2.734,2.7609,2.8133,
2026-08-09,2026-08-10T06:00:00Z,24,2.734,2.7561,2.8133,
2026-08-09,2026-08-10T07:00:00Z,25,2.3154,2.3534,2.4125,
2026-08-10,2026-08-10T07:00:00Z,1,2.3154,2.3061,2.4125,
2026-08-09,2026-08-10T08:00:00Z,26,2.4518,2.4337,2.5217,
2026-08-10,2026-08-10T08:00:00Z,2,2.4651,2.4323,2.5217,
2026-08-09,2026-08-10T09:00:00Z,27,2.4518,3.0405,3.1141,
2026-08-10,2026-08-10T09:00:00Z,3,3.0938,3.0474,3.1141,
2026-08-09,2026-08-10T10:00:00Z,28,3.8395,3.9305,3.9909,
2026-08-10,2026-08-10T10:00:00Z,4,3.9748,3.9323,3.9909,
2026-08-09,2026-08-10T11:00:00Z,29,3.8395,4.8749,4.9303,
2026-08-10,2026-08-10T11:00:00Z,5,4.9096,4.8785,4.9303,
2026-08-09,2026-08-10T12:00:00Z,30,5.7078,5.6937,5.7412,
2026-08-10,2026-08-10T12:00:00Z,6,5.7078,5.6928,5.7412,
2026-08-09,2026-08-10T13:00:00Z,31,6.2157,6.1883,6.2305,
2026-08-10,2026-08-10T13:00:00Z,7,6.2157,6.1985,6.2305,
2026-08-09,2026-08-10T14:00:00Z,32,6.2315,6.2032,6.2335,
2026-08-10,2026-08-10T14:00:00Z,8,6.2315,6.2023,6.2335,
2026-08-09,2026-08-10T15:00:00Z,33,5.709,5.7028,5.7429,
2026-08-10,2026-08-10T15:00:00Z,9,5.709,5.6954,5.7429,
2026-08-09,2026-08-10T16:00:00Z,34,4.8711,4.8756,4.9304,
2026-08-10,2026-08-10T16:00:00Z,10,4.8711,4.8589,4.9304,
2026-08-09,2026-08-10T17:00:00Z,35,3.9183,3.9252,3.9816,
2026-08-10,2026-08-10T17:00:00Z,11,3.9183,3.9071,3.9816,
2026-08-09,2026-08-10T18:00:00Z,36,2.9584,2.9676,3.0268,
2026-08-10,2026-08-10T18:00:00Z,12,2.9584,2.949,3.0268,
2026-08-09,2026-08-10T19:00:00Z,37,2.1768,2.2182,2.2698,
2026-08-10,2026-08-10T19:00:00Z,13,2.1768,2.2145,2.2698,
2026-08-09,2026-08-10T20:00:00Z,38,1.9004,1.9329,1.985,
2026-08-10,2026-08-10T20:00:00Z,14,1.9004,1.9265,1.985,
2026-08-09,2026-08-10T21:00:00Z,39,2.2896,2.2535,2.3002,
2026-08-10,2026-08-10T21:00:00Z,15,2.2896,2.2464,2.3002,
2026-08-09,2026-08-10T22:00:00Z,40,3.1129,3.0496,3.0951,
2026-08-10,2026-08-10T22:00:00Z,16,3.1129,3.0381,3.0951,
2026-08-09,2026-08-10T23:00:00Z,41,4.142,4.0723,4.1305,
2026-08-10,2026-08-10T23:00:00Z,17,4.142,4.0772,4.1305,
2026-08-09,2026-08-11T00:00:00Z,42,5.2026,5.1317,5.1741,
2026-08-10,2026-08-11T00:00:00Z,18,5.2026,5.1195,5.1741,
2026-08-09,2026-08-11T01:00:00Z,43,6.0177,5.9525,5.9943,
2026-08-10,2026-08-11T01:00:00Z,19,6.0177,5.9325,5.9943,
2026-08-09,2026-08-11T02:00:00Z,44,6.3686,6.3104,6.3487,
2026-08-10,2026-08-11T02:00:00Z,20,6.3686,6.2954,6.3487,
2026-08-09,2026-08-11T03:00:00Z,45,6.098,6.0699,6.112,
2026-08-10,2026-08-11T03:00:00Z,21,6.098,6.0708,6.112,
2026-08-09,2026-08-11T04:00:00Z,46,5.3481,5.3432,5.3989,
2026-08-10,2026-08-11T04:00:00Z,22,5.3481,5.342,5.3989,
2026-08-09,2026-08-11T05:00:00Z,47,4.397,4.3736,4.4451,
2026-08-10,2026-08-11T05:00:00Z,23,4.397,4.3707,4.4451,
2026-08-09,2026-08-11T06:00:00Z,48,3.3804,3.3474,3.4196,
2026-08-10,2026-08-11T06:00:00Z,24,3.3804,3.3471,3.4196,
2026-08-10,2026-08-11T07:00:00Z,25,2.4654,2.4449,2.4936,
2026-08-11,2026-08-11T07:00:00Z,1,2.4654,2.4594,2.4936,
2026-08-10,2026-08-11T08:00:00Z,26,1.9823,1.9102,1.9623,
2026-08-11,2026-08-11T08:00:00Z,2,1.9127,1.9423,1.9623,
2026-08-10,2026-08-11T09:00:00Z,27,1.9823,2.0285,2.0783,
2026-08-11,2026-08-11T09:00:00Z,3,2.0449,2.0658,2.0783,
2026-08-10,2026-08-11T10:00:00Z,28,2.5472,2.7789,2.8152,
2026-08-11,2026-08-11T10:00:00Z,4,2.8397,2.806,2.8152,
2026-08-10,2026-08-11T11:00:00Z,29,2.5472,3.8785,3.914,
2026-08-11,2026-08-11T11:00:00Z,5,3.9269,3.9088,3.914,
2026-08-10,2026-08-11T12:00:00Z,30,5.0828,5.0593,5.0925,
2026-08-11,2026-08-11T12:00:00Z,6,5.0828,5.0886,5.0925,
2026-08-10,2026-08-11T13:00:00Z,31,6.1089,6.0686,6.1127,
2026-08-11,2026-08-11T13:00:00Z,7,6.1089,6.1034,6.1127,
2026-08-10,2026-08-11T14:00:00Z,32,6.7409,6.6648,6.7174,
2026-08-11,2026-08-11T14:00:00Z,8,6.7409,6.6884,6.7174,
2026-08-10,2026-08-11T15:00:00Z,33,6.7304,6.646,6.6903,
2026-08-11,2026-08-11T15:00:00Z,9,6.7304,6.675,6.6903,
2026-08-10,2026-08-11T16:00:00Z,34,6.0586,6.015,6.0472,
2026-08-11,2026-08-11T16:00:00Z,10,6.0586,6.011,6.0472,
2026-08-10,2026-08-11T17:00:00Z,35,5.0143,4.9785,5.031,
2026-08-11,2026-08-11T17:00:00Z,11,5.0143,5.0001,5.031,
2026-08-10,2026-08-11T18:00:00Z,36,3.8177,3.8019,3.866,
2026-08-11,2026-08-11T18:00:00Z,12,3.8177,3.8119,3.866,
2026-08-10,2026-08-11T19:00:00Z,37,2.6778,2.6574,2.6992,
2026-08-11,2026-08-11T19:00:00Z,13,2.6778,2.6709,2.6992,
2026-08-10,2026-08-11T20:00:00Z,38,1.8049,1.7766,1.7889,
2026-08-11,2026-08-11T20:00:00Z,14,1.8049,1.797,1.7889,
2026-08-10,2026-08-11T21:00:00Z,39,1.4992,1.4519,1.4825,
2026-08-11,2026-08-11T21:00:00Z,15,1.4992,1.456,1.4825,
2026-08-10,2026-08-11T22:00:00Z,40,1.9532,1.9039,1.924,
2026-08-11,2026-08-11T22:00:00Z,16,1.9532,1.9251,1.924,
2026-08-10,2026-08-11T23:00:00Z,41,2.9658,2.8987,2.9397,
2026-08-11,2026-08-11T23:00:00Z,17,2.9658,2.9206,2.9397,
2026-08-10,2026-08-12T00:00:00Z,42,4.2391,4.1662,4.2204,
2026-08-11,2026-08-12T00:00:00Z,18,4.2391,4.1994,4.2204,
2026-08-10,2026-08-12T01:00:00Z,43,5.4968,5.4243,5.4799,
2026-08-11,2026-08-12T01:00:00Z,19,5.4968,5.455,5.4799,
2026-08-10,2026-08-12T02:00:00Z,44,6.4289,6.3702,6.4271,
2026-08-11,2026-08-12T02:00:00Z,20,6.4289,6.3742,6.4271,
2026-08-10,2026-08-12T03:00:00Z,45,6.7842,6.7154,6.7656,
2026-08-11,2026-08-12T03:00:00Z,21,6.7842,6.7149,6.7656,
2026-08-10,2026-08-12T04:00:00Z,46,6.3968,6.3237,6.3834,
2026-08-11,2026-08-12T04:00:00Z,22,6.3968,6.3336,6.3834,
2026-08-10,2026-08-12T05:00:00Z,47,5.4622,5.4157,5.4723,
2026-08-11,2026-08-12T05:00:00Z,23,5.4622,5.4131,5.4723,
2026-08-10,2026-08-12T06:00:00Z,48,4.2987,4.2568,4.3211,
2026-08-11,2026-08-12T06:00:00Z,24,4.2987,4.2487,4.3211,
2026-08-11,2026-08-12T07:00:00Z,25,3.0988,3.0467,3.1095,
2026-08-12,2026-08-12T07:00:00Z,1,3.0988,3.0942,3.1095,
2026-08-11,2026-08-12T08:00:00Z,26,2.1473,2.0063,2.0473,
2026-08-12,2026-08-12T08:00:00Z,2,2.0631,2.065,2.0473,
2026-08-11,2026-08-12T09:00:00Z,27,2.1473,1.4624,1.5024,
2026-08-12,2026-08-12T09:00:00Z,3,1.4845,1.5155,1.5024,
2026-08-11,2026-08-12T10:00:00Z,28,1.5807,1.7237,1.7521,
2026-08-12,2026-08-12T10:00:00Z,4,1.7253,1.7715,1.7521,
2026-08-11,2026-08-12T11:00:00Z,29,1.5807,2.6859,2.7138,
2026-08-12,2026-08-12T11:00:00Z,5,2.706,2.7394,2.7138,
2026-08-11,2026-08-12T12:00:00Z,30,4.0198,3.9959,4.0518,
2026-08-12,2026-08-12T12:00:00Z,6,4.0198,4.0621,4.0518,
2026-08-11,2026-08-12T13:00:00Z,31,5.3933,5.3806,5.4347,
2026-08-12,2026-08-12T13:00:00Z,7,5.3933,5.4442,5.4347,
2026-08-11,2026-08-12T14:00:00Z,32,6.5256,6.5149,6.578,
2026-08-12,2026-08-12T14:00:00Z,8,6.5256,6.5652,6.578,
2026-08-11,2026-08-12T15:00:00Z,33,7.1341,7.0753,7.1693,
2026-08-12,2026-08-12T15:00:00Z,9,7.1341,7.1169,7.1693,
2026-08-11,2026-08-12T16:00:00Z,34,6.9829,6.9025,6.989,
2026-08-12,2026-08-12T16:00:00Z,10,6.9829,6.9545,6.989,
2026-08-11,2026-08-12T17:00:00Z,35,6.1194,6.0792,6.1302,
2026-08-12,2026-08-12T17:00:00Z,11,6.1194,6.0982,6.1302,
2026-08-11,2026-08-12T18:00:00Z,36,4.8786,4.8461,4.9093,
2026-08-12,2026-08-12T18:00:00Z,12,4.8786,4.8535,4.9093,
2026-08-11,2026-08-12T19:00:00Z,37,3.5131,3.4954,3.5648,
2026-08-12,2026-08-12T19:00:00Z,13,3.5131,3.4963,3.5648,
2026-08-11,2026-08-12T20:00:00Z,38,2.2606,2.2098,2.2598,
2026-08-12,2026-08-12T20:00:00Z,14,2.2606,2.206,2.2598,
2026-08-11,2026-08-12T21:00:00Z,39,1.3452,1.2884,1.3167,
2026-08-12,2026-08-12T21:00:00Z,15,1.3452,1.2931,1.3167,
2026-08-11,2026-08-12T22:00:00Z,40,1.1261,1.0824,1.1261,
2026-08-12,2026-08-12T22:00:00Z,16,1.1261,1.087,1.1261,
2026-08-11,2026-08-12T23:00:00Z,41,1.7985,1.7587,1.7924,
2026-08-12,2026-08-12T23:00:00Z,17,1.7985,1.7619,1.7924,
2026-08-11,2026-08-13T00:00:00Z,42,3.0393,3.0038,3.0564,
2026-08-12,2026-08-13T00:00:00Z,18,3.0393,3.0081,3.0564,
2026-08-11,2026-08-13T01:00:00Z,43,4.4923,4.4783,4.5423,
2026-08-12,2026-08-13T01:00:00Z,19,4.4923,4.4759,4.5423,
2026-08-11,2026-08-13T02:00:00Z,44,5.8496,5.8666,5.9178,
2026-08-12,2026-08-13T02:00:00Z,20,5.8496,5.8658,5.9178,
2026-08-11,2026-08-13T03:00:00Z,45,6.7827,6.7628,6.8477,
2026-08-12,2026-08-13T03:00:00Z,21,6.7827,6.7683,6.8477,
2026-08-11,2026-08-13T04:00:00Z,46,7.0164,6.9386,7.029,
2026-08-12,2026-08-13T04:00:00Z,22,7.0164,6.9419,7.029,
2026-08-11,2026-08-13T05:00:00Z,47,6.419,6.3503,6.4209,
2026-08-12,2026-08-13T05:00:00Z,23,6.419,6.3489,6.4209,
2026-08-11,2026-08-13T06:00:00Z,48,5.3077,5.2366,5.3045,
2026-08-12,2026-08-13T06:00:00Z,24,5.3077,5.2132,5.3045,
2026-08-12,2026-08-13T07:00:00Z,25,3.9964,3.9288,3.9949,
2026-08-13,2026-08-13T07:00:00Z,1,3.9964,3.9572,3.9949,
2026-08-12,2026-08-13T08:00:00Z,26,2.784,2.6161,2.6722,
2026-08-13,2026-08-13T08:00:00Z,2,2.6922,2.6565,2.6722,
2026-08-12,2026-08-13T09:00:00Z,27,2.784,1.5492,1.5926,
2026-08-13,2026-08-13T09:00:00Z,3,1.6251,1.6035,1.5926,
2026-08-12,2026-08-13T10:00:00Z,28,1.161,1.1088,1.1721,
2026-08-13,2026-08-13T10:00:00Z,4,1.1658,1.1574,1.1721,
2026-08-12,2026-08-13T11:00:00Z,29,1.161,1.5795,1.6545,
2026-08-13,2026-08-13T11:00:00Z,5,1.6389,1.6377,1.6545,
2026-08-12,2026-08-13T12:00:00Z,30,2.8326,2.7802,2.865,
2026-08-13,2026-08-13T12:00:00Z,6,2.8326,2.8316,2.865,
2026-08-12,2026-08-13T13:00:00Z,31,4.3451,4.3054,4.3982,
2026-08-13,2026-08-13T13:00:00Z,7,4.3451,4.3526,4.3982,
2026-08-12,2026-08-13T14:00:00Z,32,5.8271,5.8158,5.8878,
2026-08-13,2026-08-13T14:00:00Z,8,5.8271,5.8238,5.8878,
2026-08-12,2026-08-13T15:00:00Z,33,6.9142,6.9104,7.0142,
2026-08-13,2026-08-13T15:00:00Z,9,6.9142,6.9172,7.0142,
2026-08-12,2026-08-13T16:00:00Z,34,7.3815,7.3158,7.4474,
2026-08-13,2026-08-13T16:00:00Z,10,7.3815,7.3514,7.4474,
2026-08-12,2026-08-13T17:00:00Z,35,7.0184,6.9236,7.0263,
2026-08-13,2026-08-13T17:00:00Z,11,7.0184,6.9537,7.0263,
2026-08-12,2026-08-13T18:00:00Z,36,5.9383,5.8811,5.9477,
2026-08-13,2026-08-13T18:00:00Z,12,5.9383,5.8901,5.9477,
2026-08-12,2026-08-13T19:00:00Z,37,4.5417,4.5156,4.5764,
2026-08-13,2026-08-13T19:00:00Z,13,4.5417,4.5522,4.5764,
2026-08-12,2026-08-13T20:00:00Z,38,3.1154,3.0589,3.1386,
2026-08-13,2026-08-13T20:00:00Z,14,3.1154,3.0974,3.1386,
2026-08-12,2026-08-13T21:00:00Z,39,1.8627,1.7504,1.8171,
2026-08-13,2026-08-13T21:00:00Z,15,1.8627,1.8056,1.8171,
2026-08-12,2026-08-13T22:00:00Z,40,1.028,0.905,0.9877,
2026-08-13,2026-08-13T22:00:00Z,16,1.028,0.9507,0.9877,
2026-08-12,2026-08-13T23:00:00Z,41,1.019,0.9294,1.0339,
2026-08-13,2026-08-13T23:00:00Z,17,1.019,0.9672,1.0339,
2026-08-12,2026-08-14T00:00:00Z,42,1.9203,1.9236,1.9705,
2026-08-13,2026-08-14T00:00:00Z,18,1.9203,1.888,1.9705,
2026-08-12,2026-08-14T01:00:00Z,43,3.3647,3.3554,3.4434,
2026-08-13,2026-08-14T01:00:00Z,19,3.3647,3.3398,3.4434,
2026-08-12,2026-08-14T02:00:00Z,44,4.9568,4.9484,5.0275,
2026-08-13,2026-08-14T02:00:00Z,20,4.9568,4.9055,5.0275,
2026-08-12,2026-08-14T03:00:00Z,45,6.2977,6.2809,6.3681,
2026-08-13,2026-08-14T03:00:00Z,21,6.2977,6.2989,6.3681,
2026-08-12,2026-08-14T04:00:00Z,46,7.0713,7.0341,7.1243,
2026-08-13,2026-08-14T04:00:00Z,22,7.0713,7.0308,7.1243,
2026-08-12,2026-08-14T05:00:00Z,47,7.0647,6.9567,7.044,
2026-08-13,2026-08-14T05:00:00Z,23,7.0647,6.9748,7.044,
2026-08-12,2026-08-14T06:00:00Z,48,6.2427,6.1373,6.1913,
2026-08-13,2026-08-14T06:00:00Z,24,6.2427,6.1221,6.1913,
2026-08-13,2026-08-14T07:00:00Z,25,4.9739,4.863,4.9188,
2026-08-14,2026-08-14T07:00:00Z,1,4.9739,4.9039,4.9188,
2026-08-13,2026-08-14T08:00:00Z,26,3.7265,3.4843,3.5365,
2026-08-14,2026-08-14T08:00:00Z,2,3.5657,3.5259,3.5365,
2026-08-13,2026-08-14T09:00:00Z,27,3.7265,2.1677,2.2187,
2026-08-14,2026-08-14T09:00:00Z,3,2.2711,2.2069,2.2187,
2026-08-13,2026-08-14T10:00:00Z,28,1.4627,1.2244,1.2601,
2026-08-14,2026-08-14T10:00:00Z,4,1.3108,1.2547,1.2601,
2026-08-13,2026-08-14T11:00:00Z,29,1.4627,1.0041,1.0806,
2026-08-14,2026-08-14T11:00:00Z,5,1.0605,1.0193,1.0806,
2026-08-13,2026-08-14T12:00:00Z,30,1.7913,1.7779,1.8399,
2026-08-14,2026-08-14T12:00:00Z,6,1.7913,1.7857,1.8399,
2026-08-13,2026-08-14T13:00:00Z,31,3.1839,3.1772,3.26,
2026-08-14,2026-08-14T13:00:00Z,7,3.1839,3.1801,3.26,
2026-08-13,2026-08-14T14:00:00Z,32,4.8031,4.7943,4.8849,
2026-08-14,2026-08-14T14:00:00Z,8,4.8031,4.7896,4.8849,
2026-08-13,2026-08-14T15:00:00Z,33,6.2565,6.2523,6.3361,
2026-08-14,2026-08-14T15:00:00Z,9,6.2565,6.246,6.3361,
2026-08-13,2026-08-14T16:00:00Z,34,7.1899,7.1645,7.2896,
2026-08-14,2026-08-14T16:00:00Z,10,7.1899,7.2076,7.2896,
2026-08-13,2026-08-14T17:00:00Z,35,7.4064,7.3393,7.4528,
2026-08-14,2026-08-14T17:00:00Z,11,7.4064,7.3933,7.4528,
2026-08-13,2026-08-14T18:00:00Z,36,6.7726,6.7146,6.7676,
2026-08-14,2026-08-14T18:00:00Z,12,6.7726,6.7271,6.7676,
2026-08-13,2026-08-14T19:00:00Z,37,5.5424,5.4966,5.5262,
2026-08-14,2026-08-14T19:00:00Z,13,5.5424,5.5501,5.5262,
2026-08-13,2026-08-14T20:00:00Z,38,4.089,4.0856,4.1007,
2026-08-14,2026-08-14T20:00:00Z,14,4.089,4.1371,4.1007,
2026-08-13,2026-08-14T21:00:00Z,39,2.6992,2.6687,2.688,
2026-08-14,2026-08-14T21:00:00Z,15,2.6992,2.7131,2.688,
2026-08-13,2026-08-14T22:00:00Z,40,1.5602,1.4734,1.4906,
2026-08-14,2026-08-14T22:00:00Z,16,1.5602,1.5105,1.4906,
2026-08-13,2026-08-14T23:00:00Z,41,0.9212,0.8427,0.9078,
2026-08-14,2026-08-14T23:00:00Z,17,0.9212,0.865,0.9078,
2026-08-13,2026-08-15T00:00:00Z,42,1.2071,1.2097,1.2606,
2026-08-14,2026-08-15T00:00:00Z,18,1.2071,1.2098,1.2606,
2026-08-13,2026-08-15T01:00:00Z,43,2.361,2.3718,2.4431,
2026-08-14,2026-08-15T01:00:00Z,19,2.361,2.3476,2.4431,
2026-08-13,2026-08-15T02:00:00Z,44,3.9267,3.9323,4.0202,
2026-08-14,2026-08-15T02:00:00Z,20,3.9267,3.8975,4.0202,
2026-08-13,2026-08-15T03:00:00Z,45,5.4745,5.4804,5.5518,
2026-08-14,2026-08-15T03:00:00Z,21,5.4745,5.468,5.5518,
2026-08-13,2026-08-15T04:00:00Z,46,6.6489,6.6419,6.6992,
2026-08-14,2026-08-15T04:00:00Z,22,6.6489,6.652,6.6992,
2026-08-13,2026-08-15T05:00:00Z,47,7.1691,7.0847,7.1632,
2026-08-14,2026-08-15T05:00:00Z,23,7.1691,7.1017,7.1632,
2026-08-13,2026-08-15T06:00:00Z,48,6.8291,6.7358,6.7844,
2026-08-14,2026-08-15T06:00:00Z,24,6.8291,6.7331,6.7844,
2026-08-14,2026-08-15T07:00:00Z,25,5.842,5.7128,5.7342,
2026-08-15,2026-08-15T07:00:00Z,1,5.7883,5.7283,5.7342,
2026-08-14,2026-08-15T08:00:00Z,26,5.842,4.4044,4.4004,
2026-08-15,2026-08-15T08:00:00Z,2,4.4422,4.3987,4.4004,
2026-08-14,2026-08-15T09:00:00Z,27,3.1738,3.0386,3.0586,
2026-08-15,2026-08-15T09:00:00Z,3,3.0784,3.0491,3.0586,
2026-08-14,2026-08-15T10:00:00Z,28,3.1738,1.8585,1.8715,
2026-08-15,2026-08-15T10:00:00Z,4,1.8802,1.8826,1.8715,
2026-08-14,2026-08-15T11:00:00Z,29,1.1878,1.1004,1.1523,
2026-08-15,2026-08-15T11:00:00Z,5,1.1878,1.1276,1.1523,
2026-08-14,2026-08-15T12:00:00Z,30,1.2593,1.2168,1.2781,
2026-08-15,2026-08-15T12:00:00Z,6,1.2593,1.2489,1.2781,
2026-08-14,2026-08-15T13:00:00Z,31,2.2368,2.1944,2.2921,
2026-08-15,2026-08-15T13:00:00Z,7,2.2368,2.2254,2.2921,
2026-08-14,2026-08-15T14:00:00Z,32,3.7409,3.7027,3.822,
2026-08-15,2026-08-15T14:00:00Z,8,3.7409,3.7286,3.822,
2026-08-14,2026-08-15T15:00:00Z,33,5.326,5.2816,5.3936,
2026-08-15,2026-08-15T15:00:00Z,9,5.326,5.307,5.3936,
2026-08-14,2026-08-15T16:00:00Z,34,6.5714,6.5467,6.6514,
2026-08-15,2026-08-15T16:00:00Z,10,6.5714,6.5877,6.6514,
2026-08-14,2026-08-15T17:00:00Z,35,7.2371,7.1951,7.3104,
2026-08-15,2026-08-15T17:00:00Z,11,7.2371,7.2419,7.3104,
2026-08-14,2026-08-15T18:00:00Z,36,7.1684,7.0913,7.1603,
2026-08-15,2026-08-15T18:00:00Z,12,7.1684,7.098,7.1603,
2026-08-14,2026-08-15T19:00:00Z,37,6.3124,6.2161,6.2577,
2026-08-15,2026-08-15T19:00:00Z,13,6.3124,6.2646,6.2577,
2026-08-14,2026-08-15T20:00:00Z,38,5.0066,4.9425,4.9547,
2026-08-15,2026-08-15T20:00:00Z,14,5.0066,4.9695,4.9547,
2026-08-14,2026-08-15T21:00:00Z,39,3.5952,3.5809,3.5912,
2026-08-15,2026-08-15T21:00:00Z,15,3.5952,3.6018,3.5912,
2026-08-14,2026-08-15T22:00:00Z,40,2.346,2.3092,2.3264,
2026-08-15,2026-08-15T22:00:00Z,16,2.346,2.3273,2.3264,
2026-08-14,2026-08-15T23:00:00Z,41,1.4244,1.3496,1.376,
2026-08-15,2026-08-15T23:00:00Z,17,1.4244,1.3242,1.376,
2026-08-14,2026-08-16T00:00:00Z,42,1.1235,1.0574,1.1228,
2026-08-15,2026-08-16T00:00:00Z,18,1.1235,1.0334,1.1228,
2026-08-14,2026-08-16T01:00:00Z,43,1.7112,1.7111,1.7787,
2026-08-15,2026-08-16T01:00:00Z,19,1.7112,1.6889,1.7787,
2026-08-14,2026-08-16T02:00:00Z,44,2.9913,3.0014,3.113,
2026-08-15,2026-08-16T02:00:00Z,20,2.9913,2.9897,3.113,
2026-08-14,2026-08-16T03:00:00Z,45,4.5302,4.5394,4.6476,
2026-08-15,2026-08-16T03:00:00Z,21,4.5302,4.5456,4.6476,
2026-08-14,2026-08-16T04:00:00Z,46,5.9195,5.8969,5.9755,
2026-08-15,2026-08-16T04:00:00Z,22,5.9195,5.9085,5.9755,
2026-08-14,2026-08-16T05:00:00Z,47,6.78,6.7493,6.8135,
2026-08-15,2026-08-16T05:00:00Z,23,6.78,6.7513,6.8135,
2026-08-14,2026-08-16T06:00:00Z,48,6.9203,6.8467,6.9389,
2026-08-15,2026-08-16T06:00:00Z,24,6.9203,6.8701,6.9389,
2026-08-15,2026-08-16T07:00:00Z,25,6.3763,6.2532,6.2997,
2026-08-16,2026-08-16T07:00:00Z,1,6.3359,6.282,6.2997,
2026-08-15,2026-08-16T08:00:00Z,26,6.3763,5.1076,5.1511,
2026-08-16,2026-08-16T08:00:00Z,2,5.2366,5.1253,5.1511,
2026-08-15,2026-08-16T09:00:00Z,27,4.0168,3.8405,3.8721,
2026-08-16,2026-08-16T09:00:00Z,3,3.9189,3.8386,3.8721,
2026-08-15,2026-08-16T10:00:00Z,28,4.0168,2.6407,2.6808,
2026-08-16,2026-08-16T10:00:00Z,4,2.6992,2.6434,2.6808,
2026-08-15,2026-08-16T11:00:00Z,29,1.7624,1.6726,1.7248,
2026-08-16,2026-08-16T11:00:00Z,5,1.7624,1.6852,1.7248,
2026-08-15,2026-08-16T12:00:00Z,30,1.326,1.2512,1.314,
2026-08-16,2026-08-16T12:00:00Z,6,1.326,1.2456,1.314,
2026-08-15,2026-08-16T13:00:00Z,31,1.715,1.6808,1.7425,
2026-08-16,2026-08-16T13:00:00Z,7,1.715,1.671,1.7425,
2026-08-15,2026-08-16T14:00:00Z,32,2.8387,2.8134,2.9236,
2026-08-16,2026-08-16T14:00:00Z,8,2.8387,2.8415,2.9236,
2026-08-15,2026-08-16T15:00:00Z,33,4.3173,4.3025,4.4212,
2026-08-16,2026-08-16T15:00:00Z,9,4.3173,4.3374,4.4212,
2026-08-15,2026-08-16T16:00:00Z,34,5.7381,5.6985,5.7908,
2026-08-16,2026-08-16T16:00:00Z,10,5.7381,5.7232,5.7908,
2026-08-15,2026-08-16T17:00:00Z,35,6.7065,6.6549,6.7398,
2026-08-16,2026-08-16T17:00:00Z,11,6.7065,6.6707,6.7398,
2026-08-15,2026-08-16T18:00:00Z,36,7.0252,6.9627,7.0553,
2026-08-16,2026-08-16T18:00:00Z,12,7.0252,6.9772,7.0553,
2026-08-15,2026-08-16T19:00:00Z,37,6.6196,6.574,6.6263,
2026-08-16,2026-08-16T19:00:00Z,13,6.6196,6.5926,6.6263,
2026-08-15,2026-08-16T20:00:00Z,38,5.625,5.5643,5.606,
2026-08-16,2026-08-16T20:00:00Z,14,5.625,5.5607,5.606,
2026-08-15,2026-08-16T21:00:00Z,39,4.3734,4.3091,4.3605,
2026-08-16,2026-08-16T21:00:00Z,15,4.3734,4.2972,4.3605,
2026-08-15,2026-08-16T22:00:00Z,40,3.1553,3.1173,3.1673,
2026-08-16,2026-08-16T22:00:00Z,16,3.1553,3.0908,3.1673,
2026-08-15,2026-08-16T23:00:00Z,41,2.1713,2.0819,2.1469,
2026-08-16,2026-08-16T23:00:00Z,17,2.1713,2.0795,2.1469,
2026-08-15,2026-08-17T00:00:00Z,42,1.5422,1.4398,1.5168,
2026-08-16,2026-08-17T00:00:00Z,18,1.5422,1.4292,1.5168,
2026-08-15,2026-08-17T01:00:00Z,43,1.5733,1.5163,1.6032,
2026-08-16,2026-08-17T01:00:00Z,19,1.5733,1.5184,1.6032,
2026-08-15,2026-08-17T02:00:00Z,44,2.372,2.38,2.4824,
2026-08-16,2026-08-17T02:00:00Z,20,2.372,2.3965,2.4824,
2026-08-15,2026-08-17T03:00:00Z,45,3.6745,3.6986,3.8265,
2026-08-16,2026-08-17T03:00:00Z,21,3.6745,3.726,3.8265,
2026-08-15,2026-08-17T04:00:00Z,46,5.0879,5.0694,5.173,
2026-08-16,2026-08-17T04:00:00Z,22,5.0879,5.0842,5.173,
2026-08-15,2026-08-17T05:00:00Z,47,6.1633,6.127,6.1919,
2026-08-16,2026-08-17T05:00:00Z,23,6.1633,6.1362,6.1919,
2026-08-15,2026-08-17T06:00:00Z,48,6.6319,6.6016,6.6794,
2026-08-16,2026-08-17T06:00:00Z,24,6.6319,6.6098,6.6794,
2026-08-16,2026-08-17T07:00:00Z,25,6.4788,6.4381,6.4996,
2026-08-17,2026-08-17T07:00:00Z,1,6.4788,6.4462,6.4996,
2026-08-16,2026-08-17T08:00:00Z,26,6.1202,5.628,5.6992,
2026-08-17,2026-08-17T08:00:00Z,2,5.7175,5.6469,5.6992,
2026-08-16,2026-08-17T09:00:00Z,27,6.1202,4.492,4.5758,
2026-08-17,2026-08-17T09:00:00Z,3,4.5934,4.5339,4.5758,
2026-08-16,2026-08-17T10:00:00Z,28,3.9554,3.3614,3.456,
2026-08-17,2026-08-17T10:00:00Z,4,3.432,3.4047,3.456,
2026-08-16,2026-08-17T11:00:00Z,29,3.9554,2.3946,2.4909,
2026-08-17,2026-08-17T11:00:00Z,5,2.4751,2.4252,2.4909,
2026-08-16,2026-08-17T12:00:00Z,30,1.8083,1.7433,1.8178,
2026-08-17,2026-08-17T12:00:00Z,6,1.8083,1.7455,1.8178,
2026-08-16,2026-08-17T13:00:00Z,31,1.6854,1.6312,1.7211,
2026-08-17,2026-08-17T13:00:00Z,7,1.6854,1.6458,1.7211,
2026-08-16,2026-08-17T14:00:00Z,32,2.3304,2.2914,2.3811,
2026-08-17,2026-08-17T14:00:00Z,8,2.3304,2.3142,2.3811,
2026-08-16,2026-08-17T15:00:00Z,33,3.5032,3.4892,3.5929,
2026-08-17,2026-08-17T15:00:00Z,9,3.5032,3.513,3.5929,
2026-08-16,2026-08-17T16:00:00Z,34,4.834,4.8266,4.9122,
2026-08-17,2026-08-17T16:00:00Z,10,4.834,4.8485,4.9122,
2026-08-16,2026-08-17T17:00:00Z,35,5.9511,5.8943,5.9756,
2026-08-17,2026-08-17T17:00:00Z,11,5.9511,5.9273,5.9756,
2026-08-16,2026-08-17T18:00:00Z,36,6.5417,6.5101,6.5767,
2026-08-17,2026-08-17T18:00:00Z,12,6.5417,6.5258,6.5767,
2026-08-16,2026-08-17T19:00:00Z,37,6.5228,6.5146,6.5807,
2026-08-17,2026-08-17T19:00:00Z,13,6.5228,6.5247,6.5807,
2026-08-16,2026-08-17T20:00:00Z,38,5.9327,5.8985,5.9687,
2026-08-17,2026-08-17T20:00:00Z,14,5.9327,5.8996,5.9687,
2026-08-16,2026-08-17T21:00:00Z,39,4.9435,4.8701,4.9554,
2026-08-17,2026-08-17T21:00:00Z,15,4.9435,4.8675,4.9554,
2026-08-16,2026-08-17T22:00:00Z,40,3.8308,3.7879,3.8748,
2026-08-17,2026-08-17T22:00:00Z,16,3.8308,3.776,3.8748,
2026-08-16,2026-08-17T23:00:00Z,41,2.8954,2.8424,2.9242,
2026-08-17,2026-08-17T23:00:00Z,17,2.8954,2.8212,2.9242,
2026-08-16,2026-08-18T00:00:00Z,42,2.1865,2.1142,2.1933,
2026-08-17,2026-08-18T00:00:00Z,18,2.1865,2.1146,2.1933,
2026-08-16,2026-08-18T01:00:00Z,43,1.8513,1.803,1.8891,
2026-08-17,2026-08-18T01:00:00Z,19,1.8513,1.8154,1.8891,
2026-08-16,2026-08-18T02:00:00Z,44,2.1765,2.1641,2.2479,
2026-08-17,2026-08-18T02:00:00Z,20,2.1765,2.1709,2.2479,
2026-08-16,2026-08-18T03:00:00Z,45,3.1061,3.1211,3.2147,
2026-08-17,2026-08-18T03:00:00Z,21,3.1061,3.139,3.2147,
2026-08-16,2026-08-18T04:00:00Z,46,4.3108,4.3385,4.4217,
2026-08-17,2026-08-18T04:00:00Z,22,4.3108,4.3486,4.4217,
2026-08-16,2026-08-18T05:00:00Z,47,5.3992,5.4191,5.4815,
2026-08-17,2026-08-18T05:00:00Z,23,5.3992,5.4357,5.4815,
2026-08-16,2026-08-18T06:00:00Z,48,6.1115,6.0992,6.1634,
2026-08-17,2026-08-18T06:00:00Z,24,6.1115,6.1226,6.1634,
2026-08-17,2026-08-18T07:00:00Z,25,6.3172,6.2668,6.3393,
2026-08-18,2026-08-18T07:00:00Z,1,6.3172,6.3084,6.3393,
2026-08-17,2026-08-18T08:00:00Z,26,6.2302,5.8762,5.9526,
2026-08-18,2026-08-18T08:00:00Z,2,5.9342,5.9063,5.9526,
2026-08-17,2026-08-18T09:00:00Z,27,6.2302,5.0318,5.1208,
2026-08-18,2026-08-18T09:00:00Z,3,5.0952,5.0745,5.1208,
2026-08-17,2026-08-18T10:00:00Z,28,5.1272,4.0418,4.1338,
2026-08-18,2026-08-18T10:00:00Z,4,4.1009,4.0874,4.1338,
2026-08-17,2026-08-18T11:00:00Z,29,3.2021,3.1428,3.2349,
2026-08-18,2026-08-18T11:00:00Z,5,3.2021,3.1903,3.2349,
2026-08-17,2026-08-18T12:00:00Z,30,2.5164,2.4427,2.5198,
2026-08-18,2026-08-18T12:00:00Z,6,2.5164,2.4832,2.5198,
2026-08-17,2026-08-18T13:00:00Z,31,2.1302,2.0306,2.1252,
2026-08-18,2026-08-18T13:00:00Z,7,2.1302,2.0674,2.1252,
2026-08-17,2026-08-18T14:00:00Z,32,2.2693,2.2167,2.2841,
2026-08-18,2026-08-18T14:00:00Z,8,2.2693,2.2501,2.2841,
2026-08-17,2026-08-18T15:00:00Z,33,3.0236,3.0063,3.0496,
2026-08-18,2026-08-18T15:00:00Z,9,3.0236,3.0352,3.0496,
2026-08-17,2026-08-18T16:00:00Z,34,4.1117,4.1076,4.1444,
2026-08-18,2026-08-18T16:00:00Z,10,4.1117,4.129,4.1444,
2026-08-17,2026-08-18T17:00:00Z,35,5.1694,5.1394,5.1845,
2026-08-18,2026-08-18T17:00:00Z,11,5.1694,5.1724,5.1845,
2026-08-17,2026-08-18T18:00:00Z,36,5.9065,5.9035,5.9167,
2026-08-18,2026-08-18T18:00:00Z,12,5.9065,5.9235,5.9167,
2026-08-17,2026-08-18T19:00:00Z,37,6.1773,6.194,6.2119,
2026-08-18,2026-08-18T19:00:00Z,13,6.1773,6.21,6.2119,
2026-08-17,2026-08-18T20:00:00Z,38,5.9753,5.9864,5.9997,
2026-08-18,2026-08-18T20:00:00Z,14,5.9753,5.9924,5.9997,
2026-08-17,2026-08-18T21:00:00Z,39,5.3246,5.313,5.333,
2026-08-18,2026-08-18T21:00:00Z,15,5.3246,5.3187,5.333,
2026-08-17,2026-08-18T22:00:00Z,40,4.4382,4.4073,4.444,
2026-08-18,2026-08-18T22:00:00Z,16,4.4382,4.4178,4.444,
2026-08-17,2026-08-18T23:00:00Z,41,3.6156,3.5593,3.5945,
2026-08-18,2026-08-18T23:00:00Z,17,3.6156,3.571,3.5945,
2026-08-17,2026-08-19T00:00:00Z,42,2.9827,2.8699,2.9033,
2026-08-18,2026-08-19T00:00:00Z,18,2.9827,2.8748,2.9033,
2026-08-17,2026-08-19T01:00:00Z,43,2.5176,2.4111,2.4458,
2026-08-18,2026-08-19T01:00:00Z,19,2.5176,2.414,2.4458,
2026-08-17,2026-08-19T02:00:00Z,44,2.4378,2.4056,2.4047,
2026-08-18,2026-08-19T02:00:00Z,20,2.4378,2.3822,2.4047,
2026-08-17,2026-08-19T03:00:00Z,45,2.9411,2.9276,2.9106,
2026-08-18,2026-08-19T03:00:00Z,21,2.9411,2.9062,2.9106,
2026-08-17,2026-08-19T04:00:00Z,46,3.8556,3.847,3.8147,
2026-08-18,2026-08-19T04:00:00Z,22,3.8556,3.8158,3.8147,
2026-08-17,2026-08-19T05:00:00Z,47,4.8324,4.819,4.7811,
2026-08-18,2026-08-19T05:00:00Z,23,4.8324,4.8013,4.7811,
2026-08-17,2026-08-19T06:00:00Z,48,5.5764,5.5731,5.5341,
2026-08-18,2026-08-19T06:00:00Z,24,5.5764,5.5644,5.5341,
2026-08-18,2026-08-19T07:00:00Z,25,5.9817,5.9858,5.9297,
2026-08-19,2026-08-19T07:00:00Z,1,5.9817,6.0508,5.9297,
2026-08-18,2026-08-19T08:00:00Z,26,6.0654,5.9436,5.8944,
2026-08-19,2026-08-19T08:00:00Z,2,5.9639,5.9696,5.8944,
2026-08-18,2026-08-19T09:00:00Z,27,6.0654,5.4847,5.4322,
2026-08-19,2026-08-19T09:00:00Z,3,5.4434,5.4741,5.4322,
2026-08-18,2026-08-19T10:00:00Z,28,5.4565,4.7238,4.6905,
2026-08-19,2026-08-19T10:00:00Z,4,4.6487,4.6741,4.6905,
2026-08-18,2026-08-19T11:00:00Z,29,3.8842,3.9385,3.9048,
2026-08-19,2026-08-19T11:00:00Z,5,3.8842,3.9053,3.9048,
2026-08-18,2026-08-19T12:00:00Z,30,3.2836,3.2736,3.2303,
2026-08-19,2026-08-19T12:00:00Z,6,3.2836,3.2354,3.2303,
2026-08-18,2026-08-19T13:00:00Z,31,2.7999,2.7658,2.7372,
2026-08-19,2026-08-19T13:00:00Z,7,2.7999,2.7407,2.7372,
2026-08-18,2026-08-19T14:00:00Z,32,2.5716,2.5835,2.5638,
2026-08-19,2026-08-19T14:00:00Z,8,2.5716,2.5501,2.5638,
2026-08-18,2026-08-19T15:00:00Z,33,2.8999,2.91,2.8672,
2026-08-19,2026-08-19T15:00:00Z,9,2.8999,2.8783,2.8672,
2026-08-18,2026-08-19T16:00:00Z,34,3.6361,3.6415,3.5919,
2026-08-19,2026-08-19T16:00:00Z,10,3.6361,3.6035,3.5919,
2026-08-18,2026-08-19T17:00:00Z,35,4.4695,4.5061,4.4613,
2026-08-19,2026-08-19T17:00:00Z,11,4.4695,4.4817,4.4613,
2026-08-18,2026-08-19T18:00:00Z,36,5.204,5.2433,5.2023,
2026-08-19,2026-08-19T18:00:00Z,12,5.204,5.2235,5.2023,
2026-08-18,2026-08-19T19:00:00Z,37,5.655,5.7045,5.6593,
2026-08-19,2026-08-19T19:00:00Z,13,5.655,5.6958,5.6593,
2026-08-18,2026-08-19T20:00:00Z,38,5.7378,5.7892,5.7493,
2026-08-19,2026-08-19T20:00:00Z,14,5.7378,5.7906,5.7493,
2026-08-18,2026-08-19T21:00:00Z,39,5.4423,5.4808,5.449,
2026-08-19,2026-08-19T21:00:00Z,15,5.4423,5.4796,5.449,
2026-08-18,2026-08-19T22:00:00Z,40,4.8331,4.873,4.8539,
2026-08-19,2026-08-19T22:00:00Z,16,4.8331,4.8727,4.8539,
2026-08-18,2026-08-19T23:00:00Z,41,4.15,4.1854,4.1655,
2026-08-19,2026-08-19T23:00:00Z,17,4.15,4.1981,4.1655,
2026-08-18,2026-08-20T00:00:00Z,42,3.5684,3.5866,3.552,
2026-08-19,2026-08-20T00:00:00Z,18,3.5684,3.6077,3.552,
2026-08-18,2026-08-20T01:00:00Z,43,3.126,3.1088,3.0783,
2026-08-19,2026-08-20T01:00:00Z,19,3.126,3.1337,3.0783,
2026-08-18,2026-08-20T02:00:00Z,44,2.8448,2.8515,2.8241,
2026-08-19,2026-08-20T02:00:00Z,20,2.8448,2.8596,2.8241,
2026-08-18,2026-08-20T03:00:00Z,45,2.9448,2.974,2.9336,
2026-08-19,2026-08-20T03:00:00Z,21,2.9448,2.9881,2.9336,
2026-08-18,2026-08-20T04:00:00Z,46,3.4895,3.5113,3.4408,
2026-08-19,2026-08-20T04:00:00Z,22,3.4895,3.5116,3.4408,
2026-08-18,2026-08-20T05:00:00Z,47,4.2074,4.2398,4.1676,
2026-08-19,2026-08-20T05:00:00Z,23,4.2074,4.2336,4.1676,
2026-08-18,2026-08-20T06:00:00Z,48,4.8787,4.9408,4.8687,
2026-08-19,2026-08-20T06:00:00Z,24,4.8787,4.9338,4.8687,
2026-08-19,2026-08-20T07:00:00Z,25,5.3549,5.4273,5.3747,
2026-08-20,2026-08-20T07:00:00Z,1,5.3549,5.3978,5.3747,
2026-08-19,2026-08-20T08:00:00Z,26,5.5129,5.6285,5.5904,
2026-08-20,2026-08-20T08:00:00Z,2,5.5434,5.6098,5.5904,
2026-08-19,2026-08-20T09:00:00Z,27,5.5129,5.4958,5.4732,
2026-08-20,2026-08-20T09:00:00Z,3,5.4378,5.4826,5.4732,
2026-08-19,2026-08-20T10:00:00Z,28,5.2794,5.074,5.0612,
2026-08-20,2026-08-20T10:00:00Z,4,5.0134,5.0444,5.0612,
2026-08-19,2026-08-20T11:00:00Z,29,5.2794,4.5012,4.4859,
2026-08-20,2026-08-20T11:00:00Z,5,4.4328,4.4702,4.4859,
2026-08-19,2026-08-20T12:00:00Z,30,3.8983,3.9228,3.9014,
2026-08-20,2026-08-20T12:00:00Z,6,3.8983,3.9007,3.9014,
2026-08-19,2026-08-20T13:00:00Z,31,3.4394,3.4239,3.401,
2026-08-20,2026-08-20T13:00:00Z,7,3.4394,3.3986,3.401,
2026-08-19,2026-08-20T14:00:00Z,32,3.0744,3.0747,3.0614,
2026-08-20,2026-08-20T14:00:00Z,8,3.0744,3.0458,3.0614,
2026-08-19,2026-08-20T15:00:00Z,33,3.0039,3.0262,3.0111,
2026-08-20,2026-08-20T15:00:00Z,9,3.0039,3.0071,3.0111,
2026-08-19,2026-08-20T16:00:00Z,34,3.3483,3.3634,3.3242,
2026-08-20,2026-08-20T16:00:00Z,10,3.3483,3.3515,3.3242,
2026-08-19,2026-08-20T17:00:00Z,35,3.9095,3.9428,3.8913,
2026-08-20,2026-08-20T17:00:00Z,11,3.9095,3.9114,3.8913,
2026-08-19,2026-08-20T18:00:00Z,36,4.4898,4.5421,4.507,
2026-08-20,2026-08-20T18:00:00Z,12,4.4898,4.5236,4.507,
2026-08-19,2026-08-20T19:00:00Z,37,4.9727,5.0391,5.0126,
2026-08-20,2026-08-20T19:00:00Z,13,4.9727,4.9978,5.0126,
2026-08-19,2026-08-20T20:00:00Z,38,5.2356,5.3174,5.3041,
2026-08-20,2026-08-20T20:00:00Z,14,5.2356,5.2984,5.3041,
2026-08-19,2026-08-20T21:00:00Z,39,5.2401,5.3239,5.3147,
2026-08-20,2026-08-20T21:00:00Z,15,5.2401,5.2998,5.3147,
2026-08-19,2026-08-20T22:00:00Z,40,4.9658,5.0494,5.0536,
2026-08-20,2026-08-20T22:00:00Z,16,4.9658,5.0122,5.0536,
2026-08-19,2026-08-20T23:00:00Z,41,4.5147,4.6175,4.6194,
2026-08-20,2026-08-20T23:00:00Z,17,4.5147,4.6018,4.6194,
2026-08-19,2026-08-21T00:00:00Z,42,4.0851,4.1468,4.1417,
2026-08-20,2026-08-21T00:00:00Z,18,4.0851,4.1532,4.1417,
2026-08-19,2026-08-21T01:00:00Z,43,3.7118,3.7263,3.7059,
2026-08-20,2026-08-21T01:00:00Z,19,3.7118,3.7309,3.7059,
2026-08-19,2026-08-21T02:00:00Z,44,3.3836,3.3769,3.3641,
2026-08-20,2026-08-21T02:00:00Z,20,3.3836,3.3804,3.3641,
2026-08-19,2026-08-21T03:00:00Z,45,3.1853,3.228,3.2097,
2026-08-20,2026-08-21T03:00:00Z,21,3.1853,3.233,3.2097,
2026-08-19,2026-08-21T04:00:00Z,46,3.2916,3.366,3.3398,
2026-08-20,2026-08-21T04:00:00Z,22,3.2916,3.3829,3.3398,
2026-08-19,2026-08-21T05:00:00Z,47,3.7083,3.7704,3.7296,
2026-08-20,2026-08-21T05:00:00Z,23,3.7083,3.7713,3.7296,
2026-08-19,2026-08-21T06:00:00Z,48,4.2301,4.2808,4.2411,
2026-08-20,2026-08-21T06:00:00Z,24,4.2301,4.2767,4.2411,
2026-08-20,2026-08-21T07:00:00Z,25,4.6883,4.7838,4.7367,
2026-08-21,2026-08-21T07:00:00Z,1,4.6883,4.7371,4.7367,
2026-08-20,2026-08-21T08:00:00Z,26,4.9,5.1196,5.1093,
2026-08-21,2026-08-21T08:00:00Z,2,5.0138,5.0924,5.1093,
2026-08-20,2026-08-21T09:00:00Z,27,4.9,5.2641,5.272,
2026-08-21,2026-08-21T09:00:00Z,3,5.1743,5.2398,5.272,
2026-08-20,2026-08-21T10:00:00Z,28,5.1707,5.1803,5.1942,
2026-08-21,2026-08-21T10:00:00Z,4,5.0997,5.1543,5.1942,
2026-08-20,2026-08-21T11:00:00Z,29,5.1707,4.8982,4.916,
2026-08-21,2026-08-21T11:00:00Z,5,4.7817,4.8822,4.916,
2026-08-20,2026-08-21T12:00:00Z,30,4.3825,4.5044,4.5148,
2026-08-21,2026-08-21T12:00:00Z,6,4.3825,4.4834,4.5148,
2026-08-20,2026-08-21T13:00:00Z,31,4.014,4.0716,4.0704,
2026-08-21,2026-08-21T13:00:00Z,7,4.014,4.0226,4.0704,
2026-08-20,2026-08-21T14:00:00Z,32,3.6452,3.6736,3.6586,
2026-08-21,2026-08-21T14:00:00Z,8,3.6452,3.6076,3.6586,
2026-08-20,2026-08-21T15:00:00Z,33,3.3445,3.373,3.3791,
2026-08-21,2026-08-21T15:00:00Z,9,3.3445,3.3227,3.3791,
2026-08-20,2026-08-21T16:00:00Z,34,3.2864,3.3303,3.3366,
2026-08-21,2026-08-21T16:00:00Z,10,3.2864,3.2706,3.3366,
2026-08-20,2026-08-21T17:00:00Z,35,3.4778,3.5372,3.5453,
2026-08-21,2026-08-21T17:00:00Z,11,3.4778,3.4863,3.5453,
2026-08-20,2026-08-21T18:00:00Z,36,3.8178,3.8848,3.9127,
2026-08-21,2026-08-21T18:00:00Z,12,3.8178,3.8521,3.9127,
2026-08-20,2026-08-21T19:00:00Z,37,4.2309,4.3121,4.3344,
2026-08-21,2026-08-21T19:00:00Z,13,4.2309,4.23,4.3344,
2026-08-20,2026-08-21T20:00:00Z,38,4.6021,4.695,4.722,
2026-08-21,2026-08-21T20:00:00Z,14,4.6021,4.6202,4.722,
2026-08-20,2026-08-21T21:00:00Z,39,4.8349,4.944,4.9737,
2026-08-21,2026-08-21T21:00:00Z,15,4.8349,4.8786,4.9737,
2026-08-20,2026-08-21T22:00:00Z,40,4.8794,4.9939,5.0252,
2026-08-21,2026-08-21T22:00:00Z,16,4.8794,4.9307,5.0252,
2026-08-20,2026-08-21T23:00:00Z,41,4.7309,4.8615,4.8963,
2026-08-21,2026-08-21T23:00:00Z,17,4.7309,4.8036,4.8963,
2026-08-20,2026-08-22T00:00:00Z,42,4.4728,4.6148,4.6444,
2026-08-21,2026-08-22T00:00:00Z,18,4.4728,4.5509,4.6444,
2026-08-20,2026-08-22T01:00:00Z,43,4.1919,4.3,4.3157,
2026-08-21,2026-08-22T01:00:00Z,19,4.1919,4.2493,4.3157,
2026-08-20,2026-08-22T02:00:00Z,44,3.8918,3.9453,3.9562,
2026-08-21,2026-08-22T02:00:00Z,20,3.8918,3.8936,3.9562,
2026-08-20,2026-08-22T03:00:00Z,45,3.5885,3.6251,3.6429,
2026-08-21,2026-08-22T03:00:00Z,21,3.5885,3.5769,3.6429,
2026-08-20,2026-08-22T04:00:00Z,46,3.3973,3.4554,3.4782,
2026-08-21,2026-08-22T04:00:00Z,22,3.3973,3.4085,3.4782,
2026-08-20,2026-08-22T05:00:00Z,47,3.4325,3.4994,3.5207,
2026-08-21,2026-08-22T05:00:00Z,23,3.4325,3.4384,3.5207,
2026-08-20,2026-08-22T06:00:00Z,48,3.6606,3.7146,3.7442,
2026-08-21,2026-08-22T06:00:00Z,24,3.6606,3.6596,3.7442,
2026-08-21,2026-08-22T07:00:00Z,25,3.9911,4.0138,4.0913,
2026-08-22,2026-08-22T07:00:00Z,1,4.0075,3.986,4.0913,
2026-08-21,2026-08-22T08:00:00Z,26,3.9911,4.4217,4.4997,
2026-08-22,2026-08-22T08:00:00Z,2,4.406,4.3997,4.4997,
2026-08-21,2026-08-22T09:00:00Z,27,4.721,4.7718,4.8672,
2026-08-22,2026-08-22T09:00:00Z,3,4.7388,4.7587,4.8672,
2026-08-21,2026-08-22T10:00:00Z,28,4.721,4.9972,5.09,
2026-08-22,2026-08-22T10:00:00Z,4,4.98,4.9929,5.09,
2026-08-21,2026-08-22T11:00:00Z,29,5.047,5.0426,5.1334,
2026-08-22,2026-08-22T11:00:00Z,5,5.047,5.0435,5.1334,
2026-08-21,2026-08-22T12:00:00Z,30,4.8749,4.9103,5.0053,
2026-08-22,2026-08-22T12:00:00Z,6,4.8749,4.9184,5.0053,
2026-08-21,2026-08-22T13:00:00Z,31,4.5954,4.6389,4.7169,
2026-08-22,2026-08-22T13:00:00Z,7,4.5954,4.6167,4.7169,
2026-08-21,2026-08-22T14:00:00Z,32,4.2777,4.238,4.3123,
2026-08-22,2026-08-22T14:00:00Z,8,4.2777,4.2148,4.3123,
2026-08-21,2026-08-22T15:00:00Z,33,3.9093,3.8156,3.891,
2026-08-22,2026-08-22T15:00:00Z,9,3.9093,3.7916,3.891,
2026-08-21,2026-08-22T16:00:00Z,34,3.5527,3.4877,3.5742,
2026-08-22,2026-08-22T16:00:00Z,10,3.5527,3.4663,3.5742,
2026-08-21,2026-08-22T17:00:00Z,35,3.3488,3.3583,3.4414,
2026-08-22,2026-08-22T17:00:00Z,11,3.3488,3.3298,3.4414,
2026-08-21,2026-08-22T18:00:00Z,36,3.3809,3.3971,3.4963,
2026-08-22,2026-08-22T18:00:00Z,12,3.3809,3.3818,3.4963,
2026-08-21,2026-08-22T19:00:00Z,37,3.6084,3.6173,3.7114,
2026-08-22,2026-08-22T19:00:00Z,13,3.6084,3.5859,3.7114,
2026-08-21,2026-08-22T20:00:00Z,38,3.9514,3.9821,4.0592,
2026-08-22,2026-08-22T20:00:00Z,14,3.9514,3.9454,4.0592,
2026-08-21,2026-08-22T21:00:00Z,39,4.3205,4.3765,4.4585,
2026-08-22,2026-08-22T21:00:00Z,15,4.3205,4.3457,4.4585,
2026-08-21,2026-08-22T22:00:00Z,40,4.6494,4.6925,4.7822,
2026-08-22,2026-08-22T22:00:00Z,16,4.6494,4.6799,4.7822,
2026-08-21,2026-08-22T23:00:00Z,41,4.8577,4.8578,4.961,
2026-08-22,2026-08-22T23:00:00Z,17,4.8577,4.8546,4.961,
2026-08-21,2026-08-23T00:00:00Z,42,4.879,4.8894,4.9926,
2026-08-22,2026-08-23T00:00:00Z,18,4.879,4.8925,4.9926,
2026-08-21,2026-08-23T01:00:00Z,43,4.7234,4.7631,4.8654,
2026-08-22,2026-08-23T01:00:00Z,19,4.7234,4.7618,4.8654,
2026-08-21,2026-08-23T02:00:00Z,44,4.4223,4.4879,4.5733,
2026-08-22,2026-08-23T02:00:00Z,20,4.4223,4.4898,4.5733,
2026-08-21,2026-08-23T03:00:00Z,45,4.0486,4.0955,4.1786,
2026-08-22,2026-08-23T03:00:00Z,21,4.0486,4.1058,4.1786,
2026-08-21,2026-08-23T04:00:00Z,46,3.6693,3.7192,3.7981,
2026-08-22,2026-08-23T04:00:00Z,22,3.6693,3.7044,3.7981,
2026-08-21,2026-08-23T05:00:00Z,47,3.3842,3.4425,3.5352,
2026-08-22,2026-08-23T05:00:00Z,23,3.3842,3.4287,3.5352,
2026-08-21,2026-08-23T06:00:00Z,48,3.268,3.3477,3.4412,
2026-08-22,2026-08-23T06:00:00Z,24,3.268,3.3395,3.4412,
2026-08-22,2026-08-23T07:00:00Z,25,3.3721,3.4543,3.5375,
2026-08-23,2026-08-23T07:00:00Z,1,3.3792,3.4248,3.5375,
2026-08-22,2026-08-23T08:00:00Z,26,3.3721,3.7623,3.8382,
2026-08-23,2026-08-23T08:00:00Z,2,3.7261,3.738,3.8382,
2026-08-22,2026-08-23T09:00:00Z,27,4.1621,4.2207,4.2933,
2026-08-23,2026-08-23T09:00:00Z,3,4.1927,4.2009,4.2933,
2026-08-22,2026-08-23T10:00:00Z,28,4.1621,4.6931,4.7632,
2026-08-23,2026-08-23T10:00:00Z,4,4.6563,4.6872,4.7632,
2026-08-22,2026-08-23T11:00:00Z,29,5.0571,5.0536,5.1194,
2026-08-23,2026-08-23T11:00:00Z,5,5.0571,5.0374,5.1194,
2026-08-22,2026-08-23T12:00:00Z,30,5.284,5.2519,5.3035,
2026-08-23,2026-08-23T12:00:00Z,6,5.284,5.226,5.3035,
2026-08-22,2026-08-23T13:00:00Z,31,5.2326,5.2165,5.2687,
2026-08-23,2026-08-23T13:00:00Z,7,5.2326,5.1818,5.2687,
2026-08-22,2026-08-23T14:00:00Z,32,4.9213,4.9392,4.9835,
2026-08-23,2026-08-23T14:00:00Z,8,4.9213,4.8811,4.9835,
2026-08-22,2026-08-23T15:00:00Z,33,4.4822,4.476,4.5098,
2026-08-23,2026-08-23T15:00:00Z,9,4.4822,4.411,4.5098,
2026-08-22,2026-08-23T16:00:00Z,34,3.9806,3.9676,3.9908,
2026-08-23,2026-08-23T16:00:00Z,10,3.9806,3.9064,3.9908,
2026-08-22,2026-08-23T17:00:00Z,35,3.4801,3.5401,3.5598,
2026-08-23,2026-08-23T17:00:00Z,11,3.4801,3.4709,3.5598,
2026-08-22,2026-08-23T18:00:00Z,36,3.1589,3.2496,3.2922,
2026-08-23,2026-08-23T18:00:00Z,12,3.1589,3.2086,3.2922,
2026-08-22,2026-08-23T19:00:00Z,37,3.1356,3.1753,3.2289,
2026-08-23,2026-08-23T19:00:00Z,13,3.1356,3.132,3.2289,
2026-08-22,2026-08-23T20:00:00Z,38,3.351,3.3474,3.4076,
2026-08-23,2026-08-23T20:00:00Z,14,3.351,3.3074,3.4076,
2026-08-22,2026-08-23T21:00:00Z,39,3.7297,3.7658,3.8175,
2026-08-23,2026-08-23T21:00:00Z,15,3.7297,3.724,3.8175,
2026-08-22,2026-08-23T22:00:00Z,40,4.25,4.2919,4.3376,
2026-08-23,2026-08-23T22:00:00Z,16,4.25,4.2477,4.3376,
2026-08-22,2026-08-23T23:00:00Z,41,4.7849,4.7766,4.8088,
2026-08-23,2026-08-23T23:00:00Z,17,4.7849,4.7308,4.8088,
2026-08-22,2026-08-24T00:00:00Z,42,5.1567,5.1178,5.1424,
2026-08-23,2026-08-24T00:00:00Z,18,5.1567,5.0697,5.1424,
2026-08-22,2026-08-24T01:00:00Z,43,5.2568,5.2797,5.2827,
2026-08-23,2026-08-24T01:00:00Z,19,5.2568,5.2409,5.2827,
2026-08-22,2026-08-24T02:00:00Z,44,5.0936,5.1492,5.162,
2026-08-23,2026-08-24T02:00:00Z,20,5.0936,5.0964,5.162,
2026-08-22,2026-08-24T03:00:00Z,45,4.7311,4.7807,4.7827,
2026-08-23,2026-08-24T03:00:00Z,21,4.7311,4.7284,4.7827,
2026-08-22,2026-08-24T04:00:00Z,46,4.2372,4.2577,4.2614,
2026-08-23,2026-08-24T04:00:00Z,22,4.2372,4.2099,4.2614,
2026-08-22,2026-08-24T05:00:00Z,47,3.6937,3.7455,3.7462,
2026-08-23,2026-08-24T05:00:00Z,23,3.6937,3.7014,3.7462,
2026-08-22,2026-08-24T06:00:00Z,48,3.254,3.3499,3.3464,
2026-08-23,2026-08-24T06:00:00Z,24,3.254,3.3023,3.3464,
2026-08-23,2026-08-24T07:00:00Z,25,3.0929,3.1278,3.1465,
2026-08-24,2026-08-24T07:00:00Z,1,3.0929,3.0951,3.1465,
2026-08-23,2026-08-24T08:00:00Z,26,3.1331,3.2241,3.2278,
2026-08-24,2026-08-24T08:00:00Z,2,3.2224,3.1882,3.2278,
2026-08-23,2026-08-24T09:00:00Z,27,3.1331,3.6275,3.6221,
2026-08-24,2026-08-24T09:00:00Z,3,3.6136,3.5892,3.6221,
2026-08-23,2026-08-24T10:00:00Z,28,3.9717,4.2487,4.2327,
2026-08-24,2026-08-24T10:00:00Z,4,4.2572,4.209,4.2327,
2026-08-23,2026-08-24T11:00:00Z,29,3.9717,4.9035,4.8695,
2026-08-24,2026-08-24T11:00:00Z,5,4.9555,4.869,4.8695,
2026-08-23,2026-08-24T12:00:00Z,30,5.492,5.4058,5.3758,
2026-08-24,2026-08-24T12:00:00Z,6,5.492,5.3879,5.3758,
2026-08-23,2026-08-24T13:00:00Z,31,5.7551,5.6794,5.6491,
2026-08-24,2026-08-24T13:00:00Z,7,5.7551,5.6527,5.6491,
2026-08-23,2026-08-24T14:00:00Z,32,5.6565,5.6171,5.5944,
2026-08-24,2026-08-24T14:00:00Z,8,5.6565,5.586,5.5944,
2026-08-23,2026-08-24T15:00:00Z,33,5.2554,5.2084,5.1903,
2026-08-24,2026-08-24T15:00:00Z,9,5.2554,5.1698,5.1903,
2026-08-23,2026-08-24T16:00:00Z,34,4.685,4.5669,4.5589,
2026-08-24,2026-08-24T16:00:00Z,10,4.685,4.5454,4.5589,
2026-08-23,2026-08-24T17:00:00Z,35,3.9534,3.8998,3.8837,
2026-08-24,2026-08-24T17:00:00Z,11,3.9534,3.8626,3.8837,
2026-08-23,2026-08-24T18:00:00Z,36,3.2678,3.3278,3.3076,
2026-08-24,2026-08-24T18:00:00Z,12,3.2678,3.2852,3.3076,
2026-08-23,2026-08-24T19:00:00Z,37,2.8938,2.9439,2.9343,
2026-08-24,2026-08-24T19:00:00Z,13,2.8938,2.9455,2.9343,
2026-08-23,2026-08-24T20:00:00Z,38,2.8586,2.8602,2.8593,
2026-08-24,2026-08-24T20:00:00Z,14,2.8586,2.8494,2.8593,
2026-08-23,2026-08-24T21:00:00Z,39,3.1508,3.155,3.1421,
2026-08-24,2026-08-24T21:00:00Z,15,3.1508,3.1461,3.1421,
2026-08-23,2026-08-24T22:00:00Z,40,3.7719,3.7516,3.7281,
2026-08-24,2026-08-24T22:00:00Z,16,3.7719,3.7458,3.7281,
2026-08-23,2026-08-24T23:00:00Z,41,4.5266,4.4885,4.4367,
2026-08-24,2026-08-24T23:00:00Z,17,4.5266,4.4742,4.4367,
2026-08-23,2026-08-25T00:00:00Z,42,5.1702,5.1352,5.0763,
2026-08-24,2026-08-25T00:00:00Z,18,5.1702,5.1222,5.0763,
2026-08-23,2026-08-25T01:00:00Z,43,5.6097,5.5786,5.5171,
2026-08-24,2026-08-25T01:00:00Z,19,5.6097,5.5774,5.5171,
2026-08-23,2026-08-25T02:00:00Z,44,5.7499,5.6988,5.6478,
2026-08-24,2026-08-25T02:00:00Z,20,5.7499,5.7031,5.6478,
2026-08-23,2026-08-25T03:00:00Z,45,5.4542,5.438,5.3977,
2026-08-24,2026-08-25T03:00:00Z,21,5.4542,5.441,5.3977,
2026-08-23,2026-08-25T04:00:00Z,46,4.8584,4.8638,4.8348,
2026-08-24,2026-08-25T04:00:00Z,22,4.8584,4.8647,4.8348,
2026-08-23,2026-08-25T05:00:00Z,47,4.1666,4.1467,4.134,
2026-08-24,2026-08-25T05:00:00Z,23,4.1666,4.1525,4.134,
2026-08-23,2026-08-25T06:00:00Z,48,3.4836,3.4798,3.4607,
2026-08-24,2026-08-25T06:00:00Z,24,3.4836,3.4802,3.4607,
2026-08-24,2026-08-25T07:00:00Z,25,2.9324,3.0018,2.952,
2026-08-25,2026-08-25T07:00:00Z,1,2.9324,2.9813,2.952,
2026-08-24,2026-08-25T08:00:00Z,26,2.7428,2.7911,2.7486,
2026-08-25,2026-08-25T08:00:00Z,2,2.7198,2.7729,2.7486,
2026-08-24,2026-08-25T09:00:00Z,27,2.7428,3.0239,2.9571,
2026-08-25,2026-08-25T09:00:00Z,3,2.9794,3.0028,2.9571,
2026-08-24,2026-08-25T10:00:00Z,28,2.849,3.6282,3.5608,
2026-08-25,2026-08-25T10:00:00Z,4,3.6143,3.6244,3.5608,
2026-08-24,2026-08-25T11:00:00Z,29,4.4456,4.458,4.3873,
2026-08-25,2026-08-25T11:00:00Z,5,4.4456,4.459,4.3873,
2026-08-24,2026-08-25T12:00:00Z,30,5.2742,5.283,5.2012,
2026-08-25,2026-08-25T12:00:00Z,6,5.2742,5.2749,5.2012,
2026-08-24,2026-08-25T13:00:00Z,31,5.8995,5.8844,5.8099,
2026-08-25,2026-08-25T13:00:00Z,7,5.8995,5.8807,5.8099,
2026-08-24,2026-08-25T14:00:00Z,32,6.1469,6.1454,6.0609,
2026-08-25,2026-08-25T14:00:00Z,8,6.1469,6.1137,6.0609,
2026-08-24,2026-08-25T15:00:00Z,33,5.896,5.9267,5.8525,
2026-08-25,2026-08-25T15:00:00Z,9,5.896,5.888,5.8525,
2026-08-24,2026-08-25T16:00:00Z,34,5.2572,5.2969,5.2325,
2026-08-25,2026-08-25T16:00:00Z,10,5.2572,5.2566,5.2325,
2026-08-24,2026-08-25T17:00:00Z,35,4.4353,4.4338,4.3962,
2026-08-25,2026-08-25T17:00:00Z,11,4.4353,4.4063,4.3962,
2026-08-24,2026-08-25T18:00:00Z,36,3.5706,3.6013,3.5509,
2026-08-25,2026-08-25T18:00:00Z,12,3.5706,3.5655,3.5509,
2026-08-24,2026-08-25T19:00:00Z,37,2.8373,2.9103,2.8589,
2026-08-25,2026-08-25T19:00:00Z,13,2.8373,2.8816,2.8589,
2026-08-24,2026-08-25T20:00:00Z,38,2.4325,2.5061,2.4751,
2026-08-25,2026-08-25T20:00:00Z,14,2.4325,2.5005,2.4751,
2026-08-24,2026-08-25T21:00:00Z,39,2.5195,2.5487,2.5277,
2026-08-25,2026-08-25T21:00:00Z,15,2.5195,2.5652,2.5277,
2026-08-24,2026-08-25T22:00:00Z,40,3.0669,3.0908,3.0367,
2026-08-25,2026-08-25T22:00:00Z,16,3.0669,3.1132,3.0367,
2026-08-24,2026-08-25T23:00:00Z,41,3.8941,3.9434,3.8659,
2026-08-25,2026-08-25T23:00:00Z,17,3.8941,3.9587,3.8659,
2026-08-24,2026-08-26T00:00:00Z,42,4.8304,4.8607,4.7759,
2026-08-25,2026-08-26T00:00:00Z,18,4.8304,4.8851,4.7759,
2026-08-24,2026-08-26T01:00:00Z,43,5.6288,5.6395,5.5372,
2026-08-25,2026-08-26T01:00:00Z,19,5.6288,5.6385,5.5372,
2026-08-24,2026-08-26T02:00:00Z,44,6.0421,6.0416,5.9717,
2026-08-25,2026-08-26T02:00:00Z,20,6.0421,6.0546,5.9717,
2026-08-24,2026-08-26T03:00:00Z,45,5.9625,6.014,5.949,
2026-08-25,2026-08-26T03:00:00Z,21,5.9625,6.022,5.949,
2026-08-24,2026-08-26T04:00:00Z,46,5.4445,5.517,5.4624,
2026-08-25,2026-08-26T04:00:00Z,22,5.4445,5.5138,5.4624,
2026-08-24,2026-08-26T05:00:00Z,47,4.6822,4.7206,4.6701,
2026-08-25,2026-08-26T05:00:00Z,23,4.6822,4.7167,4.6701,
2026-08-24,2026-08-26T06:00:00Z,48,3.8296,3.8391,3.7836,
2026-08-25,2026-08-26T06:00:00Z,24,3.8296,3.8327,3.7836,
2026-08-25,2026-08-26T07:00:00Z,25,3.0467,3.0307,2.9835,
2026-08-26,2026-08-26T07:00:00Z,1,3.0467,3.0309,2.9835,
2026-08-25,2026-08-26T08:00:00Z,26,2.6626,2.5095,2.4571,
2026-08-26,2026-08-26T08:00:00Z,2,2.4787,2.5073,2.4571,
2026-08-25,2026-08-26T09:00:00Z,27,2.6626,2.438,2.3884,
2026-08-26,2026-08-26T09:00:00Z,3,2.3763,2.4334,2.3884,
2026-08-25,2026-08-26T10:00:00Z,28,2.5615,2.9193,2.8475,
2026-08-26,2026-08-26T10:00:00Z,4,2.8963,2.926,2.8475,
2026-08-25,2026-08-26T11:00:00Z,29,2.5615,3.8124,3.7232,
2026-08-26,2026-08-26T11:00:00Z,5,3.8006,3.8043,3.7232,
2026-08-25,2026-08-26T12:00:00Z,30,4.8339,4.8577,4.769,
2026-08-26,2026-08-26T12:00:00Z,6,4.8339,4.858,4.769,
2026-08-25,2026-08-26T13:00:00Z,31,5.796,5.8069,5.7114,
2026-08-26,2026-08-26T13:00:00Z,7,5.796,5.798,5.7114,
2026-08-25,2026-08-26T14:00:00Z,32,6.411,6.3978,6.3162,
2026-08-26,2026-08-26T14:00:00Z,8,6.411,6.3997,6.3162,
2026-08-25,2026-08-26T15:00:00Z,33,6.5185,6.4841,6.4054,
2026-08-26,2026-08-26T15:00:00Z,9,6.5185,6.4649,6.4054,
2026-08-25,2026-08-26T16:00:00Z,34,6.034,6.0142,5.9331,
2026-08-26,2026-08-26T16:00:00Z,10,6.034,5.9988,5.9331,
2026-08-25,2026-08-26T17:00:00Z,35,5.1483,5.1615,5.0526,
2026-08-26,2026-08-26T17:00:00Z,11,5.1483,5.1301,5.0526,
2026-08-25,2026-08-26T18:00:00Z,36,4.1375,4.11,4.0153,
2026-08-26,2026-08-26T18:00:00Z,12,4.1375,4.0934,4.0153,
2026-08-25,2026-08-26T19:00:00Z,37,3.1882,3.1371,3.0366,
2026-08-26,2026-08-26T19:00:00Z,13,3.1882,3.1739,3.0366,
2026-08-25,2026-08-26T20:00:00Z,38,2.4318,2.4174,2.3136,
2026-08-26,2026-08-26T20:00:00Z,14,2.4318,2.4663,2.3136,
2026-08-25,2026-08-26T21:00:00Z,39,2.1402,2.148,2.0506,
2026-08-26,2026-08-26T21:00:00Z,15,2.1402,2.2143,2.0506,
2026-08-25,2026-08-26T22:00:00Z,40,2.5125,2.4691,2.3589,
2026-08-26,2026-08-26T22:00:00Z,16,2.5125,2.5172,2.3589,
2026-08-25,2026-08-26T23:00:00Z,41,3.3191,3.2777,3.1671,
2026-08-26,2026-08-26T23:00:00Z,17,3.3191,3.309,3.1671,
2026-08-25,2026-08-27T00:00:00Z,42,4.377,4.3685,4.2468,
2026-08-26,2026-08-27T00:00:00Z,18,4.377,4.3995,4.2468,
2026-08-25,2026-08-27T01:00:00Z,43,5.4452,5.4333,5.3073,
2026-08-26,2026-08-27T01:00:00Z,19,5.4452,5.4521,5.3073,
2026-08-25,2026-08-27T02:00:00Z,44,6.2015,6.2053,6.0817,
2026-08-26,2026-08-27T02:00:00Z,20,6.2015,6.207,6.0817,
2026-08-25,2026-08-27T03:00:00Z,45,6.4917,6.4779,6.3653,
2026-08-26,2026-08-27T03:00:00Z,21,6.4917,6.4742,6.3653,
2026-08-25,2026-08-27T04:00:00Z,46,6.2053,6.159,6.0705,
2026-08-26,2026-08-27T04:00:00Z,22,6.2053,6.1576,6.0705,
2026-08-25,2026-08-27T05:00:00Z,47,5.4002,5.3785,5.2998,
2026-08-26,2026-08-27T05:00:00Z,23,5.4002,5.3825,5.2998,
2026-08-25,2026-08-27T06:00:00Z,48,4.3962,4.3613,4.2882,
2026-08-26,2026-08-27T06:00:00Z,24,4.3962,4.3695,4.2882,
2026-08-26,2026-08-27T07:00:00Z,25,3.373,3.3826,3.2587,
2026-08-27,2026-08-27T07:00:00Z,1,3.373,3.3696,3.2587,
2026-08-26,2026-08-27T08:00:00Z,26,2.5431,2.5395,2.4151,
2026-08-27,2026-08-27T08:00:00Z,2,2.5431,2.5431,2.4151,
2026-08-26,2026-08-27T09:00:00Z,27,2.0912,2.1216,1.9991,
2026-08-27,2026-08-27T09:00:00Z,3,2.0912,2.1214,1.9991,
2026-08-26,2026-08-27T10:00:00Z,28,2.2595,2.3037,2.1923,
2026-08-27,2026-08-27T10:00:00Z,4,2.2595,2.3313,2.1923,
2026-08-26,2026-08-27T11:00:00Z,29,3.0825,3.0816,2.972,
2026-08-27,2026-08-27T11:00:00Z,5,3.0825,3.1034,2.972,
2026-08-26,2026-08-27T12:00:00Z,30,4.2188,4.2242,4.1193,
2026-08-27,2026-08-27T12:00:00Z,6,4.2188,4.2366,4.1193,
2026-08-26,2026-08-27T13:00:00Z,31,5.3843,5.428,5.3298,
2026-08-27,2026-08-27T13:00:00Z,7,5.3843,5.4497,5.3298,
2026-08-26,2026-08-27T14:00:00Z,32,6.3665,6.392,6.2979,
2026-08-27,2026-08-27T14:00:00Z,8,6.3665,6.4103,6.2979,
2026-08-26,2026-08-27T15:00:00Z,33,6.8726,6.8334,6.7599,
2026-08-27,2026-08-27T15:00:00Z,9,6.8726,6.8454,6.7599,
2026-08-26,2026-08-27T16:00:00Z,34,6.667,6.6535,6.5648,
2026-08-27,2026-08-27T16:00:00Z,10,6.66,6.6639,6.5648,
2026-08-26,2026-08-27T17:00:00Z,35,5.9731,5.8642,5.7773,
2026-08-27,2026-08-27T17:00:00Z,11,5.8449,5.8779,5.7773,
2026-08-26,2026-08-27T18:00:00Z,36,5.0882,4.7372,4.654,
2026-08-27,2026-08-27T18:00:00Z,12,4.763,4.7622,4.654,
2026-08-26,2026-08-27T19:00:00Z,37,5.0882,3.5328,3.4681,
2026-08-27,2026-08-27T19:00:00Z,13,3.596,3.5663,3.4681,
2026-08-26,2026-08-27T20:00:00Z,38,2.5875,2.522,2.437,
2026-08-27,2026-08-27T20:00:00Z,14,2.5875,2.5684,2.437,
2026-08-26,2026-08-27T21:00:00Z,39,1.9285,1.897,1.8019,
2026-08-27,2026-08-27T21:00:00Z,15,1.9285,1.9719,1.8019,
2026-08-26,2026-08-27T22:00:00Z,40,1.856,1.8793,1.7881,
2026-08-27,2026-08-27T22:00:00Z,16,1.856,1.9453,1.7881,
2026-08-26,2026-08-27T23:00:00Z,41,2.5239,2.5193,2.4345,
2026-08-27,2026-08-27T23:00:00Z,17,2.5239,2.5836,2.4345,
2026-08-26,2026-08-28T00:00:00Z,42,3.6399,3.6317,3.5493,
2026-08-27,2026-08-28T00:00:00Z,18,3.6399,3.6933,3.5493,
2026-08-26,2026-08-28T01:00:00Z,43,4.8962,4.8958,4.8209,
2026-08-27,2026-08-28T01:00:00Z,19,4.8962,4.9429,4.8209,
2026-08-26,2026-08-28T02:00:00Z,44,6.0057,6.018,5.9227,
2026-08-27,2026-08-28T02:00:00Z,20,6.0057,6.0489,5.9227,
2026-08-26,2026-08-28T03:00:00Z,45,6.6463,6.637,6.5686,
2026-08-27,2026-08-28T03:00:00Z,21,6.6463,6.6638,6.5686,
2026-08-26,2026-08-28T04:00:00Z,46,6.6318,6.638,6.5747,
2026-08-27,2026-08-28T04:00:00Z,22,6.6318,6.6746,6.5747,
2026-08-26,2026-08-28T05:00:00Z,47,6.0081,6.0165,5.9509,
2026-08-27,2026-08-28T05:00:00Z,23,6.0081,6.0585,5.9509,
2026-08-26,2026-08-28T06:00:00Z,48,5.0029,4.9817,4.9158,
2026-08-27,2026-08-28T06:00:00Z,24,5.0029,4.9997,4.9158,
2026-08-27,2026-08-28T07:00:00Z,25,3.8305,3.836,3.7459,
2026-08-27,2026-08-28T08:00:00Z,26,2.7827,2.7556,2.6582,
2026-08-27,2026-08-28T09:00:00Z,27,2.0331,2.0146,1.8863,
2026-08-27,2026-08-28T10:00:00Z,28,1.8085,1.8226,1.7049,
2026-08-27,2026-08-28T11:00:00Z,29,2.3484,2.357,2.2398,
2026-08-27,2026-08-28T12:00:00Z,30,3.4367,3.449,3.3432,
2026-08-27,2026-08-28T13:00:00Z,31,4.7941,4.7808,4.7,
2026-08-27,2026-08-28T14:00:00Z,32,5.8409,6.064,5.9685,
2026-08-27,2026-08-28T15:00:00Z,33,6.9527,6.8717,6.8257,
2026-08-27,2026-08-28T16:00:00Z,34,7.0857,7.0798,7.0159,
2026-08-27,2026-08-28T17:00:00Z,35,6.5083,6.5486,6.4722,
2026-08-27,2026-08-28T18:00:00Z,36,5.3468,5.4799,5.3905,
2026-08-27,2026-08-28T19:00:00Z,37,4.4976,4.1934,4.0966,
2026-08-27,2026-08-28T20:00:00Z,38,4.4976,2.943,2.8513,
