date,t,lead_h,obs,ia,baseline,baseline_model
2026-07-04,2026-07-04T07:00:00Z,1,2.3,2.9024,1.75,meteofrance_arpege_europe
2026-07-04,2026-07-04T08:00:00Z,2,1.0,2.3512,1.92,meteofrance_arpege_europe
2026-07-04,2026-07-04T09:00:00Z,3,1.5,2.1375,2.53,meteofrance_arpege_europe
2026-07-04,2026-07-04T10:00:00Z,4,2.4,1.8838,2.15,meteofrance_arpege_europe
2026-07-04,2026-07-04T11:00:00Z,5,2.1,2.301,2.28,meteofrance_arpege_europe
2026-07-04,2026-07-04T12:00:00Z,6,2.9,2.5325,2.2,meteofrance_arpege_europe
2026-07-04,2026-07-04T13:00:00Z,7,2.5,2.8962,2.26,meteofrance_arpege_europe
2026-07-04,2026-07-04T14:00:00Z,8,4.2,3.4408,2.42,meteofrance_arpege_europe
2026-07-04,2026-07-04T15:00:00Z,9,4.1,3.7962,2.89,meteofrance_arpege_europe
2026-07-04,2026-07-04T16:00:00Z,10,5.0,4.0491,3.88,meteofrance_arpege_europe
2026-07-04,2026-07-04T17:00:00Z,11,4.4,4.3416,3.54,meteofrance_arpege_europe
2026-07-04,2026-07-04T18:00:00Z,12,3.4,4.666,4.4,meteofrance_arpege_europe
2026-07-04,2026-07-04T19:00:00Z,13,4.2,4.331,3.95,meteofrance_arpege_europe
2026-07-04,2026-07-04T20:00:00Z,14,4.7,4.3397,3.95,meteofrance_arpege_europe
2026-07-04,2026-07-04T21:00:00Z,15,4.6,4.4328,4.55,meteofrance_arpege_europe
2026-07-04,2026-07-04T22:00:00Z,16,5.3,4.8998,5.4,meteofrance_arpege_europe
2026-07-04,2026-07-04T23:00:00Z,17,5.4,4.8995,5.53,meteofrance_arpege_europe
2026-07-04,2026-07-05T00:00:00Z,18,5.4,4.6443,4.52,meteofrance_arpege_europe
2026-07-04,2026-07-05T01:00:00Z,19,5.0,4.7093,4.54,meteofrance_arpege_europe
2026-07-04,2026-07-05T02:00:00Z,20,5.0,4.636,4.03,meteofrance_arpege_europe
2026-07-04,2026-07-05T03:00:00Z,21,4.6,4.1834,4.09,meteofrance_arpege_europe
2026-07-04,2026-07-05T04:00:00Z,22,4.4,4.2982,4.37,meteofrance_arpege_europe
2026-07-04,2026-07-05T05:00:00Z,23,4.6,3.778,4.15,meteofrance_arpege_europe
2026-07-04,2026-07-05T06:00:00Z,24,3.9,3.7998,3.82,meteofrance_arpege_europe
2026-07-04,2026-07-05T07:00:00Z,25,3.3,3.5379,3.55,meteofrance_arpege_europe
2026-07-05,2026-07-05T07:00:00Z,1,3.3,3.4021,3.55,meteofrance_arpege_europe
2026-07-04,2026-07-05T08:00:00Z,26,3.2,3.4032,3.52,meteofrance_arpege_europe
2026-07-05,2026-07-05T08:00:00Z,2,3.2,3.2674,3.52,meteofrance_arpege_europe
2026-07-04,2026-07-05T09:00:00Z,27,3.1,3.2761,3.14,meteofrance_arpege_europe
2026-07-05,2026-07-05T09:00:00Z,3,3.1,3.222,3.14,meteofrance_arpege_europe
2026-07-04,2026-07-05T10:00:00Z,28,4.2,3.5142,3.12,meteofrance_arpege_europe
2026-07-05,2026-07-05T10:00:00Z,4,4.2,3.4617,3.12,meteofrance_arpege_europe
2026-07-04,2026-07-05T11:00:00Z,29,4.7,3.924,3.81,meteofrance_arpege_europe
2026-07-05,2026-07-05T11:00:00Z,5,4.7,3.8728,3.81,meteofrance_arpege_europe
2026-07-04,2026-07-05T12:00:00Z,30,4.9,4.5683,5.19,meteofrance_arpege_europe
2026-07-05,2026-07-05T12:00:00Z,6,4.9,4.5567,5.19,meteofrance_arpege_europe
2026-07-04,2026-07-05T13:00:00Z,31,5.4,4.7549,5.15,meteofrance_arpege_europe
2026-07-05,2026-07-05T13:00:00Z,7,5.4,4.8158,5.15,meteofrance_arpege_europe
2026-07-04,2026-07-05T14:00:00Z,32,5.5,4.4804,4.72,meteofrance_arpege_europe
2026-07-05,2026-07-05T14:00:00Z,8,5.5,4.5262,4.72,meteofrance_arpege_europe
2026-07-04,2026-07-05T15:00:00Z,33,5.7,4.7458,4.84,meteofrance_arpege_europe
2026-07-05,2026-07-05T15:00:00Z,9,5.7,4.7893,4.84,meteofrance_arpege_europe
2026-07-04,2026-07-05T16:00:00Z,34,5.6,5.2734,5.61,meteofrance_arpege_europe
2026-07-05,2026-07-05T16:00:00Z,10,5.6,5.3192,5.61,meteofrance_arpege_europe
2026-07-04,2026-07-05T17:00:00Z,35,6.1,5.3679,5.95,meteofrance_arpege_europe
2026-07-05,2026-07-05T17:00:00Z,11,6.1,5.4288,5.95,meteofrance_arpege_europe
2026-07-04,2026-07-05T18:00:00Z,36,6.1,5.4508,5.75,meteofrance_arpege_europe
2026-07-05,2026-07-05T18:00:00Z,12,6.1,5.5024,5.75,meteofrance_arpege_europe
2026-07-04,2026-07-05T19:00:00Z,37,5.6,5.3685,5.66,meteofrance_arpege_europe
2026-07-05,2026-07-05T19:00:00Z,13,5.6,5.4191,5.66,meteofrance_arpege_europe
2026-07-04,2026-07-05T20:00:00Z,38,5.8,5.4091,5.66,meteofrance_arpege_europe
2026-07-05,2026-07-05T20:00:00Z,14,5.8,5.4597,5.66,meteofrance_arpege_europe
2026-07-04,2026-07-05T21:00:00Z,39,6.1,5.5361,5.98,meteofrance_arpege_europe
2026-07-05,2026-07-05T21:00:00Z,15,6.1,5.5379,5.98,meteofrance_arpege_europe
2026-07-04,2026-07-05T22:00:00Z,40,6.5,5.5633,5.87,meteofrance_arpege_europe
2026-07-05,2026-07-05T22:00:00Z,16,6.5,5.5331,5.87,meteofrance_arpege_europe
2026-07-04,2026-07-05T23:00:00Z,41,6.6,5.3906,5.73,meteofrance_arpege_europe
2026-07-05,2026-07-05T23:00:00Z,17,6.6,5.3628,5.73,meteofrance_arpege_europe
2026-07-04,2026-07-06T00:00:00Z,42,5.8,5.6372,6.31,meteofrance_arpege_europe
2026-07-05,2026-07-06T00:00:00Z,18,5.8,5.4649,6.31,meteofrance_arpege_europe
2026-07-04,2026-07-06T01:00:00Z,43,4.9,5.3237,6.53,meteofrance_arpege_europe
2026-07-05,2026-07-06T01:00:00Z,19,4.9,5.2388,6.53,meteofrance_arpege_europe
2026-07-04,2026-07-06T02:00:00Z,44,4.9,5.2279,6.13,meteofrance_arpege_europe
2026-07-05,2026-07-06T02:00:00Z,20,4.9,5.0529,6.13,meteofrance_arpege_europe
2026-07-04,2026-07-06T03:00:00Z,45,5.8,4.3327,4.7,meteofrance_arpege_europe
2026-07-05,2026-07-06T03:00:00Z,21,5.8,4.2138,4.7,meteofrance_arpege_europe
2026-07-04,2026-07-06T04:00:00Z,46,4.1,3.5951,3.53,meteofrance_arpege_europe
2026-07-05,2026-07-06T04:00:00Z,22,4.1,3.5496,3.53,meteofrance_arpege_europe
2026-07-04,2026-07-06T05:00:00Z,47,3.5,2.5237,2.1,meteofrance_arpege_europe
2026-07-05,2026-07-06T05:00:00Z,23,3.5,2.3903,2.1,meteofrance_arpege_europe
2026-07-04,2026-07-06T06:00:00Z,48,4.5,2.4641,1.44,meteofrance_arpege_europe
2026-07-05,2026-07-06T06:00:00Z,24,4.5,2.2919,1.44,meteofrance_arpege_europe
2026-07-05,2026-07-06T07:00:00Z,25,4.0,2.1684,1.97,meteofrance_arpege_europe
2026-07-06,2026-07-06T07:00:00Z,1,4.0,2.4907,1.97,meteofrance_arpege_europe
2026-07-05,2026-07-06T08:00:00Z,26,3.4,2.205,1.7,meteofrance_arpege_europe
2026-07-06,2026-07-06T08:00:00Z,2,3.4,2.3869,1.7,meteofrance_arpege_europe
2026-07-05,2026-07-06T09:00:00Z,27,4.2,2.723,1.33,meteofrance_arpege_europe
2026-07-06,2026-07-06T09:00:00Z,3,4.2,2.7907,1.33,meteofrance_arpege_europe
2026-07-05,2026-07-06T10:00:00Z,28,3.1,2.6926,1.61,meteofrance_arpege_europe
2026-07-06,2026-07-06T10:00:00Z,4,3.1,2.9405,1.61,meteofrance_arpege_europe
2026-07-05,2026-07-06T11:00:00Z,29,2.9,3.0827,2.25,meteofrance_arpege_europe
2026-07-06,2026-07-06T11:00:00Z,5,2.9,3.3068,2.25,meteofrance_arpege_europe
2026-07-05,2026-07-06T12:00:00Z,30,3.0,3.2429,1.86,meteofrance_arpege_europe
2026-07-06,2026-07-06T12:00:00Z,6,3.0,3.2591,1.86,meteofrance_arpege_europe
2026-07-05,2026-07-06T13:00:00Z,31,3.9,3.4827,2.15,meteofrance_arpege_europe
2026-07-06,2026-07-06T13:00:00Z,7,3.9,3.4944,2.15,meteofrance_arpege_europe
2026-07-05,2026-07-06T14:00:00Z,32,3.8,3.3971,1.63,meteofrance_arpege_europe
2026-07-06,2026-07-06T14:00:00Z,8,3.8,3.4068,1.63,meteofrance_arpege_europe
2026-07-05,2026-07-06T15:00:00Z,33,4.0,3.3769,2.82,meteofrance_arpege_europe
2026-07-06,2026-07-06T15:00:00Z,9,4.0,3.3026,2.82,meteofrance_arpege_europe
2026-07-05,2026-07-06T16:00:00Z,34,2.5,3.3122,3.57,meteofrance_arpege_europe
2026-07-06,2026-07-06T16:00:00Z,10,2.5,3.1699,3.57,meteofrance_arpege_europe
2026-07-05,2026-07-06T17:00:00Z,35,2.7,2.0884,1.3,meteofrance_arpege_europe
2026-07-06,2026-07-06T17:00:00Z,11,2.7,1.9467,1.3,meteofrance_arpege_europe
2026-07-05,2026-07-06T18:00:00Z,36,1.9,1.9658,0.22,meteofrance_arpege_europe
2026-07-06,2026-07-06T18:00:00Z,12,1.9,2.002,0.22,meteofrance_arpege_europe
2026-07-05,2026-07-06T19:00:00Z,37,0.0,1.8596,0.86,meteofrance_arpege_europe
2026-07-06,2026-07-06T19:00:00Z,13,0.0,1.8739,0.86,meteofrance_arpege_europe
2026-07-05,2026-07-06T20:00:00Z,38,2.7,2.0752,1.97,meteofrance_arpege_europe
2026-07-06,2026-07-06T20:00:00Z,14,2.7,2.1999,1.97,meteofrance_arpege_europe
2026-07-05,2026-07-06T21:00:00Z,39,2.6,2.4349,2.66,meteofrance_arpege_europe
2026-07-06,2026-07-06T21:00:00Z,15,2.6,2.5736,2.66,meteofrance_arpege_europe
2026-07-05,2026-07-06T22:00:00Z,40,2.7,2.5264,2.5,meteofrance_arpege_europe
2026-07-06,2026-07-06T22:00:00Z,16,2.7,2.9569,2.5,meteofrance_arpege_europe
2026-07-05,2026-07-06T23:00:00Z,41,3.1,2.4025,2.2,meteofrance_arpege_europe
2026-07-06,2026-07-06T23:00:00Z,17,3.1,2.8204,2.2,meteofrance_arpege_europe
2026-07-05,2026-07-07T00:00:00Z,42,2.9,2.1508,0.91,meteofrance_arpege_europe
2026-07-06,2026-07-07T00:00:00Z,18,2.9,2.5622,0.91,meteofrance_arpege_europe
2026-07-05,2026-07-07T01:00:00Z,43,2.4,1.8643,0.41,meteofrance_arpege_europe
2026-07-06,2026-07-07T01:00:00Z,19,2.4,1.9303,0.41,meteofrance_arpege_europe
2026-07-05,2026-07-07T02:00:00Z,44,1.6,1.6633,1.65,meteofrance_arpege_europe
2026-07-06,2026-07-07T02:00:00Z,20,1.6,1.882,1.65,meteofrance_arpege_europe
2026-07-05,2026-07-07T03:00:00Z,45,2.2,1.8656,2.0,meteofrance_arpege_europe
2026-07-06,2026-07-07T03:00:00Z,21,2.2,2.126,2.0,meteofrance_arpege_europe
2026-07-05,2026-07-07T04:00:00Z,46,2.0,1.9677,2.14,meteofrance_arpege_europe
2026-07-06,2026-07-07T04:00:00Z,22,2.0,2.2835,2.14,meteofrance_arpege_europe
2026-07-05,2026-07-07T05:00:00Z,47,2.5,2.1016,2.42,meteofrance_arpege_europe
2026-07-06,2026-07-07T05:00:00Z,23,2.5,2.4518,2.42,meteofrance_arpege_europe
2026-07-05,2026-07-07T06:00:00Z,48,2.9,2.1074,2.11,meteofrance_arpege_europe
2026-07-06,2026-07-07T06:00:00Z,24,2.9,2.4298,2.11,meteofrance_arpege_europe
2026-07-06,2026-07-07T07:00:00Z,25,2.6,2.7362,1.98,meteofrance_arpege_europe
2026-07-07,2026-07-07T07:00:00Z,1,2.6,2.7654,1.98,meteofrance_arpege_europe
2026-07-06,2026-07-07T08:00:00Z,26,2.6,2.7684,1.7,meteofrance_arpege_europe
2026-07-07,2026-07-07T08:00:00Z,2,2.6,2.816,1.7,meteofrance_arpege_europe
2026-07-06,2026-07-07T09:00:00Z,27,2.9,3.381,2.37,meteofrance_arpege_europe
2026-07-07,2026-07-07T09:00:00Z,3,2.9,3.2284,2.37,meteofrance_arpege_europe
2026-07-06,2026-07-07T10:00:00Z,28,4.4,3.4343,2.52,meteofrance_arpege_europe
2026-07-07,2026-07-07T10:00:00Z,4,4.4,3.3066,2.52,meteofrance_arpege_europe
2026-07-06,2026-07-07T11:00:00Z,29,5.8,3.9133,3.53,meteofrance_arpege_europe
2026-07-07,2026-07-07T11:00:00Z,5,5.8,3.8941,3.53,meteofrance_arpege_europe
2026-07-06,2026-07-07T12:00:00Z,30,5.0,4.4134,4.47,meteofrance_arpege_europe
2026-07-07,2026-07-07T12:00:00Z,6,5.0,4.4411,4.47,meteofrance_arpege_europe
2026-07-06,2026-07-07T13:00:00Z,31,4.8,4.4603,4.52,meteofrance_arpege_europe
2026-07-07,2026-07-07T13:00:00Z,7,4.8,4.4576,4.52,meteofrance_arpege_europe
2026-07-06,2026-07-07T14:00:00Z,32,4.6,4.6383,4.7,meteofrance_arpege_europe
2026-07-07,2026-07-07T14:00:00Z,8,4.6,4.6309,4.7,meteofrance_arpege_europe
2026-07-06,2026-07-07T15:00:00Z,33,5.2,4.909,4.65,meteofrance_arpege_europe
2026-07-07,2026-07-07T15:00:00Z,9,5.2,4.7601,4.65,meteofrance_arpege_europe
2026-07-06,2026-07-07T16:00:00Z,34,6.1,5.1295,5.19,meteofrance_arpege_europe
2026-07-07,2026-07-07T16:00:00Z,10,6.1,5.0879,5.19,meteofrance_arpege_europe
2026-07-06,2026-07-07T17:00:00Z,35,6.8,5.4387,5.69,meteofrance_arpege_europe
2026-07-07,2026-07-07T17:00:00Z,11,6.8,5.2384,5.69,meteofrance_arpege_europe
2026-07-06,2026-07-07T18:00:00Z,36,6.7,5.4406,5.68,meteofrance_arpege_europe
2026-07-07,2026-07-07T18:00:00Z,12,6.7,5.2324,5.68,meteofrance_arpege_europe
2026-07-06,2026-07-07T19:00:00Z,37,6.6,5.1891,4.97,meteofrance_arpege_europe
2026-07-07,2026-07-07T19:00:00Z,13,6.6,5.02,4.97,meteofrance_arpege_europe
2026-07-06,2026-07-07T20:00:00Z,38,6.1,4.902,4.48,meteofrance_arpege_europe
2026-07-07,2026-07-07T20:00:00Z,14,6.1,4.7794,4.48,meteofrance_arpege_europe
2026-07-06,2026-07-07T21:00:00Z,39,4.9,4.894,4.57,meteofrance_arpege_europe
2026-07-07,2026-07-07T21:00:00Z,15,4.9,4.7715,4.57,meteofrance_arpege_europe
2026-07-06,2026-07-07T22:00:00Z,40,4.9,4.8281,4.65,meteofrance_arpege_europe
2026-07-07,2026-07-07T22:00:00Z,16,4.9,4.653,4.65,meteofrance_arpege_europe
2026-07-06,2026-07-07T23:00:00Z,41,5.9,5.0707,4.8,meteofrance_arpege_europe
2026-07-07,2026-07-07T23:00:00Z,17,5.9,4.8317,4.8,meteofrance_arpege_europe
2026-07-06,2026-07-08T00:00:00Z,42,6.2,5.167,4.72,meteofrance_arpege_europe
2026-07-07,2026-07-08T00:00:00Z,18,6.2,4.9116,4.72,meteofrance_arpege_europe
2026-07-06,2026-07-08T01:00:00Z,43,6.7,5.1743,5.11,meteofrance_arpege_europe
2026-07-07,2026-07-08T01:00:00Z,19,6.7,4.9353,5.11,meteofrance_arpege_europe
2026-07-06,2026-07-08T02:00:00Z,44,7.0,5.4542,5.59,meteofrance_arpege_europe
2026-07-07,2026-07-08T02:00:00Z,20,7.0,5.2626,5.59,meteofrance_arpege_europe
2026-07-06,2026-07-08T03:00:00Z,45,6.4,5.4618,5.53,meteofrance_arpege_europe
2026-07-07,2026-07-08T03:00:00Z,21,6.4,5.3427,5.53,meteofrance_arpege_europe
2026-07-06,2026-07-08T04:00:00Z,46,5.0,5.5088,5.39,meteofrance_arpege_europe
2026-07-07,2026-07-08T04:00:00Z,22,5.0,5.4012,5.39,meteofrance_arpege_europe
2026-07-06,2026-07-08T05:00:00Z,47,5.0,5.2048,5.45,meteofrance_arpege_europe
2026-07-07,2026-07-08T05:00:00Z,23,5.0,5.09,5.45,meteofrance_arpege_europe
2026-07-06,2026-07-08T06:00:00Z,48,5.2,4.8773,4.97,meteofrance_arpege_europe
2026-07-07,2026-07-08T06:00:00Z,24,5.2,4.6768,4.97,meteofrance_arpege_europe
2026-07-07,2026-07-08T07:00:00Z,25,5.9,3.7073,2.87,meteofrance_arpege_europe
2026-07-08,2026-07-08T07:00:00Z,1,5.9,3.5728,2.87,meteofrance_arpege_europe
2026-07-07,2026-07-08T08:00:00Z,26,5.4,2.8529,1.39,meteofrance_arpege_europe
2026-07-08,2026-07-08T08:00:00Z,2,5.4,2.6155,1.39,meteofrance_arpege_europe
2026-07-07,2026-07-08T09:00:00Z,27,0.9,2.981,1.92,meteofrance_arpege_europe
2026-07-08,2026-07-08T09:00:00Z,3,0.9,2.7728,1.92,meteofrance_arpege_europe
2026-07-07,2026-07-08T10:00:00Z,28,2.5,3.5488,3.22,meteofrance_arpege_europe
2026-07-08,2026-07-08T10:00:00Z,4,2.5,3.4002,3.22,meteofrance_arpege_europe
2026-07-07,2026-07-08T11:00:00Z,29,4.8,4.0997,4.82,meteofrance_arpege_europe
2026-07-08,2026-07-08T11:00:00Z,5,4.8,4.0734,4.82,meteofrance_arpege_europe
2026-07-07,2026-07-08T12:00:00Z,30,5.1,4.7864,5.41,meteofrance_arpege_europe
2026-07-08,2026-07-08T12:00:00Z,6,5.1,4.8155,5.41,meteofrance_arpege_europe
2026-07-07,2026-07-08T13:00:00Z,31,4.6,5.2149,5.74,meteofrance_arpege_europe
2026-07-08,2026-07-08T13:00:00Z,7,4.6,5.2439,5.74,meteofrance_arpege_europe
2026-07-07,2026-07-08T14:00:00Z,32,5.7,5.4671,6.21,meteofrance_arpege_europe
2026-07-08,2026-07-08T14:00:00Z,8,5.7,5.515,6.21,meteofrance_arpege_europe
2026-07-07,2026-07-08T15:00:00Z,33,6.8,5.9036,6.65,meteofrance_arpege_europe
2026-07-08,2026-07-08T15:00:00Z,9,6.8,6.0165,6.65,meteofrance_arpege_europe
2026-07-07,2026-07-08T16:00:00Z,34,6.5,6.0731,6.65,meteofrance_arpege_europe
2026-07-08,2026-07-08T16:00:00Z,10,6.5,6.1695,6.65,meteofrance_arpege_europe
2026-07-07,2026-07-08T17:00:00Z,35,6.5,6.4168,7.12,meteofrance_arpege_europe
2026-07-08,2026-07-08T17:00:00Z,11,6.5,6.5132,7.12,meteofrance_arpege_europe
2026-07-07,2026-07-08T18:00:00Z,36,6.1,6.945,7.42,meteofrance_arpege_europe
2026-07-08,2026-07-08T18:00:00Z,12,6.1,7.0789,7.42,meteofrance_arpege_europe
2026-07-07,2026-07-08T19:00:00Z,37,7.7,6.5199,7.38,meteofrance_arpege_europe
2026-07-08,2026-07-08T19:00:00Z,13,7.7,6.6538,7.38,meteofrance_arpege_europe
2026-07-07,2026-07-08T20:00:00Z,38,7.7,6.1621,6.88,meteofrance_arpege_europe
2026-07-08,2026-07-08T20:00:00Z,14,7.7,6.3032,6.88,meteofrance_arpege_europe
2026-07-07,2026-07-08T21:00:00Z,39,7.9,5.8906,6.44,meteofrance_arpege_europe
2026-07-08,2026-07-08T21:00:00Z,15,7.9,6.0317,6.44,meteofrance_arpege_europe
2026-07-07,2026-07-08T22:00:00Z,40,6.9,5.3314,6.16,meteofrance_arpege_europe
2026-07-08,2026-07-08T22:00:00Z,16,6.9,5.5114,6.16,meteofrance_arpege_europe
2026-07-07,2026-07-08T23:00:00Z,41,6.9,4.5278,5.45,meteofrance_arpege_europe
2026-07-08,2026-07-08T23:00:00Z,17,6.9,4.7743,5.45,meteofrance_arpege_europe
2026-07-07,2026-07-09T00:00:00Z,42,6.8,4.7139,4.6,meteofrance_arpege_europe
2026-07-08,2026-07-09T00:00:00Z,18,6.8,4.6438,4.6,meteofrance_arpege_europe
2026-07-07,2026-07-09T01:00:00Z,43,5.7,4.9625,5.28,meteofrance_arpege_europe
2026-07-08,2026-07-09T01:00:00Z,19,5.7,5.1084,5.28,meteofrance_arpege_europe
2026-07-07,2026-07-09T02:00:00Z,44,4.3,5.2035,5.69,meteofrance_arpege_europe
2026-07-08,2026-07-09T02:00:00Z,20,4.3,5.2703,5.69,meteofrance_arpege_europe
2026-07-07,2026-07-09T03:00:00Z,45,6.1,5.2817,5.8,meteofrance_arpege_europe
2026-07-08,2026-07-09T03:00:00Z,21,6.1,5.3625,5.8,meteofrance_arpege_europe
2026-07-07,2026-07-09T04:00:00Z,46,7.6,5.4657,6.03,meteofrance_arpege_europe
2026-07-08,2026-07-09T04:00:00Z,22,7.6,5.4706,6.03,meteofrance_arpege_europe
2026-07-07,2026-07-09T05:00:00Z,47,7.0,5.3934,5.96,meteofrance_arpege_europe
2026-07-08,2026-07-09T05:00:00Z,23,7.0,5.3719,5.96,meteofrance_arpege_europe
2026-07-07,2026-07-09T06:00:00Z,48,6.0,5.9535,6.8,meteofrance_arpege_europe
2026-07-08,2026-07-09T06:00:00Z,24,6.0,6.0372,6.8,meteofrance_arpege_europe
2026-07-08,2026-07-09T07:00:00Z,25,5.5,6.1302,6.51,meteofrance_arpege_europe
2026-07-09,2026-07-09T07:00:00Z,1,5.5,5.9393,6.51,meteofrance_arpege_europe
2026-07-08,2026-07-09T08:00:00Z,26,3.4,6.168,6.65,meteofrance_arpege_europe
2026-07-09,2026-07-09T08:00:00Z,2,3.4,6.0015,6.65,meteofrance_arpege_europe
2026-07-08,2026-07-09T09:00:00Z,27,5.7,6.1919,6.37,meteofrance_arpege_europe
2026-07-09,2026-07-09T09:00:00Z,3,5.7,6.1567,6.37,meteofrance_arpege_europe
2026-07-08,2026-07-09T10:00:00Z,28,5.3,6.2061,6.3,meteofrance_arpege_europe
2026-07-09,2026-07-09T10:00:00Z,4,5.3,6.1873,6.3,meteofrance_arpege_europe
2026-07-08,2026-07-09T11:00:00Z,29,4.7,6.5174,6.49,meteofrance_arpege_europe
2026-07-09,2026-07-09T11:00:00Z,5,4.7,6.4004,6.49,meteofrance_arpege_europe
2026-07-08,2026-07-09T12:00:00Z,30,6.3,6.6529,7.38,meteofrance_arpege_europe
2026-07-09,2026-07-09T12:00:00Z,6,6.3,6.7231,7.38,meteofrance_arpege_europe
2026-07-08,2026-07-09T13:00:00Z,31,6.5,7.0851,7.56,meteofrance_arpege_europe
2026-07-09,2026-07-09T13:00:00Z,7,6.5,7.1245,7.56,meteofrance_arpege_europe
2026-07-08,2026-07-09T14:00:00Z,32,7.7,7.3148,7.96,meteofrance_arpege_europe
2026-07-09,2026-07-09T14:00:00Z,8,7.7,7.3692,7.96,meteofrance_arpege_europe
2026-07-08,2026-07-09T15:00:00Z,33,7.8,7.7046,8.23,meteofrance_arpege_europe
2026-07-09,2026-07-09T15:00:00Z,9,7.8,8.0523,8.23,meteofrance_arpege_europe
2026-07-08,2026-07-09T16:00:00Z,34,8.8,7.6875,7.98,meteofrance_arpege_europe
2026-07-09,2026-07-09T16:00:00Z,10,8.8,7.9817,7.98,meteofrance_arpege_europe
2026-07-08,2026-07-09T17:00:00Z,35,8.2,7.7582,7.88,meteofrance_arpege_europe
2026-07-09,2026-07-09T17:00:00Z,11,8.2,8.0524,7.88,meteofrance_arpege_europe
2026-07-08,2026-07-09T18:00:00Z,36,7.8,7.9898,7.38,meteofrance_arpege_europe
2026-07-09,2026-07-09T18:00:00Z,12,7.8,8.2767,7.38,meteofrance_arpege_europe
2026-07-08,2026-07-09T19:00:00Z,37,9.6,7.6197,7.78,meteofrance_arpege_europe
2026-07-09,2026-07-09T19:00:00Z,13,9.6,7.9254,7.78,meteofrance_arpege_europe
2026-07-08,2026-07-09T20:00:00Z,38,9.5,7.5653,8.08,meteofrance_arpege_europe
2026-07-09,2026-07-09T20:00:00Z,14,9.5,7.9133,8.08,meteofrance_arpege_europe
2026-07-08,2026-07-09T21:00:00Z,39,9.1,7.3498,8.21,meteofrance_arpege_europe
2026-07-09,2026-07-09T21:00:00Z,15,9.1,7.6667,8.21,meteofrance_arpege_europe
2026-07-08,2026-07-09T22:00:00Z,40,8.5,6.9802,8.46,meteofrance_arpege_europe
2026-07-09,2026-07-09T22:00:00Z,16,8.5,7.3464,8.46,meteofrance_arpege_europe
2026-07-08,2026-07-09T23:00:00Z,41,9.9,6.9843,8.44,meteofrance_arpege_europe
2026-07-09,2026-07-09T23:00:00Z,17,9.9,7.2992,8.44,meteofrance_arpege_europe
2026-07-08,2026-07-10T00:00:00Z,42,7.0,6.8749,7.47,meteofrance_arpege_europe
2026-07-09,2026-07-10T00:00:00Z,18,7.0,7.0549,7.47,meteofrance_arpege_europe
2026-07-08,2026-07-10T01:00:00Z,43,7.1,6.8821,7.66,meteofrance_arpege_europe
2026-07-09,2026-07-10T01:00:00Z,19,7.1,7.0621,7.66,meteofrance_arpege_europe
2026-07-08,2026-07-10T02:00:00Z,44,7.7,6.7942,7.58,meteofrance_arpege_europe
2026-07-09,2026-07-10T02:00:00Z,20,7.7,7.0735,7.58,meteofrance_arpege_europe
2026-07-08,2026-07-10T03:00:00Z,45,8.0,7.1008,8.07,meteofrance_arpege_europe
2026-07-09,2026-07-10T03:00:00Z,21,8.0,7.3035,8.07,meteofrance_arpege_europe
2026-07-08,2026-07-10T04:00:00Z,46,9.4,7.1476,8.1,meteofrance_arpege_europe
2026-07-09,2026-07-10T04:00:00Z,22,9.4,7.2959,8.1,meteofrance_arpege_europe
2026-07-08,2026-07-10T05:00:00Z,47,6.6,7.6066,8.85,meteofrance_arpege_europe
2026-07-09,2026-07-10T05:00:00Z,23,6.6,7.824,8.85,meteofrance_arpege_europe
2026-07-08,2026-07-10T06:00:00Z,48,7.1,8.0479,8.9,meteofrance_arpege_europe
2026-07-09,2026-07-10T06:00:00Z,24,7.1,8.2653,8.9,meteofrance_arpege_europe
2026-07-09,2026-07-10T07:00:00Z,25,7.7,6.6863,8.05,meteofrance_arpege_europe
2026-07-10,2026-07-10T07:00:00Z,1,7.7,6.0674,8.05,meteofrance_arpege_europe
2026-07-09,2026-07-10T08:00:00Z,26,5.4,5.7776,7.29,meteofrance_arpege_europe
2026-07-10,2026-07-10T08:00:00Z,2,5.4,5.4129,7.29,meteofrance_arpege_europe
2026-07-09,2026-07-10T09:00:00Z,27,6.5,5.6396,6.93,meteofrance_arpege_europe
2026-07-10,2026-07-10T09:00:00Z,3,6.5,5.4256,6.93,meteofrance_arpege_europe
2026-07-09,2026-07-10T10:00:00Z,28,6.8,5.6503,6.66,meteofrance_arpege_europe
2026-07-10,2026-07-10T10:00:00Z,4,6.8,5.3928,6.66,meteofrance_arpege_europe
2026-07-09,2026-07-10T11:00:00Z,29,6.6,5.9594,6.3,meteofrance_arpege_europe
2026-07-10,2026-07-10T11:00:00Z,5,6.6,5.7412,6.3,meteofrance_arpege_europe
2026-07-09,2026-07-10T12:00:00Z,30,8.7,6.6775,6.37,meteofrance_arpege_europe
2026-07-10,2026-07-10T12:00:00Z,6,8.7,6.3986,6.37,meteofrance_arpege_europe
2026-07-09,2026-07-10T13:00:00Z,31,8.6,7.3034,7.15,meteofrance_arpege_europe
2026-07-10,2026-07-10T13:00:00Z,7,8.6,6.9981,7.15,meteofrance_arpege_europe
2026-07-09,2026-07-10T14:00:00Z,32,6.5,8.1224,8.66,meteofrance_arpege_europe
2026-07-10,2026-07-10T14:00:00Z,8,6.5,7.7918,8.66,meteofrance_arpege_europe
2026-07-09,2026-07-10T15:00:00Z,33,9.9,9.2878,10.29,meteofrance_arpege_europe
2026-07-10,2026-07-10T15:00:00Z,9,9.9,8.9194,10.29,meteofrance_arpege_europe
2026-07-09,2026-07-10T16:00:00Z,34,11.2,9.8393,10.73,meteofrance_arpege_europe
2026-07-10,2026-07-10T16:00:00Z,10,11.2,9.4459,10.73,meteofrance_arpege_europe
2026-07-09,2026-07-10T17:00:00Z,35,11.7,9.1785,10.13,meteofrance_arpege_europe
2026-07-10,2026-07-10T17:00:00Z,11,11.7,8.8101,10.13,meteofrance_arpege_europe
2026-07-09,2026-07-10T18:00:00Z,36,10.3,9.0042,9.08,meteofrance_arpege_europe
2026-07-10,2026-07-10T18:00:00Z,12,10.3,8.6164,9.08,meteofrance_arpege_europe
2026-07-09,2026-07-10T19:00:00Z,37,9.7,8.5546,8.96,meteofrance_arpege_europe
2026-07-10,2026-07-10T19:00:00Z,13,9.7,8.2544,8.96,meteofrance_arpege_europe
2026-07-09,2026-07-10T20:00:00Z,38,8.8,8.0406,8.63,meteofrance_arpege_europe
2026-07-10,2026-07-10T20:00:00Z,14,8.8,7.7341,8.63,meteofrance_arpege_europe
2026-07-09,2026-07-10T21:00:00Z,39,7.3,7.2492,7.72,meteofrance_arpege_europe
2026-07-10,2026-07-10T21:00:00Z,15,7.3,6.944,7.72,meteofrance_arpege_europe
2026-07-09,2026-07-10T22:00:00Z,40,6.4,7.0026,7.21,meteofrance_arpege_europe
2026-07-10,2026-07-10T22:00:00Z,16,6.4,6.7504,7.21,meteofrance_arpege_europe
2026-07-09,2026-07-10T23:00:00Z,41,7.9,7.5791,7.94,meteofrance_arpege_europe
2026-07-10,2026-07-10T23:00:00Z,17,7.9,7.3312,7.94,meteofrance_arpege_europe
2026-07-09,2026-07-11T00:00:00Z,42,6.6,8.2525,8.99,meteofrance_arpege_europe
2026-07-10,2026-07-11T00:00:00Z,18,6.6,7.9858,8.99,meteofrance_arpege_europe
2026-07-09,2026-07-11T01:00:00Z,43,8.2,8.2954,9.14,meteofrance_arpege_europe
2026-07-10,2026-07-11T01:00:00Z,19,8.2,8.0287,9.14,meteofrance_arpege_europe
2026-07-09,2026-07-11T02:00:00Z,44,8.5,8.9426,9.99,meteofrance_arpege_europe
2026-07-10,2026-07-11T02:00:00Z,20,8.5,8.6497,9.99,meteofrance_arpege_europe
2026-07-09,2026-07-11T03:00:00Z,45,9.7,9.7168,10.84,meteofrance_arpege_europe
2026-07-10,2026-07-11T03:00:00Z,21,9.7,9.4424,10.84,meteofrance_arpege_europe
2026-07-09,2026-07-11T04:00:00Z,46,7.9,9.7782,11.03,meteofrance_arpege_europe
2026-07-10,2026-07-11T04:00:00Z,22,7.9,9.4889,11.03,meteofrance_arpege_europe
2026-07-09,2026-07-11T05:00:00Z,47,9.5,9.8927,11.23,meteofrance_arpege_europe
2026-07-10,2026-07-11T05:00:00Z,23,9.5,9.3988,11.23,meteofrance_arpege_europe
2026-07-09,2026-07-11T06:00:00Z,48,8.6,9.6191,10.68,meteofrance_arpege_europe
2026-07-10,2026-07-11T06:00:00Z,24,8.6,9.3498,10.68,meteofrance_arpege_europe
2026-07-10,2026-07-11T07:00:00Z,25,8.5,9.2495,10.93,meteofrance_arpege_europe
2026-07-11,2026-07-11T07:00:00Z,1,8.5,8.7817,10.93,meteofrance_arpege_europe
2026-07-10,2026-07-11T08:00:00Z,26,8.4,9.4048,11.18,meteofrance_arpege_europe
2026-07-11,2026-07-11T08:00:00Z,2,8.4,9.3032,11.18,meteofrance_arpege_europe
2026-07-10,2026-07-11T09:00:00Z,27,8.6,9.3675,11.21,meteofrance_arpege_europe
2026-07-11,2026-07-11T09:00:00Z,3,8.6,9.4285,11.21,meteofrance_arpege_europe
2026-07-10,2026-07-11T10:00:00Z,28,8.2,9.5849,11.15,meteofrance_arpege_europe
2026-07-11,2026-07-11T10:00:00Z,4,8.2,9.5091,11.15,meteofrance_arpege_europe
2026-07-10,2026-07-11T11:00:00Z,29,10.0,9.4986,11.01,meteofrance_arpege_europe
2026-07-11,2026-07-11T11:00:00Z,5,10.0,9.4347,11.01,meteofrance_arpege_europe
2026-07-10,2026-07-11T12:00:00Z,30,11.0,9.4266,10.16,meteofrance_arpege_europe
2026-07-11,2026-07-11T12:00:00Z,6,11.0,9.4026,10.16,meteofrance_arpege_europe
2026-07-10,2026-07-11T13:00:00Z,31,8.2,10.0711,11.03,meteofrance_arpege_europe
2026-07-11,2026-07-11T13:00:00Z,7,8.2,10.0597,11.03,meteofrance_arpege_europe
2026-07-10,2026-07-11T14:00:00Z,32,11.7,10.5112,11.55,meteofrance_arpege_europe
2026-07-11,2026-07-11T14:00:00Z,8,11.7,10.4549,11.55,meteofrance_arpege_europe
2026-07-10,2026-07-11T15:00:00Z,33,9.9,11.1791,12.59,meteofrance_arpege_europe
2026-07-11,2026-07-11T15:00:00Z,9,9.9,11.1389,12.59,meteofrance_arpege_europe
2026-07-10,2026-07-11T16:00:00Z,34,11.2,11.1247,12.38,meteofrance_arpege_europe
2026-07-11,2026-07-11T16:00:00Z,10,11.2,11.0845,12.38,meteofrance_arpege_europe
2026-07-10,2026-07-11T17:00:00Z,35,10.1,11.1216,12.53,meteofrance_arpege_europe
2026-07-11,2026-07-11T17:00:00Z,11,10.1,11.0814,12.53,meteofrance_arpege_europe
2026-07-10,2026-07-11T18:00:00Z,36,11.6,10.2754,11.48,meteofrance_arpege_europe
2026-07-11,2026-07-11T18:00:00Z,12,11.6,10.2802,11.48,meteofrance_arpege_europe
2026-07-10,2026-07-11T19:00:00Z,37,11.2,10.2734,11.16,meteofrance_arpege_europe
2026-07-11,2026-07-11T19:00:00Z,13,11.2,10.2655,11.16,meteofrance_arpege_europe
2026-07-10,2026-07-11T20:00:00Z,38,10.9,10.0724,10.78,meteofrance_arpege_europe
2026-07-11,2026-07-11T20:00:00Z,14,10.9,10.0168,10.78,meteofrance_arpege_europe
2026-07-10,2026-07-11T21:00:00Z,39,10.9,9.5031,10.04,meteofrance_arpege_europe
2026-07-11,2026-07-11T21:00:00Z,15,10.9,9.4675,10.04,meteofrance_arpege_europe
2026-07-10,2026-07-11T22:00:00Z,40,10.1,9.3885,9.4,meteofrance_arpege_europe
2026-07-11,2026-07-11T22:00:00Z,16,10.1,9.3275,9.4,meteofrance_arpege_europe
2026-07-10,2026-07-11T23:00:00Z,41,10.3,9.6778,9.6,meteofrance_arpege_europe
2026-07-11,2026-07-11T23:00:00Z,17,10.3,9.6168,9.6,meteofrance_arpege_europe
2026-07-10,2026-07-12T00:00:00Z,42,10.6,10.1786,10.64,meteofrance_arpege_europe
2026-07-11,2026-07-12T00:00:00Z,18,10.6,10.1077,10.64,meteofrance_arpege_europe
2026-07-10,2026-07-12T01:00:00Z,43,9.8,10.0559,11.32,meteofrance_arpege_europe
2026-07-11,2026-07-12T01:00:00Z,19,9.8,9.9851,11.32,meteofrance_arpege_europe
2026-07-10,2026-07-12T02:00:00Z,44,9.3,11.5579,13.2,meteofrance_arpege_europe
2026-07-11,2026-07-12T02:00:00Z,20,9.3,11.7087,13.2,meteofrance_arpege_europe
2026-07-10,2026-07-12T03:00:00Z,45,10.2,12.17,14.2,meteofrance_arpege_europe
2026-07-11,2026-07-12T03:00:00Z,21,10.2,12.4072,14.2,meteofrance_arpege_europe
2026-07-10,2026-07-12T04:00:00Z,46,9.9,12.5008,14.37,meteofrance_arpege_europe
2026-07-11,2026-07-12T04:00:00Z,22,9.9,12.6442,14.37,meteofrance_arpege_europe
2026-07-10,2026-07-12T05:00:00Z,47,10.4,12.703,13.77,meteofrance_arpege_europe
2026-07-11,2026-07-12T05:00:00Z,23,10.4,12.8154,13.77,meteofrance_arpege_europe
2026-07-10,2026-07-12T06:00:00Z,48,10.5,12.7559,13.24,meteofrance_arpege_europe
2026-07-11,2026-07-12T06:00:00Z,24,10.5,12.6579,13.24,meteofrance_arpege_europe
2026-07-11,2026-07-12T07:00:00Z,25,10.7,12.4444,13.51,meteofrance_arpege_europe
2026-07-12,2026-07-12T07:00:00Z,1,10.7,12.0494,13.51,meteofrance_arpege_europe
2026-07-11,2026-07-12T08:00:00Z,26,11.7,12.3774,13.67,meteofrance_arpege_europe
2026-07-12,2026-07-12T08:00:00Z,2,11.7,12.1043,13.67,meteofrance_arpege_europe
2026-07-11,2026-07-12T09:00:00Z,27,14.2,12.0741,13.53,meteofrance_arpege_europe
2026-07-12,2026-07-12T09:00:00Z,3,14.2,11.8169,13.53,meteofrance_arpege_europe
2026-07-11,2026-07-12T10:00:00Z,28,13.4,12.5584,13.95,meteofrance_arpege_europe
2026-07-12,2026-07-12T10:00:00Z,4,13.4,12.2687,13.95,meteofrance_arpege_europe
2026-07-11,2026-07-12T11:00:00Z,29,14.0,12.9653,14.24,meteofrance_arpege_europe
2026-07-12,2026-07-12T11:00:00Z,5,14.0,12.7376,14.24,meteofrance_arpege_europe
2026-07-11,2026-07-12T12:00:00Z,30,14.8,13.7509,14.79,meteofrance_arpege_europe
2026-07-12,2026-07-12T12:00:00Z,6,14.8,13.8166,14.79,meteofrance_arpege_europe
2026-07-11,2026-07-12T13:00:00Z,31,12.7,14.3938,15.89,meteofrance_arpege_europe
2026-07-12,2026-07-12T13:00:00Z,7,12.7,14.4213,15.89,meteofrance_arpege_europe
2026-07-11,2026-07-12T14:00:00Z,32,12.0,14.9133,15.75,meteofrance_arpege_europe
2026-07-12,2026-07-12T14:00:00Z,8,12.0,14.7357,15.75,meteofrance_arpege_europe
2026-07-11,2026-07-12T15:00:00Z,33,12.0,13.4531,14.53,meteofrance_arpege_europe
2026-07-12,2026-07-12T15:00:00Z,9,12.0,13.2488,14.53,meteofrance_arpege_europe
2026-07-11,2026-07-12T16:00:00Z,34,11.6,13.0145,13.88,meteofrance_arpege_europe
2026-07-12,2026-07-12T16:00:00Z,10,11.6,12.8104,13.88,meteofrance_arpege_europe
2026-07-11,2026-07-12T17:00:00Z,35,13.6,13.5914,13.4,meteofrance_arpege_europe
2026-07-12,2026-07-12T17:00:00Z,11,13.6,13.4702,13.4,meteofrance_arpege_europe
2026-07-11,2026-07-12T18:00:00Z,36,12.6,13.6054,12.76,meteofrance_arpege_europe
2026-07-12,2026-07-12T18:00:00Z,12,12.6,13.4654,12.76,meteofrance_arpege_europe
2026-07-11,2026-07-12T19:00:00Z,37,13.0,13.3238,12.28,meteofrance_arpege_europe
2026-07-12,2026-07-12T19:00:00Z,13,13.0,13.0534,12.28,meteofrance_arpege_europe
2026-07-11,2026-07-12T20:00:00Z,38,13.6,13.3964,12.32,meteofrance_arpege_europe
2026-07-12,2026-07-12T20:00:00Z,14,13.6,13.1389,12.32,meteofrance_arpege_europe
2026-07-11,2026-07-12T21:00:00Z,39,13.7,12.9241,13.01,meteofrance_arpege_europe
2026-07-12,2026-07-12T21:00:00Z,15,13.7,12.6908,13.01,meteofrance_arpege_europe
2026-07-11,2026-07-12T22:00:00Z,40,13.8,14.3224,14.08,meteofrance_arpege_europe
2026-07-12,2026-07-12T22:00:00Z,16,13.8,14.0896,14.08,meteofrance_arpege_europe
2026-07-11,2026-07-12T23:00:00Z,41,14.2,14.9865,14.34,meteofrance_arpege_europe
2026-07-12,2026-07-12T23:00:00Z,17,14.2,14.8013,14.34,meteofrance_arpege_europe
2026-07-11,2026-07-13T00:00:00Z,42,14.4,15.1867,15.04,meteofrance_arpege_europe
2026-07-12,2026-07-13T00:00:00Z,18,14.4,14.927,15.04,meteofrance_arpege_europe
2026-07-11,2026-07-13T01:00:00Z,43,5.0,13.9329,15.59,meteofrance_arpege_europe
2026-07-12,2026-07-13T01:00:00Z,19,5.0,13.5787,15.59,meteofrance_arpege_europe
2026-07-11,2026-07-13T02:00:00Z,44,8.4,14.135,15.82,meteofrance_arpege_europe
2026-07-12,2026-07-13T02:00:00Z,20,8.4,13.7616,15.82,meteofrance_arpege_europe
2026-07-11,2026-07-13T03:00:00Z,45,8.2,12.4589,15.59,meteofrance_arpege_europe
2026-07-12,2026-07-13T03:00:00Z,21,8.2,11.9836,15.59,meteofrance_arpege_europe
2026-07-11,2026-07-13T04:00:00Z,46,8.2,10.9308,12.85,meteofrance_arpege_europe
2026-07-12,2026-07-13T04:00:00Z,22,8.2,10.5236,12.85,meteofrance_arpege_europe
2026-07-11,2026-07-13T05:00:00Z,47,11.2,10.3542,14.02,meteofrance_arpege_europe
2026-07-12,2026-07-13T05:00:00Z,23,11.2,10.3474,14.02,meteofrance_arpege_europe
2026-07-11,2026-07-13T06:00:00Z,48,11.1,9.0522,11.04,meteofrance_arpege_europe
2026-07-12,2026-07-13T06:00:00Z,24,11.1,9.1161,11.04,meteofrance_arpege_europe
2026-07-12,2026-07-13T07:00:00Z,25,12.7,11.2009,12.4,meteofrance_arpege_europe
2026-07-13,2026-07-13T07:00:00Z,1,12.7,11.0239,12.4,meteofrance_arpege_europe
2026-07-12,2026-07-13T08:00:00Z,26,16.6,12.6373,13.76,meteofrance_arpege_europe
2026-07-13,2026-07-13T08:00:00Z,2,16.6,12.4802,13.76,meteofrance_arpege_europe
2026-07-12,2026-07-13T09:00:00Z,27,13.1,14.2164,16.13,meteofrance_arpege_europe
2026-07-13,2026-07-13T09:00:00Z,3,13.1,14.1769,16.13,meteofrance_arpege_europe
2026-07-12,2026-07-13T10:00:00Z,28,11.0,15.1525,16.92,meteofrance_arpege_europe
2026-07-13,2026-07-13T10:00:00Z,4,11.0,15.3193,16.92,meteofrance_arpege_europe
2026-07-12,2026-07-13T11:00:00Z,29,8.6,11.722,12.21,meteofrance_arpege_europe
2026-07-13,2026-07-13T11:00:00Z,5,8.6,11.6156,12.21,meteofrance_arpege_europe
2026-07-12,2026-07-13T12:00:00Z,30,10.7,9.1433,10.12,meteofrance_arpege_europe
2026-07-13,2026-07-13T12:00:00Z,6,10.7,9.3473,10.12,meteofrance_arpege_europe
2026-07-12,2026-07-13T13:00:00Z,31,4.1,8.9413,10.46,meteofrance_arpege_europe
2026-07-13,2026-07-13T13:00:00Z,7,4.1,9.0711,10.46,meteofrance_arpege_europe
2026-07-12,2026-07-13T14:00:00Z,32,5.7,8.6029,10.1,meteofrance_arpege_europe
2026-07-13,2026-07-13T14:00:00Z,8,5.7,8.4542,10.1,meteofrance_arpege_europe
2026-07-12,2026-07-13T15:00:00Z,33,5.6,8.5173,10.24,meteofrance_arpege_europe
2026-07-13,2026-07-13T15:00:00Z,9,5.6,8.3221,10.24,meteofrance_arpege_europe
2026-07-12,2026-07-13T16:00:00Z,34,6.2,8.0678,10.27,meteofrance_arpege_europe
2026-07-13,2026-07-13T16:00:00Z,10,6.2,7.8676,10.27,meteofrance_arpege_europe
2026-07-12,2026-07-13T17:00:00Z,35,7.7,6.4677,8.83,meteofrance_arpege_europe
2026-07-13,2026-07-13T17:00:00Z,11,7.7,6.2977,8.83,meteofrance_arpege_europe
2026-07-12,2026-07-13T18:00:00Z,36,7.2,5.933,6.26,meteofrance_arpege_europe
2026-07-13,2026-07-13T18:00:00Z,12,7.2,5.808,6.26,meteofrance_arpege_europe
2026-07-12,2026-07-13T19:00:00Z,37,7.2,5.9557,6.69,meteofrance_arpege_europe
2026-07-13,2026-07-13T19:00:00Z,13,7.2,5.8698,6.69,meteofrance_arpege_europe
2026-07-12,2026-07-13T20:00:00Z,38,5.0,6.2266,6.58,meteofrance_arpege_europe
2026-07-13,2026-07-13T20:00:00Z,14,5.0,6.1614,6.58,meteofrance_arpege_europe
2026-07-12,2026-07-13T21:00:00Z,39,4.9,6.3213,6.62,meteofrance_arpege_europe
2026-07-13,2026-07-13T21:00:00Z,15,4.9,6.4163,6.62,meteofrance_arpege_europe
2026-07-12,2026-07-13T22:00:00Z,40,6.5,6.0646,6.0,meteofrance_arpege_europe
2026-07-13,2026-07-13T22:00:00Z,16,6.5,5.836,6.0,meteofrance_arpege_europe
2026-07-12,2026-07-13T23:00:00Z,41,7.6,5.5165,5.94,meteofrance_arpege_europe
2026-07-13,2026-07-13T23:00:00Z,17,7.6,5.2619,5.94,meteofrance_arpege_europe
2026-07-12,2026-07-14T00:00:00Z,42,7.1,5.7017,5.78,meteofrance_arpege_europe
2026-07-13,2026-07-14T00:00:00Z,18,7.1,5.6705,5.78,meteofrance_arpege_europe
2026-07-12,2026-07-14T01:00:00Z,43,6.3,5.8164,6.53,meteofrance_arpege_europe
2026-07-13,2026-07-14T01:00:00Z,19,6.3,5.6994,6.53,meteofrance_arpege_europe
2026-07-12,2026-07-14T02:00:00Z,44,5.1,5.497,5.49,meteofrance_arpege_europe
2026-07-13,2026-07-14T02:00:00Z,20,5.1,5.4311,5.49,meteofrance_arpege_europe
2026-07-12,2026-07-14T03:00:00Z,45,3.7,5.5754,5.99,meteofrance_arpege_europe
2026-07-13,2026-07-14T03:00:00Z,21,3.7,5.4841,5.99,meteofrance_arpege_europe
2026-07-12,2026-07-14T04:00:00Z,46,3.8,5.2108,5.95,meteofrance_arpege_europe
2026-07-13,2026-07-14T04:00:00Z,22,3.8,5.0731,5.95,meteofrance_arpege_europe
2026-07-12,2026-07-14T05:00:00Z,47,3.6,4.6234,5.49,meteofrance_arpege_europe
2026-07-13,2026-07-14T05:00:00Z,23,3.6,4.4345,5.49,meteofrance_arpege_europe
2026-07-12,2026-07-14T06:00:00Z,48,4.1,3.938,3.36,meteofrance_arpege_europe
2026-07-13,2026-07-14T06:00:00Z,24,4.1,3.8408,3.36,meteofrance_arpege_europe
2026-07-13,2026-07-14T07:00:00Z,25,3.2,3.4209,3.11,meteofrance_arpege_europe
2026-07-14,2026-07-14T07:00:00Z,1,3.2,3.7042,3.11,meteofrance_arpege_europe
2026-07-13,2026-07-14T08:00:00Z,26,4.2,3.6105,4.1,meteofrance_arpege_europe
2026-07-14,2026-07-14T08:00:00Z,2,4.2,3.916,4.1,meteofrance_arpege_europe
2026-07-13,2026-07-14T09:00:00Z,27,5.5,4.2962,5.75,meteofrance_arpege_europe
2026-07-14,2026-07-14T09:00:00Z,3,5.5,4.7399,5.75,meteofrance_arpege_europe
2026-07-13,2026-07-14T10:00:00Z,28,5.9,4.8265,6.3,meteofrance_arpege_europe
2026-07-14,2026-07-14T10:00:00Z,4,5.9,5.0483,6.3,meteofrance_arpege_europe
2026-07-13,2026-07-14T11:00:00Z,29,5.8,5.8727,7.08,meteofrance_arpege_europe
2026-07-14,2026-07-14T11:00:00Z,5,5.8,5.8242,7.08,meteofrance_arpege_europe
2026-07-13,2026-07-14T12:00:00Z,30,6.8,6.1052,6.98,meteofrance_arpege_europe
2026-07-14,2026-07-14T12:00:00Z,6,6.8,6.1055,6.98,meteofrance_arpege_europe
2026-07-13,2026-07-14T13:00:00Z,31,8.0,7.3951,8.66,meteofrance_arpege_europe
2026-07-14,2026-07-14T13:00:00Z,7,8.0,7.2993,8.66,meteofrance_arpege_europe
2026-07-13,2026-07-14T14:00:00Z,32,8.2,8.463,9.82,meteofrance_arpege_europe
2026-07-14,2026-07-14T14:00:00Z,8,8.2,8.6004,9.82,meteofrance_arpege_europe
2026-07-13,2026-07-14T15:00:00Z,33,8.7,8.43,10.02,meteofrance_arpege_europe
2026-07-14,2026-07-14T15:00:00Z,9,8.7,8.5203,10.02,meteofrance_arpege_europe
2026-07-13,2026-07-14T16:00:00Z,34,6.6,8.2392,9.8,meteofrance_arpege_europe
2026-07-14,2026-07-14T16:00:00Z,10,6.6,8.3765,9.8,meteofrance_arpege_europe
2026-07-13,2026-07-14T17:00:00Z,35,7.1,8.0929,8.88,meteofrance_arpege_europe
2026-07-14,2026-07-14T17:00:00Z,11,7.1,8.0741,8.88,meteofrance_arpege_europe
2026-07-13,2026-07-14T18:00:00Z,36,7.7,7.0285,8.68,meteofrance_arpege_europe
2026-07-14,2026-07-14T18:00:00Z,12,7.7,7.0264,8.68,meteofrance_arpege_europe
2026-07-13,2026-07-14T19:00:00Z,37,8.5,7.1788,8.41,meteofrance_arpege_europe
2026-07-14,2026-07-14T19:00:00Z,13,8.5,7.273,8.41,meteofrance_arpege_europe
2026-07-13,2026-07-14T20:00:00Z,38,6.4,6.2905,7.28,meteofrance_arpege_europe
2026-07-14,2026-07-14T20:00:00Z,14,6.4,6.3459,7.28,meteofrance_arpege_europe
2026-07-13,2026-07-14T21:00:00Z,39,6.3,5.8663,6.61,meteofrance_arpege_europe
2026-07-14,2026-07-14T21:00:00Z,15,6.3,5.9752,6.61,meteofrance_arpege_europe
2026-07-13,2026-07-14T22:00:00Z,40,4.1,5.6245,6.17,meteofrance_arpege_europe
2026-07-14,2026-07-14T22:00:00Z,16,4.1,5.8595,6.17,meteofrance_arpege_europe
2026-07-13,2026-07-14T23:00:00Z,41,4.6,4.5908,5.58,meteofrance_arpege_europe
2026-07-14,2026-07-14T23:00:00Z,17,4.6,4.8904,5.58,meteofrance_arpege_europe
2026-07-13,2026-07-15T00:00:00Z,42,3.5,4.5156,5.56,meteofrance_arpege_europe
2026-07-14,2026-07-15T00:00:00Z,18,3.5,4.7946,5.56,meteofrance_arpege_europe
2026-07-13,2026-07-15T01:00:00Z,43,6.3,5.8273,7.17,meteofrance_arpege_europe
2026-07-14,2026-07-15T01:00:00Z,19,6.3,6.0143,7.17,meteofrance_arpege_europe
2026-07-13,2026-07-15T02:00:00Z,44,5.7,6.3692,8.16,meteofrance_arpege_europe
2026-07-14,2026-07-15T02:00:00Z,20,5.7,6.5622,8.16,meteofrance_arpege_europe
2026-07-13,2026-07-15T03:00:00Z,45,4.4,5.8511,7.56,meteofrance_arpege_europe
2026-07-14,2026-07-15T03:00:00Z,21,4.4,6.048,7.56,meteofrance_arpege_europe
2026-07-13,2026-07-15T04:00:00Z,46,5.5,5.8242,6.57,meteofrance_arpege_europe
2026-07-14,2026-07-15T04:00:00Z,22,5.5,6.016,6.57,meteofrance_arpege_europe
2026-07-13,2026-07-15T05:00:00Z,47,4.9,6.0865,7.08,meteofrance_arpege_europe
2026-07-14,2026-07-15T05:00:00Z,23,4.9,6.3251,7.08,meteofrance_arpege_europe
2026-07-13,2026-07-15T06:00:00Z,48,4.4,4.8776,5.79,meteofrance_arpege_europe
2026-07-14,2026-07-15T06:00:00Z,24,4.4,5.3119,5.79,meteofrance_arpege_europe
2026-07-14,2026-07-15T07:00:00Z,25,5.5,4.3257,3.18,meteofrance_arpege_europe
2026-07-15,2026-07-15T07:00:00Z,1,5.5,3.9773,3.18,meteofrance_arpege_europe
2026-07-14,2026-07-15T08:00:00Z,26,5.0,4.0849,0.5,meteofrance_arpege_europe
2026-07-15,2026-07-15T08:00:00Z,2,5.0,3.9695,0.5,meteofrance_arpege_europe
2026-07-14,2026-07-15T09:00:00Z,27,4.9,6.2005,4.48,meteofrance_arpege_europe
2026-07-15,2026-07-15T09:00:00Z,3,4.9,6.0606,4.48,meteofrance_arpege_europe
2026-07-14,2026-07-15T10:00:00Z,28,5.0,5.6062,5.83,meteofrance_arpege_europe
2026-07-15,2026-07-15T10:00:00Z,4,5.0,5.5404,5.83,meteofrance_arpege_europe
2026-07-14,2026-07-15T11:00:00Z,29,5.8,5.4563,5.88,meteofrance_arpege_europe
2026-07-15,2026-07-15T11:00:00Z,5,5.8,5.3567,5.88,meteofrance_arpege_europe
2026-07-14,2026-07-15T12:00:00Z,30,5.1,5.3374,5.95,meteofrance_arpege_europe
2026-07-15,2026-07-15T12:00:00Z,6,5.1,5.3722,5.95,meteofrance_arpege_europe
2026-07-14,2026-07-15T13:00:00Z,31,2.6,4.4139,5.46,meteofrance_arpege_europe
2026-07-15,2026-07-15T13:00:00Z,7,2.6,4.4403,5.46,meteofrance_arpege_europe
2026-07-14,2026-07-15T14:00:00Z,32,1.0,3.9344,4.46,meteofrance_arpege_europe
2026-07-15,2026-07-15T14:00:00Z,8,1.0,3.892,4.46,meteofrance_arpege_europe
2026-07-14,2026-07-15T15:00:00Z,33,5.9,3.6639,3.86,meteofrance_arpege_europe
2026-07-15,2026-07-15T15:00:00Z,9,5.9,3.5606,3.86,meteofrance_arpege_europe
2026-07-14,2026-07-15T16:00:00Z,34,4.4,4.5986,6.11,meteofrance_arpege_europe
2026-07-15,2026-07-15T16:00:00Z,10,4.4,4.6601,6.11,meteofrance_arpege_europe
2026-07-14,2026-07-15T17:00:00Z,35,5.0,4.6611,7.5,meteofrance_arpege_europe
2026-07-15,2026-07-15T17:00:00Z,11,5.0,4.7035,7.5,meteofrance_arpege_europe
2026-07-14,2026-07-15T18:00:00Z,36,5.2,4.5536,6.58,meteofrance_arpege_europe
2026-07-15,2026-07-15T18:00:00Z,12,5.2,4.5329,6.58,meteofrance_arpege_europe
2026-07-14,2026-07-15T19:00:00Z,37,4.1,3.8118,6.59,meteofrance_arpege_europe
2026-07-15,2026-07-15T19:00:00Z,13,4.1,3.9889,6.59,meteofrance_arpege_europe
2026-07-14,2026-07-15T20:00:00Z,38,4.0,4.3272,7.52,meteofrance_arpege_europe
2026-07-15,2026-07-15T20:00:00Z,14,4.0,4.2509,7.52,meteofrance_arpege_europe
2026-07-14,2026-07-15T21:00:00Z,39,3.6,4.5803,7.36,meteofrance_arpege_europe
2026-07-15,2026-07-15T21:00:00Z,15,3.6,4.5514,7.36,meteofrance_arpege_europe
2026-07-14,2026-07-15T22:00:00Z,40,6.1,5.1503,6.23,meteofrance_arpege_europe
2026-07-15,2026-07-15T22:00:00Z,16,6.1,4.9633,6.23,meteofrance_arpege_europe
2026-07-14,2026-07-15T23:00:00Z,41,4.1,5.3801,6.16,meteofrance_arpege_europe
2026-07-15,2026-07-15T23:00:00Z,17,4.1,5.4023,6.16,meteofrance_arpege_europe
2026-07-14,2026-07-16T00:00:00Z,42,4.0,5.6357,7.08,meteofrance_arpege_europe
2026-07-15,2026-07-16T00:00:00Z,18,4.0,5.5852,7.08,meteofrance_arpege_europe
2026-07-14,2026-07-16T01:00:00Z,43,5.9,5.6068,5.83,meteofrance_arpege_europe
2026-07-15,2026-07-16T01:00:00Z,19,5.9,5.5228,5.83,meteofrance_arpege_europe
2026-07-14,2026-07-16T02:00:00Z,44,6.4,5.5744,6.67,meteofrance_arpege_europe
2026-07-15,2026-07-16T02:00:00Z,20,6.4,5.4616,6.67,meteofrance_arpege_europe
2026-07-14,2026-07-16T03:00:00Z,45,5.9,6.6108,8.77,meteofrance_arpege_europe
2026-07-15,2026-07-16T03:00:00Z,21,5.9,6.2695,8.77,meteofrance_arpege_europe
2026-07-14,2026-07-16T04:00:00Z,46,6.9,6.9698,8.84,meteofrance_arpege_europe
2026-07-15,2026-07-16T04:00:00Z,22,6.9,6.8597,8.84,meteofrance_arpege_europe
2026-07-14,2026-07-16T05:00:00Z,47,5.2,7.1066,8.92,meteofrance_arpege_europe
2026-07-15,2026-07-16T05:00:00Z,23,5.2,7.1507,8.92,meteofrance_arpege_europe
2026-07-14,2026-07-16T06:00:00Z,48,6.9,7.7724,9.28,meteofrance_arpege_europe
2026-07-15,2026-07-16T06:00:00Z,24,6.9,7.722,9.28,meteofrance_arpege_europe
2026-07-15,2026-07-16T07:00:00Z,25,5.8,6.4776,8.13,meteofrance_arpege_europe
2026-07-16,2026-07-16T07:00:00Z,1,5.8,6.1201,8.13,meteofrance_arpege_europe
2026-07-15,2026-07-16T08:00:00Z,26,6.3,6.2637,7.52,meteofrance_arpege_europe
2026-07-16,2026-07-16T08:00:00Z,2,6.3,6.0913,7.52,meteofrance_arpege_europe
2026-07-15,2026-07-16T09:00:00Z,27,4.7,5.5742,7.71,meteofrance_arpege_europe
2026-07-16,2026-07-16T09:00:00Z,3,4.7,5.519,7.71,meteofrance_arpege_europe
2026-07-15,2026-07-16T10:00:00Z,28,7.5,6.2726,7.72,meteofrance_arpege_europe
2026-07-16,2026-07-16T10:00:00Z,4,7.5,6.2463,7.72,meteofrance_arpege_europe
2026-07-15,2026-07-16T11:00:00Z,29,7.5,7.2005,8.99,meteofrance_arpege_europe
2026-07-16,2026-07-16T11:00:00Z,5,7.5,7.1052,8.99,meteofrance_arpege_europe
2026-07-15,2026-07-16T12:00:00Z,30,4.9,6.3532,5.91,meteofrance_arpege_europe
2026-07-16,2026-07-16T12:00:00Z,6,4.9,6.3015,5.91,meteofrance_arpege_europe
2026-07-15,2026-07-16T13:00:00Z,31,6.2,6.9023,7.2,meteofrance_arpege_europe
2026-07-16,2026-07-16T13:00:00Z,7,6.2,6.8505,7.2,meteofrance_arpege_europe
2026-07-15,2026-07-16T14:00:00Z,32,4.9,5.821,7.29,meteofrance_arpege_europe
2026-07-16,2026-07-16T14:00:00Z,8,4.9,5.7568,7.29,meteofrance_arpege_europe
2026-07-15,2026-07-16T15:00:00Z,33,4.3,5.7318,6.13,meteofrance_arpege_europe
2026-07-16,2026-07-16T15:00:00Z,9,4.3,5.7217,6.13,meteofrance_arpege_europe
2026-07-15,2026-07-16T16:00:00Z,34,4.3,5.1499,5.65,meteofrance_arpege_europe
2026-07-16,2026-07-16T16:00:00Z,10,4.3,5.1373,5.65,meteofrance_arpege_europe
2026-07-15,2026-07-16T17:00:00Z,35,2.4,4.8581,4.16,meteofrance_arpege_europe
2026-07-16,2026-07-16T17:00:00Z,11,2.4,4.8626,4.16,meteofrance_arpege_europe
2026-07-15,2026-07-16T18:00:00Z,36,6.6,5.0231,5.66,meteofrance_arpege_europe
2026-07-16,2026-07-16T18:00:00Z,12,6.6,4.9698,5.66,meteofrance_arpege_europe
2026-07-15,2026-07-16T19:00:00Z,37,6.9,5.2223,6.04,meteofrance_arpege_europe
2026-07-16,2026-07-16T19:00:00Z,13,6.9,5.169,6.04,meteofrance_arpege_europe
2026-07-15,2026-07-16T20:00:00Z,38,5.9,5.4542,6.51,meteofrance_arpege_europe
2026-07-16,2026-07-16T20:00:00Z,14,5.9,5.4046,6.51,meteofrance_arpege_europe
2026-07-15,2026-07-16T21:00:00Z,39,5.1,5.2807,6.43,meteofrance_arpege_europe
2026-07-16,2026-07-16T21:00:00Z,15,5.1,5.1935,6.43,meteofrance_arpege_europe
2026-07-15,2026-07-16T22:00:00Z,40,4.8,4.4387,5.79,meteofrance_arpege_europe
2026-07-16,2026-07-16T22:00:00Z,16,4.8,4.3897,5.79,meteofrance_arpege_europe
2026-07-15,2026-07-16T23:00:00Z,41,5.2,3.8291,4.74,meteofrance_arpege_europe
2026-07-16,2026-07-16T23:00:00Z,17,5.2,3.8375,4.74,meteofrance_arpege_europe
2026-07-15,2026-07-17T00:00:00Z,42,6.1,4.7006,6.84,meteofrance_arpege_europe
2026-07-16,2026-07-17T00:00:00Z,18,6.1,4.7093,6.84,meteofrance_arpege_europe
2026-07-15,2026-07-17T01:00:00Z,43,7.0,4.7129,7.08,meteofrance_arpege_europe
2026-07-16,2026-07-17T01:00:00Z,19,7.0,4.7202,7.08,meteofrance_arpege_europe
2026-07-15,2026-07-17T02:00:00Z,44,5.3,4.4545,5.73,meteofrance_arpege_europe
2026-07-16,2026-07-17T02:00:00Z,20,5.3,4.4155,5.73,meteofrance_arpege_europe
2026-07-15,2026-07-17T03:00:00Z,45,6.0,4.1945,5.24,meteofrance_arpege_europe
2026-07-16,2026-07-17T03:00:00Z,21,6.0,4.0073,5.24,meteofrance_arpege_europe
2026-07-15,2026-07-17T04:00:00Z,46,6.0,3.9917,4.48,meteofrance_arpege_europe
2026-07-16,2026-07-17T04:00:00Z,22,6.0,3.9122,4.48,meteofrance_arpege_europe
2026-07-15,2026-07-17T05:00:00Z,47,2.3,3.7584,3.5,meteofrance_arpege_europe
2026-07-16,2026-07-17T05:00:00Z,23,2.3,3.5931,3.5,meteofrance_arpege_europe
2026-07-15,2026-07-17T06:00:00Z,48,2.3,2.975,2.42,meteofrance_arpege_europe
2026-07-16,2026-07-17T06:00:00Z,24,2.3,2.7647,2.42,meteofrance_arpege_europe
2026-07-16,2026-07-17T07:00:00Z,25,1.4,2.4882,2.56,meteofrance_arpege_europe
2026-07-17,2026-07-17T07:00:00Z,1,1.4,2.718,2.56,meteofrance_arpege_europe
2026-07-16,2026-07-17T08:00:00Z,26,2.0,2.6381,2.66,meteofrance_arpege_europe
2026-07-17,2026-07-17T08:00:00Z,2,2.0,2.6777,2.66,meteofrance_arpege_europe
2026-07-16,2026-07-17T09:00:00Z,27,2.3,2.7562,2.16,meteofrance_arpege_europe
2026-07-17,2026-07-17T09:00:00Z,3,2.3,2.8571,2.16,meteofrance_arpege_europe
2026-07-16,2026-07-17T10:00:00Z,28,3.8,3.6027,3.96,meteofrance_arpege_europe
2026-07-17,2026-07-17T10:00:00Z,4,3.8,3.6234,3.96,meteofrance_arpege_europe
2026-07-16,2026-07-17T11:00:00Z,29,4.2,4.5355,3.8,meteofrance_arpege_europe
2026-07-17,2026-07-17T11:00:00Z,5,4.2,4.4891,3.8,meteofrance_arpege_europe
2026-07-16,2026-07-17T12:00:00Z,30,6.3,4.667,4.1,meteofrance_arpege_europe
2026-07-17,2026-07-17T12:00:00Z,6,6.3,4.5771,4.1,meteofrance_arpege_europe
2026-07-16,2026-07-17T13:00:00Z,31,5.9,5.2851,5.0,meteofrance_arpege_europe
2026-07-17,2026-07-17T13:00:00Z,7,5.9,5.1726,5.0,meteofrance_arpege_europe
2026-07-16,2026-07-17T14:00:00Z,32,3.8,5.6294,5.6,meteofrance_arpege_europe
2026-07-17,2026-07-17T14:00:00Z,8,3.8,5.5025,5.6,meteofrance_arpege_europe
2026-07-16,2026-07-17T15:00:00Z,33,7.3,6.1343,6.57,meteofrance_arpege_europe
2026-07-17,2026-07-17T15:00:00Z,9,7.3,6.0034,6.57,meteofrance_arpege_europe
2026-07-16,2026-07-17T16:00:00Z,34,5.0,6.2226,6.44,meteofrance_arpege_europe
2026-07-17,2026-07-17T16:00:00Z,10,5.0,5.9471,6.44,meteofrance_arpege_europe
2026-07-16,2026-07-17T17:00:00Z,35,6.2,5.8592,6.19,meteofrance_arpege_europe
2026-07-17,2026-07-17T17:00:00Z,11,6.2,5.6232,6.19,meteofrance_arpege_europe
2026-07-16,2026-07-17T18:00:00Z,36,5.5,5.3159,5.0,meteofrance_arpege_europe
2026-07-17,2026-07-17T18:00:00Z,12,5.5,5.1338,5.0,meteofrance_arpege_europe
2026-07-16,2026-07-17T19:00:00Z,37,4.7,4.9351,4.42,meteofrance_arpege_europe
2026-07-17,2026-07-17T19:00:00Z,13,4.7,4.7109,4.42,meteofrance_arpege_europe
2026-07-16,2026-07-17T20:00:00Z,38,3.7,4.0149,3.8,meteofrance_arpege_europe
2026-07-17,2026-07-17T20:00:00Z,14,3.7,3.8964,3.8,meteofrance_arpege_europe
2026-07-16,2026-07-17T21:00:00Z,39,4.0,3.6681,3.48,meteofrance_arpege_europe
2026-07-17,2026-07-17T21:00:00Z,15,4.0,3.6443,3.48,meteofrance_arpege_europe
2026-07-16,2026-07-17T22:00:00Z,40,3.3,3.4273,4.42,meteofrance_arpege_europe
2026-07-17,2026-07-17T22:00:00Z,16,3.3,3.4702,4.42,meteofrance_arpege_europe
2026-07-16,2026-07-17T23:00:00Z,41,3.2,3.2499,3.61,meteofrance_arpege_europe
2026-07-17,2026-07-17T23:00:00Z,17,3.2,3.254,3.61,meteofrance_arpege_europe
2026-07-16,2026-07-18T00:00:00Z,42,3.6,3.4413,3.96,meteofrance_arpege_europe
2026-07-17,2026-07-18T00:00:00Z,18,3.6,3.3908,3.96,meteofrance_arpege_europe
2026-07-16,2026-07-18T01:00:00Z,43,3.8,3.453,4.12,meteofrance_arpege_europe
2026-07-17,2026-07-18T01:00:00Z,19,3.8,3.41,4.12,meteofrance_arpege_europe
2026-07-16,2026-07-18T02:00:00Z,44,4.7,3.6274,4.77,meteofrance_arpege_europe
2026-07-17,2026-07-18T02:00:00Z,20,4.7,3.6323,4.77,meteofrance_arpege_europe
2026-07-16,2026-07-18T03:00:00Z,45,4.8,3.6481,4.6,meteofrance_arpege_europe
2026-07-17,2026-07-18T03:00:00Z,21,4.8,3.695,4.6,meteofrance_arpege_europe
2026-07-16,2026-07-18T04:00:00Z,46,4.7,3.8236,4.67,meteofrance_arpege_europe
2026-07-17,2026-07-18T04:00:00Z,22,4.7,3.9149,4.67,meteofrance_arpege_europe
2026-07-16,2026-07-18T05:00:00Z,47,4.5,3.326,4.73,meteofrance_arpege_europe
2026-07-17,2026-07-18T05:00:00Z,23,4.5,3.4301,4.73,meteofrance_arpege_europe
2026-07-16,2026-07-18T06:00:00Z,48,4.8,3.1924,3.54,meteofrance_arpege_europe
2026-07-17,2026-07-18T06:00:00Z,24,4.8,3.2572,3.54,meteofrance_arpege_europe
2026-07-17,2026-07-18T07:00:00Z,25,5.3,3.0124,3.06,meteofrance_arpege_europe
2026-07-18,2026-07-18T07:00:00Z,1,5.3,3.3533,3.06,meteofrance_arpege_europe
2026-07-17,2026-07-18T08:00:00Z,26,3.8,2.8263,2.4,meteofrance_arpege_europe
2026-07-18,2026-07-18T08:00:00Z,2,3.8,3.1814,2.4,meteofrance_arpege_europe
2026-07-17,2026-07-18T09:00:00Z,27,4.6,3.2661,3.14,meteofrance_arpege_europe
2026-07-18,2026-07-18T09:00:00Z,3,4.6,3.5581,3.14,meteofrance_arpege_europe
2026-07-17,2026-07-18T10:00:00Z,28,4.6,3.6391,3.86,meteofrance_arpege_europe
2026-07-18,2026-07-18T10:00:00Z,4,4.6,3.8408,3.86,meteofrance_arpege_europe
2026-07-17,2026-07-18T11:00:00Z,29,5.1,3.8236,4.34,meteofrance_arpege_europe
2026-07-18,2026-07-18T11:00:00Z,5,5.1,4.0263,4.34,meteofrance_arpege_europe
2026-07-17,2026-07-18T12:00:00Z,30,4.2,3.9284,4.49,meteofrance_arpege_europe
2026-07-18,2026-07-18T12:00:00Z,6,4.2,4.292,4.49,meteofrance_arpege_europe
2026-07-17,2026-07-18T13:00:00Z,31,5.1,4.256,4.81,meteofrance_arpege_europe
2026-07-18,2026-07-18T13:00:00Z,7,5.1,4.5265,4.81,meteofrance_arpege_europe
2026-07-17,2026-07-18T14:00:00Z,32,3.7,4.4753,5.34,meteofrance_arpege_europe
2026-07-18,2026-07-18T14:00:00Z,8,3.7,4.7458,5.34,meteofrance_arpege_europe
2026-07-17,2026-07-18T15:00:00Z,33,3.6,4.9836,5.02,meteofrance_arpege_europe
2026-07-18,2026-07-18T15:00:00Z,9,3.6,5.1774,5.02,meteofrance_arpege_europe
2026-07-17,2026-07-18T16:00:00Z,34,4.2,4.8584,5.1,meteofrance_arpege_europe
2026-07-18,2026-07-18T16:00:00Z,10,4.2,5.1087,5.1,meteofrance_arpege_europe
2026-07-17,2026-07-18T17:00:00Z,35,3.1,4.8891,4.9,meteofrance_arpege_europe
2026-07-18,2026-07-18T17:00:00Z,11,3.1,5.0823,4.9,meteofrance_arpege_europe
2026-07-17,2026-07-18T18:00:00Z,36,3.6,4.9436,5.56,meteofrance_arpege_europe
2026-07-18,2026-07-18T18:00:00Z,12,3.6,5.1037,5.56,meteofrance_arpege_europe
2026-07-17,2026-07-18T19:00:00Z,37,4.2,4.9852,5.55,meteofrance_arpege_europe
2026-07-18,2026-07-18T19:00:00Z,13,4.2,5.0978,5.55,meteofrance_arpege_europe
2026-07-17,2026-07-18T20:00:00Z,38,4.0,5.0836,5.92,meteofrance_arpege_europe
2026-07-18,2026-07-18T20:00:00Z,14,4.0,5.2037,5.92,meteofrance_arpege_europe
2026-07-17,2026-07-18T21:00:00Z,39,3.8,5.0903,5.78,meteofrance_arpege_europe
2026-07-18,2026-07-18T21:00:00Z,15,3.8,5.2104,5.78,meteofrance_arpege_europe
2026-07-17,2026-07-18T22:00:00Z,40,4.4,4.9046,4.97,meteofrance_arpege_europe
2026-07-18,2026-07-18T22:00:00Z,16,4.4,4.9831,4.97,meteofrance_arpege_europe
2026-07-17,2026-07-18T23:00:00Z,41,5.2,4.7691,4.11,meteofrance_arpege_europe
2026-07-18,2026-07-18T23:00:00Z,17,5.2,4.782,4.11,meteofrance_arpege_europe
2026-07-17,2026-07-19T00:00:00Z,42,6.3,5.3825,5.74,meteofrance_arpege_europe
2026-07-18,2026-07-19T00:00:00Z,18,6.3,5.6035,5.74,meteofrance_arpege_europe
2026-07-17,2026-07-19T01:00:00Z,43,5.2,5.6036,6.33,meteofrance_arpege_europe
2026-07-18,2026-07-19T01:00:00Z,19,5.2,5.8421,6.33,meteofrance_arpege_europe
2026-07-17,2026-07-19T02:00:00Z,44,7.0,6.1238,7.27,meteofrance_arpege_europe
2026-07-18,2026-07-19T02:00:00Z,20,7.0,6.3812,7.27,meteofrance_arpege_europe
2026-07-17,2026-07-19T03:00:00Z,45,7.3,6.3001,7.74,meteofrance_arpege_europe
2026-07-18,2026-07-19T03:00:00Z,21,7.3,6.5325,7.74,meteofrance_arpege_europe
2026-07-17,2026-07-19T04:00:00Z,46,7.1,6.6076,7.98,meteofrance_arpege_europe
2026-07-18,2026-07-19T04:00:00Z,22,7.1,6.8218,7.98,meteofrance_arpege_europe
2026-07-17,2026-07-19T05:00:00Z,47,8.4,6.6491,7.79,meteofrance_arpege_europe
2026-07-18,2026-07-19T05:00:00Z,23,8.4,6.7978,7.79,meteofrance_arpege_europe
2026-07-17,2026-07-19T06:00:00Z,48,4.8,6.6005,6.65,meteofrance_arpege_europe
2026-07-18,2026-07-19T06:00:00Z,24,4.8,6.7515,6.65,meteofrance_arpege_europe
2026-07-18,2026-07-19T07:00:00Z,25,6.5,6.4908,6.62,meteofrance_arpege_europe
2026-07-19,2026-07-19T07:00:00Z,1,6.5,5.9545,6.62,meteofrance_arpege_europe
2026-07-18,2026-07-19T08:00:00Z,26,5.3,5.6766,5.97,meteofrance_arpege_europe
2026-07-19,2026-07-19T08:00:00Z,2,5.3,5.1419,5.97,meteofrance_arpege_europe
2026-07-18,2026-07-19T09:00:00Z,27,4.3,4.5769,4.8,meteofrance_arpege_europe
2026-07-19,2026-07-19T09:00:00Z,3,4.3,4.2516,4.8,meteofrance_arpege_europe
2026-07-18,2026-07-19T10:00:00Z,28,5.0,4.2943,3.73,meteofrance_arpege_europe
2026-07-19,2026-07-19T10:00:00Z,4,5.0,4.0956,3.73,meteofrance_arpege_europe
2026-07-18,2026-07-19T11:00:00Z,29,6.2,6.2098,7.19,meteofrance_arpege_europe
2026-07-19,2026-07-19T11:00:00Z,5,6.2,5.9937,7.19,meteofrance_arpege_europe
2026-07-18,2026-07-19T12:00:00Z,30,7.5,7.5293,8.72,meteofrance_arpege_europe
2026-07-19,2026-07-19T12:00:00Z,6,7.5,7.2816,8.72,meteofrance_arpege_europe
2026-07-18,2026-07-19T13:00:00Z,31,8.9,8.4316,9.72,meteofrance_arpege_europe
2026-07-19,2026-07-19T13:00:00Z,7,8.9,8.2002,9.72,meteofrance_arpege_europe
2026-07-18,2026-07-19T14:00:00Z,32,9.2,8.6627,9.79,meteofrance_arpege_europe
2026-07-19,2026-07-19T14:00:00Z,8,9.2,8.4514,9.79,meteofrance_arpege_europe
2026-07-18,2026-07-19T15:00:00Z,33,10.4,8.7144,9.58,meteofrance_arpege_europe
2026-07-19,2026-07-19T15:00:00Z,9,10.4,8.5239,9.58,meteofrance_arpege_europe
2026-07-18,2026-07-19T16:00:00Z,34,11.1,8.8316,10.04,meteofrance_arpege_europe
2026-07-19,2026-07-19T16:00:00Z,10,11.1,8.6235,10.04,meteofrance_arpege_europe
2026-07-18,2026-07-19T17:00:00Z,35,10.2,9.1157,10.21,meteofrance_arpege_europe
2026-07-19,2026-07-19T17:00:00Z,11,10.2,8.781,10.21,meteofrance_arpege_europe
2026-07-18,2026-07-19T18:00:00Z,36,8.9,8.4114,9.54,meteofrance_arpege_europe
2026-07-19,2026-07-19T18:00:00Z,12,8.9,8.1765,9.54,meteofrance_arpege_europe
2026-07-18,2026-07-19T19:00:00Z,37,8.4,7.8572,9.12,meteofrance_arpege_europe
2026-07-19,2026-07-19T19:00:00Z,13,8.4,7.6754,9.12,meteofrance_arpege_europe
2026-07-18,2026-07-19T20:00:00Z,38,7.6,7.0821,8.32,meteofrance_arpege_europe
2026-07-19,2026-07-19T20:00:00Z,14,7.6,6.7736,8.32,meteofrance_arpege_europe
2026-07-18,2026-07-19T21:00:00Z,39,7.7,6.6474,7.7,meteofrance_arpege_europe
2026-07-19,2026-07-19T21:00:00Z,15,7.7,6.4909,7.7,meteofrance_arpege_europe
2026-07-18,2026-07-19T22:00:00Z,40,7.6,6.5291,6.88,meteofrance_arpege_europe
2026-07-19,2026-07-19T22:00:00Z,16,7.6,6.4424,6.88,meteofrance_arpege_europe
2026-07-18,2026-07-19T23:00:00Z,41,7.5,6.3768,6.33,meteofrance_arpege_europe
2026-07-19,2026-07-19T23:00:00Z,17,7.5,6.2997,6.33,meteofrance_arpege_europe
2026-07-18,2026-07-20T00:00:00Z,42,7.2,6.5934,7.66,meteofrance_arpege_europe
2026-07-19,2026-07-20T00:00:00Z,18,7.2,6.4103,7.66,meteofrance_arpege_europe
2026-07-18,2026-07-20T01:00:00Z,43,7.1,6.7309,8.11,meteofrance_arpege_europe
2026-07-19,2026-07-20T01:00:00Z,19,7.1,6.5699,8.11,meteofrance_arpege_europe
2026-07-18,2026-07-20T02:00:00Z,44,7.0,6.1999,7.7,meteofrance_arpege_europe
2026-07-19,2026-07-20T02:00:00Z,20,7.0,5.9357,7.7,meteofrance_arpege_europe
2026-07-18,2026-07-20T03:00:00Z,45,7.7,5.8634,6.99,meteofrance_arpege_europe
2026-07-19,2026-07-20T03:00:00Z,21,7.7,5.775,6.99,meteofrance_arpege_europe
2026-07-18,2026-07-20T04:00:00Z,46,7.0,5.5292,6.22,meteofrance_arpege_europe
2026-07-19,2026-07-20T04:00:00Z,22,7.0,5.419,6.22,meteofrance_arpege_europe
2026-07-18,2026-07-20T05:00:00Z,47,6.0,5.6239,6.53,meteofrance_arpege_europe
2026-07-19,2026-07-20T05:00:00Z,23,6.0,5.5135,6.53,meteofrance_arpege_europe
2026-07-18,2026-07-20T06:00:00Z,48,5.8,5.8768,6.56,meteofrance_arpege_europe
2026-07-19,2026-07-20T06:00:00Z,24,5.8,5.7554,6.56,meteofrance_arpege_europe
2026-07-19,2026-07-20T07:00:00Z,25,5.6,5.3151,6.18,meteofrance_arpege_europe
2026-07-20,2026-07-20T07:00:00Z,1,5.6,5.4164,6.18,meteofrance_arpege_europe
2026-07-19,2026-07-20T08:00:00Z,26,4.5,4.6221,6.11,meteofrance_arpege_europe
2026-07-20,2026-07-20T08:00:00Z,2,4.5,4.7439,6.11,meteofrance_arpege_europe
2026-07-19,2026-07-20T09:00:00Z,27,3.7,4.6172,5.55,meteofrance_arpege_europe
2026-07-20,2026-07-20T09:00:00Z,3,3.7,4.8708,5.55,meteofrance_arpege_europe
2026-07-19,2026-07-20T10:00:00Z,28,5.1,5.3802,6.65,meteofrance_arpege_europe
2026-07-20,2026-07-20T10:00:00Z,4,5.1,5.6693,6.65,meteofrance_arpege_europe
2026-07-19,2026-07-20T11:00:00Z,29,6.6,6.3865,7.57,meteofrance_arpege_europe
2026-07-20,2026-07-20T11:00:00Z,5,6.6,6.709,7.57,meteofrance_arpege_europe
2026-07-19,2026-07-20T12:00:00Z,30,8.2,7.0843,7.58,meteofrance_arpege_europe
2026-07-20,2026-07-20T12:00:00Z,6,8.2,7.4007,7.58,meteofrance_arpege_europe
2026-07-19,2026-07-20T13:00:00Z,31,8.7,7.5053,8.07,meteofrance_arpege_europe
2026-07-20,2026-07-20T13:00:00Z,7,8.7,7.8375,8.07,meteofrance_arpege_europe
2026-07-19,2026-07-20T14:00:00Z,32,8.6,7.5542,8.51,meteofrance_arpege_europe
2026-07-20,2026-07-20T14:00:00Z,8,8.6,7.8607,8.51,meteofrance_arpege_europe
2026-07-19,2026-07-20T15:00:00Z,33,9.4,7.6128,8.68,meteofrance_arpege_europe
2026-07-20,2026-07-20T15:00:00Z,9,9.4,7.9285,8.68,meteofrance_arpege_europe
2026-07-19,2026-07-20T16:00:00Z,34,8.6,7.6769,8.71,meteofrance_arpege_europe
2026-07-20,2026-07-20T16:00:00Z,10,8.6,7.9926,8.71,meteofrance_arpege_europe
2026-07-19,2026-07-20T17:00:00Z,35,7.8,7.72,8.85,meteofrance_arpege_europe
2026-07-20,2026-07-20T17:00:00Z,11,7.8,8.0463,8.85,meteofrance_arpege_europe
2026-07-19,2026-07-20T18:00:00Z,36,7.8,7.3635,8.7,meteofrance_arpege_europe
2026-07-20,2026-07-20T18:00:00Z,12,7.8,7.681,8.7,meteofrance_arpege_europe
2026-07-19,2026-07-20T19:00:00Z,37,7.0,7.5046,8.63,meteofrance_arpege_europe
2026-07-20,2026-07-20T19:00:00Z,13,7.0,7.7059,8.63,meteofrance_arpege_europe
2026-07-19,2026-07-20T20:00:00Z,38,6.6,7.5249,8.64,meteofrance_arpege_europe
2026-07-20,2026-07-20T20:00:00Z,14,6.6,7.7262,8.64,meteofrance_arpege_europe
2026-07-19,2026-07-20T21:00:00Z,39,6.4,7.1978,7.51,meteofrance_arpege_europe
2026-07-20,2026-07-20T21:00:00Z,15,6.4,7.2766,7.51,meteofrance_arpege_europe
2026-07-19,2026-07-20T22:00:00Z,40,5.8,6.9052,8.06,meteofrance_arpege_europe
2026-07-20,2026-07-20T22:00:00Z,16,5.8,7.0581,8.06,meteofrance_arpege_europe
2026-07-19,2026-07-20T23:00:00Z,41,6.0,6.8384,8.09,meteofrance_arpege_europe
2026-07-20,2026-07-20T23:00:00Z,17,6.0,7.0258,8.09,meteofrance_arpege_europe
2026-07-19,2026-07-21T00:00:00Z,42,6.4,7.0284,8.59,meteofrance_arpege_europe
2026-07-20,2026-07-21T00:00:00Z,18,6.4,7.207,8.59,meteofrance_arpege_europe
2026-07-19,2026-07-21T01:00:00Z,43,6.9,6.8321,8.39,meteofrance_arpege_europe
2026-07-20,2026-07-21T01:00:00Z,19,6.9,7.0195,8.39,meteofrance_arpege_europe
2026-07-19,2026-07-21T02:00:00Z,44,8.5,6.8638,8.26,meteofrance_arpege_europe
2026-07-20,2026-07-21T02:00:00Z,20,8.5,7.0595,8.26,meteofrance_arpege_europe
2026-07-19,2026-07-21T03:00:00Z,45,7.9,6.7152,8.31,meteofrance_arpege_europe
2026-07-20,2026-07-21T03:00:00Z,21,7.9,6.9109,8.31,meteofrance_arpege_europe
2026-07-19,2026-07-21T04:00:00Z,46,8.5,6.5956,8.25,meteofrance_arpege_europe
2026-07-20,2026-07-21T04:00:00Z,22,8.5,6.8877,8.25,meteofrance_arpege_europe
2026-07-19,2026-07-21T05:00:00Z,47,7.3,5.9747,7.78,meteofrance_arpege_europe
2026-07-20,2026-07-21T05:00:00Z,23,7.3,6.1902,7.78,meteofrance_arpege_europe
2026-07-19,2026-07-21T06:00:00Z,48,6.3,5.9362,7.52,meteofrance_arpege_europe
2026-07-20,2026-07-21T06:00:00Z,24,6.3,6.1321,7.52,meteofrance_arpege_europe
2026-07-20,2026-07-21T07:00:00Z,25,5.8,5.5565,6.23,meteofrance_arpege_europe
2026-07-21,2026-07-21T07:00:00Z,1,5.8,5.5245,6.23,meteofrance_arpege_europe
2026-07-20,2026-07-21T08:00:00Z,26,5.0,5.2445,5.7,meteofrance_arpege_europe
2026-07-21,2026-07-21T08:00:00Z,2,5.0,5.1612,5.7,meteofrance_arpege_europe
2026-07-20,2026-07-21T09:00:00Z,27,3.1,5.23,5.81,meteofrance_arpege_europe
2026-07-21,2026-07-21T09:00:00Z,3,3.1,5.2126,5.81,meteofrance_arpege_europe
2026-07-20,2026-07-21T10:00:00Z,28,4.5,5.5173,6.24,meteofrance_arpege_europe
2026-07-21,2026-07-21T10:00:00Z,4,4.5,5.4891,6.24,meteofrance_arpege_europe
2026-07-20,2026-07-21T11:00:00Z,29,4.3,5.5513,6.56,meteofrance_arpege_europe
2026-07-21,2026-07-21T11:00:00Z,5,4.3,5.7103,6.56,meteofrance_arpege_europe
2026-07-20,2026-07-21T12:00:00Z,30,5.0,6.0496,6.86,meteofrance_arpege_europe
2026-07-21,2026-07-21T12:00:00Z,6,5.0,6.1942,6.86,meteofrance_arpege_europe
2026-07-20,2026-07-21T13:00:00Z,31,6.1,6.1679,6.76,meteofrance_arpege_europe
2026-07-21,2026-07-21T13:00:00Z,7,6.1,6.3735,6.76,meteofrance_arpege_europe
2026-07-20,2026-07-21T14:00:00Z,32,5.6,6.1629,6.52,meteofrance_arpege_europe
2026-07-21,2026-07-21T14:00:00Z,8,5.6,6.084,6.52,meteofrance_arpege_europe
2026-07-20,2026-07-21T15:00:00Z,33,6.3,5.9564,6.09,meteofrance_arpege_europe
2026-07-21,2026-07-21T15:00:00Z,9,6.3,5.8741,6.09,meteofrance_arpege_europe
2026-07-20,2026-07-21T16:00:00Z,34,4.6,5.4799,5.48,meteofrance_arpege_europe
2026-07-21,2026-07-21T16:00:00Z,10,4.6,5.4733,5.48,meteofrance_arpege_europe
2026-07-20,2026-07-21T17:00:00Z,35,5.7,5.2922,4.8,meteofrance_arpege_europe
2026-07-21,2026-07-21T17:00:00Z,11,5.7,5.3595,4.8,meteofrance_arpege_europe
2026-07-20,2026-07-21T18:00:00Z,36,5.1,5.0597,4.7,meteofrance_arpege_europe
2026-07-21,2026-07-21T18:00:00Z,12,5.1,5.127,4.7,meteofrance_arpege_europe
2026-07-20,2026-07-21T19:00:00Z,37,4.6,5.1111,5.03,meteofrance_arpege_europe
2026-07-21,2026-07-21T19:00:00Z,13,4.6,5.1722,5.03,meteofrance_arpege_europe
2026-07-20,2026-07-21T20:00:00Z,38,4.8,5.084,5.48,meteofrance_arpege_europe
2026-07-21,2026-07-21T20:00:00Z,14,4.8,5.0424,5.48,meteofrance_arpege_europe
2026-07-20,2026-07-21T21:00:00Z,39,4.8,4.3862,5.47,meteofrance_arpege_europe
2026-07-21,2026-07-21T21:00:00Z,15,4.8,4.4785,5.47,meteofrance_arpege_europe
2026-07-20,2026-07-21T22:00:00Z,40,5.3,4.1678,4.22,meteofrance_arpege_europe
2026-07-21,2026-07-21T22:00:00Z,16,5.3,4.231,4.22,meteofrance_arpege_europe
2026-07-20,2026-07-21T23:00:00Z,41,5.4,4.1635,3.58,meteofrance_arpege_europe
2026-07-21,2026-07-21T23:00:00Z,17,5.4,4.2888,3.58,meteofrance_arpege_europe
2026-07-20,2026-07-22T00:00:00Z,42,5.4,4.6259,4.53,meteofrance_arpege_europe
2026-07-21,2026-07-22T00:00:00Z,18,5.4,4.7996,4.53,meteofrance_arpege_europe
2026-07-20,2026-07-22T01:00:00Z,43,5.7,4.7748,5.26,meteofrance_arpege_europe
2026-07-21,2026-07-22T01:00:00Z,19,5.7,4.9331,5.26,meteofrance_arpege_europe
2026-07-20,2026-07-22T02:00:00Z,44,6.6,4.709,5.3,meteofrance_arpege_europe
2026-07-21,2026-07-22T02:00:00Z,20,6.6,4.9838,5.3,meteofrance_arpege_europe
2026-07-20,2026-07-22T03:00:00Z,45,6.2,4.5204,4.82,meteofrance_arpege_europe
2026-07-21,2026-07-22T03:00:00Z,21,6.2,4.8137,4.82,meteofrance_arpege_europe
2026-07-20,2026-07-22T04:00:00Z,46,5.6,4.7374,4.74,meteofrance_arpege_europe
2026-07-21,2026-07-22T04:00:00Z,22,5.6,4.8005,4.74,meteofrance_arpege_europe
2026-07-20,2026-07-22T05:00:00Z,47,5.1,4.8791,5.15,meteofrance_arpege_europe
2026-07-21,2026-07-22T05:00:00Z,23,5.1,4.9762,5.15,meteofrance_arpege_europe
2026-07-20,2026-07-22T06:00:00Z,48,4.8,4.7349,5.04,meteofrance_arpege_europe
2026-07-21,2026-07-22T06:00:00Z,24,4.8,4.8345,5.04,meteofrance_arpege_europe
2026-07-21,2026-07-22T07:00:00Z,25,4.6,4.77,5.06,meteofrance_arpege_europe
2026-07-22,2026-07-22T07:00:00Z,1,4.6,4.5305,5.06,meteofrance_arpege_europe
2026-07-21,2026-07-22T08:00:00Z,26,4.2,4.393,4.6,meteofrance_arpege_europe
2026-07-22,2026-07-22T08:00:00Z,2,4.2,4.1738,4.6,meteofrance_arpege_europe
2026-07-21,2026-07-22T09:00:00Z,27,3.1,4.5184,4.24,meteofrance_arpege_europe
2026-07-22,2026-07-22T09:00:00Z,3,3.1,4.3214,4.24,meteofrance_arpege_europe
2026-07-21,2026-07-22T10:00:00Z,28,5.0,4.8237,3.97,meteofrance_arpege_europe
2026-07-22,2026-07-22T10:00:00Z,4,5.0,4.5755,3.97,meteofrance_arpege_europe
2026-07-21,2026-07-22T11:00:00Z,29,4.0,5.0533,4.52,meteofrance_arpege_europe
2026-07-22,2026-07-22T11:00:00Z,5,4.0,4.9591,4.52,meteofrance_arpege_europe
2026-07-21,2026-07-22T12:00:00Z,30,5.0,5.9275,6.46,meteofrance_arpege_europe
2026-07-22,2026-07-22T12:00:00Z,6,5.0,5.8612,6.46,meteofrance_arpege_europe
2026-07-21,2026-07-22T13:00:00Z,31,4.5,6.2588,7.04,meteofrance_arpege_europe
2026-07-22,2026-07-22T13:00:00Z,7,4.5,6.1453,7.04,meteofrance_arpege_europe
2026-07-21,2026-07-22T14:00:00Z,32,5.1,6.3607,6.94,meteofrance_arpege_europe
2026-07-22,2026-07-22T14:00:00Z,8,5.1,6.3648,6.94,meteofrance_arpege_europe
2026-07-21,2026-07-22T15:00:00Z,33,5.4,6.5378,7.26,meteofrance_arpege_europe
2026-07-22,2026-07-22T15:00:00Z,9,5.4,6.5176,7.26,meteofrance_arpege_europe
2026-07-21,2026-07-22T16:00:00Z,34,5.8,6.5462,7.38,meteofrance_arpege_europe
2026-07-22,2026-07-22T16:00:00Z,10,5.8,6.5686,7.38,meteofrance_arpege_europe
2026-07-21,2026-07-22T17:00:00Z,35,4.9,6.4636,7.72,meteofrance_arpege_europe
2026-07-22,2026-07-22T17:00:00Z,11,4.9,6.4919,7.72,meteofrance_arpege_europe
2026-07-21,2026-07-22T18:00:00Z,36,4.2,6.1793,7.27,meteofrance_arpege_europe
2026-07-22,2026-07-22T18:00:00Z,12,4.2,6.0336,7.27,meteofrance_arpege_europe
2026-07-21,2026-07-22T19:00:00Z,37,5.2,5.8809,7.06,meteofrance_arpege_europe
2026-07-22,2026-07-22T19:00:00Z,13,5.2,5.7474,7.06,meteofrance_arpege_europe
2026-07-21,2026-07-22T20:00:00Z,38,5.8,5.942,7.12,meteofrance_arpege_europe
2026-07-22,2026-07-22T20:00:00Z,14,5.8,5.8167,7.12,meteofrance_arpege_europe
2026-07-21,2026-07-22T21:00:00Z,39,5.4,5.9724,6.45,meteofrance_arpege_europe
2026-07-22,2026-07-22T21:00:00Z,15,5.4,5.7513,6.45,meteofrance_arpege_europe
2026-07-21,2026-07-22T22:00:00Z,40,4.2,5.7449,6.1,meteofrance_arpege_europe
2026-07-22,2026-07-22T22:00:00Z,16,4.2,5.5281,6.1,meteofrance_arpege_europe
2026-07-21,2026-07-22T23:00:00Z,41,4.7,4.9707,5.16,meteofrance_arpege_europe
2026-07-22,2026-07-22T23:00:00Z,17,4.7,4.6679,5.16,meteofrance_arpege_europe
2026-07-21,2026-07-23T00:00:00Z,42,4.2,5.4088,6.1,meteofrance_arpege_europe
2026-07-22,2026-07-23T00:00:00Z,18,4.2,5.1289,6.1,meteofrance_arpege_europe
2026-07-21,2026-07-23T01:00:00Z,43,5.3,5.1862,5.33,meteofrance_arpege_europe
2026-07-22,2026-07-23T01:00:00Z,19,5.3,4.9423,5.33,meteofrance_arpege_europe
2026-07-21,2026-07-23T02:00:00Z,44,3.7,4.7719,4.74,meteofrance_arpege_europe
2026-07-22,2026-07-23T02:00:00Z,20,3.7,4.4903,4.74,meteofrance_arpege_europe
2026-07-21,2026-07-23T03:00:00Z,45,4.4,4.5986,4.44,meteofrance_arpege_europe
2026-07-22,2026-07-23T03:00:00Z,21,4.4,4.3447,4.44,meteofrance_arpege_europe
2026-07-21,2026-07-23T04:00:00Z,46,4.6,4.7454,4.4,meteofrance_arpege_europe
2026-07-22,2026-07-23T04:00:00Z,22,4.6,4.3345,4.4,meteofrance_arpege_europe
2026-07-21,2026-07-23T05:00:00Z,47,5.4,4.5403,4.6,meteofrance_arpege_europe
2026-07-22,2026-07-23T05:00:00Z,23,5.4,4.2079,4.6,meteofrance_arpege_europe
2026-07-21,2026-07-23T06:00:00Z,48,4.6,4.376,4.53,meteofrance_arpege_europe
2026-07-22,2026-07-23T06:00:00Z,24,4.6,4.1648,4.53,meteofrance_arpege_europe
2026-07-22,2026-07-23T07:00:00Z,25,5.4,4.0973,4.39,meteofrance_arpege_europe
2026-07-23,2026-07-23T07:00:00Z,1,5.4,4.2313,4.39,meteofrance_arpege_europe
2026-07-22,2026-07-23T08:00:00Z,26,3.3,3.8789,4.33,meteofrance_arpege_europe
2026-07-23,2026-07-23T08:00:00Z,2,3.3,4.0129,4.33,meteofrance_arpege_europe
2026-07-22,2026-07-23T09:00:00Z,27,3.9,4.0288,4.6,meteofrance_arpege_europe
2026-07-23,2026-07-23T09:00:00Z,3,3.9,4.157,4.6,meteofrance_arpege_europe
2026-07-22,2026-07-23T10:00:00Z,28,4.8,4.1983,4.96,meteofrance_arpege_europe
2026-07-23,2026-07-23T10:00:00Z,4,4.8,4.2515,4.96,meteofrance_arpege_europe
2026-07-22,2026-07-23T11:00:00Z,29,5.0,4.8165,5.16,meteofrance_arpege_europe
2026-07-23,2026-07-23T11:00:00Z,5,5.0,4.8049,5.16,meteofrance_arpege_europe
2026-07-22,2026-07-23T12:00:00Z,30,5.7,5.201,5.8,meteofrance_arpege_europe
2026-07-23,2026-07-23T12:00:00Z,6,5.7,5.2784,5.8,meteofrance_arpege_europe
2026-07-22,2026-07-23T13:00:00Z,31,3.4,5.3318,5.8,meteofrance_arpege_europe
2026-07-23,2026-07-23T13:00:00Z,7,3.4,5.2631,5.8,meteofrance_arpege_europe
2026-07-22,2026-07-23T14:00:00Z,32,4.1,5.3559,6.04,meteofrance_arpege_europe
2026-07-23,2026-07-23T14:00:00Z,8,4.1,5.2561,6.04,meteofrance_arpege_europe
2026-07-22,2026-07-23T15:00:00Z,33,3.6,5.6574,6.49,meteofrance_arpege_europe
2026-07-23,2026-07-23T15:00:00Z,9,3.6,5.5659,6.49,meteofrance_arpege_europe
2026-07-22,2026-07-23T16:00:00Z,34,4.2,6.0041,6.81,meteofrance_arpege_europe
2026-07-23,2026-07-23T16:00:00Z,10,4.2,5.9125,6.81,meteofrance_arpege_europe
2026-07-22,2026-07-23T17:00:00Z,35,5.0,5.9288,6.85,meteofrance_arpege_europe
2026-07-23,2026-07-23T17:00:00Z,11,5.0,5.8372,6.85,meteofrance_arpege_europe
2026-07-22,2026-07-23T18:00:00Z,36,6.5,6.5104,7.81,meteofrance_arpege_europe
2026-07-23,2026-07-23T18:00:00Z,12,6.5,6.4889,7.81,meteofrance_arpege_europe
2026-07-22,2026-07-23T19:00:00Z,37,6.9,6.5454,7.64,meteofrance_arpege_europe
2026-07-23,2026-07-23T19:00:00Z,13,6.9,6.5433,7.64,meteofrance_arpege_europe
2026-07-22,2026-07-23T20:00:00Z,38,6.5,6.1895,7.66,meteofrance_arpege_europe
2026-07-23,2026-07-23T20:00:00Z,14,6.5,6.1874,7.66,meteofrance_arpege_europe
2026-07-22,2026-07-23T21:00:00Z,39,5.9,6.1256,7.38,meteofrance_arpege_europe
2026-07-23,2026-07-23T21:00:00Z,15,5.9,6.1275,7.38,meteofrance_arpege_europe
2026-07-22,2026-07-23T22:00:00Z,40,6.2,5.9518,6.74,meteofrance_arpege_europe
2026-07-23,2026-07-23T22:00:00Z,16,6.2,5.8575,6.74,meteofrance_arpege_europe
2026-07-22,2026-07-23T23:00:00Z,41,7.0,6.1469,6.94,meteofrance_arpege_europe
2026-07-23,2026-07-23T23:00:00Z,17,7.0,6.1307,6.94,meteofrance_arpege_europe
2026-07-22,2026-07-24T00:00:00Z,42,6.8,6.4915,7.66,meteofrance_arpege_europe
2026-07-23,2026-07-24T00:00:00Z,18,6.8,6.3069,7.66,meteofrance_arpege_europe
2026-07-22,2026-07-24T01:00:00Z,43,6.8,6.4105,7.18,meteofrance_arpege_europe
2026-07-23,2026-07-24T01:00:00Z,19,6.8,6.2259,7.18,meteofrance_arpege_europe
2026-07-22,2026-07-24T02:00:00Z,44,7.3,6.059,6.42,meteofrance_arpege_europe
2026-07-23,2026-07-24T02:00:00Z,20,7.3,5.8745,6.42,meteofrance_arpege_europe
2026-07-22,2026-07-24T03:00:00Z,45,6.9,6.069,6.62,meteofrance_arpege_europe
2026-07-23,2026-07-24T03:00:00Z,21,6.9,5.8877,6.62,meteofrance_arpege_europe
2026-07-22,2026-07-24T04:00:00Z,46,7.3,6.0582,6.68,meteofrance_arpege_europe
2026-07-23,2026-07-24T04:00:00Z,22,7.3,5.9068,6.68,meteofrance_arpege_europe
2026-07-22,2026-07-24T05:00:00Z,47,7.2,6.0509,6.58,meteofrance_arpege_europe
2026-07-23,2026-07-24T05:00:00Z,23,7.2,5.8996,6.58,meteofrance_arpege_europe
2026-07-22,2026-07-24T06:00:00Z,48,6.3,6.1742,6.88,meteofrance_arpege_europe
2026-07-23,2026-07-24T06:00:00Z,24,6.3,6.012,6.88,meteofrance_arpege_europe
2026-07-23,2026-07-24T07:00:00Z,25,5.9,5.3918,6.57,meteofrance_arpege_europe
2026-07-24,2026-07-24T07:00:00Z,1,5.9,5.3149,6.57,meteofrance_arpege_europe
2026-07-23,2026-07-24T08:00:00Z,26,4.3,5.7403,6.47,meteofrance_arpege_europe
2026-07-24,2026-07-24T08:00:00Z,2,4.3,5.2038,6.47,meteofrance_arpege_europe
2026-07-23,2026-07-24T09:00:00Z,27,4.1,5.0696,6.24,meteofrance_arpege_europe
2026-07-24,2026-07-24T09:00:00Z,3,4.1,4.9362,6.24,meteofrance_arpege_europe
2026-07-23,2026-07-24T10:00:00Z,28,4.3,5.2106,6.26,meteofrance_arpege_europe
2026-07-24,2026-07-24T10:00:00Z,4,4.3,5.092,6.26,meteofrance_arpege_europe
2026-07-23,2026-07-24T11:00:00Z,29,5.6,5.4063,5.94,meteofrance_arpege_europe
2026-07-24,2026-07-24T11:00:00Z,5,5.6,5.2205,5.94,meteofrance_arpege_europe
2026-07-23,2026-07-24T12:00:00Z,30,3.8,6.2824,7.24,meteofrance_arpege_europe
2026-07-24,2026-07-24T12:00:00Z,6,3.8,6.1034,7.24,meteofrance_arpege_europe
2026-07-23,2026-07-24T13:00:00Z,31,4.6,6.56,7.47,meteofrance_arpege_europe
2026-07-24,2026-07-24T13:00:00Z,7,4.6,6.4714,7.47,meteofrance_arpege_europe
2026-07-23,2026-07-24T14:00:00Z,32,5.6,6.1146,7.35,meteofrance_arpege_europe
2026-07-24,2026-07-24T14:00:00Z,8,5.6,6.2362,7.35,meteofrance_arpege_europe
2026-07-23,2026-07-24T15:00:00Z,33,5.0,6.0158,7.15,meteofrance_arpege_europe
2026-07-24,2026-07-24T15:00:00Z,9,5.0,6.0902,7.15,meteofrance_arpege_europe
2026-07-23,2026-07-24T16:00:00Z,34,4.7,5.6488,6.58,meteofrance_arpege_europe
2026-07-24,2026-07-24T16:00:00Z,10,4.7,5.6387,6.58,meteofrance_arpege_europe
2026-07-23,2026-07-24T17:00:00Z,35,7.1,5.2351,6.02,meteofrance_arpege_europe
2026-07-24,2026-07-24T17:00:00Z,11,7.1,5.2735,6.02,meteofrance_arpege_europe
2026-07-23,2026-07-24T18:00:00Z,36,5.5,5.2273,6.07,meteofrance_arpege_europe
2026-07-24,2026-07-24T18:00:00Z,12,5.5,5.297,6.07,meteofrance_arpege_europe
2026-07-23,2026-07-24T19:00:00Z,37,4.9,4.9788,6.05,meteofrance_arpege_europe
2026-07-24,2026-07-24T19:00:00Z,13,4.9,5.1185,6.05,meteofrance_arpege_europe
2026-07-23,2026-07-24T20:00:00Z,38,5.3,5.1465,6.1,meteofrance_arpege_europe
2026-07-24,2026-07-24T20:00:00Z,14,5.3,5.2863,6.1,meteofrance_arpege_europe
2026-07-23,2026-07-24T21:00:00Z,39,5.1,5.5223,6.1,meteofrance_arpege_europe
2026-07-24,2026-07-24T21:00:00Z,15,5.1,5.7441,6.1,meteofrance_arpege_europe
2026-07-23,2026-07-24T22:00:00Z,40,5.8,6.356,7.71,meteofrance_arpege_europe
2026-07-24,2026-07-24T22:00:00Z,16,5.8,6.4413,7.71,meteofrance_arpege_europe
2026-07-23,2026-07-24T23:00:00Z,41,6.8,7.5208,9.52,meteofrance_arpege_europe
2026-07-24,2026-07-24T23:00:00Z,17,6.8,7.6114,9.52,meteofrance_arpege_europe
2026-07-23,2026-07-25T00:00:00Z,42,6.6,6.9379,8.31,meteofrance_arpege_europe
2026-07-24,2026-07-25T00:00:00Z,18,6.6,7.0232,8.31,meteofrance_arpege_europe
2026-07-23,2026-07-25T01:00:00Z,43,7.3,6.5934,8.01,meteofrance_arpege_europe
2026-07-24,2026-07-25T01:00:00Z,19,7.3,6.6787,8.01,meteofrance_arpege_europe
2026-07-23,2026-07-25T02:00:00Z,44,7.0,6.2321,8.02,meteofrance_arpege_europe
2026-07-24,2026-07-25T02:00:00Z,20,7.0,6.3174,8.02,meteofrance_arpege_europe
2026-07-23,2026-07-25T03:00:00Z,45,6.0,5.968,7.23,meteofrance_arpege_europe
2026-07-24,2026-07-25T03:00:00Z,21,6.0,6.2134,7.23,meteofrance_arpege_europe
2026-07-23,2026-07-25T04:00:00Z,46,3.5,4.986,5.51,meteofrance_arpege_europe
2026-07-24,2026-07-25T04:00:00Z,22,3.5,5.158,5.51,meteofrance_arpege_europe
2026-07-23,2026-07-25T05:00:00Z,47,3.2,4.8909,6.09,meteofrance_arpege_europe
2026-07-24,2026-07-25T05:00:00Z,23,3.2,5.1271,6.09,meteofrance_arpege_europe
2026-07-23,2026-07-25T06:00:00Z,48,5.2,4.4344,5.6,meteofrance_arpege_europe
2026-07-24,2026-07-25T06:00:00Z,24,5.2,4.7575,5.6,meteofrance_arpege_europe
2026-07-24,2026-07-25T07:00:00Z,25,5.9,4.654,5.77,meteofrance_arpege_europe
2026-07-25,2026-07-25T07:00:00Z,1,5.9,4.8711,5.77,meteofrance_arpege_europe
2026-07-24,2026-07-25T08:00:00Z,26,6.3,4.2939,5.72,meteofrance_arpege_europe
2026-07-25,2026-07-25T08:00:00Z,2,6.3,4.4479,5.72,meteofrance_arpege_europe
2026-07-24,2026-07-25T09:00:00Z,27,6.4,4.012,5.17,meteofrance_arpege_europe
2026-07-25,2026-07-25T09:00:00Z,3,6.4,4.1459,5.17,meteofrance_arpege_europe
2026-07-24,2026-07-25T10:00:00Z,28,5.7,4.0389,4.02,meteofrance_arpege_europe
2026-07-25,2026-07-25T10:00:00Z,4,5.7,4.3044,4.02,meteofrance_arpege_europe
2026-07-24,2026-07-25T11:00:00Z,29,4.8,4.9198,5.39,meteofrance_arpege_europe
2026-07-25,2026-07-25T11:00:00Z,5,4.8,5.0371,5.39,meteofrance_arpege_europe
2026-07-24,2026-07-25T12:00:00Z,30,6.1,6.7009,7.49,meteofrance_arpege_europe
2026-07-25,2026-07-25T12:00:00Z,6,6.1,6.8077,7.49,meteofrance_arpege_europe
2026-07-24,2026-07-25T13:00:00Z,31,6.9,6.5432,7.13,meteofrance_arpege_europe
2026-07-25,2026-07-25T13:00:00Z,7,6.9,6.5595,7.13,meteofrance_arpege_europe
2026-07-24,2026-07-25T14:00:00Z,32,6.6,6.1514,6.44,meteofrance_arpege_europe
2026-07-25,2026-07-25T14:00:00Z,8,6.6,6.2068,6.44,meteofrance_arpege_europe
2026-07-24,2026-07-25T15:00:00Z,33,6.5,6.5828,7.23,meteofrance_arpege_europe
2026-07-25,2026-07-25T15:00:00Z,9,6.5,6.6456,7.23,meteofrance_arpege_europe
2026-07-24,2026-07-25T16:00:00Z,34,8.4,6.6794,7.93,meteofrance_arpege_europe
2026-07-25,2026-07-25T16:00:00Z,10,8.4,6.6688,7.93,meteofrance_arpege_europe
2026-07-24,2026-07-25T17:00:00Z,35,7.2,7.1044,8.77,meteofrance_arpege_europe
2026-07-25,2026-07-25T17:00:00Z,11,7.2,7.0551,8.77,meteofrance_arpege_europe
2026-07-24,2026-07-25T18:00:00Z,36,5.8,6.7147,7.13,meteofrance_arpege_europe
2026-07-25,2026-07-25T18:00:00Z,12,5.8,6.7291,7.13,meteofrance_arpege_europe
2026-07-24,2026-07-25T19:00:00Z,37,6.1,6.6667,7.57,meteofrance_arpege_europe
2026-07-25,2026-07-25T19:00:00Z,13,6.1,6.6811,7.57,meteofrance_arpege_europe
2026-07-24,2026-07-25T20:00:00Z,38,6.9,6.9751,7.89,meteofrance_arpege_europe
2026-07-25,2026-07-25T20:00:00Z,14,6.9,6.9708,7.89,meteofrance_arpege_europe
2026-07-24,2026-07-25T21:00:00Z,39,6.3,6.6627,8.13,meteofrance_arpege_europe
2026-07-25,2026-07-25T21:00:00Z,15,6.3,6.6463,8.13,meteofrance_arpege_europe
2026-07-24,2026-07-25T22:00:00Z,40,7.2,6.4924,8.54,meteofrance_arpege_europe
2026-07-25,2026-07-25T22:00:00Z,16,7.2,6.476,8.54,meteofrance_arpege_europe
2026-07-24,2026-07-25T23:00:00Z,41,7.1,6.448,8.3,meteofrance_arpege_europe
2026-07-25,2026-07-25T23:00:00Z,17,7.1,6.4316,8.3,meteofrance_arpege_europe
2026-07-24,2026-07-26T00:00:00Z,42,7.1,6.3025,7.82,meteofrance_arpege_europe
2026-07-25,2026-07-26T00:00:00Z,18,7.1,6.2861,7.82,meteofrance_arpege_europe
2026-07-24,2026-07-26T01:00:00Z,43,8.3,6.4018,7.8,meteofrance_arpege_europe
2026-07-25,2026-07-26T01:00:00Z,19,8.3,6.3975,7.8,meteofrance_arpege_europe
2026-07-24,2026-07-26T02:00:00Z,44,7.2,6.7942,7.92,meteofrance_arpege_europe
2026-07-25,2026-07-26T02:00:00Z,20,7.2,6.9381,7.92,meteofrance_arpege_europe
2026-07-24,2026-07-26T03:00:00Z,45,7.5,6.7577,8.01,meteofrance_arpege_europe
2026-07-25,2026-07-26T03:00:00Z,21,7.5,6.7823,8.01,meteofrance_arpege_europe
2026-07-24,2026-07-26T04:00:00Z,46,8.3,6.9462,8.71,meteofrance_arpege_europe
2026-07-25,2026-07-26T04:00:00Z,22,8.3,7.1031,8.71,meteofrance_arpege_europe
2026-07-24,2026-07-26T05:00:00Z,47,8.1,7.4116,8.9,meteofrance_arpege_europe
2026-07-25,2026-07-26T05:00:00Z,23,8.1,7.5955,8.9,meteofrance_arpege_europe
2026-07-24,2026-07-26T06:00:00Z,48,7.9,7.4114,8.71,meteofrance_arpege_europe
2026-07-25,2026-07-26T06:00:00Z,24,7.9,7.5899,8.71,meteofrance_arpege_europe
2026-07-25,2026-07-26T07:00:00Z,25,8.3,8.0023,9.73,meteofrance_arpege_europe
2026-07-26,2026-07-26T07:00:00Z,1,8.3,7.774,9.73,meteofrance_arpege_europe
2026-07-25,2026-07-26T08:00:00Z,26,8.0,8.6871,10.14,meteofrance_arpege_europe
2026-07-26,2026-07-26T08:00:00Z,2,8.0,8.4258,10.14,meteofrance_arpege_europe
2026-07-25,2026-07-26T09:00:00Z,27,7.2,8.4793,9.43,meteofrance_arpege_europe
2026-07-26,2026-07-26T09:00:00Z,3,7.2,8.3544,9.43,meteofrance_arpege_europe
2026-07-25,2026-07-26T10:00:00Z,28,8.5,8.5697,8.89,meteofrance_arpege_europe
2026-07-26,2026-07-26T10:00:00Z,4,8.5,8.4108,8.89,meteofrance_arpege_europe
2026-07-25,2026-07-26T11:00:00Z,29,6.9,8.3437,9.22,meteofrance_arpege_europe
2026-07-26,2026-07-26T11:00:00Z,5,6.9,8.2822,9.22,meteofrance_arpege_europe
2026-07-25,2026-07-26T12:00:00Z,30,6.9,8.16,8.86,meteofrance_arpege_europe
2026-07-26,2026-07-26T12:00:00Z,6,6.9,8.0607,8.86,meteofrance_arpege_europe
2026-07-25,2026-07-26T13:00:00Z,31,6.5,7.6269,8.79,meteofrance_arpege_europe
2026-07-26,2026-07-26T13:00:00Z,7,6.5,7.5294,8.79,meteofrance_arpege_europe
2026-07-25,2026-07-26T14:00:00Z,32,6.4,8.6056,9.1,meteofrance_arpege_europe
2026-07-26,2026-07-26T14:00:00Z,8,6.4,8.458,9.1,meteofrance_arpege_europe
2026-07-25,2026-07-26T15:00:00Z,33,7.4,7.7964,8.56,meteofrance_arpege_europe
2026-07-26,2026-07-26T15:00:00Z,9,7.4,7.5748,8.56,meteofrance_arpege_europe
2026-07-25,2026-07-26T16:00:00Z,34,6.3,7.0931,7.85,meteofrance_arpege_europe
2026-07-26,2026-07-26T16:00:00Z,10,6.3,6.9881,7.85,meteofrance_arpege_europe
2026-07-25,2026-07-26T17:00:00Z,35,6.8,7.4499,8.3,meteofrance_arpege_europe
2026-07-26,2026-07-26T17:00:00Z,11,6.8,7.3838,8.3,meteofrance_arpege_europe
2026-07-25,2026-07-26T18:00:00Z,36,7.7,8.0763,8.89,meteofrance_arpege_europe
2026-07-26,2026-07-26T18:00:00Z,12,7.7,7.9637,8.89,meteofrance_arpege_europe
2026-07-25,2026-07-26T19:00:00Z,37,6.8,7.4968,8.65,meteofrance_arpege_europe
2026-07-26,2026-07-26T19:00:00Z,13,6.8,7.3841,8.65,meteofrance_arpege_europe
2026-07-25,2026-07-26T20:00:00Z,38,5.9,8.0916,9.06,meteofrance_arpege_europe
2026-07-26,2026-07-26T20:00:00Z,14,5.9,7.9777,9.06,meteofrance_arpege_europe
2026-07-25,2026-07-26T21:00:00Z,39,6.8,7.5709,8.56,meteofrance_arpege_europe
2026-07-26,2026-07-26T21:00:00Z,15,6.8,7.4864,8.56,meteofrance_arpege_europe
2026-07-25,2026-07-26T22:00:00Z,40,7.4,7.1348,8.23,meteofrance_arpege_europe
2026-07-26,2026-07-26T22:00:00Z,16,7.4,6.9989,8.23,meteofrance_arpege_europe
2026-07-25,2026-07-26T23:00:00Z,41,8.6,7.7305,8.09,meteofrance_arpege_europe
2026-07-26,2026-07-26T23:00:00Z,17,8.6,7.6286,8.09,meteofrance_arpege_europe
2026-07-25,2026-07-27T00:00:00Z,42,6.4,6.6869,7.44,meteofrance_arpege_europe
2026-07-26,2026-07-27T00:00:00Z,18,6.4,6.6034,7.44,meteofrance_arpege_europe
2026-07-25,2026-07-27T01:00:00Z,43,6.2,6.587,7.31,meteofrance_arpege_europe
2026-07-26,2026-07-27T01:00:00Z,19,6.2,6.5314,7.31,meteofrance_arpege_europe
2026-07-25,2026-07-27T02:00:00Z,44,6.2,5.8155,7.32,meteofrance_arpege_europe
2026-07-26,2026-07-27T02:00:00Z,20,6.2,5.7522,7.32,meteofrance_arpege_europe
2026-07-25,2026-07-27T03:00:00Z,45,6.8,5.1452,6.93,meteofrance_arpege_europe
2026-07-26,2026-07-27T03:00:00Z,21,6.8,5.1284,6.93,meteofrance_arpege_europe
2026-07-25,2026-07-27T04:00:00Z,46,5.9,5.6809,6.86,meteofrance_arpege_europe
2026-07-26,2026-07-27T04:00:00Z,22,5.9,5.4631,6.86,meteofrance_arpege_europe
2026-07-25,2026-07-27T05:00:00Z,47,8.5,4.939,6.44,meteofrance_arpege_europe
2026-07-26,2026-07-27T05:00:00Z,23,8.5,4.6517,6.44,meteofrance_arpege_europe
2026-07-25,2026-07-27T06:00:00Z,48,6.0,5.3154,5.59,meteofrance_arpege_europe
2026-07-26,2026-07-27T06:00:00Z,24,6.0,4.9845,5.59,meteofrance_arpege_europe
2026-07-26,2026-07-27T07:00:00Z,25,6.1,4.4049,5.32,meteofrance_arpege_europe
2026-07-27,2026-07-27T07:00:00Z,1,6.1,4.4459,5.32,meteofrance_arpege_europe
2026-07-26,2026-07-27T08:00:00Z,26,5.6,4.2081,4.86,meteofrance_arpege_europe
2026-07-27,2026-07-27T08:00:00Z,2,5.6,4.2634,4.86,meteofrance_arpege_europe
2026-07-26,2026-07-27T09:00:00Z,27,5.1,3.6729,4.38,meteofrance_arpege_europe
2026-07-27,2026-07-27T09:00:00Z,3,5.1,3.7717,4.38,meteofrance_arpege_europe
2026-07-26,2026-07-27T10:00:00Z,28,3.9,3.4764,4.48,meteofrance_arpege_europe
2026-07-27,2026-07-27T10:00:00Z,4,3.9,3.5045,4.48,meteofrance_arpege_europe
2026-07-26,2026-07-27T11:00:00Z,29,3.8,3.3332,4.18,meteofrance_arpege_europe
2026-07-27,2026-07-27T11:00:00Z,5,3.8,3.286,4.18,meteofrance_arpege_europe
2026-07-26,2026-07-27T12:00:00Z,30,3.9,2.7586,2.2,meteofrance_arpege_europe
2026-07-27,2026-07-27T12:00:00Z,6,3.9,2.7052,2.2,meteofrance_arpege_europe
2026-07-26,2026-07-27T13:00:00Z,31,4.9,2.91,2.64,meteofrance_arpege_europe
2026-07-27,2026-07-27T13:00:00Z,7,4.9,2.7902,2.64,meteofrance_arpege_europe
2026-07-26,2026-07-27T14:00:00Z,32,3.9,3.8232,3.66,meteofrance_arpege_europe
2026-07-27,2026-07-27T14:00:00Z,8,3.9,3.8153,3.66,meteofrance_arpege_europe
2026-07-26,2026-07-27T15:00:00Z,33,4.4,3.9374,3.5,meteofrance_arpege_europe
2026-07-27,2026-07-27T15:00:00Z,9,4.4,3.8641,3.5,meteofrance_arpege_europe
2026-07-26,2026-07-27T16:00:00Z,34,4.7,3.7477,3.4,meteofrance_arpege_europe
2026-07-27,2026-07-27T16:00:00Z,10,4.7,3.6601,3.4,meteofrance_arpege_europe
2026-07-26,2026-07-27T17:00:00Z,35,4.0,3.5969,3.55,meteofrance_arpege_europe
2026-07-27,2026-07-27T17:00:00Z,11,4.0,3.6168,3.55,meteofrance_arpege_europe
2026-07-26,2026-07-27T18:00:00Z,36,3.5,2.9227,2.3,meteofrance_arpege_europe
2026-07-27,2026-07-27T18:00:00Z,12,3.5,2.8438,2.3,meteofrance_arpege_europe
2026-07-26,2026-07-27T19:00:00Z,37,3.6,2.8756,2.42,meteofrance_arpege_europe
2026-07-27,2026-07-27T19:00:00Z,13,3.6,2.9314,2.42,meteofrance_arpege_europe
2026-07-26,2026-07-27T20:00:00Z,38,2.7,2.6877,2.75,meteofrance_arpege_europe
2026-07-27,2026-07-27T20:00:00Z,14,2.7,2.6742,2.75,meteofrance_arpege_europe
2026-07-26,2026-07-27T21:00:00Z,39,4.1,2.9983,2.91,meteofrance_arpege_europe
2026-07-27,2026-07-27T21:00:00Z,15,4.1,2.9996,2.91,meteofrance_arpege_europe
2026-07-26,2026-07-27T22:00:00Z,40,3.4,3.4922,3.81,meteofrance_arpege_europe
2026-07-27,2026-07-27T22:00:00Z,16,3.4,3.5112,3.81,meteofrance_arpege_europe
2026-07-26,2026-07-27T23:00:00Z,41,1.8,3.5386,4.03,meteofrance_arpege_europe
2026-07-27,2026-07-27T23:00:00Z,17,1.8,3.5427,4.03,meteofrance_arpege_europe
2026-07-26,2026-07-28T00:00:00Z,42,2.6,3.0583,2.32,meteofrance_arpege_europe
2026-07-27,2026-07-28T00:00:00Z,18,2.6,3.1317,2.32,meteofrance_arpege_europe
2026-07-26,2026-07-28T01:00:00Z,43,3.8,3.7028,2.43,meteofrance_arpege_europe
2026-07-27,2026-07-28T01:00:00Z,19,3.8,3.6346,2.43,meteofrance_arpege_europe
2026-07-26,2026-07-28T02:00:00Z,44,4.4,4.0116,3.13,meteofrance_arpege_europe
2026-07-27,2026-07-28T02:00:00Z,20,4.4,4.0005,3.13,meteofrance_arpege_europe
2026-07-26,2026-07-28T03:00:00Z,45,5.7,4.3308,3.4,meteofrance_arpege_europe
2026-07-27,2026-07-28T03:00:00Z,21,5.7,4.3411,3.4,meteofrance_arpege_europe
2026-07-26,2026-07-28T04:00:00Z,46,4.8,4.0128,3.45,meteofrance_arpege_europe
2026-07-27,2026-07-28T04:00:00Z,22,4.8,3.991,3.45,meteofrance_arpege_europe
2026-07-26,2026-07-28T05:00:00Z,47,4.0,3.6477,3.16,meteofrance_arpege_europe
2026-07-27,2026-07-28T05:00:00Z,23,4.0,3.7704,3.16,meteofrance_arpege_europe
2026-07-26,2026-07-28T06:00:00Z,48,3.3,2.3451,2.2,meteofrance_arpege_europe
2026-07-27,2026-07-28T06:00:00Z,24,3.3,2.4771,2.2,meteofrance_arpege_europe
2026-07-27,2026-07-28T07:00:00Z,25,2.5,2.1372,1.62,meteofrance_arpege_europe
2026-07-28,2026-07-28T07:00:00Z,1,2.5,2.2571,1.62,meteofrance_arpege_europe
2026-07-27,2026-07-28T08:00:00Z,26,2.2,1.9947,1.12,meteofrance_arpege_europe
2026-07-28,2026-07-28T08:00:00Z,2,2.2,2.139,1.12,meteofrance_arpege_europe
2026-07-27,2026-07-28T09:00:00Z,27,2.1,2.5687,2.3,meteofrance_arpege_europe
2026-07-28,2026-07-28T09:00:00Z,3,2.1,2.5245,2.3,meteofrance_arpege_europe
2026-07-27,2026-07-28T10:00:00Z,28,1.9,2.8472,2.82,meteofrance_arpege_europe
2026-07-28,2026-07-28T10:00:00Z,4,1.9,2.8021,2.82,meteofrance_arpege_europe
2026-07-27,2026-07-28T11:00:00Z,29,3.5,3.2753,3.31,meteofrance_arpege_europe
2026-07-28,2026-07-28T11:00:00Z,5,3.5,3.1944,3.31,meteofrance_arpege_europe
2026-07-27,2026-07-28T12:00:00Z,30,4.3,3.6634,2.95,meteofrance_arpege_europe
2026-07-28,2026-07-28T12:00:00Z,6,4.3,3.6092,2.95,meteofrance_arpege_europe
2026-07-27,2026-07-28T13:00:00Z,31,4.7,3.6286,2.75,meteofrance_arpege_europe
2026-07-28,2026-07-28T13:00:00Z,7,4.7,3.4947,2.75,meteofrance_arpege_europe
2026-07-27,2026-07-28T14:00:00Z,32,3.7,3.3764,2.62,meteofrance_arpege_europe
2026-07-28,2026-07-28T14:00:00Z,8,3.7,3.4181,2.62,meteofrance_arpege_europe
2026-07-27,2026-07-28T15:00:00Z,33,3.0,3.1224,2.42,meteofrance_arpege_europe
2026-07-28,2026-07-28T15:00:00Z,9,3.0,3.2264,2.42,meteofrance_arpege_europe
2026-07-27,2026-07-28T16:00:00Z,34,3.0,3.1965,2.73,meteofrance_arpege_europe
2026-07-28,2026-07-28T16:00:00Z,10,3.0,3.2613,2.73,meteofrance_arpege_europe
2026-07-27,2026-07-28T17:00:00Z,35,4.0,3.0839,2.06,meteofrance_arpege_europe
2026-07-28,2026-07-28T17:00:00Z,11,4.0,3.0506,2.06,meteofrance_arpege_europe
2026-07-27,2026-07-28T18:00:00Z,36,6.4,2.9934,2.68,meteofrance_arpege_europe
2026-07-28,2026-07-28T18:00:00Z,12,6.4,3.0264,2.68,meteofrance_arpege_europe
2026-07-27,2026-07-28T19:00:00Z,37,5.2,3.2977,3.0,meteofrance_arpege_europe
2026-07-28,2026-07-28T19:00:00Z,13,5.2,3.2856,3.0,meteofrance_arpege_europe
2026-07-27,2026-07-28T20:00:00Z,38,3.4,2.8596,2.19,meteofrance_arpege_europe
2026-07-28,2026-07-28T20:00:00Z,14,3.4,2.8925,2.19,meteofrance_arpege_europe
2026-07-27,2026-07-28T21:00:00Z,39,2.9,2.7281,1.78,meteofrance_arpege_europe
2026-07-28,2026-07-28T21:00:00Z,15,2.9,2.71,1.78,meteofrance_arpege_europe
2026-07-27,2026-07-28T22:00:00Z,40,3.1,2.4341,1.92,meteofrance_arpege_europe
2026-07-28,2026-07-28T22:00:00Z,16,3.1,2.4751,1.92,meteofrance_arpege_europe
2026-07-27,2026-07-28T23:00:00Z,41,1.7,2.1157,1.56,meteofrance_arpege_europe
2026-07-28,2026-07-28T23:00:00Z,17,1.7,2.1308,1.56,meteofrance_arpege_europe
2026-07-27,2026-07-29T00:00:00Z,42,3.5,2.1482,1.92,meteofrance_arpege_europe
2026-07-28,2026-07-29T00:00:00Z,18,3.5,2.2099,1.92,meteofrance_arpege_europe
2026-07-27,2026-07-29T01:00:00Z,43,5.3,2.8176,2.88,meteofrance_arpege_europe
2026-07-28,2026-07-29T01:00:00Z,19,5.3,2.8054,2.88,meteofrance_arpege_europe
2026-07-27,2026-07-29T02:00:00Z,44,4.8,2.5394,2.5,meteofrance_arpege_europe
2026-07-28,2026-07-29T02:00:00Z,20,4.8,2.6782,2.5,meteofrance_arpege_europe
2026-07-27,2026-07-29T03:00:00Z,45,4.8,2.5102,2.18,meteofrance_arpege_europe
2026-07-28,2026-07-29T03:00:00Z,21,4.8,2.5975,2.18,meteofrance_arpege_europe
2026-07-27,2026-07-29T04:00:00Z,46,5.0,2.425,1.56,meteofrance_arpege_europe
2026-07-28,2026-07-29T04:00:00Z,22,5.0,2.5679,1.56,meteofrance_arpege_europe
2026-07-27,2026-07-29T05:00:00Z,47,4.2,2.3042,1.89,meteofrance_arpege_europe
2026-07-28,2026-07-29T05:00:00Z,23,4.2,2.2937,1.89,meteofrance_arpege_europe
2026-07-27,2026-07-29T06:00:00Z,48,3.3,2.7044,3.04,meteofrance_arpege_europe
2026-07-28,2026-07-29T06:00:00Z,24,3.3,2.8905,3.04,meteofrance_arpege_europe
2026-07-28,2026-07-29T07:00:00Z,25,2.2,2.4326,2.4,meteofrance_arpege_europe
2026-07-29,2026-07-29T07:00:00Z,1,2.2,2.4405,2.4,meteofrance_arpege_europe
2026-07-28,2026-07-29T08:00:00Z,26,2.3,2.3825,2.02,meteofrance_arpege_europe
2026-07-29,2026-07-29T08:00:00Z,2,2.3,2.3652,2.02,meteofrance_arpege_europe
2026-07-28,2026-07-29T09:00:00Z,27,1.2,2.5331,1.51,meteofrance_arpege_europe
2026-07-29,2026-07-29T09:00:00Z,3,1.2,2.4248,1.51,meteofrance_arpege_europe
2026-07-28,2026-07-29T10:00:00Z,28,1.9,2.2407,1.1,meteofrance_arpege_europe
2026-07-29,2026-07-29T10:00:00Z,4,1.9,2.1704,1.1,meteofrance_arpege_europe
2026-07-28,2026-07-29T11:00:00Z,29,1.0,2.9639,0.85,meteofrance_arpege_europe
2026-07-29,2026-07-29T11:00:00Z,5,1.0,3.0037,0.85,meteofrance_arpege_europe
2026-07-28,2026-07-29T12:00:00Z,30,1.0,2.8991,2.2,meteofrance_arpege_europe
2026-07-29,2026-07-29T12:00:00Z,6,1.0,2.8329,2.2,meteofrance_arpege_europe
2026-07-28,2026-07-29T13:00:00Z,31,3.6,3.784,3.72,meteofrance_arpege_europe
2026-07-29,2026-07-29T13:00:00Z,7,3.6,3.8493,3.72,meteofrance_arpege_europe
2026-07-28,2026-07-29T14:00:00Z,32,3.4,3.9366,3.92,meteofrance_arpege_europe
2026-07-29,2026-07-29T14:00:00Z,8,3.4,4.0342,3.92,meteofrance_arpege_europe
2026-07-28,2026-07-29T15:00:00Z,33,3.3,3.9547,4.3,meteofrance_arpege_europe
2026-07-29,2026-07-29T15:00:00Z,9,3.3,3.921,4.3,meteofrance_arpege_europe
2026-07-28,2026-07-29T16:00:00Z,34,3.6,3.9713,4.44,meteofrance_arpege_europe
2026-07-29,2026-07-29T16:00:00Z,10,3.6,4.1084,4.44,meteofrance_arpege_europe
2026-07-28,2026-07-29T17:00:00Z,35,5.3,3.906,4.02,meteofrance_arpege_europe
2026-07-29,2026-07-29T17:00:00Z,11,5.3,3.9975,4.02,meteofrance_arpege_europe
2026-07-28,2026-07-29T18:00:00Z,36,4.0,3.7608,3.45,meteofrance_arpege_europe
2026-07-29,2026-07-29T18:00:00Z,12,4.0,3.7336,3.45,meteofrance_arpege_europe
2026-07-28,2026-07-29T19:00:00Z,37,3.4,3.6853,3.79,meteofrance_arpege_europe
2026-07-29,2026-07-29T19:00:00Z,13,3.4,3.6608,3.79,meteofrance_arpege_europe
2026-07-28,2026-07-29T20:00:00Z,38,3.5,3.5908,3.48,meteofrance_arpege_europe
2026-07-29,2026-07-29T20:00:00Z,14,3.5,3.6344,3.48,meteofrance_arpege_europe
2026-07-28,2026-07-29T21:00:00Z,39,3.1,3.6351,3.47,meteofrance_arpege_europe
2026-07-29,2026-07-29T21:00:00Z,15,3.1,3.6788,3.47,meteofrance_arpege_europe
2026-07-28,2026-07-29T22:00:00Z,40,3.6,3.566,3.69,meteofrance_arpege_europe
2026-07-29,2026-07-29T22:00:00Z,16,3.6,3.7184,3.69,meteofrance_arpege_europe
2026-07-28,2026-07-29T23:00:00Z,41,2.2,3.5343,3.45,meteofrance_arpege_europe
2026-07-29,2026-07-29T23:00:00Z,17,2.2,3.684,3.45,meteofrance_arpege_europe
2026-07-28,2026-07-30T00:00:00Z,42,3.7,2.8125,2.3,meteofrance_arpege_europe
2026-07-29,2026-07-30T00:00:00Z,18,3.7,2.9043,2.3,meteofrance_arpege_europe
2026-07-28,2026-07-30T01:00:00Z,43,2.6,3.2879,2.94,meteofrance_arpege_europe
2026-07-29,2026-07-30T01:00:00Z,19,2.6,3.2589,2.94,meteofrance_arpege_europe
2026-07-28,2026-07-30T02:00:00Z,44,3.1,3.6453,3.9,meteofrance_arpege_europe
2026-07-29,2026-07-30T02:00:00Z,20,3.1,3.5758,3.9,meteofrance_arpege_europe
2026-07-28,2026-07-30T03:00:00Z,45,4.1,3.7032,4.0,meteofrance_arpege_europe
2026-07-29,2026-07-30T03:00:00Z,21,4.1,3.5621,4.0,meteofrance_arpege_europe
2026-07-28,2026-07-30T04:00:00Z,46,4.3,3.7962,4.25,meteofrance_arpege_europe
2026-07-29,2026-07-30T04:00:00Z,22,4.3,3.6863,4.25,meteofrance_arpege_europe
2026-07-28,2026-07-30T05:00:00Z,47,4.4,4.2949,5.19,meteofrance_arpege_europe
2026-07-29,2026-07-30T05:00:00Z,23,4.4,4.1859,5.19,meteofrance_arpege_europe
2026-07-28,2026-07-30T06:00:00Z,48,5.1,4.5603,5.61,meteofrance_arpege_europe
2026-07-29,2026-07-30T06:00:00Z,24,5.1,4.4514,5.61,meteofrance_arpege_europe
2026-07-29,2026-07-30T07:00:00Z,25,4.6,4.2112,4.92,meteofrance_arpege_europe
2026-07-30,2026-07-30T07:00:00Z,1,4.6,4.1097,4.92,meteofrance_arpege_europe
2026-07-29,2026-07-30T08:00:00Z,26,4.3,4.0381,4.31,meteofrance_arpege_europe
2026-07-30,2026-07-30T08:00:00Z,2,4.3,3.8682,4.31,meteofrance_arpege_europe
2026-07-29,2026-07-30T09:00:00Z,27,3.9,3.8919,4.3,meteofrance_arpege_europe
2026-07-30,2026-07-30T09:00:00Z,3,3.9,3.8099,4.3,meteofrance_arpege_europe
2026-07-29,2026-07-30T10:00:00Z,28,5.1,3.5888,4.22,meteofrance_arpege_europe
2026-07-30,2026-07-30T10:00:00Z,4,5.1,3.6973,4.22,meteofrance_arpege_europe
2026-07-29,2026-07-30T11:00:00Z,29,2.7,4.0115,4.56,meteofrance_arpege_europe
2026-07-30,2026-07-30T11:00:00Z,5,2.7,4.1783,4.56,meteofrance_arpege_europe
2026-07-29,2026-07-30T12:00:00Z,30,6.5,3.8677,3.21,meteofrance_arpege_europe
2026-07-30,2026-07-30T12:00:00Z,6,6.5,3.946,3.21,meteofrance_arpege_europe
2026-07-29,2026-07-30T13:00:00Z,31,6.6,4.3825,4.1,meteofrance_arpege_europe
2026-07-30,2026-07-30T13:00:00Z,7,6.6,4.4534,4.1,meteofrance_arpege_europe
2026-07-29,2026-07-30T14:00:00Z,32,7.9,5.2216,5.15,meteofrance_arpege_europe
2026-07-30,2026-07-30T14:00:00Z,8,7.9,5.4126,5.15,meteofrance_arpege_europe
2026-07-29,2026-07-30T15:00:00Z,33,4.6,5.2864,5.62,meteofrance_arpege_europe
2026-07-30,2026-07-30T15:00:00Z,9,4.6,5.6006,5.62,meteofrance_arpege_europe
2026-07-29,2026-07-30T16:00:00Z,34,5.3,5.0564,5.59,meteofrance_arpege_europe
2026-07-30,2026-07-30T16:00:00Z,10,5.3,5.2505,5.59,meteofrance_arpege_europe
2026-07-29,2026-07-30T17:00:00Z,35,6.0,6.0137,8.23,meteofrance_arpege_europe
2026-07-30,2026-07-30T17:00:00Z,11,6.0,6.0753,8.23,meteofrance_arpege_europe
2026-07-29,2026-07-30T18:00:00Z,36,5.3,6.1413,6.8,meteofrance_arpege_europe
2026-07-30,2026-07-30T18:00:00Z,12,5.3,6.175,6.8,meteofrance_arpege_europe
2026-07-29,2026-07-30T19:00:00Z,37,4.2,6.1538,5.78,meteofrance_arpege_europe
2026-07-30,2026-07-30T19:00:00Z,13,4.2,6.2283,5.78,meteofrance_arpege_europe
2026-07-29,2026-07-30T20:00:00Z,38,5.4,6.7897,6.54,meteofrance_arpege_europe
2026-07-30,2026-07-30T20:00:00Z,14,5.4,6.7684,6.54,meteofrance_arpege_europe
2026-07-29,2026-07-30T21:00:00Z,39,5.7,6.8823,7.1,meteofrance_arpege_europe
2026-07-30,2026-07-30T21:00:00Z,15,5.7,6.8438,7.1,meteofrance_arpege_europe
2026-07-29,2026-07-30T22:00:00Z,40,5.2,7.0591,7.52,meteofrance_arpege_europe
2026-07-30,2026-07-30T22:00:00Z,16,5.2,7.168,7.52,meteofrance_arpege_europe
2026-07-29,2026-07-30T23:00:00Z,41,5.9,7.1806,6.96,meteofrance_arpege_europe
2026-07-30,2026-07-30T23:00:00Z,17,5.9,7.2371,6.96,meteofrance_arpege_europe
2026-07-29,2026-07-31T00:00:00Z,42,6.0,6.9582,7.05,meteofrance_arpege_europe
2026-07-30,2026-07-31T00:00:00Z,18,6.0,6.9296,7.05,meteofrance_arpege_europe
2026-07-29,2026-07-31T01:00:00Z,43,5.9,6.7075,7.37,meteofrance_arpege_europe
2026-07-30,2026-07-31T01:00:00Z,19,5.9,6.6142,7.37,meteofrance_arpege_europe
2026-07-29,2026-07-31T02:00:00Z,44,5.6,6.5329,7.49,meteofrance_arpege_europe
2026-07-30,2026-07-31T02:00:00Z,20,5.6,6.4268,7.49,meteofrance_arpege_europe
2026-07-29,2026-07-31T03:00:00Z,45,6.3,6.006,7.16,meteofrance_arpege_europe
2026-07-30,2026-07-31T03:00:00Z,21,6.3,5.9416,7.16,meteofrance_arpege_europe
2026-07-29,2026-07-31T04:00:00Z,46,6.7,5.5792,6.14,meteofrance_arpege_europe
2026-07-30,2026-07-31T04:00:00Z,22,6.7,5.5266,6.14,meteofrance_arpege_europe
2026-07-29,2026-07-31T05:00:00Z,47,5.4,5.1084,5.29,meteofrance_arpege_europe
2026-07-30,2026-07-31T05:00:00Z,23,5.4,4.9003,5.29,meteofrance_arpege_europe
2026-07-29,2026-07-31T06:00:00Z,48,3.8,4.8188,5.73,meteofrance_arpege_europe
2026-07-30,2026-07-31T06:00:00Z,24,3.8,4.7509,5.73,meteofrance_arpege_europe
2026-07-30,2026-07-31T07:00:00Z,25,3.3,4.6193,5.6,meteofrance_arpege_europe
2026-07-31,2026-07-31T07:00:00Z,1,3.3,4.1845,5.6,meteofrance_arpege_europe
2026-07-30,2026-07-31T08:00:00Z,26,3.1,4.5243,5.32,meteofrance_arpege_europe
2026-07-31,2026-07-31T08:00:00Z,2,3.1,4.1534,5.32,meteofrance_arpege_europe
2026-07-30,2026-07-31T09:00:00Z,27,3.2,4.3713,4.74,meteofrance_arpege_europe
2026-07-31,2026-07-31T09:00:00Z,3,3.2,4.0861,4.74,meteofrance_arpege_europe
2026-07-30,2026-07-31T10:00:00Z,28,3.7,3.8026,4.24,meteofrance_arpege_europe
2026-07-31,2026-07-31T10:00:00Z,4,3.7,3.5272,4.24,meteofrance_arpege_europe
2026-07-30,2026-07-31T11:00:00Z,29,3.3,3.6866,4.1,meteofrance_arpege_europe
2026-07-31,2026-07-31T11:00:00Z,5,3.3,3.4201,4.1,meteofrance_arpege_europe
2026-07-30,2026-07-31T12:00:00Z,30,3.5,3.9064,4.9,meteofrance_arpege_europe
2026-07-31,2026-07-31T12:00:00Z,6,3.5,3.7203,4.9,meteofrance_arpege_europe
2026-07-30,2026-07-31T13:00:00Z,31,3.9,4.2028,4.94,meteofrance_arpege_europe
2026-07-31,2026-07-31T13:00:00Z,7,3.9,4.0167,4.94,meteofrance_arpege_europe
2026-07-30,2026-07-31T14:00:00Z,32,3.4,4.2669,4.72,meteofrance_arpege_europe
2026-07-31,2026-07-31T14:00:00Z,8,3.4,4.065,4.72,meteofrance_arpege_europe
2026-07-30,2026-07-31T15:00:00Z,33,3.8,4.4225,4.62,meteofrance_arpege_europe
2026-07-31,2026-07-31T15:00:00Z,9,3.8,4.2426,4.62,meteofrance_arpege_europe
2026-07-30,2026-07-31T16:00:00Z,34,3.6,4.4036,4.5,meteofrance_arpege_europe
2026-07-31,2026-07-31T16:00:00Z,10,3.6,4.2287,4.5,meteofrance_arpege_europe
2026-07-30,2026-07-31T17:00:00Z,35,3.6,4.4625,4.53,meteofrance_arpege_europe
2026-07-31,2026-07-31T17:00:00Z,11,3.6,4.2588,4.53,meteofrance_arpege_europe
2026-07-30,2026-07-31T18:00:00Z,36,3.2,4.4718,4.73,meteofrance_arpege_europe
2026-07-31,2026-07-31T18:00:00Z,12,3.2,4.2682,4.73,meteofrance_arpege_europe
2026-07-30,2026-07-31T19:00:00Z,37,3.4,4.3262,4.59,meteofrance_arpege_europe
2026-07-31,2026-07-31T19:00:00Z,13,3.4,4.2255,4.59,meteofrance_arpege_europe
2026-07-30,2026-07-31T20:00:00Z,38,4.1,4.3618,4.73,meteofrance_arpege_europe
2026-07-31,2026-07-31T20:00:00Z,14,4.1,4.311,4.73,meteofrance_arpege_europe
2026-07-30,2026-07-31T21:00:00Z,39,4.1,4.2745,4.73,meteofrance_arpege_europe
2026-07-31,2026-07-31T21:00:00Z,15,4.1,4.1959,4.73,meteofrance_arpege_europe
2026-07-30,2026-07-31T22:00:00Z,40,4.0,4.3867,4.53,meteofrance_arpege_europe
2026-07-31,2026-07-31T22:00:00Z,16,4.0,4.3081,4.53,meteofrance_arpege_europe
2026-07-30,2026-07-31T23:00:00Z,41,3.5,4.1687,4.11,meteofrance_arpege_europe
2026-07-31,2026-07-31T23:00:00Z,17,3.5,4.1082,4.11,meteofrance_arpege_europe
2026-07-30,2026-08-01T00:00:00Z,42,4.1,4.2908,4.6,meteofrance_arpege_europe
2026-07-31,2026-08-01T00:00:00Z,18,4.1,4.2362,4.6,meteofrance_arpege_europe
2026-07-30,2026-08-01T01:00:00Z,43,4.6,4.4152,5.2,meteofrance_arpege_europe
2026-07-31,2026-08-01T01:00:00Z,19,4.6,4.3606,5.2,meteofrance_arpege_europe
2026-07-30,2026-08-01T02:00:00Z,44,4.3,4.4023,5.6,meteofrance_arpege_europe
2026-07-31,2026-08-01T02:00:00Z,20,4.3,4.2816,5.6,meteofrance_arpege_europe
2026-07-30,2026-08-01T03:00:00Z,45,4.3,4.1367,5.41,meteofrance_arpege_europe
2026-07-31,2026-08-01T03:00:00Z,21,4.3,4.0192,5.41,meteofrance_arpege_europe
2026-07-30,2026-08-01T04:00:00Z,46,4.0,3.9911,5.62,meteofrance_arpege_europe
2026-07-31,2026-08-01T04:00:00Z,22,4.0,3.8487,5.62,meteofrance_arpege_europe
2026-07-30,2026-08-01T05:00:00Z,47,3.5,3.9191,5.59,meteofrance_arpege_europe
2026-07-31,2026-08-01T05:00:00Z,23,3.5,3.7824,5.59,meteofrance_arpege_europe
2026-07-30,2026-08-01T06:00:00Z,48,3.5,3.4786,4.81,meteofrance_arpege_europe
2026-07-31,2026-08-01T06:00:00Z,24,3.5,3.3629,4.81,meteofrance_arpege_europe
2026-07-31,2026-08-01T07:00:00Z,25,2.3,3.1357,3.98,meteofrance_arpege_europe
2026-08-01,2026-08-01T07:00:00Z,1,2.3,3.2088,3.98,meteofrance_arpege_europe
2026-07-31,2026-08-01T08:00:00Z,26,2.2,2.9233,3.68,meteofrance_arpege_europe
2026-08-01,2026-08-01T08:00:00Z,2,2.2,2.9907,3.68,meteofrance_arpege_europe
2026-07-31,2026-08-01T09:00:00Z,27,2.2,2.4379,3.13,meteofrance_arpege_europe
2026-08-01,2026-08-01T09:00:00Z,3,2.2,2.559,3.13,meteofrance_arpege_europe
2026-07-31,2026-08-01T10:00:00Z,28,1.9,2.732,3.05,meteofrance_arpege_europe
2026-08-01,2026-08-01T10:00:00Z,4,1.9,2.8688,3.05,meteofrance_arpege_europe
2026-07-31,2026-08-01T11:00:00Z,29,1.2,2.6389,2.82,meteofrance_arpege_europe
2026-08-01,2026-08-01T11:00:00Z,5,1.2,2.8222,2.82,meteofrance_arpege_europe
2026-07-31,2026-08-01T12:00:00Z,30,2.1,2.5688,2.67,meteofrance_arpege_europe
2026-08-01,2026-08-01T12:00:00Z,6,2.1,2.6702,2.67,meteofrance_arpege_europe
2026-07-31,2026-08-01T13:00:00Z,31,2.8,2.9541,3.24,meteofrance_arpege_europe
2026-08-01,2026-08-01T13:00:00Z,7,2.8,3.0852,3.24,meteofrance_arpege_europe
2026-07-31,2026-08-01T14:00:00Z,32,2.9,3.509,4.3,meteofrance_arpege_europe
2026-08-01,2026-08-01T14:00:00Z,8,2.9,3.6401,4.3,meteofrance_arpege_europe
2026-07-31,2026-08-01T15:00:00Z,33,3.0,3.5716,4.24,meteofrance_arpege_europe
2026-08-01,2026-08-01T15:00:00Z,9,3.0,3.6877,4.24,meteofrance_arpege_europe
2026-07-31,2026-08-01T16:00:00Z,34,2.9,4.1363,4.55,meteofrance_arpege_europe
2026-08-01,2026-08-01T16:00:00Z,10,2.9,4.188,4.55,meteofrance_arpege_europe
2026-07-31,2026-08-01T17:00:00Z,35,2.9,4.2753,4.59,meteofrance_arpege_europe
2026-08-01,2026-08-01T17:00:00Z,11,2.9,4.327,4.59,meteofrance_arpege_europe
2026-07-31,2026-08-01T18:00:00Z,36,2.8,4.5996,4.97,meteofrance_arpege_europe
2026-08-01,2026-08-01T18:00:00Z,12,2.8,4.6982,4.97,meteofrance_arpege_europe
2026-07-31,2026-08-01T19:00:00Z,37,3.2,4.8405,5.2,meteofrance_arpege_europe
2026-08-01,2026-08-01T19:00:00Z,13,3.2,4.919,5.2,meteofrance_arpege_europe
2026-07-31,2026-08-01T20:00:00Z,38,3.7,4.9069,5.22,meteofrance_arpege_europe
2026-08-01,2026-08-01T20:00:00Z,14,3.7,4.9882,5.22,meteofrance_arpege_europe
2026-07-31,2026-08-01T21:00:00Z,39,4.0,4.5412,5.13,meteofrance_arpege_europe
2026-08-01,2026-08-01T21:00:00Z,15,4.0,4.6333,5.13,meteofrance_arpege_europe
2026-07-31,2026-08-01T22:00:00Z,40,5.1,4.4883,5.39,meteofrance_arpege_europe
2026-08-01,2026-08-01T22:00:00Z,16,5.1,4.5656,5.39,meteofrance_arpege_europe
2026-07-31,2026-08-01T23:00:00Z,41,6.0,4.7548,5.71,meteofrance_arpege_europe
2026-08-01,2026-08-01T23:00:00Z,17,6.0,4.935,5.71,meteofrance_arpege_europe
2026-07-31,2026-08-02T00:00:00Z,42,5.8,5.1371,6.51,meteofrance_arpege_europe
2026-08-01,2026-08-02T00:00:00Z,18,5.8,5.404,6.51,meteofrance_arpege_europe
2026-07-31,2026-08-02T01:00:00Z,43,5.7,5.6568,7.22,meteofrance_arpege_europe
2026-08-01,2026-08-02T01:00:00Z,19,5.7,5.9571,7.22,meteofrance_arpege_europe
2026-07-31,2026-08-02T02:00:00Z,44,5.4,5.7189,7.32,meteofrance_arpege_europe
2026-08-01,2026-08-02T02:00:00Z,20,5.4,5.9519,7.32,meteofrance_arpege_europe
2026-07-31,2026-08-02T03:00:00Z,45,6.3,5.8534,7.05,meteofrance_arpege_europe
2026-08-01,2026-08-02T03:00:00Z,21,6.3,6.0865,7.05,meteofrance_arpege_europe
2026-07-31,2026-08-02T04:00:00Z,46,6.0,5.5881,6.66,meteofrance_arpege_europe
2026-08-01,2026-08-02T04:00:00Z,22,6.0,5.838,6.66,meteofrance_arpege_europe
2026-07-31,2026-08-02T05:00:00Z,47,5.3,5.4311,5.82,meteofrance_arpege_europe
2026-08-01,2026-08-02T05:00:00Z,23,5.3,5.6638,5.82,meteofrance_arpege_europe
2026-07-31,2026-08-02T06:00:00Z,48,4.5,5.5837,5.89,meteofrance_arpege_europe
2026-08-01,2026-08-02T06:00:00Z,24,4.5,5.8185,5.89,meteofrance_arpege_europe
2026-08-01,2026-08-02T07:00:00Z,25,3.8,5.4881,6.18,meteofrance_arpege_europe
2026-08-02,2026-08-02T07:00:00Z,1,3.8,5.3182,6.18,meteofrance_arpege_europe
2026-08-01,2026-08-02T08:00:00Z,26,4.3,4.856,5.24,meteofrance_arpege_europe
2026-08-02,2026-08-02T08:00:00Z,2,4.3,4.6043,5.24,meteofrance_arpege_europe
2026-08-01,2026-08-02T09:00:00Z,27,3.6,3.9931,5.1,meteofrance_arpege_europe
2026-08-02,2026-08-02T09:00:00Z,3,3.6,3.94,5.1,meteofrance_arpege_europe
2026-08-01,2026-08-02T10:00:00Z,28,4.5,4.056,5.73,meteofrance_arpege_europe
2026-08-02,2026-08-02T10:00:00Z,4,4.5,4.0352,5.73,meteofrance_arpege_europe
2026-08-01,2026-08-02T11:00:00Z,29,4.2,5.0619,6.88,meteofrance_arpege_europe
2026-08-02,2026-08-02T11:00:00Z,5,4.2,5.0901,6.88,meteofrance_arpege_europe
2026-08-01,2026-08-02T12:00:00Z,30,5.5,4.5065,6.19,meteofrance_arpege_europe
2026-08-02,2026-08-02T12:00:00Z,6,5.5,4.5744,6.19,meteofrance_arpege_europe
2026-08-01,2026-08-02T13:00:00Z,31,6.0,4.721,6.38,meteofrance_arpege_europe
2026-08-02,2026-08-02T13:00:00Z,7,6.0,4.7889,6.38,meteofrance_arpege_europe
2026-08-01,2026-08-02T14:00:00Z,32,6.0,5.051,5.85,meteofrance_arpege_europe
2026-08-02,2026-08-02T14:00:00Z,8,6.0,5.1189,5.85,meteofrance_arpege_europe
2026-08-01,2026-08-02T15:00:00Z,33,5.2,5.1868,5.61,meteofrance_arpege_europe
2026-08-02,2026-08-02T15:00:00Z,9,5.2,5.2547,5.61,meteofrance_arpege_europe
2026-08-01,2026-08-02T16:00:00Z,34,6.3,5.2838,5.58,meteofrance_arpege_europe
2026-08-02,2026-08-02T16:00:00Z,10,6.3,5.3517,5.58,meteofrance_arpege_europe
2026-08-01,2026-08-02T17:00:00Z,35,6.0,5.4378,6.09,meteofrance_arpege_europe
2026-08-02,2026-08-02T17:00:00Z,11,6.0,5.5057,6.09,meteofrance_arpege_europe
2026-08-01,2026-08-02T18:00:00Z,36,6.1,5.2069,5.42,meteofrance_arpege_europe
2026-08-02,2026-08-02T18:00:00Z,12,6.1,5.2748,5.42,meteofrance_arpege_europe
2026-08-01,2026-08-02T19:00:00Z,37,5.9,4.9826,4.92,meteofrance_arpege_europe
2026-08-02,2026-08-02T19:00:00Z,13,5.9,5.0505,4.92,meteofrance_arpege_europe
2026-08-01,2026-08-02T20:00:00Z,38,5.0,4.5433,4.11,meteofrance_arpege_europe
2026-08-02,2026-08-02T20:00:00Z,14,5.0,4.6112,4.11,meteofrance_arpege_europe
2026-08-01,2026-08-02T21:00:00Z,39,5.0,4.5083,3.72,meteofrance_arpege_europe
2026-08-02,2026-08-02T21:00:00Z,15,5.0,4.5762,3.72,meteofrance_arpege_europe
2026-08-01,2026-08-02T22:00:00Z,40,4.0,3.8303,2.83,meteofrance_arpege_europe
2026-08-02,2026-08-02T22:00:00Z,16,4.0,3.8982,2.83,meteofrance_arpege_europe
2026-08-01,2026-08-02T23:00:00Z,41,2.7,3.409,2.61,meteofrance_arpege_europe
2026-08-02,2026-08-02T23:00:00Z,17,2.7,3.4898,2.61,meteofrance_arpege_europe
2026-08-01,2026-08-03T00:00:00Z,42,2.8,3.0793,2.64,meteofrance_arpege_europe
2026-08-02,2026-08-03T00:00:00Z,18,2.8,3.0461,2.64,meteofrance_arpege_europe
2026-08-01,2026-08-03T01:00:00Z,43,1.9,2.7268,1.68,meteofrance_arpege_europe
2026-08-02,2026-08-03T01:00:00Z,19,1.9,2.6936,1.68,meteofrance_arpege_europe
2026-08-01,2026-08-03T02:00:00Z,44,1.7,1.7958,1.17,meteofrance_arpege_europe
2026-08-02,2026-08-03T02:00:00Z,20,1.7,1.8142,1.17,meteofrance_arpege_europe
2026-08-01,2026-08-03T03:00:00Z,45,1.8,1.6202,1.3,meteofrance_arpege_europe
2026-08-02,2026-08-03T03:00:00Z,21,1.8,1.648,1.3,meteofrance_arpege_europe
2026-08-01,2026-08-03T04:00:00Z,46,2.5,1.2964,0.94,meteofrance_arpege_europe
2026-08-02,2026-08-03T04:00:00Z,22,2.5,1.3242,0.94,meteofrance_arpege_europe
2026-08-01,2026-08-03T05:00:00Z,47,4.2,1.5044,1.3,meteofrance_arpege_europe
2026-08-02,2026-08-03T05:00:00Z,23,4.2,1.5412,1.3,meteofrance_arpege_europe
2026-08-01,2026-08-03T06:00:00Z,48,4.9,2.3882,1.53,meteofrance_arpege_europe
2026-08-02,2026-08-03T06:00:00Z,24,4.9,2.4151,1.53,meteofrance_arpege_europe
2026-08-02,2026-08-03T07:00:00Z,25,4.2,2.1954,1.13,meteofrance_arpege_europe
2026-08-03,2026-08-03T07:00:00Z,1,4.2,2.4268,1.13,meteofrance_arpege_europe
2026-08-02,2026-08-03T08:00:00Z,26,4.2,2.0434,0.67,meteofrance_arpege_europe
2026-08-03,2026-08-03T08:00:00Z,2,4.2,2.3226,0.67,meteofrance_arpege_europe
2026-08-02,2026-08-03T09:00:00Z,27,4.8,2.145,1.0,meteofrance_arpege_europe
2026-08-03,2026-08-03T09:00:00Z,3,4.8,2.3287,1.0,meteofrance_arpege_europe
2026-08-02,2026-08-03T10:00:00Z,28,2.5,2.2883,2.25,meteofrance_arpege_europe
2026-08-03,2026-08-03T10:00:00Z,4,2.5,2.1517,2.25,meteofrance_arpege_europe
2026-08-02,2026-08-03T11:00:00Z,29,3.9,3.3715,3.33,meteofrance_arpege_europe
2026-08-03,2026-08-03T11:00:00Z,5,3.9,3.3042,3.33,meteofrance_arpege_europe
2026-08-02,2026-08-03T12:00:00Z,30,3.9,4.1677,4.08,meteofrance_arpege_europe
2026-08-03,2026-08-03T12:00:00Z,6,3.9,4.1473,4.08,meteofrance_arpege_europe
2026-08-02,2026-08-03T13:00:00Z,31,4.1,3.8417,3.14,meteofrance_arpege_europe
2026-08-03,2026-08-03T13:00:00Z,7,4.1,3.7798,3.14,meteofrance_arpege_europe
2026-08-02,2026-08-03T14:00:00Z,32,4.5,3.9129,3.19,meteofrance_arpege_europe
2026-08-03,2026-08-03T14:00:00Z,8,4.5,3.7827,3.19,meteofrance_arpege_europe
2026-08-02,2026-08-03T15:00:00Z,33,4.2,3.6385,3.26,meteofrance_arpege_europe
2026-08-03,2026-08-03T15:00:00Z,9,4.2,3.5573,3.26,meteofrance_arpege_europe
2026-08-02,2026-08-03T16:00:00Z,34,4.3,4.5144,4.75,meteofrance_arpege_europe
2026-08-03,2026-08-03T16:00:00Z,10,4.3,4.497,4.75,meteofrance_arpege_europe
2026-08-02,2026-08-03T17:00:00Z,35,6.5,4.7045,4.79,meteofrance_arpege_europe
2026-08-03,2026-08-03T17:00:00Z,11,6.5,4.792,4.79,meteofrance_arpege_europe
2026-08-02,2026-08-03T18:00:00Z,36,6.7,5.3834,5.53,meteofrance_arpege_europe
2026-08-03,2026-08-03T18:00:00Z,12,6.7,5.2978,5.53,meteofrance_arpege_europe
2026-08-02,2026-08-03T19:00:00Z,37,6.8,5.5296,5.85,meteofrance_arpege_europe
2026-08-03,2026-08-03T19:00:00Z,13,6.8,5.3984,5.85,meteofrance_arpege_europe
2026-08-02,2026-08-03T20:00:00Z,38,7.0,5.518,5.76,meteofrance_arpege_europe
2026-08-03,2026-08-03T20:00:00Z,14,7.0,5.3911,5.76,meteofrance_arpege_europe
2026-08-02,2026-08-03T21:00:00Z,39,7.4,5.7278,6.16,meteofrance_arpege_europe
2026-08-03,2026-08-03T21:00:00Z,15,7.4,5.5286,6.16,meteofrance_arpege_europe
2026-08-02,2026-08-03T22:00:00Z,40,7.7,6.2595,7.02,meteofrance_arpege_europe
2026-08-03,2026-08-03T22:00:00Z,16,7.7,6.2356,7.02,meteofrance_arpege_europe
2026-08-02,2026-08-03T23:00:00Z,41,7.8,6.6594,7.5,meteofrance_arpege_europe
2026-08-03,2026-08-03T23:00:00Z,17,7.8,6.7877,7.5,meteofrance_arpege_europe
2026-08-02,2026-08-04T00:00:00Z,42,7.8,6.8372,7.47,meteofrance_arpege_europe
2026-08-03,2026-08-04T00:00:00Z,18,7.8,6.7207,7.47,meteofrance_arpege_europe
2026-08-02,2026-08-04T01:00:00Z,43,8.1,6.7487,7.3,meteofrance_arpege_europe
2026-08-03,2026-08-04T01:00:00Z,19,8.1,6.8887,7.3,meteofrance_arpege_europe
2026-08-02,2026-08-04T02:00:00Z,44,5.2,6.6266,7.33,meteofrance_arpege_europe
2026-08-03,2026-08-04T02:00:00Z,20,5.2,6.4509,7.33,meteofrance_arpege_europe
2026-08-02,2026-08-04T03:00:00Z,45,4.9,6.1425,6.31,meteofrance_arpege_europe
2026-08-03,2026-08-04T03:00:00Z,21,4.9,5.9473,6.31,meteofrance_arpege_europe
2026-08-02,2026-08-04T04:00:00Z,46,5.7,5.8275,6.24,meteofrance_arpege_europe
2026-08-03,2026-08-04T04:00:00Z,22,5.7,5.5524,6.24,meteofrance_arpege_europe
2026-08-02,2026-08-04T05:00:00Z,47,5.4,5.8965,6.45,meteofrance_arpege_europe
2026-08-03,2026-08-04T05:00:00Z,23,5.4,5.5739,6.45,meteofrance_arpege_europe
2026-08-02,2026-08-04T06:00:00Z,48,5.9,5.6648,6.16,meteofrance_arpege_europe
2026-08-03,2026-08-04T06:00:00Z,24,5.9,5.3622,6.16,meteofrance_arpege_europe
2026-08-03,2026-08-04T07:00:00Z,25,6.6,6.0517,7.0,meteofrance_arpege_europe
2026-08-04,2026-08-04T07:00:00Z,1,6.6,6.3767,7.0,meteofrance_arpege_europe
2026-08-03,2026-08-04T08:00:00Z,26,5.8,6.2611,7.29,meteofrance_arpege_europe
2026-08-04,2026-08-04T08:00:00Z,2,5.8,6.4934,7.29,meteofrance_arpege_europe
2026-08-03,2026-08-04T09:00:00Z,27,8.0,6.695,7.02,meteofrance_arpege_europe
2026-08-04,2026-08-04T09:00:00Z,3,8.0,7.0562,7.02,meteofrance_arpege_europe
2026-08-03,2026-08-04T10:00:00Z,28,7.0,7.4906,8.07,meteofrance_arpege_europe
2026-08-04,2026-08-04T10:00:00Z,4,7.0,7.6641,8.07,meteofrance_arpege_europe
2026-08-03,2026-08-04T11:00:00Z,29,8.3,7.7695,8.02,meteofrance_arpege_europe
2026-08-04,2026-08-04T11:00:00Z,5,8.3,7.9097,8.02,meteofrance_arpege_europe
2026-08-03,2026-08-04T12:00:00Z,30,7.5,7.7412,8.04,meteofrance_arpege_europe
2026-08-04,2026-08-04T12:00:00Z,6,7.5,7.941,8.04,meteofrance_arpege_europe
2026-08-03,2026-08-04T13:00:00Z,31,9.4,7.4878,7.86,meteofrance_arpege_europe
2026-08-04,2026-08-04T13:00:00Z,7,9.4,7.777,7.86,meteofrance_arpege_europe
2026-08-03,2026-08-04T14:00:00Z,32,7.0,7.6257,8.0,meteofrance_arpege_europe
2026-08-04,2026-08-04T14:00:00Z,8,7.0,7.9486,8.0,meteofrance_arpege_europe
2026-08-03,2026-08-04T15:00:00Z,33,7.3,7.3518,7.42,meteofrance_arpege_europe
2026-08-04,2026-08-04T15:00:00Z,9,7.3,7.6533,7.42,meteofrance_arpege_europe
2026-08-03,2026-08-04T16:00:00Z,34,7.7,7.2381,8.15,meteofrance_arpege_europe
2026-08-04,2026-08-04T16:00:00Z,10,7.7,7.5012,8.15,meteofrance_arpege_europe
2026-08-03,2026-08-04T17:00:00Z,35,9.3,6.9826,8.14,meteofrance_arpege_europe
2026-08-04,2026-08-04T17:00:00Z,11,9.3,7.1611,8.14,meteofrance_arpege_europe
2026-08-03,2026-08-04T18:00:00Z,36,8.1,6.5985,7.61,meteofrance_arpege_europe
2026-08-04,2026-08-04T18:00:00Z,12,8.1,6.7306,7.61,meteofrance_arpege_europe
2026-08-03,2026-08-04T19:00:00Z,37,6.1,6.6967,7.8,meteofrance_arpege_europe
2026-08-04,2026-08-04T19:00:00Z,13,6.1,6.8386,7.8,meteofrance_arpege_europe
2026-08-03,2026-08-04T20:00:00Z,38,7.5,6.5576,7.68,meteofrance_arpege_europe
2026-08-04,2026-08-04T20:00:00Z,14,7.5,6.6627,7.68,meteofrance_arpege_europe
2026-08-03,2026-08-04T21:00:00Z,39,7.0,6.7199,7.85,meteofrance_arpege_europe
2026-08-04,2026-08-04T21:00:00Z,15,7.0,6.825,7.85,meteofrance_arpege_europe
2026-08-03,2026-08-04T22:00:00Z,40,7.8,6.681,7.94,meteofrance_arpege_europe
2026-08-04,2026-08-04T22:00:00Z,16,7.8,6.7861,7.94,meteofrance_arpege_europe
2026-08-03,2026-08-04T23:00:00Z,41,7.5,6.4656,7.45,meteofrance_arpege_europe
2026-08-04,2026-08-04T23:00:00Z,17,7.5,6.4538,7.45,meteofrance_arpege_europe
2026-08-04,2026-08-05T00:00:00Z,18,7.6,6.799,8.03,meteofrance_arpege_europe
2026-08-04,2026-08-05T01:00:00Z,19,7.2,6.0824,7.02,meteofrance_arpege_europe
2026-08-04,2026-08-05T02:00:00Z,20,6.8,5.8936,5.65,meteofrance_arpege_europe
2026-08-04,2026-08-05T03:00:00Z,21,6.1,6.67,6.48,meteofrance_arpege_europe
2026-08-04,2026-08-05T04:00:00Z,22,6.0,6.2766,6.74,meteofrance_arpege_europe
2026-08-04,2026-08-05T05:00:00Z,23,6.7,5.701,5.15,meteofrance_arpege_europe
2026-08-04,2026-08-05T06:00:00Z,24,5.9,5.915,5.74,meteofrance_arpege_europe
2026-08-04,2026-08-05T07:00:00Z,25,6.5,5.5993,5.91,meteofrance_arpege_europe
2026-08-05,2026-08-05T07:00:00Z,1,6.5,5.7087,6.31,meteofrance_arpege_europe
2026-08-04,2026-08-05T08:00:00Z,26,6.5,6.4329,7.38,meteofrance_arpege_europe
2026-08-05,2026-08-05T08:00:00Z,2,7.6,5.9535,6.6,meteofrance_arpege_europe
2026-08-04,2026-08-05T09:00:00Z,27,7.6,5.217,4.47,meteofrance_arpege_europe
2026-08-05,2026-08-05T09:00:00Z,3,4.7,5.1327,4.61,meteofrance_arpege_europe
2026-08-04,2026-08-05T10:00:00Z,28,6.2,5.006,4.78,meteofrance_arpege_europe
2026-08-05,2026-08-05T10:00:00Z,4,6.2,4.9337,4.15,meteofrance_arpege_europe
2026-08-04,2026-08-05T11:00:00Z,29,6.2,5.3818,5.58,meteofrance_arpege_europe
2026-08-05,2026-08-05T11:00:00Z,5,6.8,5.0896,3.75,meteofrance_arpege_europe
2026-08-04,2026-08-05T12:00:00Z,30,6.8,5.5111,4.85,meteofrance_arpege_europe
2026-08-05,2026-08-05T12:00:00Z,6,6.9,5.2757,4.11,meteofrance_arpege_europe
2026-08-04,2026-08-05T13:00:00Z,31,6.2,5.5169,4.83,meteofrance_arpege_europe
2026-08-05,2026-08-05T13:00:00Z,7,6.2,5.9477,5.14,meteofrance_arpege_europe
2026-08-04,2026-08-05T14:00:00Z,32,5.9,5.5302,4.74,meteofrance_arpege_europe
2026-08-05,2026-08-05T14:00:00Z,8,5.9,6.5032,6.41,meteofrance_arpege_europe
2026-08-04,2026-08-05T15:00:00Z,33,6.1,5.832,5.26,meteofrance_arpege_europe
2026-08-05,2026-08-05T15:00:00Z,9,6.1,6.6186,6.8,meteofrance_arpege_europe
2026-08-04,2026-08-05T16:00:00Z,34,6.4,5.9485,5.67,meteofrance_arpege_europe
2026-08-05,2026-08-05T16:00:00Z,10,6.4,6.1382,6.36,meteofrance_arpege_europe
2026-08-04,2026-08-05T17:00:00Z,35,5.2,6.0518,6.11,meteofrance_arpege_europe
2026-08-05,2026-08-05T17:00:00Z,11,5.2,5.8005,5.94,meteofrance_arpege_europe
2026-08-04,2026-08-05T18:00:00Z,36,5.7,5.9656,5.6,meteofrance_arpege_europe
2026-08-05,2026-08-05T18:00:00Z,12,5.7,5.7124,5.6,meteofrance_arpege_europe
2026-08-04,2026-08-05T19:00:00Z,37,5.7,5.9113,5.72,meteofrance_arpege_europe
2026-08-05,2026-08-05T19:00:00Z,13,5.7,5.4137,5.37,meteofrance_arpege_europe
2026-08-04,2026-08-05T20:00:00Z,38,5.1,5.9519,6.01,meteofrance_arpege_europe
2026-08-05,2026-08-05T20:00:00Z,14,5.1,5.1642,4.03,meteofrance_arpege_europe
2026-08-04,2026-08-05T21:00:00Z,39,5.2,5.8139,5.31,meteofrance_arpege_europe
2026-08-05,2026-08-05T21:00:00Z,15,5.2,5.325,5.1,meteofrance_arpege_europe
2026-08-04,2026-08-05T22:00:00Z,40,6.6,6.0147,5.95,meteofrance_arpege_europe
2026-08-05,2026-08-05T22:00:00Z,16,6.6,5.38,5.09,meteofrance_arpege_europe
2026-08-04,2026-08-05T23:00:00Z,41,5.3,5.8276,5.73,meteofrance_arpege_europe
2026-08-05,2026-08-05T23:00:00Z,17,5.3,5.2974,5.03,meteofrance_arpege_europe
2026-08-04,2026-08-06T00:00:00Z,42,5.3,5.5826,5.72,meteofrance_arpege_europe
2026-08-05,2026-08-06T00:00:00Z,18,5.3,5.3996,4.89,meteofrance_arpege_europe
2026-08-04,2026-08-06T01:00:00Z,43,5.3,5.1416,4.9,meteofrance_arpege_europe
2026-08-05,2026-08-06T01:00:00Z,19,5.3,4.8427,4.67,meteofrance_arpege_europe
2026-08-04,2026-08-06T02:00:00Z,44,4.3,5.067,4.81,meteofrance_arpege_europe
2026-08-05,2026-08-06T02:00:00Z,20,4.3,4.8002,4.83,meteofrance_arpege_europe
2026-08-04,2026-08-06T03:00:00Z,45,3.6,4.8785,4.53,meteofrance_arpege_europe
2026-08-05,2026-08-06T03:00:00Z,21,3.6,4.6969,5.97,meteofrance_arpege_europe
2026-08-04,2026-08-06T04:00:00Z,46,3.4,4.7277,4.38,meteofrance_arpege_europe
2026-08-05,2026-08-06T04:00:00Z,22,3.4,4.6396,5.59,meteofrance_arpege_europe
2026-08-04,2026-08-06T05:00:00Z,47,3.4,4.6123,4.6,meteofrance_arpege_europe
2026-08-05,2026-08-06T05:00:00Z,23,3.4,4.3704,4.79,meteofrance_arpege_europe
2026-08-04,2026-08-06T06:00:00Z,48,3.2,4.1712,4.28,meteofrance_arpege_europe
2026-08-05,2026-08-06T06:00:00Z,24,3.2,3.8369,4.39,meteofrance_arpege_europe
2026-08-05,2026-08-06T07:00:00Z,25,2.5,3.2544,3.76,meteofrance_arpege_europe
2026-08-06,2026-08-06T07:00:00Z,1,2.5,3.4301,3.22,meteofrance_arpege_europe
2026-08-05,2026-08-06T08:00:00Z,26,2.5,2.7258,3.16,meteofrance_arpege_europe
2026-08-06,2026-08-06T08:00:00Z,2,2.5,3.5696,3.58,meteofrance_arpege_europe
2026-08-05,2026-08-06T09:00:00Z,27,2.9,2.6584,2.69,meteofrance_arpege_europe
2026-08-06,2026-08-06T09:00:00Z,3,2.9,3.4615,3.67,meteofrance_arpege_europe
2026-08-05,2026-08-06T10:00:00Z,28,2.9,2.7625,2.34,meteofrance_arpege_europe
2026-08-06,2026-08-06T10:00:00Z,4,2.9,2.9847,3.23,meteofrance_arpege_europe
2026-08-05,2026-08-06T11:00:00Z,29,2.9,2.7405,2.28,meteofrance_arpege_europe
2026-08-06,2026-08-06T11:00:00Z,5,3.2,3.0168,2.81,meteofrance_arpege_europe
2026-08-05,2026-08-06T12:00:00Z,30,3.2,2.8832,2.61,meteofrance_arpege_europe
2026-08-06,2026-08-06T12:00:00Z,6,3.2,2.8874,2.75,meteofrance_arpege_europe
2026-08-05,2026-08-06T13:00:00Z,31,2.7,3.203,2.9,meteofrance_arpege_europe
2026-08-06,2026-08-06T13:00:00Z,7,2.7,3.2811,3.04,meteofrance_arpege_europe
2026-08-05,2026-08-06T14:00:00Z,32,3.2,3.3223,2.92,meteofrance_arpege_europe
2026-08-06,2026-08-06T14:00:00Z,8,3.2,3.2993,3.32,meteofrance_arpege_europe
2026-08-05,2026-08-06T15:00:00Z,33,3.5,3.3944,2.95,meteofrance_arpege_europe
2026-08-06,2026-08-06T15:00:00Z,9,3.5,3.6295,3.77,meteofrance_arpege_europe
2026-08-05,2026-08-06T16:00:00Z,34,2.9,3.5927,3.61,meteofrance_arpege_europe
2026-08-06,2026-08-06T16:00:00Z,10,2.9,3.6116,4.02,meteofrance_arpege_europe
2026-08-05,2026-08-06T17:00:00Z,35,2.9,3.6172,4.16,meteofrance_arpege_europe
2026-08-06,2026-08-06T17:00:00Z,11,2.9,3.6322,4.1,meteofrance_arpege_europe
2026-08-05,2026-08-06T18:00:00Z,36,4.0,3.7978,4.13,meteofrance_arpege_europe
2026-08-06,2026-08-06T18:00:00Z,12,4.0,3.4999,4.1,meteofrance_arpege_europe
2026-08-05,2026-08-06T19:00:00Z,37,3.2,3.8012,3.91,meteofrance_arpege_europe
2026-08-06,2026-08-06T19:00:00Z,13,3.2,3.4311,4.6,meteofrance_arpege_europe
2026-08-05,2026-08-06T20:00:00Z,38,4.7,4.0334,3.81,meteofrance_arpege_europe
2026-08-06,2026-08-06T20:00:00Z,14,4.7,3.4308,4.83,meteofrance_arpege_europe
2026-08-05,2026-08-06T21:00:00Z,39,4.1,4.0942,4.33,meteofrance_arpege_europe
2026-08-06,2026-08-06T21:00:00Z,15,4.1,3.2742,4.46,meteofrance_arpege_europe
2026-08-05,2026-08-06T22:00:00Z,40,4.0,4.0963,4.16,meteofrance_arpege_europe
2026-08-06,2026-08-06T22:00:00Z,16,4.0,3.3655,4.47,meteofrance_arpege_europe
2026-08-05,2026-08-06T23:00:00Z,41,3.8,4.1463,4.52,meteofrance_arpege_europe
2026-08-06,2026-08-06T23:00:00Z,17,3.8,4.3893,5.61,meteofrance_arpege_europe
2026-08-05,2026-08-07T00:00:00Z,42,3.8,3.9071,3.67,meteofrance_arpege_europe
2026-08-06,2026-08-07T00:00:00Z,18,3.8,3.7864,4.65,meteofrance_arpege_europe
2026-08-05,2026-08-07T01:00:00Z,43,3.4,3.646,3.62,meteofrance_arpege_europe
2026-08-06,2026-08-07T01:00:00Z,19,3.4,3.96,4.85,meteofrance_arpege_europe
2026-08-05,2026-08-07T02:00:00Z,44,3.7,3.8356,3.85,meteofrance_arpege_europe
2026-08-06,2026-08-07T02:00:00Z,20,3.7,3.8381,5.13,meteofrance_arpege_europe
2026-08-05,2026-08-07T03:00:00Z,45,3.9,3.6255,3.72,meteofrance_arpege_europe
2026-08-06,2026-08-07T03:00:00Z,21,3.9,4.0056,5.1,meteofrance_arpege_europe
2026-08-05,2026-08-07T04:00:00Z,46,4.9,3.8333,3.83,meteofrance_arpege_europe
2026-08-06,2026-08-07T04:00:00Z,22,4.9,4.4725,5.59,meteofrance_arpege_europe
2026-08-05,2026-08-07T05:00:00Z,47,5.1,3.9329,3.83,meteofrance_arpege_europe
2026-08-06,2026-08-07T05:00:00Z,23,5.1,3.92,4.92,meteofrance_arpege_europe
2026-08-05,2026-08-07T06:00:00Z,48,4.5,3.8628,3.58,meteofrance_arpege_europe
2026-08-06,2026-08-07T06:00:00Z,24,4.5,3.8466,4.48,meteofrance_arpege_europe
2026-08-06,2026-08-07T07:00:00Z,25,3.1,3.5979,4.34,meteofrance_arpege_europe
2026-08-07,2026-08-07T07:00:00Z,1,3.1,3.6763,3.5,meteofrance_arpege_europe
2026-08-06,2026-08-07T08:00:00Z,26,3.8,3.4474,4.02,meteofrance_arpege_europe
2026-08-07,2026-08-07T08:00:00Z,2,3.8,3.5203,3.3,meteofrance_arpege_europe
2026-08-06,2026-08-07T09:00:00Z,27,3.8,3.5794,4.11,meteofrance_arpege_europe
2026-08-07,2026-08-07T09:00:00Z,3,3.3,3.628,3.3,meteofrance_arpege_europe
2026-08-06,2026-08-07T10:00:00Z,28,3.3,3.9331,4.22,meteofrance_arpege_europe
2026-08-07,2026-08-07T10:00:00Z,4,3.7,3.8069,3.4,meteofrance_arpege_europe
2026-08-06,2026-08-07T11:00:00Z,29,3.7,4.6086,5.33,meteofrance_arpege_europe
2026-08-07,2026-08-07T11:00:00Z,5,4.4,4.7255,3.4,meteofrance_arpege_europe
2026-08-06,2026-08-07T12:00:00Z,30,5.2,5.3567,5.8,meteofrance_arpege_europe
2026-08-07,2026-08-07T12:00:00Z,6,5.2,5.2244,4.14,meteofrance_arpege_europe
2026-08-06,2026-08-07T13:00:00Z,31,5.9,5.3478,5.33,meteofrance_arpege_europe
2026-08-07,2026-08-07T13:00:00Z,7,5.9,5.394,4.08,meteofrance_arpege_europe
2026-08-06,2026-08-07T14:00:00Z,32,6.5,5.3109,5.04,meteofrance_arpege_europe
2026-08-07,2026-08-07T14:00:00Z,8,6.5,5.2723,4.27,meteofrance_arpege_europe
2026-08-06,2026-08-07T15:00:00Z,33,5.8,5.397,5.28,meteofrance_arpege_europe
2026-08-07,2026-08-07T15:00:00Z,9,5.8,5.2524,4.44,meteofrance_arpege_europe
2026-08-06,2026-08-07T16:00:00Z,34,6.0,6.1681,6.34,meteofrance_arpege_europe
2026-08-07,2026-08-07T16:00:00Z,10,6.0,5.6894,5.06,meteofrance_arpege_europe
2026-08-06,2026-08-07T17:00:00Z,35,6.1,6.5025,6.59,meteofrance_arpege_europe
2026-08-07,2026-08-07T17:00:00Z,11,6.1,6.3444,6.52,meteofrance_arpege_europe
2026-08-06,2026-08-07T18:00:00Z,36,5.5,6.7961,7.5,meteofrance_arpege_europe
2026-08-07,2026-08-07T18:00:00Z,12,5.5,6.6513,7.07,meteofrance_arpege_europe
2026-08-06,2026-08-07T19:00:00Z,37,6.0,6.9118,7.81,meteofrance_arpege_europe
2026-08-07,2026-08-07T19:00:00Z,13,6.0,7.1108,7.58,meteofrance_arpege_europe
2026-08-06,2026-08-07T20:00:00Z,38,5.4,6.8999,7.92,meteofrance_arpege_europe
2026-08-07,2026-08-07T20:00:00Z,14,5.4,7.6209,8.41,meteofrance_arpege_europe
2026-08-06,2026-08-07T21:00:00Z,39,6.5,6.7453,7.82,meteofrance_arpege_europe
2026-08-07,2026-08-07T21:00:00Z,15,6.5,7.9665,8.72,meteofrance_arpege_europe
2026-08-06,2026-08-07T22:00:00Z,40,6.6,6.6191,7.47,meteofrance_arpege_europe
2026-08-07,2026-08-07T22:00:00Z,16,6.6,7.5798,8.13,meteofrance_arpege_europe
2026-08-06,2026-08-07T23:00:00Z,41,7.2,6.5602,7.42,meteofrance_arpege_europe
2026-08-07,2026-08-07T23:00:00Z,17,7.2,7.1147,7.71,meteofrance_arpege_europe
2026-08-06,2026-08-08T00:00:00Z,42,7.6,6.6007,7.76,meteofrance_arpege_europe
2026-08-07,2026-08-08T00:00:00Z,18,7.6,6.8412,6.83,meteofrance_arpege_europe
2026-08-06,2026-08-08T01:00:00Z,43,7.0,7.1494,7.97,meteofrance_arpege_europe
2026-08-07,2026-08-08T01:00:00Z,19,7.0,6.4659,7.12,meteofrance_arpege_europe
2026-08-06,2026-08-08T02:00:00Z,44,7.4,6.7706,7.75,meteofrance_arpege_europe
2026-08-07,2026-08-08T02:00:00Z,20,7.4,6.5138,7.21,meteofrance_arpege_europe
2026-08-06,2026-08-08T03:00:00Z,45,4.9,6.4059,7.27,meteofrance_arpege_europe
2026-08-07,2026-08-08T03:00:00Z,21,4.9,6.131,6.79,meteofrance_arpege_europe
2026-08-06,2026-08-08T04:00:00Z,46,4.5,6.3956,6.48,meteofrance_arpege_europe
2026-08-07,2026-08-08T04:00:00Z,22,4.5,4.7892,5.02,meteofrance_arpege_europe
2026-08-06,2026-08-08T05:00:00Z,47,4.1,4.7163,4.72,meteofrance_arpege_europe
2026-08-07,2026-08-08T05:00:00Z,23,4.1,3.9797,3.59,meteofrance_arpege_europe
2026-08-06,2026-08-08T06:00:00Z,48,3.4,4.1182,3.75,meteofrance_arpege_europe
2026-08-07,2026-08-08T06:00:00Z,24,3.4,3.7746,3.45,meteofrance_arpege_europe
2026-08-07,2026-08-08T07:00:00Z,25,3.6,3.7013,3.54,meteofrance_arpege_europe
2026-08-08,2026-08-08T07:00:00Z,1,3.6,3.3166,2.7,meteofrance_arpege_europe
2026-08-07,2026-08-08T08:00:00Z,26,2.5,3.5023,3.11,meteofrance_arpege_europe
2026-08-08,2026-08-08T08:00:00Z,2,2.5,3.5437,3.23,meteofrance_arpege_europe
2026-08-07,2026-08-08T09:00:00Z,27,2.5,2.9078,2.55,meteofrance_arpege_europe
2026-08-08,2026-08-08T09:00:00Z,3,0.9,3.1272,3.4,meteofrance_arpege_europe
2026-08-07,2026-08-08T10:00:00Z,28,0.9,2.4147,2.43,meteofrance_arpege_europe
2026-08-08,2026-08-08T10:00:00Z,4,2.2,2.3172,2.72,meteofrance_arpege_europe
2026-08-07,2026-08-08T11:00:00Z,29,2.4,2.1395,2.11,meteofrance_arpege_europe
2026-08-08,2026-08-08T11:00:00Z,5,2.4,2.2977,2.21,meteofrance_arpege_europe
2026-08-07,2026-08-08T12:00:00Z,30,4.2,2.355,1.98,meteofrance_arpege_europe
2026-08-08,2026-08-08T12:00:00Z,6,4.2,1.8596,0.54,meteofrance_arpege_europe
2026-08-07,2026-08-08T13:00:00Z,31,3.9,2.648,1.49,meteofrance_arpege_europe
2026-08-08,2026-08-08T13:00:00Z,7,3.9,1.7862,1.2,meteofrance_arpege_europe
2026-08-07,2026-08-08T14:00:00Z,32,1.4,2.4436,0.72,meteofrance_arpege_europe
2026-08-08,2026-08-08T14:00:00Z,8,1.4,2.0061,1.43,meteofrance_arpege_europe
2026-08-07,2026-08-08T15:00:00Z,33,2.3,1.8667,2.1,meteofrance_arpege_europe
2026-08-08,2026-08-08T15:00:00Z,9,2.3,2.0791,2.24,meteofrance_arpege_europe
2026-08-07,2026-08-08T16:00:00Z,34,1.9,1.7678,1.84,meteofrance_arpege_europe
2026-08-08,2026-08-08T16:00:00Z,10,1.9,1.9486,1.14,meteofrance_arpege_europe
2026-08-07,2026-08-08T17:00:00Z,35,2.0,1.8428,1.17,meteofrance_arpege_europe
2026-08-08,2026-08-08T17:00:00Z,11,2.0,2.2411,2.69,meteofrance_arpege_europe
2026-08-07,2026-08-08T18:00:00Z,36,1.9,1.7886,0.82,meteofrance_arpege_europe
2026-08-08,2026-08-08T18:00:00Z,12,1.9,1.9465,1.53,meteofrance_arpege_europe
2026-08-07,2026-08-08T19:00:00Z,37,1.5,1.8755,1.06,meteofrance_arpege_europe
2026-08-08,2026-08-08T19:00:00Z,13,1.5,1.9274,2.33,meteofrance_arpege_europe
2026-08-07,2026-08-08T20:00:00Z,38,3.1,1.9198,2.25,meteofrance_arpege_europe
2026-08-08,2026-08-08T20:00:00Z,14,3.1,2.2322,2.55,meteofrance_arpege_europe
2026-08-07,2026-08-08T21:00:00Z,39,2.1,1.9215,1.64,meteofrance_arpege_europe
2026-08-08,2026-08-08T21:00:00Z,15,2.1,2.2321,2.2,meteofrance_arpege_europe
2026-08-07,2026-08-08T22:00:00Z,40,4.5,2.1647,1.44,meteofrance_arpege_europe
2026-08-08,2026-08-08T22:00:00Z,16,4.5,2.606,2.9,meteofrance_arpege_europe
2026-08-07,2026-08-08T23:00:00Z,41,4.9,2.1311,1.35,meteofrance_arpege_europe
2026-08-08,2026-08-08T23:00:00Z,17,4.9,2.3974,2.75,meteofrance_arpege_europe
2026-08-07,2026-08-09T00:00:00Z,42,3.7,2.3369,0.98,meteofrance_arpege_europe
2026-08-08,2026-08-09T00:00:00Z,18,3.7,2.0253,0.89,meteofrance_arpege_europe
2026-08-07,2026-08-09T01:00:00Z,43,2.7,2.1988,0.76,meteofrance_arpege_europe
2026-08-08,2026-08-09T01:00:00Z,19,2.7,2.4347,0.57,meteofrance_arpege_europe
2026-08-07,2026-08-09T02:00:00Z,44,3.7,1.9491,1.43,meteofrance_arpege_europe
2026-08-08,2026-08-09T02:00:00Z,20,3.7,2.765,2.67,meteofrance_arpege_europe
2026-08-07,2026-08-09T03:00:00Z,45,4.8,1.7991,1.58,meteofrance_arpege_europe
2026-08-08,2026-08-09T03:00:00Z,21,4.8,2.7171,2.83,meteofrance_arpege_europe
2026-08-07,2026-08-09T04:00:00Z,46,3.3,1.9654,2.69,meteofrance_arpege_europe
2026-08-08,2026-08-09T04:00:00Z,22,3.3,2.9838,3.52,meteofrance_arpege_europe
2026-08-07,2026-08-09T05:00:00Z,47,4.5,2.3249,2.01,meteofrance_arpege_europe
2026-08-08,2026-08-09T05:00:00Z,23,4.5,2.6495,3.74,meteofrance_arpege_europe
2026-08-07,2026-08-09T06:00:00Z,48,4.7,2.4916,1.93,meteofrance_arpege_europe
2026-08-08,2026-08-09T06:00:00Z,24,4.7,2.5469,4.14,meteofrance_arpege_europe
2026-08-08,2026-08-09T07:00:00Z,25,4.4,2.8621,4.31,meteofrance_arpege_europe
2026-08-09,2026-08-09T07:00:00Z,1,4.4,3.9111,4.31,meteofrance_arpege_europe
2026-08-08,2026-08-09T08:00:00Z,26,4.4,3.2193,5.26,meteofrance_arpege_europe
2026-08-09,2026-08-09T08:00:00Z,2,4.4,4.0772,4.27,meteofrance_arpege_europe
2026-08-08,2026-08-09T09:00:00Z,27,4.4,3.2606,5.46,meteofrance_arpege_europe
2026-08-09,2026-08-09T09:00:00Z,3,5.0,3.4028,3.2,meteofrance_arpege_europe
2026-08-08,2026-08-09T10:00:00Z,28,3.4,3.2942,4.98,meteofrance_arpege_europe
2026-08-09,2026-08-09T10:00:00Z,4,3.4,3.0302,2.7,meteofrance_arpege_europe
2026-08-08,2026-08-09T11:00:00Z,29,3.4,3.1486,4.1,meteofrance_arpege_europe
2026-08-09,2026-08-09T11:00:00Z,5,3.9,3.0399,2.27,meteofrance_arpege_europe
2026-08-08,2026-08-09T12:00:00Z,30,3.2,3.2501,3.08,meteofrance_arpege_europe
2026-08-09,2026-08-09T12:00:00Z,6,3.2,2.9955,2.34,meteofrance_arpege_europe
2026-08-08,2026-08-09T13:00:00Z,31,3.8,3.0877,2.57,meteofrance_arpege_europe
2026-08-09,2026-08-09T13:00:00Z,7,3.8,3.2848,2.55,meteofrance_arpege_europe
2026-08-08,2026-08-09T14:00:00Z,32,3.9,3.7318,3.81,meteofrance_arpege_europe
2026-08-09,2026-08-09T14:00:00Z,8,3.9,3.7379,3.71,meteofrance_arpege_europe
2026-08-08,2026-08-09T15:00:00Z,33,3.6,3.7246,4.55,meteofrance_arpege_europe
2026-08-09,2026-08-09T15:00:00Z,9,3.6,3.7368,3.97,meteofrance_arpege_europe
2026-08-08,2026-08-09T16:00:00Z,34,4.3,3.9919,5.46,meteofrance_arpege_europe
2026-08-09,2026-08-09T16:00:00Z,10,4.3,3.6275,3.52,meteofrance_arpege_europe
2026-08-08,2026-08-09T17:00:00Z,35,4.3,3.8754,4.94,meteofrance_arpege_europe
2026-08-09,2026-08-09T17:00:00Z,11,4.3,3.4729,3.61,meteofrance_arpege_europe
2026-08-08,2026-08-09T18:00:00Z,36,4.5,3.8669,4.64,meteofrance_arpege_europe
2026-08-09,2026-08-09T18:00:00Z,12,4.5,3.2394,3.89,meteofrance_arpege_europe
2026-08-08,2026-08-09T19:00:00Z,37,4.6,4.0154,4.96,meteofrance_arpege_europe
2026-08-09,2026-08-09T19:00:00Z,13,4.6,3.6249,5.1,meteofrance_arpege_europe
2026-08-08,2026-08-09T20:00:00Z,38,5.6,3.702,4.67,meteofrance_arpege_europe
2026-08-09,2026-08-09T20:00:00Z,14,5.6,3.5815,5.02,meteofrance_arpege_europe
2026-08-08,2026-08-09T21:00:00Z,39,5.4,3.5197,4.28,meteofrance_arpege_europe
2026-08-09,2026-08-09T21:00:00Z,15,5.4,3.6638,4.53,meteofrance_arpege_europe
2026-08-08,2026-08-09T22:00:00Z,40,5.1,3.4632,4.05,meteofrance_arpege_europe
2026-08-09,2026-08-09T22:00:00Z,16,5.1,3.8883,3.92,meteofrance_arpege_europe
2026-08-08,2026-08-09T23:00:00Z,41,5.0,3.4842,3.94,meteofrance_arpege_europe
2026-08-09,2026-08-09T23:00:00Z,17,5.0,4.1609,4.49,meteofrance_arpege_europe
2026-08-08,2026-08-10T00:00:00Z,42,4.6,3.7166,4.55,meteofrance_arpege_europe
2026-08-09,2026-08-10T00:00:00Z,18,4.6,3.9512,4.43,meteofrance_arpege_europe
2026-08-08,2026-08-10T01:00:00Z,43,3.4,3.8688,4.95,meteofrance_arpege_europe
2026-08-09,2026-08-10T01:00:00Z,19,3.4,3.7253,3.55,meteofrance_arpege_europe
2026-08-08,2026-08-10T02:00:00Z,44,3.4,3.2385,3.98,meteofrance_arpege_europe
2026-08-09,2026-08-10T02:00:00Z,20,3.4,3.7413,3.42,meteofrance_arpege_europe
2026-08-08,2026-08-10T03:00:00Z,45,2.9,3.3278,4.16,meteofrance_arpege_europe
2026-08-09,2026-08-10T03:00:00Z,21,2.9,3.5554,3.21,meteofrance_arpege_europe
2026-08-08,2026-08-10T04:00:00Z,46,2.7,3.2433,4.02,meteofrance_arpege_europe
2026-08-09,2026-08-10T04:00:00Z,22,2.7,3.3116,3.42,meteofrance_arpege_europe
2026-08-08,2026-08-10T05:00:00Z,47,2.3,3.2781,4.2,meteofrance_arpege_europe
2026-08-09,2026-08-10T05:00:00Z,23,2.3,3.1619,4.2,meteofrance_arpege_europe
2026-08-08,2026-08-10T06:00:00Z,48,3.4,3.4656,4.3,meteofrance_arpege_europe
2026-08-09,2026-08-10T06:00:00Z,24,3.4,3.0605,4.21,meteofrance_arpege_europe
2026-08-09,2026-08-10T07:00:00Z,25,2.9,2.8885,3.51,meteofrance_arpege_europe
2026-08-10,2026-08-10T07:00:00Z,1,2.9,3.0965,2.93,meteofrance_arpege_europe
2026-08-09,2026-08-10T08:00:00Z,26,3.3,2.528,2.3,meteofrance_arpege_europe
2026-08-10,2026-08-10T08:00:00Z,2,3.3,2.3278,2.6,meteofrance_arpege_europe
2026-08-09,2026-08-10T09:00:00Z,27,3.3,2.7418,1.4,meteofrance_arpege_europe
2026-08-10,2026-08-10T09:00:00Z,3,2.4,2.3362,2.61,meteofrance_arpege_europe
2026-08-09,2026-08-10T10:00:00Z,28,2.8,2.7164,1.65,meteofrance_arpege_europe
2026-08-10,2026-08-10T10:00:00Z,4,2.8,2.1375,2.22,meteofrance_arpege_europe
2026-08-09,2026-08-10T11:00:00Z,29,2.8,2.901,2.43,meteofrance_arpege_europe
2026-08-10,2026-08-10T11:00:00Z,5,3.9,2.5546,1.87,meteofrance_arpege_europe
2026-08-09,2026-08-10T12:00:00Z,30,3.7,3.1716,2.9,meteofrance_arpege_europe
2026-08-10,2026-08-10T12:00:00Z,6,3.7,2.8603,2.56,meteofrance_arpege_europe
2026-08-09,2026-08-10T13:00:00Z,31,3.6,3.3031,3.21,meteofrance_arpege_europe
2026-08-10,2026-08-10T13:00:00Z,7,3.6,3.3757,3.21,meteofrance_arpege_europe
2026-08-09,2026-08-10T14:00:00Z,32,3.7,3.5744,3.91,meteofrance_arpege_europe
2026-08-10,2026-08-10T14:00:00Z,8,3.7,3.6139,3.81,meteofrance_arpege_europe
2026-08-09,2026-08-10T15:00:00Z,33,4.0,3.8087,4.1,meteofrance_arpege_europe
2026-08-10,2026-08-10T15:00:00Z,9,4.0,4.0243,4.26,meteofrance_arpege_europe
2026-08-09,2026-08-10T16:00:00Z,34,5.3,4.0828,4.23,meteofrance_arpege_europe
2026-08-10,2026-08-10T16:00:00Z,10,5.3,4.1535,4.37,meteofrance_arpege_europe
2026-08-09,2026-08-10T17:00:00Z,35,5.8,4.5705,4.06,meteofrance_arpege_europe
2026-08-10,2026-08-10T17:00:00Z,11,5.8,4.4208,4.51,meteofrance_arpege_europe
2026-08-09,2026-08-10T18:00:00Z,36,4.8,4.6998,4.2,meteofrance_arpege_europe
2026-08-10,2026-08-10T18:00:00Z,12,4.8,4.767,4.75,meteofrance_arpege_europe
2026-08-09,2026-08-10T19:00:00Z,37,5.6,5.2453,5.08,meteofrance_arpege_europe
2026-08-10,2026-08-10T19:00:00Z,13,5.6,4.9754,5.47,meteofrance_arpege_europe
2026-08-09,2026-08-10T20:00:00Z,38,5.8,5.9034,6.09,meteofrance_arpege_europe
2026-08-10,2026-08-10T20:00:00Z,14,5.8,5.1858,5.46,meteofrance_arpege_europe
2026-08-09,2026-08-10T21:00:00Z,39,7.4,5.3522,5.24,meteofrance_arpege_europe
2026-08-10,2026-08-10T21:00:00Z,15,7.4,5.446,5.62,meteofrance_arpege_europe
2026-08-09,2026-08-10T22:00:00Z,40,7.5,5.1431,4.89,meteofrance_arpege_europe
2026-08-10,2026-08-10T22:00:00Z,16,7.5,5.4008,5.66,meteofrance_arpege_europe
2026-08-09,2026-08-10T23:00:00Z,41,6.8,5.1062,5.09,meteofrance_arpege_europe
2026-08-10,2026-08-10T23:00:00Z,17,6.8,5.2199,5.23,meteofrance_arpege_europe
2026-08-09,2026-08-11T00:00:00Z,42,6.0,5.0132,5.17,meteofrance_arpege_europe
2026-08-10,2026-08-11T00:00:00Z,18,6.0,5.2042,5.19,meteofrance_arpege_europe
2026-08-09,2026-08-11T01:00:00Z,43,6.8,5.4622,5.74,meteofrance_arpege_europe
2026-08-10,2026-08-11T01:00:00Z,19,6.8,5.2226,5.38,meteofrance_arpege_europe
2026-08-09,2026-08-11T02:00:00Z,44,6.4,5.6501,6.25,meteofrance_arpege_europe
2026-08-10,2026-08-11T02:00:00Z,20,6.4,5.3426,5.69,meteofrance_arpege_europe
2026-08-09,2026-08-11T03:00:00Z,45,6.4,5.84,6.63,meteofrance_arpege_europe
2026-08-10,2026-08-11T03:00:00Z,21,6.4,5.2386,5.53,meteofrance_arpege_europe
2026-08-09,2026-08-11T04:00:00Z,46,6.0,5.2734,6.66,meteofrance_arpege_europe
2026-08-10,2026-08-11T04:00:00Z,22,6.0,5.3538,5.38,meteofrance_arpege_europe
2026-08-09,2026-08-11T05:00:00Z,47,5.2,5.2275,6.02,meteofrance_arpege_europe
2026-08-10,2026-08-11T05:00:00Z,23,5.2,5.3916,5.55,meteofrance_arpege_europe
2026-08-09,2026-08-11T06:00:00Z,48,4.0,4.6382,5.13,meteofrance_arpege_europe
2026-08-10,2026-08-11T06:00:00Z,24,4.0,5.104,5.37,meteofrance_arpege_europe
2026-08-10,2026-08-11T07:00:00Z,25,4.4,4.7656,4.85,meteofrance_arpege_europe
2026-08-11,2026-08-11T07:00:00Z,1,4.4,4.0026,4.81,meteofrance_arpege_europe
2026-08-10,2026-08-11T08:00:00Z,26,5.1,3.9402,4.37,meteofrance_arpege_europe
2026-08-11,2026-08-11T08:00:00Z,2,5.1,3.9936,4.39,meteofrance_arpege_europe
2026-08-10,2026-08-11T09:00:00Z,27,5.1,3.3887,4.09,meteofrance_arpege_europe
2026-08-11,2026-08-11T09:00:00Z,3,5.2,4.2852,5.45,meteofrance_arpege_europe
2026-08-10,2026-08-11T10:00:00Z,28,6.6,3.0078,3.33,meteofrance_arpege_europe
2026-08-11,2026-08-11T10:00:00Z,4,6.6,4.7753,6.42,meteofrance_arpege_europe
2026-08-10,2026-08-11T11:00:00Z,29,6.6,3.5375,3.74,meteofrance_arpege_europe
2026-08-11,2026-08-11T11:00:00Z,5,6.4,5.2854,7.32,meteofrance_arpege_europe
2026-08-10,2026-08-11T12:00:00Z,30,7.5,3.7822,4.0,meteofrance_arpege_europe
2026-08-11,2026-08-11T12:00:00Z,6,7.5,5.9875,7.62,meteofrance_arpege_europe
2026-08-10,2026-08-11T13:00:00Z,31,6.0,4.3532,4.44,meteofrance_arpege_europe
2026-08-11,2026-08-11T13:00:00Z,7,6.0,6.0409,7.57,meteofrance_arpege_europe
2026-08-10,2026-08-11T14:00:00Z,32,5.0,5.0673,5.7,meteofrance_arpege_europe
2026-08-11,2026-08-11T14:00:00Z,8,5.0,6.4971,7.44,meteofrance_arpege_europe
2026-08-10,2026-08-11T15:00:00Z,33,6.0,5.6549,6.38,meteofrance_arpege_europe
2026-08-11,2026-08-11T15:00:00Z,9,6.0,6.5843,7.3,meteofrance_arpege_europe
2026-08-10,2026-08-11T16:00:00Z,34,5.7,5.6443,6.16,meteofrance_arpege_europe
2026-08-11,2026-08-11T16:00:00Z,10,5.7,6.2885,6.66,meteofrance_arpege_europe
2026-08-10,2026-08-11T17:00:00Z,35,6.1,5.7121,6.15,meteofrance_arpege_europe
2026-08-11,2026-08-11T17:00:00Z,11,6.1,6.5028,7.05,meteofrance_arpege_europe
2026-08-10,2026-08-11T18:00:00Z,36,8.2,6.0603,6.39,meteofrance_arpege_europe
2026-08-11,2026-08-11T18:00:00Z,12,8.2,6.5976,7.22,meteofrance_arpege_europe
2026-08-10,2026-08-11T19:00:00Z,37,9.2,6.1604,6.74,meteofrance_arpege_europe
2026-08-11,2026-08-11T19:00:00Z,13,9.2,6.7875,7.21,meteofrance_arpege_europe
2026-08-10,2026-08-11T20:00:00Z,38,9.5,6.2895,6.85,meteofrance_arpege_europe
2026-08-11,2026-08-11T20:00:00Z,14,9.5,7.1678,7.36,meteofrance_arpege_europe
2026-08-10,2026-08-11T21:00:00Z,39,9.0,6.3255,7.24,meteofrance_arpege_europe
2026-08-11,2026-08-11T21:00:00Z,15,9.0,6.9226,7.29,meteofrance_arpege_europe
2026-08-10,2026-08-11T22:00:00Z,40,9.0,6.0934,6.71,meteofrance_arpege_europe
2026-08-11,2026-08-11T22:00:00Z,16,9.0,6.4371,6.55,meteofrance_arpege_europe
2026-08-10,2026-08-11T23:00:00Z,41,8.3,5.9532,6.36,meteofrance_arpege_europe
2026-08-11,2026-08-11T23:00:00Z,17,8.3,5.861,5.14,meteofrance_arpege_europe
2026-08-10,2026-08-12T00:00:00Z,42,6.1,5.6284,5.22,meteofrance_arpege_europe
2026-08-11,2026-08-12T00:00:00Z,18,6.1,4.6754,4.75,meteofrance_arpege_europe
2026-08-10,2026-08-12T01:00:00Z,43,3.8,4.6927,4.84,meteofrance_arpege_europe
2026-08-11,2026-08-12T01:00:00Z,19,3.8,3.9284,4.13,meteofrance_arpege_europe
2026-08-10,2026-08-12T02:00:00Z,44,2.2,4.296,4.83,meteofrance_arpege_europe
2026-08-11,2026-08-12T02:00:00Z,20,2.2,3.0316,3.16,meteofrance_arpege_europe
2026-08-10,2026-08-12T03:00:00Z,45,2.7,4.206,4.64,meteofrance_arpege_europe
2026-08-11,2026-08-12T03:00:00Z,21,2.7,2.6072,2.2,meteofrance_arpege_europe
2026-08-10,2026-08-12T04:00:00Z,46,3.4,3.9898,5.32,meteofrance_arpege_europe
2026-08-11,2026-08-12T04:00:00Z,22,3.4,2.3947,1.8,meteofrance_arpege_europe
2026-08-10,2026-08-12T05:00:00Z,47,4.2,4.4387,7.21,meteofrance_arpege_europe
2026-08-11,2026-08-12T05:00:00Z,23,4.2,2.0371,0.64,meteofrance_arpege_europe
2026-08-10,2026-08-12T06:00:00Z,48,3.7,4.5242,7.36,meteofrance_arpege_europe
2026-08-11,2026-08-12T06:00:00Z,24,3.7,2.1807,0.32,meteofrance_arpege_europe
2026-08-11,2026-08-12T07:00:00Z,25,4.7,2.1971,0.7,meteofrance_arpege_europe
2026-08-12,2026-08-12T07:00:00Z,1,4.7,2.8717,2.55,meteofrance_arpege_europe
2026-08-11,2026-08-12T08:00:00Z,26,4.7,2.4329,1.6,meteofrance_arpege_europe
2026-08-12,2026-08-12T08:00:00Z,2,4.7,3.172,2.5,meteofrance_arpege_europe
2026-08-11,2026-08-12T09:00:00Z,27,4.7,2.4124,1.94,meteofrance_arpege_europe
2026-08-12,2026-08-12T09:00:00Z,3,4.9,3.4845,3.01,meteofrance_arpege_europe
2026-08-11,2026-08-12T10:00:00Z,28,8.1,2.3228,1.99,meteofrance_arpege_europe
2026-08-12,2026-08-12T10:00:00Z,4,8.1,3.4839,2.92,meteofrance_arpege_europe
2026-08-11,2026-08-12T11:00:00Z,29,8.1,2.7178,2.62,meteofrance_arpege_europe
2026-08-12,2026-08-12T11:00:00Z,5,6.4,3.4641,3.01,meteofrance_arpege_europe
2026-08-11,2026-08-12T12:00:00Z,30,6.6,2.9757,2.77,meteofrance_arpege_europe
2026-08-12,2026-08-12T12:00:00Z,6,6.6,3.6286,3.26,meteofrance_arpege_europe
2026-08-11,2026-08-12T13:00:00Z,31,4.7,3.6233,2.02,meteofrance_arpege_europe
2026-08-12,2026-08-12T13:00:00Z,7,4.7,3.9741,3.09,meteofrance_arpege_europe
2026-08-11,2026-08-12T14:00:00Z,32,5.1,3.5444,1.7,meteofrance_arpege_europe
2026-08-12,2026-08-12T14:00:00Z,8,5.1,3.3994,1.98,meteofrance_arpege_europe
2026-08-11,2026-08-12T15:00:00Z,33,4.4,3.5141,2.88,meteofrance_arpege_europe
2026-08-12,2026-08-12T15:00:00Z,9,4.4,3.1956,2.27,meteofrance_arpege_europe
2026-08-11,2026-08-12T16:00:00Z,34,4.6,3.6405,3.36,meteofrance_arpege_europe
2026-08-12,2026-08-12T16:00:00Z,10,4.6,4.1807,4.46,meteofrance_arpege_europe
2026-08-11,2026-08-12T17:00:00Z,35,5.0,3.0815,2.66,meteofrance_arpege_europe
2026-08-12,2026-08-12T17:00:00Z,11,5.0,3.6729,4.8,meteofrance_arpege_europe
2026-08-11,2026-08-12T18:00:00Z,36,1.8,2.9133,2.42,meteofrance_arpege_europe
2026-08-12,2026-08-12T18:00:00Z,12,1.8,3.5742,4.24,meteofrance_arpege_europe
2026-08-11,2026-08-12T19:00:00Z,37,2.8,2.8059,3.05,meteofrance_arpege_europe
2026-08-12,2026-08-12T19:00:00Z,13,2.8,2.3243,2.56,meteofrance_arpege_europe
2026-08-11,2026-08-12T20:00:00Z,38,4.0,3.2243,4.05,meteofrance_arpege_europe
2026-08-12,2026-08-12T20:00:00Z,14,4.0,2.0583,2.1,meteofrance_arpege_europe
2026-08-11,2026-08-12T21:00:00Z,39,4.0,3.1413,4.12,meteofrance_arpege_europe
2026-08-12,2026-08-12T21:00:00Z,15,4.0,2.3821,1.3,meteofrance_arpege_europe
2026-08-11,2026-08-12T22:00:00Z,40,2.8,3.3311,4.33,meteofrance_arpege_europe
2026-08-12,2026-08-12T22:00:00Z,16,2.8,2.5992,2.06,meteofrance_arpege_europe
2026-08-11,2026-08-12T23:00:00Z,41,3.6,3.7098,5.38,meteofrance_arpege_europe
2026-08-12,2026-08-12T23:00:00Z,17,3.6,3.3118,3.35,meteofrance_arpege_europe
2026-08-11,2026-08-13T00:00:00Z,42,4.7,3.7555,4.39,meteofrance_arpege_europe
2026-08-12,2026-08-13T00:00:00Z,18,4.7,3.8859,3.8,meteofrance_arpege_europe
2026-08-11,2026-08-13T01:00:00Z,43,5.0,3.8306,4.25,meteofrance_arpege_europe
2026-08-12,2026-08-13T01:00:00Z,19,5.0,3.8759,3.83,meteofrance_arpege_europe
2026-08-11,2026-08-13T02:00:00Z,44,6.3,4.1629,5.4,meteofrance_arpege_europe
2026-08-12,2026-08-13T02:00:00Z,20,6.3,3.7077,3.76,meteofrance_arpege_europe
2026-08-11,2026-08-13T03:00:00Z,45,6.1,4.156,5.22,meteofrance_arpege_europe
2026-08-12,2026-08-13T03:00:00Z,21,6.1,3.3792,3.49,meteofrance_arpege_europe
2026-08-11,2026-08-13T04:00:00Z,46,6.6,4.2261,5.0,meteofrance_arpege_europe
2026-08-12,2026-08-13T04:00:00Z,22,6.6,3.5849,3.64,meteofrance_arpege_europe
2026-08-11,2026-08-13T05:00:00Z,47,5.7,4.1442,4.86,meteofrance_arpege_europe
2026-08-12,2026-08-13T05:00:00Z,23,5.7,3.7545,3.91,meteofrance_arpege_europe
2026-08-11,2026-08-13T06:00:00Z,48,4.2,4.3022,5.41,meteofrance_arpege_europe
2026-08-12,2026-08-13T06:00:00Z,24,4.2,3.9826,3.58,meteofrance_arpege_europe
2026-08-12,2026-08-13T07:00:00Z,25,5.2,4.2349,3.88,meteofrance_arpege_europe
2026-08-13,2026-08-13T07:00:00Z,1,5.2,3.7988,3.18,meteofrance_arpege_europe
2026-08-12,2026-08-13T08:00:00Z,26,6.2,4.0631,4.08,meteofrance_arpege_europe
2026-08-13,2026-08-13T08:00:00Z,2,6.2,3.9237,3.26,meteofrance_arpege_europe
2026-08-12,2026-08-13T09:00:00Z,27,6.2,4.1831,4.34,meteofrance_arpege_europe
2026-08-13,2026-08-13T09:00:00Z,3,5.1,4.0665,3.12,meteofrance_arpege_europe
2026-08-12,2026-08-13T10:00:00Z,28,3.7,4.0671,4.16,meteofrance_arpege_europe
2026-08-13,2026-08-13T10:00:00Z,4,3.7,3.9069,3.0,meteofrance_arpege_europe
2026-08-12,2026-08-13T11:00:00Z,29,3.7,4.3301,4.74,meteofrance_arpege_europe
2026-08-13,2026-08-13T11:00:00Z,5,3.2,4.038,3.41,meteofrance_arpege_europe
2026-08-12,2026-08-13T12:00:00Z,30,5.3,4.3948,5.22,meteofrance_arpege_europe
2026-08-13,2026-08-13T12:00:00Z,6,5.3,4.3261,3.77,meteofrance_arpege_europe
2026-08-12,2026-08-13T13:00:00Z,31,6.3,4.2538,5.42,meteofrance_arpege_europe
2026-08-13,2026-08-13T13:00:00Z,7,6.3,4.5916,4.49,meteofrance_arpege_europe
2026-08-12,2026-08-13T14:00:00Z,32,5.7,4.5965,5.13,meteofrance_arpege_europe
2026-08-13,2026-08-13T14:00:00Z,8,5.7,4.5641,4.48,meteofrance_arpege_europe
2026-08-12,2026-08-13T15:00:00Z,33,5.3,4.837,5.25,meteofrance_arpege_europe
2026-08-13,2026-08-13T15:00:00Z,9,5.3,4.5111,4.72,meteofrance_arpege_europe
2026-08-12,2026-08-13T16:00:00Z,34,6.2,4.7908,4.92,meteofrance_arpege_europe
2026-08-13,2026-08-13T16:00:00Z,10,6.2,4.6765,5.07,meteofrance_arpege_europe
2026-08-12,2026-08-13T17:00:00Z,35,5.8,5.2146,4.78,meteofrance_arpege_europe
2026-08-13,2026-08-13T17:00:00Z,11,5.8,5.1888,5.41,meteofrance_arpege_europe
2026-08-12,2026-08-13T18:00:00Z,36,6.5,5.4128,5.03,meteofrance_arpege_europe
2026-08-13,2026-08-13T18:00:00Z,12,6.5,5.1925,5.49,meteofrance_arpege_europe
2026-08-12,2026-08-13T19:00:00Z,37,5.1,5.8716,6.02,meteofrance_arpege_europe
2026-08-13,2026-08-13T19:00:00Z,13,5.1,5.4068,5.69,meteofrance_arpege_europe
2026-08-12,2026-08-13T20:00:00Z,38,5.9,5.8521,6.29,meteofrance_arpege_europe
2026-08-13,2026-08-13T20:00:00Z,14,5.9,5.3885,5.94,meteofrance_arpege_europe
2026-08-12,2026-08-13T21:00:00Z,39,5.9,5.9052,6.43,meteofrance_arpege_europe
2026-08-13,2026-08-13T21:00:00Z,15,5.9,5.3608,5.71,meteofrance_arpege_europe
2026-08-12,2026-08-13T22:00:00Z,40,6.9,5.9682,6.45,meteofrance_arpege_europe
2026-08-13,2026-08-13T22:00:00Z,16,6.9,5.1872,5.65,meteofrance_arpege_europe
2026-08-12,2026-08-13T23:00:00Z,41,5.7,5.6974,6.04,meteofrance_arpege_europe
2026-08-13,2026-08-13T23:00:00Z,17,5.7,4.8303,5.45,meteofrance_arpege_europe
2026-08-12,2026-08-14T00:00:00Z,42,5.6,5.259,5.51,meteofrance_arpege_europe
2026-08-13,2026-08-14T00:00:00Z,18,5.6,5.0082,5.4,meteofrance_arpege_europe
2026-08-12,2026-08-14T01:00:00Z,43,4.7,5.0218,5.0,meteofrance_arpege_europe
2026-08-13,2026-08-14T01:00:00Z,19,4.7,4.3781,5.01,meteofrance_arpege_europe
2026-08-12,2026-08-14T02:00:00Z,44,4.0,4.7615,5.95,meteofrance_arpege_europe
2026-08-13,2026-08-14T02:00:00Z,20,4.0,4.0656,4.9,meteofrance_arpege_europe
2026-08-12,2026-08-14T03:00:00Z,45,5.0,4.4212,6.17,meteofrance_arpege_europe
2026-08-13,2026-08-14T03:00:00Z,21,5.0,3.9895,5.06,meteofrance_arpege_europe
2026-08-12,2026-08-14T04:00:00Z,46,4.9,4.4457,6.04,meteofrance_arpege_europe
2026-08-13,2026-08-14T04:00:00Z,22,4.9,4.0512,5.24,meteofrance_arpege_europe
2026-08-12,2026-08-14T05:00:00Z,47,5.9,3.9374,5.32,meteofrance_arpege_europe
2026-08-13,2026-08-14T05:00:00Z,23,5.9,3.876,4.85,meteofrance_arpege_europe
2026-08-12,2026-08-14T06:00:00Z,48,5.2,3.8131,4.53,meteofrance_arpege_europe
2026-08-13,2026-08-14T06:00:00Z,24,5.2,3.6632,4.47,meteofrance_arpege_europe
2026-08-13,2026-08-14T07:00:00Z,25,5.0,3.607,4.84,meteofrance_arpege_europe
2026-08-14,2026-08-14T07:00:00Z,1,5.0,3.7195,4.98,meteofrance_arpege_europe
2026-08-13,2026-08-14T08:00:00Z,26,4.4,3.5242,4.5,meteofrance_arpege_europe
2026-08-14,2026-08-14T08:00:00Z,2,4.4,3.5172,4.8,meteofrance_arpege_europe
2026-08-13,2026-08-14T09:00:00Z,27,4.4,3.4265,4.3,meteofrance_arpege_europe
2026-08-14,2026-08-14T09:00:00Z,3,4.5,3.4211,4.33,meteofrance_arpege_europe
2026-08-13,2026-08-14T10:00:00Z,28,3.9,3.3393,4.12,meteofrance_arpege_europe
2026-08-14,2026-08-14T10:00:00Z,4,3.9,3.5644,3.92,meteofrance_arpege_europe
2026-08-13,2026-08-14T11:00:00Z,29,3.9,4.0378,5.1,meteofrance_arpege_europe
2026-08-14,2026-08-14T11:00:00Z,5,4.2,3.7054,3.9,meteofrance_arpege_europe
2026-08-13,2026-08-14T12:00:00Z,30,2.9,4.136,5.01,meteofrance_arpege_europe
2026-08-14,2026-08-14T12:00:00Z,6,2.9,3.9072,4.1,meteofrance_arpege_europe
2026-08-13,2026-08-14T13:00:00Z,31,3.4,4.4527,5.8,meteofrance_arpege_europe
2026-08-14,2026-08-14T13:00:00Z,7,3.4,4.1412,4.27,meteofrance_arpege_europe
2026-08-13,2026-08-14T14:00:00Z,32,3.9,4.1684,5.51,meteofrance_arpege_europe
2026-08-14,2026-08-14T14:00:00Z,8,3.9,4.1695,4.14,meteofrance_arpege_europe
2026-08-13,2026-08-14T15:00:00Z,33,4.0,4.2763,5.71,meteofrance_arpege_europe
2026-08-14,2026-08-14T15:00:00Z,9,4.0,4.4457,4.22,meteofrance_arpege_europe
2026-08-13,2026-08-14T16:00:00Z,34,3.8,4.4018,6.1,meteofrance_arpege_europe
2026-08-14,2026-08-14T16:00:00Z,10,3.8,4.5919,4.59,meteofrance_arpege_europe
2026-08-13,2026-08-14T17:00:00Z,35,4.2,4.9378,6.21,meteofrance_arpege_europe
2026-08-14,2026-08-14T17:00:00Z,11,4.2,4.9077,5.69,meteofrance_arpege_europe
2026-08-13,2026-08-14T18:00:00Z,36,5.2,5.0988,5.92,meteofrance_arpege_europe
2026-08-14,2026-08-14T18:00:00Z,12,5.2,5.6185,6.31,meteofrance_arpege_europe
2026-08-13,2026-08-14T19:00:00Z,37,8.3,5.7466,6.93,meteofrance_arpege_europe
2026-08-14,2026-08-14T19:00:00Z,13,8.3,5.9491,6.2,meteofrance_arpege_europe
2026-08-13,2026-08-14T20:00:00Z,38,7.6,6.1409,8.25,meteofrance_arpege_europe
2026-08-14,2026-08-14T20:00:00Z,14,7.6,6.0734,6.33,meteofrance_arpege_europe
2026-08-13,2026-08-14T21:00:00Z,39,8.0,6.665,9.04,meteofrance_arpege_europe
2026-08-14,2026-08-14T21:00:00Z,15,8.0,5.9142,6.02,meteofrance_arpege_europe
2026-08-13,2026-08-14T22:00:00Z,40,7.8,6.3522,9.37,meteofrance_arpege_europe
2026-08-14,2026-08-14T22:00:00Z,16,7.8,5.9868,6.0,meteofrance_arpege_europe
2026-08-13,2026-08-14T23:00:00Z,41,6.3,6.4214,9.7,meteofrance_arpege_europe
2026-08-14,2026-08-14T23:00:00Z,17,6.3,6.2927,6.36,meteofrance_arpege_europe
2026-08-13,2026-08-15T00:00:00Z,42,5.5,7.0271,9.07,meteofrance_arpege_europe
2026-08-14,2026-08-15T00:00:00Z,18,5.5,6.8355,7.38,meteofrance_arpege_europe
2026-08-13,2026-08-15T01:00:00Z,43,5.4,6.6915,8.56,meteofrance_arpege_europe
2026-08-14,2026-08-15T01:00:00Z,19,5.4,6.9889,8.22,meteofrance_arpege_europe
2026-08-13,2026-08-15T02:00:00Z,44,7.3,6.7918,8.44,meteofrance_arpege_europe
2026-08-14,2026-08-15T02:00:00Z,20,7.3,6.9295,7.83,meteofrance_arpege_europe
2026-08-13,2026-08-15T03:00:00Z,45,7.2,7.2203,8.16,meteofrance_arpege_europe
2026-08-14,2026-08-15T03:00:00Z,21,7.2,6.8674,7.16,meteofrance_arpege_europe
2026-08-13,2026-08-15T04:00:00Z,46,7.5,6.852,8.22,meteofrance_arpege_europe
2026-08-14,2026-08-15T04:00:00Z,22,7.5,6.0344,6.29,meteofrance_arpege_europe
2026-08-13,2026-08-15T05:00:00Z,47,6.4,6.401,8.61,meteofrance_arpege_europe
2026-08-14,2026-08-15T05:00:00Z,23,6.4,5.6338,5.71,meteofrance_arpege_europe
2026-08-13,2026-08-15T06:00:00Z,48,5.8,5.6854,8.65,meteofrance_arpege_europe
2026-08-14,2026-08-15T06:00:00Z,24,5.8,5.2693,5.14,meteofrance_arpege_europe
2026-08-14,2026-08-15T07:00:00Z,25,4.6,4.886,3.5,meteofrance_arpege_europe
2026-08-15,2026-08-15T07:00:00Z,1,4.6,4.3952,5.02,meteofrance_arpege_europe
2026-08-14,2026-08-15T08:00:00Z,26,4.6,4.9979,4.18,meteofrance_arpege_europe
2026-08-15,2026-08-15T08:00:00Z,2,5.1,4.8461,5.52,meteofrance_arpege_europe
2026-08-14,2026-08-15T09:00:00Z,27,5.0,5.3618,5.19,meteofrance_arpege_europe
2026-08-15,2026-08-15T09:00:00Z,3,5.0,5.0587,6.3,meteofrance_arpege_europe
2026-08-14,2026-08-15T10:00:00Z,28,5.0,4.9971,4.51,meteofrance_arpege_europe
2026-08-15,2026-08-15T10:00:00Z,4,4.0,5.4267,7.38,meteofrance_arpege_europe
2026-08-14,2026-08-15T11:00:00Z,29,3.9,5.5157,3.89,meteofrance_arpege_europe
2026-08-15,2026-08-15T11:00:00Z,5,3.9,5.8025,7.47,meteofrance_arpege_europe
2026-08-14,2026-08-15T12:00:00Z,30,4.8,5.5027,4.13,meteofrance_arpege_europe
2026-08-15,2026-08-15T12:00:00Z,6,4.8,5.9085,7.41,meteofrance_arpege_europe
2026-08-14,2026-08-15T13:00:00Z,31,4.9,5.7442,5.24,meteofrance_arpege_europe
2026-08-15,2026-08-15T13:00:00Z,7,4.9,6.1154,7.68,meteofrance_arpege_europe
2026-08-14,2026-08-15T14:00:00Z,32,8.1,6.874,6.99,meteofrance_arpege_europe
2026-08-15,2026-08-15T14:00:00Z,8,8.1,6.2987,7.55,meteofrance_arpege_europe
2026-08-14,2026-08-15T15:00:00Z,33,5.6,7.0678,7.15,meteofrance_arpege_europe
2026-08-15,2026-08-15T15:00:00Z,9,5.6,6.2531,7.24,meteofrance_arpege_europe
2026-08-14,2026-08-15T16:00:00Z,34,6.5,7.0309,7.06,meteofrance_arpege_europe
2026-08-15,2026-08-15T16:00:00Z,10,6.5,6.1419,7.08,meteofrance_arpege_europe
2026-08-14,2026-08-15T17:00:00Z,35,4.7,6.8087,7.13,meteofrance_arpege_europe
2026-08-15,2026-08-15T17:00:00Z,11,4.7,6.2036,7.57,meteofrance_arpege_europe
2026-08-14,2026-08-15T18:00:00Z,36,6.8,7.6377,8.22,meteofrance_arpege_europe
2026-08-15,2026-08-15T18:00:00Z,12,6.8,6.2769,8.4,meteofrance_arpege_europe
2026-08-14,2026-08-15T19:00:00Z,37,7.7,8.0349,9.06,meteofrance_arpege_europe
2026-08-15,2026-08-15T19:00:00Z,13,7.7,6.5087,7.93,meteofrance_arpege_europe
2026-08-14,2026-08-15T20:00:00Z,38,6.1,7.8183,9.18,meteofrance_arpege_europe
2026-08-15,2026-08-15T20:00:00Z,14,6.1,6.409,7.18,meteofrance_arpege_europe
2026-08-14,2026-08-15T21:00:00Z,39,7.6,7.6957,9.18,meteofrance_arpege_europe
2026-08-15,2026-08-15T21:00:00Z,15,7.6,6.24,6.68,meteofrance_arpege_europe
2026-08-14,2026-08-15T22:00:00Z,40,7.2,7.6682,9.07,meteofrance_arpege_europe
2026-08-15,2026-08-15T22:00:00Z,16,7.2,6.5012,7.02,meteofrance_arpege_europe
2026-08-14,2026-08-15T23:00:00Z,41,6.7,7.481,9.34,meteofrance_arpege_europe
2026-08-15,2026-08-15T23:00:00Z,17,6.7,6.7282,7.94,meteofrance_arpege_europe
2026-08-14,2026-08-16T00:00:00Z,42,7.7,7.2383,9.15,meteofrance_arpege_europe
2026-08-15,2026-08-16T00:00:00Z,18,7.7,7.0426,9.02,meteofrance_arpege_europe
2026-08-14,2026-08-16T01:00:00Z,43,6.5,6.6491,8.66,meteofrance_arpege_europe
2026-08-15,2026-08-16T01:00:00Z,19,6.5,6.95,8.96,meteofrance_arpege_europe
2026-08-14,2026-08-16T02:00:00Z,44,5.6,7.1072,9.3,meteofrance_arpege_europe
2026-08-15,2026-08-16T02:00:00Z,20,5.6,6.1205,8.51,meteofrance_arpege_europe
2026-08-14,2026-08-16T03:00:00Z,45,4.7,7.1036,8.9,meteofrance_arpege_europe
2026-08-15,2026-08-16T03:00:00Z,21,4.7,6.2666,8.73,meteofrance_arpege_europe
2026-08-14,2026-08-16T04:00:00Z,46,6.5,6.647,8.85,meteofrance_arpege_europe
2026-08-15,2026-08-16T04:00:00Z,22,6.5,5.9738,7.42,meteofrance_arpege_europe
2026-08-14,2026-08-16T05:00:00Z,47,6.8,6.8106,8.92,meteofrance_arpege_europe
2026-08-15,2026-08-16T05:00:00Z,23,6.8,5.958,7.64,meteofrance_arpege_europe
2026-08-14,2026-08-16T06:00:00Z,48,7.1,6.3089,8.5,meteofrance_arpege_europe
2026-08-15,2026-08-16T06:00:00Z,24,7.1,6.0702,7.72,meteofrance_arpege_europe
2026-08-15,2026-08-16T07:00:00Z,25,7.8,6.2115,7.3,meteofrance_arpege_europe
2026-08-16,2026-08-16T07:00:00Z,1,7.8,5.8094,7.69,meteofrance_arpege_europe
2026-08-15,2026-08-16T08:00:00Z,26,7.8,5.9731,7.5,meteofrance_arpege_europe
2026-08-16,2026-08-16T08:00:00Z,2,8.4,5.9825,7.78,meteofrance_arpege_europe
2026-08-15,2026-08-16T09:00:00Z,27,7.1,5.8539,7.01,meteofrance_arpege_europe
2026-08-16,2026-08-16T09:00:00Z,3,7.1,6.0055,7.73,meteofrance_arpege_europe
2026-08-15,2026-08-16T10:00:00Z,28,7.1,5.7116,7.12,meteofrance_arpege_europe
2026-08-16,2026-08-16T10:00:00Z,4,6.1,5.9992,7.22,meteofrance_arpege_europe
2026-08-15,2026-08-16T11:00:00Z,29,6.4,5.3304,6.51,meteofrance_arpege_europe
2026-08-16,2026-08-16T11:00:00Z,5,6.4,5.7853,7.63,meteofrance_arpege_europe
2026-08-15,2026-08-16T12:00:00Z,30,4.4,5.1624,6.61,meteofrance_arpege_europe
2026-08-16,2026-08-16T12:00:00Z,6,4.4,5.8112,7.45,meteofrance_arpege_europe
2026-08-15,2026-08-16T13:00:00Z,31,5.5,5.1272,6.41,meteofrance_arpege_europe
2026-08-16,2026-08-16T13:00:00Z,7,5.5,5.6276,7.24,meteofrance_arpege_europe
2026-08-15,2026-08-16T14:00:00Z,32,4.9,5.1329,6.7,meteofrance_arpege_europe
2026-08-16,2026-08-16T14:00:00Z,8,4.9,5.3934,6.83,meteofrance_arpege_europe
2026-08-15,2026-08-16T15:00:00Z,33,6.3,5.2195,5.8,meteofrance_arpege_europe
2026-08-16,2026-08-16T15:00:00Z,9,6.3,5.3525,6.64,meteofrance_arpege_europe
2026-08-15,2026-08-16T16:00:00Z,34,5.9,5.2678,6.26,meteofrance_arpege_europe
2026-08-16,2026-08-16T16:00:00Z,10,5.9,5.421,6.33,meteofrance_arpege_europe
2026-08-15,2026-08-16T17:00:00Z,35,5.9,5.7846,6.79,meteofrance_arpege_europe
2026-08-16,2026-08-16T17:00:00Z,11,5.9,5.5997,6.24,meteofrance_arpege_europe
2026-08-15,2026-08-16T18:00:00Z,36,6.7,5.9462,7.12,meteofrance_arpege_europe
2026-08-16,2026-08-16T18:00:00Z,12,6.7,5.876,6.48,meteofrance_arpege_europe
2026-08-15,2026-08-16T19:00:00Z,37,6.7,6.2443,7.69,meteofrance_arpege_europe
2026-08-16,2026-08-16T19:00:00Z,13,6.7,5.8197,6.15,meteofrance_arpege_europe
2026-08-15,2026-08-16T20:00:00Z,38,6.5,5.9689,7.12,meteofrance_arpege_europe
2026-08-16,2026-08-16T20:00:00Z,14,6.5,5.952,6.86,meteofrance_arpege_europe
2026-08-15,2026-08-16T21:00:00Z,39,5.5,6.0933,7.12,meteofrance_arpege_europe
2026-08-16,2026-08-16T21:00:00Z,15,5.5,5.755,6.99,meteofrance_arpege_europe
2026-08-15,2026-08-16T22:00:00Z,40,5.7,5.9637,6.73,meteofrance_arpege_europe
2026-08-16,2026-08-16T22:00:00Z,16,5.7,5.6961,6.76,meteofrance_arpege_europe
2026-08-15,2026-08-16T23:00:00Z,41,5.6,5.6563,6.41,meteofrance_arpege_europe
2026-08-16,2026-08-16T23:00:00Z,17,5.6,4.5726,5.28,meteofrance_arpege_europe
2026-08-15,2026-08-17T00:00:00Z,42,5.4,5.2948,5.97,meteofrance_arpege_europe
2026-08-16,2026-08-17T00:00:00Z,18,5.4,4.3085,5.46,meteofrance_arpege_europe
2026-08-15,2026-08-17T01:00:00Z,43,4.6,5.0516,5.79,meteofrance_arpege_europe
2026-08-16,2026-08-17T01:00:00Z,19,4.6,4.021,5.0,meteofrance_arpege_europe
2026-08-15,2026-08-17T02:00:00Z,44,5.2,4.4398,5.55,meteofrance_arpege_europe
2026-08-16,2026-08-17T02:00:00Z,20,5.2,3.9298,5.37,meteofrance_arpege_europe
2026-08-15,2026-08-17T03:00:00Z,45,3.5,4.3313,6.05,meteofrance_arpege_europe
2026-08-16,2026-08-17T03:00:00Z,21,3.5,3.4635,4.83,meteofrance_arpege_europe
2026-08-15,2026-08-17T04:00:00Z,46,3.7,3.8606,5.44,meteofrance_arpege_europe
2026-08-16,2026-08-17T04:00:00Z,22,3.7,3.5644,4.96,meteofrance_arpege_europe
2026-08-15,2026-08-17T05:00:00Z,47,3.9,3.4493,5.29,meteofrance_arpege_europe
2026-08-16,2026-08-17T05:00:00Z,23,3.9,3.7992,4.97,meteofrance_arpege_europe
2026-08-15,2026-08-17T06:00:00Z,48,3.3,3.1377,4.16,meteofrance_arpege_europe
2026-08-16,2026-08-17T06:00:00Z,24,3.3,4.0206,5.02,meteofrance_arpege_europe
2026-08-16,2026-08-17T07:00:00Z,25,2.7,4.0397,4.57,meteofrance_arpege_europe
2026-08-17,2026-08-17T07:00:00Z,1,2.7,3.7585,5.1,meteofrance_arpege_europe
2026-08-16,2026-08-17T08:00:00Z,26,2.9,3.7769,4.0,meteofrance_arpege_europe
2026-08-17,2026-08-17T08:00:00Z,2,2.9,3.6211,4.66,meteofrance_arpege_europe
2026-08-16,2026-08-17T09:00:00Z,27,2.9,4.0583,4.63,meteofrance_arpege_europe
2026-08-17,2026-08-17T09:00:00Z,3,4.5,3.8625,4.6,meteofrance_arpege_europe
2026-08-16,2026-08-17T10:00:00Z,28,5.2,4.1497,4.7,meteofrance_arpege_europe
2026-08-17,2026-08-17T10:00:00Z,4,5.2,4.2224,4.29,meteofrance_arpege_europe
2026-08-16,2026-08-17T11:00:00Z,29,5.2,4.0043,3.85,meteofrance_arpege_europe
2026-08-17,2026-08-17T11:00:00Z,5,4.9,4.8362,4.88,meteofrance_arpege_europe
2026-08-16,2026-08-17T12:00:00Z,30,5.8,4.2286,3.45,meteofrance_arpege_europe
2026-08-17,2026-08-17T12:00:00Z,6,5.8,5.1073,5.12,meteofrance_arpege_europe
2026-08-16,2026-08-17T13:00:00Z,31,6.7,4.287,3.69,meteofrance_arpege_europe
2026-08-17,2026-08-17T13:00:00Z,7,6.7,5.3621,5.34,meteofrance_arpege_europe
2026-08-16,2026-08-17T14:00:00Z,32,7.3,4.2427,3.52,meteofrance_arpege_europe
2026-08-17,2026-08-17T14:00:00Z,8,7.3,5.3353,5.32,meteofrance_arpege_europe
2026-08-16,2026-08-17T15:00:00Z,33,7.6,4.2771,4.18,meteofrance_arpege_europe
2026-08-17,2026-08-17T15:00:00Z,9,7.6,5.081,5.2,meteofrance_arpege_europe
2026-08-16,2026-08-17T16:00:00Z,34,6.5,4.3102,4.29,meteofrance_arpege_europe
2026-08-17,2026-08-17T16:00:00Z,10,6.5,5.5628,5.6,meteofrance_arpege_europe
2026-08-16,2026-08-17T17:00:00Z,35,6.7,4.3411,4.31,meteofrance_arpege_europe
2026-08-17,2026-08-17T17:00:00Z,11,6.7,5.5184,6.22,meteofrance_arpege_europe
2026-08-16,2026-08-17T18:00:00Z,36,5.1,4.7844,5.41,meteofrance_arpege_europe
2026-08-17,2026-08-17T18:00:00Z,12,5.1,5.4907,6.45,meteofrance_arpege_europe
2026-08-16,2026-08-17T19:00:00Z,37,5.9,4.8409,6.22,meteofrance_arpege_europe
2026-08-17,2026-08-17T19:00:00Z,13,5.9,4.5675,5.14,meteofrance_arpege_europe
2026-08-16,2026-08-17T20:00:00Z,38,4.9,4.8591,5.95,meteofrance_arpege_europe
2026-08-17,2026-08-17T20:00:00Z,14,4.9,4.1541,3.58,meteofrance_arpege_europe
2026-08-16,2026-08-17T21:00:00Z,39,6.0,4.5939,5.53,meteofrance_arpege_europe
2026-08-17,2026-08-17T21:00:00Z,15,6.0,3.7652,3.05,meteofrance_arpege_europe
2026-08-16,2026-08-17T22:00:00Z,40,5.2,4.3415,4.26,meteofrance_arpege_europe
2026-08-17,2026-08-17T22:00:00Z,16,5.2,3.8221,3.0,meteofrance_arpege_europe
2026-08-16,2026-08-17T23:00:00Z,41,4.7,4.3689,4.61,meteofrance_arpege_europe
2026-08-17,2026-08-17T23:00:00Z,17,4.7,4.9445,5.5,meteofrance_arpege_europe
2026-08-16,2026-08-18T00:00:00Z,42,5.8,4.7962,5.24,meteofrance_arpege_europe
2026-08-17,2026-08-18T00:00:00Z,18,5.8,5.2557,5.41,meteofrance_arpege_europe
2026-08-16,2026-08-18T01:00:00Z,43,5.7,4.7962,5.66,meteofrance_arpege_europe
2026-08-17,2026-08-18T01:00:00Z,19,5.7,5.3361,5.87,meteofrance_arpege_europe
2026-08-16,2026-08-18T02:00:00Z,44,4.9,4.5679,5.22,meteofrance_arpege_europe
2026-08-17,2026-08-18T02:00:00Z,20,4.9,4.9445,5.58,meteofrance_arpege_europe
2026-08-16,2026-08-18T03:00:00Z,45,5.7,4.0527,4.79,meteofrance_arpege_europe
2026-08-17,2026-08-18T03:00:00Z,21,5.7,4.7401,5.99,meteofrance_arpege_europe
2026-08-16,2026-08-18T04:00:00Z,46,6.6,4.648,6.09,meteofrance_arpege_europe
2026-08-17,2026-08-18T04:00:00Z,22,6.6,4.3241,5.46,meteofrance_arpege_europe
2026-08-16,2026-08-18T05:00:00Z,47,6.9,4.3744,5.37,meteofrance_arpege_europe
2026-08-17,2026-08-18T05:00:00Z,23,6.9,4.1677,5.02,meteofrance_arpege_europe
2026-08-16,2026-08-18T06:00:00Z,48,7.1,4.2103,4.78,meteofrance_arpege_europe
2026-08-17,2026-08-18T06:00:00Z,24,7.1,4.7359,5.41,meteofrance_arpege_europe
2026-08-17,2026-08-18T07:00:00Z,25,7.9,5.022,5.51,meteofrance_arpege_europe
2026-08-18,2026-08-18T07:00:00Z,1,7.9,5.0549,5.51,meteofrance_arpege_europe
2026-08-17,2026-08-18T08:00:00Z,26,7.9,5.1698,5.9,meteofrance_arpege_europe
2026-08-18,2026-08-18T08:00:00Z,2,7.2,5.2027,5.9,meteofrance_arpege_europe
2026-08-17,2026-08-18T09:00:00Z,27,6.7,5.6206,5.9,meteofrance_arpege_europe
2026-08-18,2026-08-18T09:00:00Z,3,6.7,5.6505,5.9,meteofrance_arpege_europe
2026-08-17,2026-08-18T10:00:00Z,28,6.7,6.1,6.07,meteofrance_arpege_europe
2026-08-18,2026-08-18T10:00:00Z,4,7.6,5.9852,6.07,meteofrance_arpege_europe
2026-08-17,2026-08-18T11:00:00Z,29,7.6,6.7483,6.66,meteofrance_arpege_europe
2026-08-18,2026-08-18T11:00:00Z,5,7.6,6.6948,6.66,meteofrance_arpege_europe
2026-08-17,2026-08-18T12:00:00Z,30,7.6,6.5836,6.5,meteofrance_arpege_europe
2026-08-18,2026-08-18T12:00:00Z,6,7.6,6.499,6.5,meteofrance_arpege_europe
2026-08-17,2026-08-18T13:00:00Z,31,7.6,6.0976,5.4,meteofrance_arpege_europe
2026-08-18,2026-08-18T13:00:00Z,7,7.6,6.0331,5.4,meteofrance_arpege_europe
2026-08-17,2026-08-18T14:00:00Z,32,7.6,5.5268,4.7,meteofrance_arpege_europe
2026-08-18,2026-08-18T14:00:00Z,8,7.6,5.4323,4.7,meteofrance_arpege_europe
2026-08-17,2026-08-18T15:00:00Z,33,7.0,4.4497,2.8,meteofrance_arpege_europe
2026-08-18,2026-08-18T15:00:00Z,9,7.0,4.2649,2.8,meteofrance_arpege_europe
2026-08-17,2026-08-18T16:00:00Z,34,7.1,3.5288,2.19,meteofrance_arpege_europe
2026-08-18,2026-08-18T16:00:00Z,10,7.1,3.5188,2.19,meteofrance_arpege_europe
2026-08-17,2026-08-18T17:00:00Z,35,5.0,3.4442,1.75,meteofrance_arpege_europe
2026-08-18,2026-08-18T17:00:00Z,11,5.0,3.4667,1.75,meteofrance_arpege_europe
2026-08-17,2026-08-18T18:00:00Z,36,2.2,4.1485,2.31,meteofrance_arpege_europe
2026-08-18,2026-08-18T18:00:00Z,12,2.2,3.9947,2.31,meteofrance_arpege_europe
2026-08-17,2026-08-18T19:00:00Z,37,2.5,4.2924,3.16,meteofrance_arpege_europe
2026-08-18,2026-08-18T19:00:00Z,13,2.5,4.1745,3.16,meteofrance_arpege_europe
2026-08-17,2026-08-18T20:00:00Z,38,2.2,4.0614,3.24,meteofrance_arpege_europe
2026-08-18,2026-08-18T20:00:00Z,14,2.2,3.9413,3.24,meteofrance_arpege_europe
2026-08-17,2026-08-18T21:00:00Z,39,4.0,3.8487,2.72,meteofrance_arpege_europe
2026-08-18,2026-08-18T21:00:00Z,15,4.0,3.7373,2.72,meteofrance_arpege_europe
2026-08-17,2026-08-18T22:00:00Z,40,5.5,4.26,3.1,meteofrance_arpege_europe
2026-08-18,2026-08-18T22:00:00Z,16,5.5,4.1842,3.1,meteofrance_arpege_europe
2026-08-17,2026-08-18T23:00:00Z,41,4.9,4.5986,3.98,meteofrance_arpege_europe
2026-08-18,2026-08-18T23:00:00Z,17,4.9,4.5445,3.98,meteofrance_arpege_europe
2026-08-17,2026-08-19T00:00:00Z,42,5.4,4.5236,4.08,meteofrance_arpege_europe
2026-08-18,2026-08-19T00:00:00Z,18,5.4,4.4455,4.08,meteofrance_arpege_europe
2026-08-17,2026-08-19T01:00:00Z,43,5.4,4.4036,4.33,meteofrance_arpege_europe
2026-08-18,2026-08-19T01:00:00Z,19,5.4,4.3339,4.33,meteofrance_arpege_europe
2026-08-17,2026-08-19T02:00:00Z,44,5.9,4.1961,4.12,meteofrance_arpege_europe
2026-08-18,2026-08-19T02:00:00Z,20,5.9,4.2176,4.12,meteofrance_arpege_europe
2026-08-17,2026-08-19T03:00:00Z,45,6.3,3.7858,3.67,meteofrance_arpege_europe
2026-08-18,2026-08-19T03:00:00Z,21,6.3,3.8159,3.67,meteofrance_arpege_europe
2026-08-17,2026-08-19T04:00:00Z,46,8.0,3.6343,3.4,meteofrance_arpege_europe
2026-08-18,2026-08-19T04:00:00Z,22,8.0,3.6644,3.4,meteofrance_arpege_europe
2026-08-17,2026-08-19T05:00:00Z,47,9.0,3.3819,2.8,meteofrance_arpege_europe
2026-08-18,2026-08-19T05:00:00Z,23,9.0,3.3116,2.8,meteofrance_arpege_europe
2026-08-17,2026-08-19T06:00:00Z,48,9.5,3.6517,3.57,meteofrance_arpege_europe
2026-08-18,2026-08-19T06:00:00Z,24,9.5,3.679,3.57,meteofrance_arpege_europe
2026-08-18,2026-08-19T07:00:00Z,25,8.7,4.4612,4.47,meteofrance_arpege_europe
2026-08-19,2026-08-19T07:00:00Z,1,8.7,8.9709,10.32,meteofrance_arpege_europe
2026-08-18,2026-08-19T08:00:00Z,26,6.5,4.091,3.55,meteofrance_arpege_europe
2026-08-19,2026-08-19T08:00:00Z,2,6.5,7.7541,11.09,meteofrance_arpege_europe
2026-08-18,2026-08-19T09:00:00Z,27,6.5,4.1114,3.38,meteofrance_arpege_europe
2026-08-19,2026-08-19T09:00:00Z,3,5.5,6.9996,10.92,meteofrance_arpege_europe
2026-08-18,2026-08-19T10:00:00Z,28,5.5,3.911,3.1,meteofrance_arpege_europe
2026-08-19,2026-08-19T10:00:00Z,4,4.4,7.0149,8.25,meteofrance_arpege_europe
2026-08-18,2026-08-19T11:00:00Z,29,4.8,3.658,3.06,meteofrance_arpege_europe
2026-08-19,2026-08-19T11:00:00Z,5,4.8,6.5527,7.15,meteofrance_arpege_europe
2026-08-18,2026-08-19T12:00:00Z,30,5.1,4.0608,3.56,meteofrance_arpege_europe
2026-08-19,2026-08-19T12:00:00Z,6,5.1,7.0628,7.37,meteofrance_arpege_europe
2026-08-18,2026-08-19T13:00:00Z,31,6.6,4.0208,3.34,meteofrance_arpege_europe
2026-08-19,2026-08-19T13:00:00Z,7,6.6,6.1456,6.02,meteofrance_arpege_europe
2026-08-18,2026-08-19T14:00:00Z,32,8.1,4.3207,3.8,meteofrance_arpege_europe
2026-08-19,2026-08-19T14:00:00Z,8,8.1,6.727,6.4,meteofrance_arpege_europe
2026-08-18,2026-08-19T15:00:00Z,33,7.1,4.9425,4.06,meteofrance_arpege_europe
2026-08-19,2026-08-19T15:00:00Z,9,7.1,6.4151,6.53,meteofrance_arpege_europe
2026-08-18,2026-08-19T16:00:00Z,34,7.1,5.1572,4.46,meteofrance_arpege_europe
2026-08-19,2026-08-19T16:00:00Z,10,7.1,7.1161,8.1,meteofrance_arpege_europe
2026-08-18,2026-08-19T17:00:00Z,35,8.3,5.0986,4.46,meteofrance_arpege_europe
2026-08-19,2026-08-19T17:00:00Z,11,8.3,6.4793,7.41,meteofrance_arpege_europe
2026-08-18,2026-08-19T18:00:00Z,36,6.5,5.3183,5.42,meteofrance_arpege_europe
2026-08-19,2026-08-19T18:00:00Z,12,6.5,6.6958,8.32,meteofrance_arpege_europe
2026-08-18,2026-08-19T19:00:00Z,37,7.0,5.945,7.27,meteofrance_arpege_europe
2026-08-19,2026-08-19T19:00:00Z,13,7.0,7.737,9.79,meteofrance_arpege_europe
2026-08-18,2026-08-19T20:00:00Z,38,8.3,6.0713,6.99,meteofrance_arpege_europe
2026-08-19,2026-08-19T20:00:00Z,14,8.3,7.2469,7.32,meteofrance_arpege_europe
2026-08-18,2026-08-19T21:00:00Z,39,8.1,5.8597,7.06,meteofrance_arpege_europe
2026-08-19,2026-08-19T21:00:00Z,15,8.1,7.5649,8.8,meteofrance_arpege_europe
2026-08-18,2026-08-19T22:00:00Z,40,9.1,6.2216,7.18,meteofrance_arpege_europe
2026-08-19,2026-08-19T22:00:00Z,16,9.1,7.6762,9.94,meteofrance_arpege_europe
2026-08-18,2026-08-19T23:00:00Z,41,8.4,5.492,6.24,meteofrance_arpege_europe
2026-08-19,2026-08-19T23:00:00Z,17,8.4,7.8577,9.56,meteofrance_arpege_europe
2026-08-18,2026-08-20T00:00:00Z,42,8.5,6.2499,6.5,meteofrance_arpege_europe
2026-08-19,2026-08-20T00:00:00Z,18,8.5,7.831,9.6,meteofrance_arpege_europe
2026-08-18,2026-08-20T01:00:00Z,43,7.4,6.4327,7.5,meteofrance_arpege_europe
2026-08-19,2026-08-20T01:00:00Z,19,7.4,7.5866,9.5,meteofrance_arpege_europe
2026-08-18,2026-08-20T02:00:00Z,44,6.7,6.6675,8.45,meteofrance_arpege_europe
2026-08-19,2026-08-20T02:00:00Z,20,6.7,7.793,8.98,meteofrance_arpege_europe
2026-08-18,2026-08-20T03:00:00Z,45,5.5,7.5646,8.06,meteofrance_arpege_europe
2026-08-19,2026-08-20T03:00:00Z,21,5.5,8.1999,10.41,meteofrance_arpege_europe
2026-08-18,2026-08-20T04:00:00Z,46,6.5,7.5973,8.68,meteofrance_arpege_europe
2026-08-19,2026-08-20T04:00:00Z,22,6.5,8.0831,8.86,meteofrance_arpege_europe
2026-08-18,2026-08-20T05:00:00Z,47,6.0,6.8862,7.75,meteofrance_arpege_europe
2026-08-19,2026-08-20T05:00:00Z,23,6.0,7.6488,7.69,meteofrance_arpege_europe
2026-08-18,2026-08-20T06:00:00Z,48,5.5,6.3029,6.12,meteofrance_arpege_europe
2026-08-19,2026-08-20T06:00:00Z,24,5.5,8.2272,9.36,meteofrance_arpege_europe
2026-08-19,2026-08-20T07:00:00Z,25,3.5,7.769,9.24,meteofrance_arpege_europe
2026-08-20,2026-08-20T07:00:00Z,1,3.5,6.3708,8.6,meteofrance_arpege_europe
2026-08-19,2026-08-20T08:00:00Z,26,6.6,8.0727,9.3,meteofrance_arpege_europe
2026-08-20,2026-08-20T08:00:00Z,2,6.6,6.686,8.73,meteofrance_arpege_europe
2026-08-19,2026-08-20T09:00:00Z,27,6.6,8.4374,9.87,meteofrance_arpege_europe
2026-08-20,2026-08-20T09:00:00Z,3,6.9,7.2974,8.95,meteofrance_arpege_europe
2026-08-19,2026-08-20T10:00:00Z,28,6.9,8.3016,9.11,meteofrance_arpege_europe
2026-08-20,2026-08-20T10:00:00Z,4,7.7,7.8365,8.97,meteofrance_arpege_europe
2026-08-19,2026-08-20T11:00:00Z,29,7.7,7.8317,8.22,meteofrance_arpege_europe
2026-08-20,2026-08-20T11:00:00Z,5,7.7,7.2814,8.7,meteofrance_arpege_europe
2026-08-19,2026-08-20T12:00:00Z,30,7.0,7.7748,8.27,meteofrance_arpege_europe
2026-08-20,2026-08-20T12:00:00Z,6,7.0,7.6958,8.29,meteofrance_arpege_europe
2026-08-19,2026-08-20T13:00:00Z,31,8.1,7.5838,8.63,meteofrance_arpege_europe
2026-08-20,2026-08-20T13:00:00Z,7,8.1,7.3633,7.69,meteofrance_arpege_europe
2026-08-19,2026-08-20T14:00:00Z,32,7.4,7.4742,7.52,meteofrance_arpege_europe
2026-08-20,2026-08-20T14:00:00Z,8,7.4,7.3163,8.41,meteofrance_arpege_europe
2026-08-19,2026-08-20T15:00:00Z,33,6.6,7.5212,7.7,meteofrance_arpege_europe
2026-08-20,2026-08-20T15:00:00Z,9,6.6,6.819,7.47,meteofrance_arpege_europe
2026-08-19,2026-08-20T16:00:00Z,34,4.3,6.4094,5.91,meteofrance_arpege_europe
2026-08-20,2026-08-20T16:00:00Z,10,4.3,6.3853,7.05,meteofrance_arpege_europe
2026-08-19,2026-08-20T17:00:00Z,35,3.9,7.3545,8.37,meteofrance_arpege_europe
2026-08-20,2026-08-20T17:00:00Z,11,3.9,6.0727,7.14,meteofrance_arpege_europe
2026-08-19,2026-08-20T18:00:00Z,36,5.9,6.8221,7.51,meteofrance_arpege_europe
2026-08-20,2026-08-20T18:00:00Z,12,5.9,6.1443,7.5,meteofrance_arpege_europe
2026-08-19,2026-08-20T19:00:00Z,37,5.8,6.5164,7.29,meteofrance_arpege_europe
2026-08-20,2026-08-20T19:00:00Z,13,5.8,6.1539,7.16,meteofrance_arpege_europe
2026-08-19,2026-08-20T20:00:00Z,38,5.4,6.4112,6.79,meteofrance_arpege_europe
2026-08-20,2026-08-20T20:00:00Z,14,5.4,5.9221,6.66,meteofrance_arpege_europe
2026-08-19,2026-08-20T21:00:00Z,39,4.8,6.1802,6.52,meteofrance_arpege_europe
2026-08-20,2026-08-20T21:00:00Z,15,4.8,5.2142,5.8,meteofrance_arpege_europe
2026-08-19,2026-08-20T22:00:00Z,40,4.7,5.7417,5.98,meteofrance_arpege_europe
2026-08-20,2026-08-20T22:00:00Z,16,4.7,5.2416,6.07,meteofrance_arpege_europe
2026-08-19,2026-08-20T23:00:00Z,41,5.5,5.1926,5.39,meteofrance_arpege_europe
2026-08-20,2026-08-20T23:00:00Z,17,5.5,4.8969,5.24,meteofrance_arpege_europe
2026-08-19,2026-08-21T00:00:00Z,42,4.1,5.1269,5.38,meteofrance_arpege_europe
2026-08-20,2026-08-21T00:00:00Z,18,4.1,5.1982,5.68,meteofrance_arpege_europe
2026-08-19,2026-08-21T01:00:00Z,43,4.8,5.1471,4.68,meteofrance_arpege_europe
2026-08-20,2026-08-21T01:00:00Z,19,4.8,4.8023,4.6,meteofrance_arpege_europe
2026-08-19,2026-08-21T02:00:00Z,44,4.3,5.1054,4.58,meteofrance_arpege_europe
2026-08-20,2026-08-21T02:00:00Z,20,4.3,4.6625,4.53,meteofrance_arpege_europe
2026-08-19,2026-08-21T03:00:00Z,45,3.3,4.7201,4.56,meteofrance_arpege_europe
2026-08-20,2026-08-21T03:00:00Z,21,3.3,4.5207,4.88,meteofrance_arpege_europe
2026-08-19,2026-08-21T04:00:00Z,46,3.1,4.7661,4.74,meteofrance_arpege_europe
2026-08-20,2026-08-21T04:00:00Z,22,3.1,4.1356,3.98,meteofrance_arpege_europe
2026-08-19,2026-08-21T05:00:00Z,47,3.6,4.7112,4.55,meteofrance_arpege_europe
2026-08-20,2026-08-21T05:00:00Z,23,3.6,3.707,3.5,meteofrance_arpege_europe
2026-08-19,2026-08-21T06:00:00Z,48,5.8,4.6808,4.53,meteofrance_arpege_europe
2026-08-20,2026-08-21T06:00:00Z,24,5.8,3.6206,4.0,meteofrance_arpege_europe
2026-08-20,2026-08-21T07:00:00Z,25,4.4,3.9798,3.86,meteofrance_arpege_europe
2026-08-21,2026-08-21T07:00:00Z,1,4.4,3.9655,3.68,meteofrance_arpege_europe
2026-08-20,2026-08-21T08:00:00Z,26,3.9,4.5117,3.55,meteofrance_arpege_europe
2026-08-21,2026-08-21T08:00:00Z,2,3.9,3.8634,3.4,meteofrance_arpege_europe
2026-08-20,2026-08-21T09:00:00Z,27,3.9,4.434,2.94,meteofrance_arpege_europe
2026-08-21,2026-08-21T09:00:00Z,3,3.2,4.5596,3.62,meteofrance_arpege_europe
2026-08-20,2026-08-21T10:00:00Z,28,3.2,4.529,3.41,meteofrance_arpege_europe
2026-08-21,2026-08-21T10:00:00Z,4,3.6,4.6719,3.48,meteofrance_arpege_europe
2026-08-20,2026-08-21T11:00:00Z,29,4.4,4.4532,4.62,meteofrance_arpege_europe
2026-08-21,2026-08-21T11:00:00Z,5,4.4,4.856,3.85,meteofrance_arpege_europe
2026-08-20,2026-08-21T12:00:00Z,30,4.5,5.2669,6.43,meteofrance_arpege_europe
2026-08-21,2026-08-21T12:00:00Z,6,4.5,5.679,4.85,meteofrance_arpege_europe
2026-08-20,2026-08-21T13:00:00Z,31,3.9,5.48,6.18,meteofrance_arpege_europe
2026-08-21,2026-08-21T13:00:00Z,7,3.9,6.1181,6.14,meteofrance_arpege_europe
2026-08-20,2026-08-21T14:00:00Z,32,4.9,6.7136,8.41,meteofrance_arpege_europe
2026-08-21,2026-08-21T14:00:00Z,8,4.9,6.0374,5.48,meteofrance_arpege_europe
2026-08-20,2026-08-21T15:00:00Z,33,5.5,6.8755,8.32,meteofrance_arpege_europe
2026-08-21,2026-08-21T15:00:00Z,9,5.5,6.5306,7.32,meteofrance_arpege_europe
2026-08-20,2026-08-21T16:00:00Z,34,4.6,7.1141,8.35,meteofrance_arpege_europe
2026-08-21,2026-08-21T16:00:00Z,10,4.6,6.362,7.83,meteofrance_arpege_europe
2026-08-20,2026-08-21T17:00:00Z,35,6.0,7.5238,8.57,meteofrance_arpege_europe
2026-08-21,2026-08-21T17:00:00Z,11,6.0,6.9667,7.73,meteofrance_arpege_europe
2026-08-20,2026-08-21T18:00:00Z,36,5.6,7.2261,8.6,meteofrance_arpege_europe
2026-08-21,2026-08-21T18:00:00Z,12,5.6,7.0927,7.81,meteofrance_arpege_europe
2026-08-20,2026-08-21T19:00:00Z,37,5.6,7.2258,8.38,meteofrance_arpege_europe
2026-08-21,2026-08-21T19:00:00Z,13,5.6,7.1285,8.25,meteofrance_arpege_europe
2026-08-20,2026-08-21T20:00:00Z,38,5.3,6.5998,7.75,meteofrance_arpege_europe
2026-08-21,2026-08-21T20:00:00Z,14,5.3,6.8414,8.55,meteofrance_arpege_europe
2026-08-20,2026-08-21T21:00:00Z,39,5.1,6.2853,7.53,meteofrance_arpege_europe
2026-08-21,2026-08-21T21:00:00Z,15,5.1,6.0825,7.26,meteofrance_arpege_europe
2026-08-20,2026-08-21T22:00:00Z,40,4.2,6.032,7.5,meteofrance_arpege_europe
2026-08-21,2026-08-21T22:00:00Z,16,4.2,5.9603,7.61,meteofrance_arpege_europe
2026-08-20,2026-08-21T23:00:00Z,41,3.7,5.451,6.61,meteofrance_arpege_europe
2026-08-21,2026-08-21T23:00:00Z,17,3.7,5.5029,6.64,meteofrance_arpege_europe
2026-08-20,2026-08-22T00:00:00Z,42,3.6,4.9347,6.14,meteofrance_arpege_europe
2026-08-21,2026-08-22T00:00:00Z,18,3.6,4.7789,5.79,meteofrance_arpege_europe
2026-08-20,2026-08-22T01:00:00Z,43,3.5,4.4226,6.62,meteofrance_arpege_europe
2026-08-21,2026-08-22T01:00:00Z,19,3.5,3.7606,4.59,meteofrance_arpege_europe
2026-08-20,2026-08-22T02:00:00Z,44,3.1,3.9883,5.71,meteofrance_arpege_europe
2026-08-21,2026-08-22T02:00:00Z,20,3.1,2.708,3.26,meteofrance_arpege_europe
2026-08-20,2026-08-22T03:00:00Z,45,2.2,3.1308,4.4,meteofrance_arpege_europe
2026-08-21,2026-08-22T03:00:00Z,21,2.2,2.1515,2.42,meteofrance_arpege_europe
2026-08-20,2026-08-22T04:00:00Z,46,1.6,3.1317,3.45,meteofrance_arpege_europe
2026-08-21,2026-08-22T04:00:00Z,22,1.6,2.5895,3.49,meteofrance_arpege_europe
2026-08-20,2026-08-22T05:00:00Z,47,2.1,3.1495,4.33,meteofrance_arpege_europe
2026-08-21,2026-08-22T05:00:00Z,23,2.1,2.8732,3.83,meteofrance_arpege_europe
2026-08-20,2026-08-22T06:00:00Z,48,2.8,3.0641,4.04,meteofrance_arpege_europe
2026-08-21,2026-08-22T06:00:00Z,24,2.8,2.4566,2.98,meteofrance_arpege_europe
2026-08-21,2026-08-22T07:00:00Z,25,2.3,2.6766,2.91,meteofrance_arpege_europe
2026-08-22,2026-08-22T07:00:00Z,1,2.3,2.8663,3.31,meteofrance_arpege_europe
2026-08-21,2026-08-22T08:00:00Z,26,2.3,3.0631,3.08,meteofrance_arpege_europe
2026-08-22,2026-08-22T08:00:00Z,2,2.8,2.8768,3.01,meteofrance_arpege_europe
2026-08-21,2026-08-22T09:00:00Z,27,3.0,3.8659,4.48,meteofrance_arpege_europe
2026-08-22,2026-08-22T09:00:00Z,3,3.0,3.2223,2.91,meteofrance_arpege_europe
2026-08-21,2026-08-22T10:00:00Z,28,3.0,3.9704,4.88,meteofrance_arpege_europe
2026-08-22,2026-08-22T10:00:00Z,4,2.5,3.0066,2.43,meteofrance_arpege_europe
2026-08-21,2026-08-22T11:00:00Z,29,3.3,4.4227,4.39,meteofrance_arpege_europe
2026-08-22,2026-08-22T11:00:00Z,5,3.3,3.9552,2.88,meteofrance_arpege_europe
2026-08-21,2026-08-22T12:00:00Z,30,2.1,5.3004,5.46,meteofrance_arpege_europe
2026-08-22,2026-08-22T12:00:00Z,6,2.1,4.5792,3.66,meteofrance_arpege_europe
2026-08-21,2026-08-22T13:00:00Z,31,2.9,6.3616,6.35,meteofrance_arpege_europe
2026-08-22,2026-08-22T13:00:00Z,7,2.9,4.9266,3.8,meteofrance_arpege_europe
2026-08-21,2026-08-22T14:00:00Z,32,3.4,7.1996,7.14,meteofrance_arpege_europe
2026-08-22,2026-08-22T14:00:00Z,8,3.4,5.1331,4.49,meteofrance_arpege_europe
2026-08-21,2026-08-22T15:00:00Z,33,6.6,7.3447,8.07,meteofrance_arpege_europe
2026-08-22,2026-08-22T15:00:00Z,9,6.6,5.7673,5.59,meteofrance_arpege_europe
2026-08-21,2026-08-22T16:00:00Z,34,8.0,7.8483,8.84,meteofrance_arpege_europe
2026-08-22,2026-08-22T16:00:00Z,10,8.0,6.3031,6.44,meteofrance_arpege_europe
2026-08-21,2026-08-22T17:00:00Z,35,7.9,8.7568,9.4,meteofrance_arpege_europe
2026-08-22,2026-08-22T17:00:00Z,11,7.9,7.0449,7.99,meteofrance_arpege_europe
2026-08-21,2026-08-22T18:00:00Z,36,8.9,9.7276,10.49,meteofrance_arpege_europe
2026-08-22,2026-08-22T18:00:00Z,12,8.9,7.9965,9.15,meteofrance_arpege_europe
2026-08-21,2026-08-22T19:00:00Z,37,9.5,10.4599,11.45,meteofrance_arpege_europe
2026-08-22,2026-08-22T19:00:00Z,13,9.5,9.463,10.72,meteofrance_arpege_europe
2026-08-21,2026-08-22T20:00:00Z,38,10.0,10.8414,11.39,meteofrance_arpege_europe
2026-08-22,2026-08-22T20:00:00Z,14,10.0,10.9603,12.32,meteofrance_arpege_europe
2026-08-21,2026-08-22T21:00:00Z,39,8.9,9.5639,10.51,meteofrance_arpege_europe
2026-08-22,2026-08-22T21:00:00Z,15,8.9,9.4263,11.91,meteofrance_arpege_europe
2026-08-21,2026-08-22T22:00:00Z,40,8.5,7.8597,8.68,meteofrance_arpege_europe
2026-08-22,2026-08-22T22:00:00Z,16,8.5,9.1463,10.27,meteofrance_arpege_europe
2026-08-21,2026-08-22T23:00:00Z,41,7.6,7.0736,7.83,meteofrance_arpege_europe
2026-08-22,2026-08-22T23:00:00Z,17,7.6,8.7966,9.82,meteofrance_arpege_europe
2026-08-21,2026-08-23T00:00:00Z,42,6.5,6.7865,7.36,meteofrance_arpege_europe
2026-08-22,2026-08-23T00:00:00Z,18,6.5,7.225,8.62,meteofrance_arpege_europe
2026-08-21,2026-08-23T01:00:00Z,43,7.8,7.1304,8.02,meteofrance_arpege_europe
2026-08-22,2026-08-23T01:00:00Z,19,7.8,7.0074,8.1,meteofrance_arpege_europe
2026-08-21,2026-08-23T02:00:00Z,44,7.8,7.2799,8.51,meteofrance_arpege_europe
2026-08-22,2026-08-23T02:00:00Z,20,7.8,7.2179,8.01,meteofrance_arpege_europe
2026-08-21,2026-08-23T03:00:00Z,45,8.4,7.9131,8.9,meteofrance_arpege_europe
2026-08-22,2026-08-23T03:00:00Z,21,8.4,7.6255,8.65,meteofrance_arpege_europe
2026-08-21,2026-08-23T04:00:00Z,46,8.8,8.2936,9.75,meteofrance_arpege_europe
2026-08-22,2026-08-23T04:00:00Z,22,8.8,8.2328,9.53,meteofrance_arpege_europe
2026-08-21,2026-08-23T05:00:00Z,47,7.9,8.4283,10.06,meteofrance_arpege_europe
2026-08-22,2026-08-23T05:00:00Z,23,7.9,8.2,9.62,meteofrance_arpege_europe
2026-08-21,2026-08-23T06:00:00Z,48,8.8,8.6667,10.01,meteofrance_arpege_europe
2026-08-22,2026-08-23T06:00:00Z,24,8.8,7.989,9.35,meteofrance_arpege_europe
2026-08-22,2026-08-23T07:00:00Z,25,8.4,7.9029,9.26,meteofrance_arpege_europe
2026-08-23,2026-08-23T07:00:00Z,1,8.4,7.6348,9.08,meteofrance_arpege_europe
2026-08-22,2026-08-23T08:00:00Z,26,8.4,8.1299,9.08,meteofrance_arpege_europe
2026-08-23,2026-08-23T08:00:00Z,2,7.2,8.1372,9.5,meteofrance_arpege_europe
2026-08-22,2026-08-23T09:00:00Z,27,8.1,8.2918,9.08,meteofrance_arpege_europe
2026-08-23,2026-08-23T09:00:00Z,3,8.1,8.2782,9.64,meteofrance_arpege_europe
2026-08-22,2026-08-23T10:00:00Z,28,8.1,8.0538,8.94,meteofrance_arpege_europe
2026-08-23,2026-08-23T10:00:00Z,4,9.2,8.0398,9.33,meteofrance_arpege_europe
2026-08-22,2026-08-23T11:00:00Z,29,8.7,7.7351,8.71,meteofrance_arpege_europe
2026-08-23,2026-08-23T11:00:00Z,5,8.7,7.9795,9.04,meteofrance_arpege_europe
2026-08-22,2026-08-23T12:00:00Z,30,9.2,8.6146,8.96,meteofrance_arpege_europe
2026-08-23,2026-08-23T12:00:00Z,6,9.2,8.7092,9.92,meteofrance_arpege_europe
2026-08-22,2026-08-23T13:00:00Z,31,10.1,9.4862,9.59,meteofrance_arpege_europe
2026-08-23,2026-08-23T13:00:00Z,7,10.1,10.1379,11.32,meteofrance_arpege_europe
2026-08-22,2026-08-23T14:00:00Z,32,11.1,10.1244,10.64,meteofrance_arpege_europe
2026-08-23,2026-08-23T14:00:00Z,8,11.1,10.8799,12.12,meteofrance_arpege_europe
2026-08-22,2026-08-23T15:00:00Z,33,10.7,10.7565,11.31,meteofrance_arpege_europe
2026-08-23,2026-08-23T15:00:00Z,9,10.7,11.6666,12.76,meteofrance_arpege_europe
2026-08-22,2026-08-23T16:00:00Z,34,12.1,11.5938,11.86,meteofrance_arpege_europe
2026-08-23,2026-08-23T16:00:00Z,10,12.1,12.3833,13.4,meteofrance_arpege_europe
2026-08-22,2026-08-23T17:00:00Z,35,12.2,11.8508,12.48,meteofrance_arpege_europe
2026-08-23,2026-08-23T17:00:00Z,11,12.2,12.5272,13.09,meteofrance_arpege_europe
2026-08-22,2026-08-23T18:00:00Z,36,11.8,11.489,12.88,meteofrance_arpege_europe
2026-08-23,2026-08-23T18:00:00Z,12,11.8,11.4946,12.71,meteofrance_arpege_europe
2026-08-22,2026-08-23T19:00:00Z,37,12.2,11.5556,12.84,meteofrance_arpege_europe
2026-08-23,2026-08-23T19:00:00Z,13,12.2,11.3817,12.74,meteofrance_arpege_europe
2026-08-22,2026-08-23T20:00:00Z,38,11.0,11.2258,12.31,meteofrance_arpege_europe
2026-08-23,2026-08-23T20:00:00Z,14,11.0,11.1706,12.3,meteofrance_arpege_europe
2026-08-22,2026-08-23T21:00:00Z,39,10.6,10.7724,10.69,meteofrance_arpege_europe
2026-08-23,2026-08-23T21:00:00Z,15,10.6,10.2895,11.72,meteofrance_arpege_europe
2026-08-22,2026-08-23T22:00:00Z,40,9.9,9.6884,8.54,meteofrance_arpege_europe
2026-08-23,2026-08-23T22:00:00Z,16,9.9,10.0961,11.01,meteofrance_arpege_europe
2026-08-22,2026-08-23T23:00:00Z,41,9.9,9.5288,8.98,meteofrance_arpege_europe
2026-08-23,2026-08-23T23:00:00Z,17,9.9,10.4923,10.35,meteofrance_arpege_europe
2026-08-22,2026-08-24T00:00:00Z,42,9.9,9.1291,8.93,meteofrance_arpege_europe
2026-08-23,2026-08-24T00:00:00Z,18,9.9,10.0159,10.32,meteofrance_arpege_europe
2026-08-22,2026-08-24T01:00:00Z,43,10.1,8.5133,8.86,meteofrance_arpege_europe
2026-08-23,2026-08-24T01:00:00Z,19,10.1,8.5414,9.33,meteofrance_arpege_europe
2026-08-22,2026-08-24T02:00:00Z,44,9.1,9.5405,9.12,meteofrance_arpege_europe
2026-08-23,2026-08-24T02:00:00Z,20,9.1,8.8029,8.77,meteofrance_arpege_europe
2026-08-22,2026-08-24T03:00:00Z,45,8.7,9.2634,9.34,meteofrance_arpege_europe
2026-08-23,2026-08-24T03:00:00Z,21,8.7,9.2403,8.51,meteofrance_arpege_europe
2026-08-22,2026-08-24T04:00:00Z,46,8.4,10.1543,9.22,meteofrance_arpege_europe
2026-08-23,2026-08-24T04:00:00Z,22,8.4,9.2188,8.68,meteofrance_arpege_europe
2026-08-22,2026-08-24T05:00:00Z,47,9.2,9.7573,9.55,meteofrance_arpege_europe
2026-08-23,2026-08-24T05:00:00Z,23,9.2,8.9095,8.62,meteofrance_arpege_europe
2026-08-22,2026-08-24T06:00:00Z,48,9.3,9.3726,9.17,meteofrance_arpege_europe
2026-08-23,2026-08-24T06:00:00Z,24,9.3,10.0013,9.68,meteofrance_arpege_europe
2026-08-23,2026-08-24T07:00:00Z,25,9.9,10.5572,11.37,meteofrance_arpege_europe
2026-08-24,2026-08-24T07:00:00Z,1,9.9,9.3982,8.83,meteofrance_arpege_europe
2026-08-23,2026-08-24T08:00:00Z,26,8.9,10.5047,11.41,meteofrance_arpege_europe
2026-08-24,2026-08-24T08:00:00Z,2,8.9,9.8041,9.9,meteofrance_arpege_europe
2026-08-23,2026-08-24T09:00:00Z,27,8.9,9.9381,10.64,meteofrance_arpege_europe
2026-08-24,2026-08-24T09:00:00Z,3,9.9,8.3341,8.88,meteofrance_arpege_europe
2026-08-23,2026-08-24T10:00:00Z,28,10.3,7.9904,9.2,meteofrance_arpege_europe
2026-08-24,2026-08-24T10:00:00Z,4,10.3,8.7827,9.96,meteofrance_arpege_europe
2026-08-23,2026-08-24T11:00:00Z,29,10.3,7.9331,8.63,meteofrance_arpege_europe
2026-08-24,2026-08-24T11:00:00Z,5,9.5,9.7663,10.98,meteofrance_arpege_europe
2026-08-23,2026-08-24T12:00:00Z,30,10.8,8.3454,9.51,meteofrance_arpege_europe
2026-08-24,2026-08-24T12:00:00Z,6,10.8,9.9654,11.01,meteofrance_arpege_europe
2026-08-23,2026-08-24T13:00:00Z,31,8.7,9.0913,10.5,meteofrance_arpege_europe
2026-08-24,2026-08-24T13:00:00Z,7,8.7,10.1264,11.46,meteofrance_arpege_europe
2026-08-23,2026-08-24T14:00:00Z,32,6.2,9.2228,10.59,meteofrance_arpege_europe
2026-08-24,2026-08-24T14:00:00Z,8,6.2,9.9249,11.16,meteofrance_arpege_europe
2026-08-23,2026-08-24T15:00:00Z,33,7.0,8.3806,10.65,meteofrance_arpege_europe
2026-08-24,2026-08-24T15:00:00Z,9,7.0,9.2616,10.11,meteofrance_arpege_europe
2026-08-23,2026-08-24T16:00:00Z,34,9.2,6.8503,7.44,meteofrance_arpege_europe
2026-08-24,2026-08-24T16:00:00Z,10,9.2,8.8486,5.4,meteofrance_arpege_europe
2026-08-23,2026-08-24T17:00:00Z,35,9.3,3.7724,2.77,meteofrance_arpege_europe
2026-08-24,2026-08-24T17:00:00Z,11,9.3,8.4673,3.54,meteofrance_arpege_europe
2026-08-23,2026-08-24T18:00:00Z,36,4.6,4.3797,3.67,meteofrance_arpege_europe
2026-08-24,2026-08-24T18:00:00Z,12,4.6,7.4695,1.58,meteofrance_arpege_europe
2026-08-23,2026-08-24T19:00:00Z,37,6.7,3.9815,2.21,meteofrance_arpege_europe
2026-08-24,2026-08-24T19:00:00Z,13,6.7,6.8435,4.63,meteofrance_arpege_europe
2026-08-23,2026-08-24T20:00:00Z,38,6.5,4.0408,2.72,meteofrance_arpege_europe
2026-08-24,2026-08-24T20:00:00Z,14,6.5,6.4884,6.46,meteofrance_arpege_europe
2026-08-23,2026-08-24T21:00:00Z,39,6.0,4.4034,3.41,meteofrance_arpege_europe
2026-08-24,2026-08-24T21:00:00Z,15,6.0,6.1766,6.9,meteofrance_arpege_europe
2026-08-23,2026-08-24T22:00:00Z,40,3.3,4.8142,3.88,meteofrance_arpege_europe
2026-08-24,2026-08-24T22:00:00Z,16,3.3,5.6473,5.82,meteofrance_arpege_europe
2026-08-23,2026-08-24T23:00:00Z,41,5.8,4.9111,5.61,meteofrance_arpege_europe
2026-08-24,2026-08-24T23:00:00Z,17,5.8,5.4009,5.99,meteofrance_arpege_europe
2026-08-23,2026-08-25T00:00:00Z,42,6.4,5.667,7.05,meteofrance_arpege_europe
2026-08-24,2026-08-25T00:00:00Z,18,6.4,5.415,5.88,meteofrance_arpege_europe
2026-08-23,2026-08-25T01:00:00Z,43,5.4,4.7168,5.99,meteofrance_arpege_europe
2026-08-24,2026-08-25T01:00:00Z,19,5.4,5.37,5.41,meteofrance_arpege_europe
2026-08-23,2026-08-25T02:00:00Z,44,4.1,4.3813,4.52,meteofrance_arpege_europe
2026-08-24,2026-08-25T02:00:00Z,20,4.1,4.4151,4.76,meteofrance_arpege_europe
2026-08-23,2026-08-25T03:00:00Z,45,2.9,3.4307,3.53,meteofrance_arpege_europe
2026-08-24,2026-08-25T03:00:00Z,21,2.9,4.2369,4.46,meteofrance_arpege_europe
2026-08-23,2026-08-25T04:00:00Z,46,2.5,2.7323,2.34,meteofrance_arpege_europe
2026-08-24,2026-08-25T04:00:00Z,22,2.5,3.5792,4.14,meteofrance_arpege_europe
2026-08-23,2026-08-25T05:00:00Z,47,4.9,2.1111,1.21,meteofrance_arpege_europe
2026-08-24,2026-08-25T05:00:00Z,23,4.9,3.3087,3.31,meteofrance_arpege_europe
2026-08-23,2026-08-25T06:00:00Z,48,2.7,2.2698,0.1,meteofrance_arpege_europe
2026-08-24,2026-08-25T06:00:00Z,24,2.7,2.9659,3.05,meteofrance_arpege_europe
2026-08-24,2026-08-25T07:00:00Z,25,3.7,2.8468,2.47,meteofrance_arpege_europe
2026-08-25,2026-08-25T07:00:00Z,1,3.7,3.0746,2.92,meteofrance_arpege_europe
2026-08-24,2026-08-25T08:00:00Z,26,3.0,3.0808,2.87,meteofrance_arpege_europe
2026-08-25,2026-08-25T08:00:00Z,2,3.0,2.777,2.5,meteofrance_arpege_europe
2026-08-24,2026-08-25T09:00:00Z,27,3.0,2.6033,2.01,meteofrance_arpege_europe
2026-08-25,2026-08-25T09:00:00Z,3,1.6,3.0728,3.26,meteofrance_arpege_europe
2026-08-24,2026-08-25T10:00:00Z,28,1.6,2.1249,1.61,meteofrance_arpege_europe
2026-08-25,2026-08-25T10:00:00Z,4,6.0,3.1003,2.94,meteofrance_arpege_europe
2026-08-24,2026-08-25T11:00:00Z,29,4.0,2.3337,2.2,meteofrance_arpege_europe
2026-08-25,2026-08-25T11:00:00Z,5,4.0,3.7819,4.04,meteofrance_arpege_europe
2026-08-24,2026-08-25T12:00:00Z,30,7.2,2.075,1.98,meteofrance_arpege_europe
2026-08-25,2026-08-25T12:00:00Z,6,7.2,5.2817,5.67,meteofrance_arpege_europe
2026-08-24,2026-08-25T13:00:00Z,31,6.6,2.6283,1.75,meteofrance_arpege_europe
2026-08-25,2026-08-25T13:00:00Z,7,6.6,5.3481,5.46,meteofrance_arpege_europe
2026-08-24,2026-08-25T14:00:00Z,32,6.9,2.9753,1.81,meteofrance_arpege_europe
2026-08-25,2026-08-25T14:00:00Z,8,6.9,5.5806,5.01,meteofrance_arpege_europe
2026-08-24,2026-08-25T15:00:00Z,33,6.9,2.1985,1.9,meteofrance_arpege_europe
2026-08-25,2026-08-25T15:00:00Z,9,6.9,5.2187,4.79,meteofrance_arpege_europe
2026-08-24,2026-08-25T16:00:00Z,34,5.6,2.0619,1.84,meteofrance_arpege_europe
2026-08-25,2026-08-25T16:00:00Z,10,5.6,4.8009,4.52,meteofrance_arpege_europe
2026-08-24,2026-08-25T17:00:00Z,35,5.5,2.3681,2.91,meteofrance_arpege_europe
2026-08-25,2026-08-25T17:00:00Z,11,5.5,4.7285,4.35,meteofrance_arpege_europe
2026-08-24,2026-08-25T18:00:00Z,36,3.8,2.5928,3.21,meteofrance_arpege_europe
2026-08-25,2026-08-25T18:00:00Z,12,3.8,4.6203,4.54,meteofrance_arpege_europe
2026-08-24,2026-08-25T19:00:00Z,37,3.9,3.0831,3.61,meteofrance_arpege_europe
2026-08-25,2026-08-25T19:00:00Z,13,3.9,4.3089,3.95,meteofrance_arpege_europe
2026-08-24,2026-08-25T20:00:00Z,38,4.8,3.3787,3.49,meteofrance_arpege_europe
2026-08-25,2026-08-25T20:00:00Z,14,4.8,4.0039,3.41,meteofrance_arpege_europe
2026-08-24,2026-08-25T21:00:00Z,39,4.5,3.8074,3.49,meteofrance_arpege_europe
2026-08-25,2026-08-25T21:00:00Z,15,4.5,4.0079,3.61,meteofrance_arpege_europe
2026-08-24,2026-08-25T22:00:00Z,40,4.5,4.0793,3.94,meteofrance_arpege_europe
2026-08-25,2026-08-25T22:00:00Z,16,4.5,3.9412,3.8,meteofrance_arpege_europe
2026-08-24,2026-08-25T23:00:00Z,41,5.4,4.543,4.08,meteofrance_arpege_europe
2026-08-25,2026-08-25T23:00:00Z,17,5.4,3.6935,3.35,meteofrance_arpege_europe
2026-08-24,2026-08-26T00:00:00Z,42,4.0,5.5761,5.33,meteofrance_arpege_europe
2026-08-25,2026-08-26T00:00:00Z,18,4.0,3.8124,3.52,meteofrance_arpege_europe
2026-08-24,2026-08-26T01:00:00Z,43,5.3,5.3684,5.78,meteofrance_arpege_europe
2026-08-25,2026-08-26T01:00:00Z,19,5.3,3.8659,3.55,meteofrance_arpege_europe
2026-08-24,2026-08-26T02:00:00Z,44,4.1,5.4647,5.91,meteofrance_arpege_europe
2026-08-25,2026-08-26T02:00:00Z,20,4.1,3.9221,3.88,meteofrance_arpege_europe
2026-08-24,2026-08-26T03:00:00Z,45,4.4,5.5519,6.71,meteofrance_arpege_europe
2026-08-25,2026-08-26T03:00:00Z,21,4.4,4.7833,3.81,meteofrance_arpege_europe
2026-08-24,2026-08-26T04:00:00Z,46,5.0,5.6186,7.32,meteofrance_arpege_europe
2026-08-25,2026-08-26T04:00:00Z,22,5.0,4.9619,3.83,meteofrance_arpege_europe
2026-08-24,2026-08-26T05:00:00Z,47,6.2,5.6295,7.2,meteofrance_arpege_europe
2026-08-25,2026-08-26T05:00:00Z,23,6.2,5.5,4.6,meteofrance_arpege_europe
2026-08-24,2026-08-26T06:00:00Z,48,7.2,6.1203,7.12,meteofrance_arpege_europe
2026-08-25,2026-08-26T06:00:00Z,24,7.2,5.8342,4.95,meteofrance_arpege_europe
2026-08-25,2026-08-26T07:00:00Z,25,6.8,6.2559,5.66,meteofrance_arpege_europe
2026-08-26,2026-08-26T07:00:00Z,1,6.8,5.8454,4.72,meteofrance_arpege_europe
2026-08-25,2026-08-26T08:00:00Z,26,4.9,6.2275,5.87,meteofrance_arpege_europe
2026-08-26,2026-08-26T08:00:00Z,2,4.9,6.2019,5.88,meteofrance_arpege_europe
2026-08-25,2026-08-26T09:00:00Z,27,4.9,6.0901,6.14,meteofrance_arpege_europe
2026-08-26,2026-08-26T09:00:00Z,3,7.0,6.107,6.18,meteofrance_arpege_europe
2026-08-25,2026-08-26T10:00:00Z,28,7.5,6.0072,5.68,meteofrance_arpege_europe
2026-08-26,2026-08-26T10:00:00Z,4,7.5,6.2691,6.27,meteofrance_arpege_europe
2026-08-25,2026-08-26T11:00:00Z,29,7.5,5.9311,5.68,meteofrance_arpege_europe
2026-08-26,2026-08-26T11:00:00Z,5,7.7,5.8847,6.02,meteofrance_arpege_europe
2026-08-25,2026-08-26T12:00:00Z,30,5.2,5.4838,6.04,meteofrance_arpege_europe
2026-08-26,2026-08-26T12:00:00Z,6,5.2,5.5144,5.94,meteofrance_arpege_europe
2026-08-25,2026-08-26T13:00:00Z,31,5.3,4.6575,5.99,meteofrance_arpege_europe
2026-08-26,2026-08-26T13:00:00Z,7,5.3,5.0791,5.15,meteofrance_arpege_europe
2026-08-25,2026-08-26T14:00:00Z,32,5.1,3.815,5.23,meteofrance_arpege_europe
2026-08-26,2026-08-26T14:00:00Z,8,5.1,4.1368,4.3,meteofrance_arpege_europe
2026-08-25,2026-08-26T15:00:00Z,33,4.6,3.5983,4.25,meteofrance_arpege_europe
2026-08-26,2026-08-26T15:00:00Z,9,4.6,3.3058,3.62,meteofrance_arpege_europe
2026-08-25,2026-08-26T16:00:00Z,34,4.2,3.4323,3.05,meteofrance_arpege_europe
2026-08-26,2026-08-26T16:00:00Z,10,4.2,4.1906,3.47,meteofrance_arpege_europe
2026-08-25,2026-08-26T17:00:00Z,35,5.4,3.0256,1.36,meteofrance_arpege_europe
2026-08-26,2026-08-26T17:00:00Z,11,5.4,4.7972,3.91,meteofrance_arpege_europe
2026-08-25,2026-08-26T18:00:00Z,36,4.0,3.4422,2.01,meteofrance_arpege_europe
2026-08-26,2026-08-26T18:00:00Z,12,4.0,4.3745,3.3,meteofrance_arpege_europe
2026-08-25,2026-08-26T19:00:00Z,37,2.0,3.509,2.14,meteofrance_arpege_europe
2026-08-26,2026-08-26T19:00:00Z,13,2.0,3.2808,1.9,meteofrance_arpege_europe
2026-08-25,2026-08-26T20:00:00Z,38,4.2,3.6297,2.47,meteofrance_arpege_europe
2026-08-26,2026-08-26T20:00:00Z,14,4.2,4.0795,3.13,meteofrance_arpege_europe
2026-08-25,2026-08-26T21:00:00Z,39,4.1,4.6882,4.36,meteofrance_arpege_europe
2026-08-26,2026-08-26T21:00:00Z,15,4.1,4.2401,3.36,meteofrance_arpege_europe
2026-08-25,2026-08-26T22:00:00Z,40,3.6,4.3701,3.56,meteofrance_arpege_europe
2026-08-26,2026-08-26T22:00:00Z,16,3.6,5.7141,6.45,meteofrance_arpege_europe
2026-08-25,2026-08-26T23:00:00Z,41,4.8,3.9834,3.41,meteofrance_arpege_europe
2026-08-26,2026-08-26T23:00:00Z,17,4.8,6.2065,5.51,meteofrance_arpege_europe
2026-08-25,2026-08-27T00:00:00Z,42,3.8,4.6382,5.5,meteofrance_arpege_europe
2026-08-26,2026-08-27T00:00:00Z,18,3.8,6.8204,4.73,meteofrance_arpege_europe
2026-08-25,2026-08-27T01:00:00Z,43,4.7,5.6526,7.57,meteofrance_arpege_europe
2026-08-26,2026-08-27T01:00:00Z,19,4.7,6.9416,5.16,meteofrance_arpege_europe
2026-08-25,2026-08-27T02:00:00Z,44,5.3,6.0746,7.85,meteofrance_arpege_europe
2026-08-26,2026-08-27T02:00:00Z,20,5.3,7.0113,7.25,meteofrance_arpege_europe
2026-08-25,2026-08-27T03:00:00Z,45,6.1,6.0688,7.37,meteofrance_arpege_europe
2026-08-26,2026-08-27T03:00:00Z,21,6.1,6.762,7.97,meteofrance_arpege_europe
2026-08-25,2026-08-27T04:00:00Z,46,9.7,5.7146,7.48,meteofrance_arpege_europe
2026-08-26,2026-08-27T04:00:00Z,22,9.7,7.1434,9.19,meteofrance_arpege_europe
2026-08-25,2026-08-27T05:00:00Z,47,7.2,6.0511,7.13,meteofrance_arpege_europe
2026-08-26,2026-08-27T05:00:00Z,23,7.2,6.4649,8.02,meteofrance_arpege_europe
2026-08-25,2026-08-27T06:00:00Z,48,7.8,6.5901,7.38,meteofrance_arpege_europe
2026-08-26,2026-08-27T06:00:00Z,24,7.8,6.7423,7.86,meteofrance_arpege_europe
2026-08-26,2026-08-27T07:00:00Z,25,5.1,7.149,8.6,meteofrance_arpege_europe
2026-08-27,2026-08-27T07:00:00Z,1,5.1,6.7132,6.58,meteofrance_arpege_europe
2026-08-26,2026-08-27T08:00:00Z,26,3.8,7.7341,8.65,meteofrance_arpege_europe
2026-08-27,2026-08-27T08:00:00Z,2,3.8,6.2128,6.11,meteofrance_arpege_europe
2026-08-26,2026-08-27T09:00:00Z,27,4.8,7.7199,8.56,meteofrance_arpege_europe
2026-08-27,2026-08-27T09:00:00Z,3,4.8,5.3685,4.81,meteofrance_arpege_europe
2026-08-26,2026-08-27T10:00:00Z,28,4.7,8.3364,8.25,meteofrance_arpege_europe
2026-08-27,2026-08-27T10:00:00Z,4,4.7,5.467,4.96,meteofrance_arpege_europe
2026-08-26,2026-08-27T11:00:00Z,29,6.3,8.6293,8.5,meteofrance_arpege_europe
2026-08-27,2026-08-27T11:00:00Z,5,6.3,5.8576,5.32,meteofrance_arpege_europe
2026-08-26,2026-08-27T12:00:00Z,30,6.6,8.4303,8.74,meteofrance_arpege_europe
2026-08-27,2026-08-27T12:00:00Z,6,6.6,5.5645,4.88,meteofrance_arpege_europe
2026-08-26,2026-08-27T13:00:00Z,31,6.0,8.5619,8.15,meteofrance_arpege_europe
2026-08-27,2026-08-27T13:00:00Z,7,6.0,5.6277,4.95,meteofrance_arpege_europe
2026-08-26,2026-08-27T14:00:00Z,32,5.8,8.4866,8.42,meteofrance_arpege_europe
2026-08-27,2026-08-27T14:00:00Z,8,5.8,5.1582,4.33,meteofrance_arpege_europe
2026-08-26,2026-08-27T15:00:00Z,33,5.4,7.5522,8.77,meteofrance_arpege_europe
2026-08-27,2026-08-27T15:00:00Z,9,5.4,4.7661,3.97,meteofrance_arpege_europe
2026-08-26,2026-08-27T16:00:00Z,34,5.6,6.9794,7.86,meteofrance_arpege_europe
2026-08-27,2026-08-27T16:00:00Z,10,5.6,4.2881,3.94,meteofrance_arpege_europe
2026-08-26,2026-08-27T17:00:00Z,35,5.4,5.7866,6.85,meteofrance_arpege_europe
2026-08-27,2026-08-27T17:00:00Z,11,5.4,4.0342,3.75,meteofrance_arpege_europe
2026-08-26,2026-08-27T18:00:00Z,36,5.0,5.5914,6.86,meteofrance_arpege_europe
2026-08-27,2026-08-27T18:00:00Z,12,5.0,3.6616,3.47,meteofrance_arpege_europe
2026-08-26,2026-08-27T19:00:00Z,37,5.0,5.0863,6.36,meteofrance_arpege_europe
2026-08-27,2026-08-27T19:00:00Z,13,2.5,2.6318,2.5,meteofrance_arpege_europe
2026-08-26,2026-08-27T20:00:00Z,38,4.7,5.7576,7.37,meteofrance_arpege_europe
2026-08-27,2026-08-27T20:00:00Z,14,4.7,2.484,2.11,meteofrance_arpege_europe
2026-08-26,2026-08-27T21:00:00Z,39,3.1,5.6352,7.0,meteofrance_arpege_europe
2026-08-27,2026-08-27T21:00:00Z,15,3.1,2.9357,2.4,meteofrance_arpege_europe
2026-08-26,2026-08-27T22:00:00Z,40,2.4,5.9944,7.27,meteofrance_arpege_europe
2026-08-27,2026-08-27T22:00:00Z,16,2.4,2.7143,2.51,meteofrance_arpege_europe
2026-08-26,2026-08-27T23:00:00Z,41,1.7,6.078,6.98,meteofrance_arpege_europe
2026-08-27,2026-08-27T23:00:00Z,17,1.7,2.6618,2.62,meteofrance_arpege_europe
2026-08-26,2026-08-28T00:00:00Z,42,1.6,5.9964,6.24,meteofrance_arpege_europe
2026-08-27,2026-08-28T00:00:00Z,18,1.6,3.3881,3.49,meteofrance_arpege_europe
2026-08-26,2026-08-28T01:00:00Z,43,2.8,6.1389,6.89,meteofrance_arpege_europe
2026-08-27,2026-08-28T01:00:00Z,19,2.8,3.5372,3.68,meteofrance_arpege_europe
2026-08-26,2026-08-28T02:00:00Z,44,2.8,5.8713,7.99,meteofrance_arpege_europe
2026-08-27,2026-08-28T02:00:00Z,20,2.8,3.5087,3.4,meteofrance_arpege_europe
2026-08-26,2026-08-28T03:00:00Z,45,3.3,6.957,8.13,meteofrance_arpege_europe
2026-08-27,2026-08-28T03:00:00Z,21,3.3,3.7619,3.67,meteofrance_arpege_europe
2026-08-26,2026-08-28T04:00:00Z,46,4.1,7.091,8.56,meteofrance_arpege_europe
2026-08-27,2026-08-28T04:00:00Z,22,4.1,3.9909,4.03,meteofrance_arpege_europe
2026-08-26,2026-08-28T05:00:00Z,47,3.0,7.4681,9.2,meteofrance_arpege_europe
2026-08-27,2026-08-28T05:00:00Z,23,3.0,4.2803,4.18,meteofrance_arpege_europe
2026-08-26,2026-08-28T06:00:00Z,48,3.5,7.9087,9.41,meteofrance_arpege_europe
2026-08-27,2026-08-28T06:00:00Z,24,3.5,4.3204,3.92,meteofrance_arpege_europe
2026-08-27,2026-08-28T07:00:00Z,25,3.2,4.3645,3.8,meteofrance_arpege_europe
2026-08-28,2026-08-28T07:00:00Z,1,3.2,4.2011,3.89,meteofrance_arpege_europe
2026-08-27,2026-08-28T08:00:00Z,26,4.8,4.3561,3.4,meteofrance_arpege_europe
2026-08-28,2026-08-28T08:00:00Z,2,4.8,4.3825,4.16,meteofrance_arpege_europe
2026-08-27,2026-08-28T09:00:00Z,27,6.0,4.4274,3.66,meteofrance_arpege_europe
2026-08-28,2026-08-28T09:00:00Z,3,6.0,4.7926,4.14,meteofrance_arpege_europe
2026-08-27,2026-08-28T10:00:00Z,28,6.9,5.6039,5.39,meteofrance_arpege_europe
2026-08-28,2026-08-28T10:00:00Z,4,6.9,5.427,5.12,meteofrance_arpege_europe
2026-08-27,2026-08-28T11:00:00Z,29,5.0,6.0034,5.03,meteofrance_arpege_europe
2026-08-28,2026-08-28T11:00:00Z,5,5.0,6.3487,5.86,meteofrance_arpege_europe
2026-08-27,2026-08-28T12:00:00Z,30,7.8,6.7302,5.59,meteofrance_arpege_europe
2026-08-28,2026-08-28T12:00:00Z,6,7.8,6.8995,6.71,meteofrance_arpege_europe
2026-08-27,2026-08-28T13:00:00Z,31,8.0,6.2053,5.12,meteofrance_arpege_europe
2026-08-28,2026-08-28T13:00:00Z,7,8.0,6.9284,6.68,meteofrance_arpege_europe
2026-08-27,2026-08-28T14:00:00Z,32,8.8,6.1041,5.3,meteofrance_arpege_europe
2026-08-28,2026-08-28T14:00:00Z,8,8.8,7.254,6.72,meteofrance_arpege_europe
2026-08-27,2026-08-28T15:00:00Z,33,7.2,6.1068,5.27,meteofrance_arpege_europe
2026-08-28,2026-08-28T15:00:00Z,9,7.2,7.2842,6.93,meteofrance_arpege_europe
2026-08-27,2026-08-28T16:00:00Z,34,7.4,5.3308,4.65,meteofrance_arpege_europe
2026-08-28,2026-08-28T16:00:00Z,10,7.4,6.5319,6.58,meteofrance_arpege_europe
2026-08-27,2026-08-28T17:00:00Z,35,6.1,5.1408,4.32,meteofrance_arpege_europe
2026-08-28,2026-08-28T17:00:00Z,11,6.1,5.6836,6.01,meteofrance_arpege_europe
2026-08-27,2026-08-28T18:00:00Z,36,5.3,4.8915,4.22,meteofrance_arpege_europe
2026-08-28,2026-08-28T18:00:00Z,12,5.3,5.5493,5.53,meteofrance_arpege_europe
2026-08-27,2026-08-28T19:00:00Z,37,5.4,4.9096,4.6,meteofrance_arpege_europe
2026-08-28,2026-08-28T19:00:00Z,13,5.4,5.455,5.78,meteofrance_arpege_europe
2026-08-27,2026-08-28T20:00:00Z,38,5.4,4.9493,4.83,meteofrance_arpege_europe
2026-08-28,2026-08-28T20:00:00Z,14,5.1,5.4346,5.75,meteofrance_arpege_europe
2026-08-27,2026-08-28T21:00:00Z,39,5.1,5.0685,4.75,meteofrance_arpege_europe
2026-08-28,2026-08-28T21:00:00Z,15,5.9,5.7367,6.1,meteofrance_arpege_europe
2026-08-27,2026-08-28T22:00:00Z,40,6.2,5.4238,5.22,meteofrance_arpege_europe
2026-08-28,2026-08-28T22:00:00Z,16,6.2,6.261,6.44,meteofrance_arpege_europe
2026-08-27,2026-08-28T23:00:00Z,41,6.8,6.0404,5.72,meteofrance_arpege_europe
2026-08-28,2026-08-28T23:00:00Z,17,6.8,6.8225,7.22,meteofrance_arpege_europe
2026-08-27,2026-08-29T00:00:00Z,42,8.0,6.6722,6.42,meteofrance_arpege_europe
2026-08-28,2026-08-29T00:00:00Z,18,8.0,7.5048,8.19,meteofrance_arpege_europe
2026-08-27,2026-08-29T01:00:00Z,43,9.0,7.9744,8.38,meteofrance_arpege_europe
2026-08-28,2026-08-29T01:00:00Z,19,9.0,8.8562,8.9,meteofrance_arpege_europe
2026-08-27,2026-08-29T02:00:00Z,44,10.1,8.7198,10.01,meteofrance_arpege_europe
2026-08-28,2026-08-29T02:00:00Z,20,10.1,9.8597,11.11,meteofrance_arpege_europe
2026-08-27,2026-08-29T03:00:00Z,45,12.2,9.3764,10.79,meteofrance_arpege_europe
2026-08-28,2026-08-29T03:00:00Z,21,12.2,10.0611,11.57,meteofrance_arpege_europe
2026-08-27,2026-08-29T04:00:00Z,46,12.0,10.2425,12.58,meteofrance_arpege_europe
2026-08-28,2026-08-29T04:00:00Z,22,12.0,12.3736,13.25,meteofrance_arpege_europe
2026-08-27,2026-08-29T05:00:00Z,47,11.2,9.7037,10.93,meteofrance_arpege_europe
2026-08-28,2026-08-29T05:00:00Z,23,11.2,10.4644,12.47,meteofrance_arpege_europe
2026-08-27,2026-08-29T06:00:00Z,48,10.5,9.3381,10.3,meteofrance_arpege_europe
2026-08-28,2026-08-29T06:00:00Z,24,10.5,10.4895,12.95,meteofrance_arpege_europe
2026-08-28,2026-08-29T07:00:00Z,25,12.7,10.608,11.81,meteofrance_arpege_europe
2026-08-29,2026-08-29T07:00:00Z,1,12.7,10.701,11.69,meteofrance_arpege_europe
2026-08-28,2026-08-29T08:00:00Z,26,12.6,11.8725,13.93,meteofrance_arpege_europe
2026-08-29,2026-08-29T08:00:00Z,2,12.6,12.1453,13.57,meteofrance_arpege_europe
2026-08-28,2026-08-29T09:00:00Z,27,13.0,13.1651,14.82,meteofrance_arpege_europe
2026-08-29,2026-08-29T09:00:00Z,3,13.0,12.3188,14.45,meteofrance_arpege_europe
2026-08-28,2026-08-29T10:00:00Z,28,12.6,12.556,14.84,meteofrance_arpege_europe
2026-08-29,2026-08-29T10:00:00Z,4,12.6,12.8672,14.78,meteofrance_arpege_europe
2026-08-28,2026-08-29T11:00:00Z,29,12.7,12.4227,14.29,meteofrance_arpege_europe
2026-08-29,2026-08-29T11:00:00Z,5,12.7,12.0822,13.9,meteofrance_arpege_europe
2026-08-28,2026-08-29T12:00:00Z,30,12.7,12.4519,13.74,meteofrance_arpege_europe
2026-08-29,2026-08-29T12:00:00Z,6,12.7,11.5045,12.83,meteofrance_arpege_europe
2026-08-28,2026-08-29T13:00:00Z,31,11.3,11.9404,13.17,meteofrance_arpege_europe
2026-08-29,2026-08-29T13:00:00Z,7,11.3,10.8441,12.02,meteofrance_arpege_europe
2026-08-28,2026-08-29T14:00:00Z,32,11.3,10.9501,11.94,meteofrance_arpege_europe
2026-08-29,2026-08-29T14:00:00Z,8,11.5,10.6134,11.24,meteofrance_arpege_europe
2026-08-28,2026-08-29T15:00:00Z,33,11.5,10.1685,11.04,meteofrance_arpege_europe
2026-08-29,2026-08-29T15:00:00Z,9,10.9,10.2711,10.61,meteofrance_arpege_europe
2026-08-28,2026-08-29T16:00:00Z,34,10.0,9.0438,10.28,meteofrance_arpege_europe
2026-08-29,2026-08-29T16:00:00Z,10,10.0,9.3592,10.5,meteofrance_arpege_europe
2026-08-28,2026-08-29T17:00:00Z,35,7.9,8.5013,9.3,meteofrance_arpege_europe
2026-08-29,2026-08-29T17:00:00Z,11,7.9,8.1832,8.8,meteofrance_arpege_europe
2026-08-28,2026-08-29T18:00:00Z,36,7.5,7.4203,7.81,meteofrance_arpege_europe
2026-08-29,2026-08-29T18:00:00Z,12,7.5,7.0618,7.65,meteofrance_arpege_europe
2026-08-28,2026-08-29T19:00:00Z,37,7.3,7.0084,8.4,meteofrance_arpege_europe
2026-08-29,2026-08-29T19:00:00Z,13,7.3,6.552,8.08,meteofrance_arpege_europe
2026-08-28,2026-08-29T20:00:00Z,38,6.6,6.1269,6.65,meteofrance_arpege_europe
2026-08-29,2026-08-29T20:00:00Z,14,6.6,6.225,8.22,meteofrance_arpege_europe
2026-08-28,2026-08-29T21:00:00Z,39,5.9,5.6426,6.0,meteofrance_arpege_europe
2026-08-29,2026-08-29T21:00:00Z,15,5.9,5.9223,6.82,meteofrance_arpege_europe
2026-08-28,2026-08-29T22:00:00Z,40,4.4,5.5016,5.92,meteofrance_arpege_europe
2026-08-29,2026-08-29T22:00:00Z,16,4.4,5.7649,7.05,meteofrance_arpege_europe
2026-08-28,2026-08-29T23:00:00Z,41,5.4,5.5456,6.4,meteofrance_arpege_europe
2026-08-29,2026-08-29T23:00:00Z,17,5.4,5.5374,6.58,meteofrance_arpege_europe
2026-08-28,2026-08-30T00:00:00Z,42,6.1,5.3769,5.99,meteofrance_arpege_europe
2026-08-29,2026-08-30T00:00:00Z,18,6.1,5.5221,6.27,meteofrance_arpege_europe
2026-08-28,2026-08-30T01:00:00Z,43,4.4,5.4192,6.05,meteofrance_arpege_europe
2026-08-29,2026-08-30T01:00:00Z,19,4.4,6.003,7.44,meteofrance_arpege_europe
2026-08-28,2026-08-30T02:00:00Z,44,5.4,5.3389,5.84,meteofrance_arpege_europe
2026-08-29,2026-08-30T02:00:00Z,20,5.4,6.1987,7.05,meteofrance_arpege_europe
2026-08-28,2026-08-30T03:00:00Z,45,4.8,5.705,6.69,meteofrance_arpege_europe
2026-08-29,2026-08-30T03:00:00Z,21,4.8,5.8146,5.78,meteofrance_arpege_europe
2026-08-28,2026-08-30T04:00:00Z,46,6.1,5.6299,6.49,meteofrance_arpege_europe
2026-08-29,2026-08-30T04:00:00Z,22,6.1,5.9476,5.89,meteofrance_arpege_europe
2026-08-28,2026-08-30T05:00:00Z,47,6.9,5.9706,6.38,meteofrance_arpege_europe
2026-08-29,2026-08-30T05:00:00Z,23,6.9,6.3383,7.85,meteofrance_arpege_europe
2026-08-28,2026-08-30T06:00:00Z,48,5.6,6.398,7.46,meteofrance_arpege_europe
2026-08-29,2026-08-30T06:00:00Z,24,5.6,6.3347,7.27,meteofrance_arpege_europe
2026-08-29,2026-08-30T07:00:00Z,25,6.2,6.2972,6.59,meteofrance_arpege_europe
2026-08-30,2026-08-30T07:00:00Z,1,6.2,6.2486,6.8,meteofrance_arpege_europe
2026-08-29,2026-08-30T08:00:00Z,26,6.1,7.342,7.95,meteofrance_arpege_europe
2026-08-30,2026-08-30T08:00:00Z,2,6.1,7.5323,9.12,meteofrance_arpege_europe
2026-08-29,2026-08-30T09:00:00Z,27,6.9,7.5269,7.42,meteofrance_arpege_europe
2026-08-30,2026-08-30T09:00:00Z,3,6.9,7.5747,8.63,meteofrance_arpege_europe
2026-08-29,2026-08-30T10:00:00Z,28,9.0,8.5922,8.75,meteofrance_arpege_europe
2026-08-30,2026-08-30T10:00:00Z,4,9.0,8.6133,9.24,meteofrance_arpege_europe
2026-08-29,2026-08-30T11:00:00Z,29,10.3,9.0542,8.82,meteofrance_arpege_europe
2026-08-30,2026-08-30T11:00:00Z,5,10.3,8.9627,10.15,meteofrance_arpege_europe
2026-08-29,2026-08-30T12:00:00Z,30,11.1,9.4235,9.75,meteofrance_arpege_europe
2026-08-30,2026-08-30T12:00:00Z,6,11.1,10.2652,11.15,meteofrance_arpege_europe
2026-08-29,2026-08-30T13:00:00Z,31,10.2,9.7038,10.2,meteofrance_arpege_europe
2026-08-30,2026-08-30T13:00:00Z,7,10.2,11.0885,12.59,meteofrance_arpege_europe
2026-08-29,2026-08-30T14:00:00Z,32,10.2,11.7362,13.86,meteofrance_arpege_europe
2026-08-30,2026-08-30T14:00:00Z,8,8.3,10.3796,11.11,meteofrance_arpege_europe
2026-08-29,2026-08-30T15:00:00Z,33,8.3,10.312,11.47,meteofrance_arpege_europe
2026-08-30,2026-08-30T15:00:00Z,9,9.4,9.2018,9.13,meteofrance_arpege_europe
2026-08-29,2026-08-30T16:00:00Z,34,8.6,10.1892,10.89,meteofrance_arpege_europe
2026-08-30,2026-08-30T16:00:00Z,10,8.6,9.5956,10.1,meteofrance_arpege_europe
2026-08-29,2026-08-30T17:00:00Z,35,10.2,9.5437,9.99,meteofrance_arpege_europe
2026-08-30,2026-08-30T17:00:00Z,11,10.2,10.2726,11.18,meteofrance_arpege_europe
2026-08-29,2026-08-30T18:00:00Z,36,9.7,10.3485,10.93,meteofrance_arpege_europe
2026-08-30,2026-08-30T18:00:00Z,12,9.7,10.5304,12.15,meteofrance_arpege_europe
2026-08-29,2026-08-30T19:00:00Z,37,10.6,10.486,12.24,meteofrance_arpege_europe
2026-08-30,2026-08-30T19:00:00Z,13,10.6,10.7752,12.46,meteofrance_arpege_europe
2026-08-29,2026-08-30T20:00:00Z,38,11.0,10.1196,12.03,meteofrance_arpege_europe
2026-08-30,2026-08-30T20:00:00Z,14,11.0,9.9583,11.7,meteofrance_arpege_europe
2026-08-29,2026-08-30T21:00:00Z,39,11.0,10.419,12.43,meteofrance_arpege_europe
2026-08-30,2026-08-30T21:00:00Z,15,11.0,10.3645,12.71,meteofrance_arpege_europe
2026-08-29,2026-08-30T22:00:00Z,40,9.4,9.4505,10.63,meteofrance_arpege_europe
2026-08-30,2026-08-30T22:00:00Z,16,9.4,10.368,12.79,meteofrance_arpege_europe
2026-08-29,2026-08-30T23:00:00Z,41,10.0,10.0386,12.03,meteofrance_arpege_europe
2026-08-30,2026-08-30T23:00:00Z,17,10.0,9.9583,10.72,meteofrance_arpege_europe
2026-08-29,2026-08-31T00:00:00Z,42,9.3,9.2642,11.67,meteofrance_arpege_europe
2026-08-30,2026-08-31T00:00:00Z,18,9.3,9.1252,8.96,meteofrance_arpege_europe
2026-08-29,2026-08-31T01:00:00Z,43,10.1,9.0845,10.22,meteofrance_arpege_europe
2026-08-30,2026-08-31T01:00:00Z,19,10.1,9.1291,9.82,meteofrance_arpege_europe
2026-08-29,2026-08-31T02:00:00Z,44,10.5,11.0051,12.26,meteofrance_arpege_europe
2026-08-30,2026-08-31T02:00:00Z,20,10.5,9.2253,10.43,meteofrance_arpege_europe
2026-08-29,2026-08-31T03:00:00Z,45,10.1,9.4253,9.73,meteofrance_arpege_europe
2026-08-30,2026-08-31T03:00:00Z,21,10.1,9.853,11.12,meteofrance_arpege_europe
2026-08-29,2026-08-31T04:00:00Z,46,8.7,9.4795,10.14,meteofrance_arpege_europe
2026-08-30,2026-08-31T04:00:00Z,22,8.7,9.5245,10.32,meteofrance_arpege_europe
2026-08-29,2026-08-31T05:00:00Z,47,10.4,9.2723,10.14,meteofrance_arpege_europe
2026-08-30,2026-08-31T05:00:00Z,23,10.4,9.453,10.48,meteofrance_arpege_europe
2026-08-29,2026-08-31T06:00:00Z,48,10.5,9.5171,9.85,meteofrance_arpege_europe
2026-08-30,2026-08-31T06:00:00Z,24,10.5,8.5525,9.48,meteofrance_arpege_europe
2026-08-30,2026-08-31T07:00:00Z,25,9.8,8.4593,9.16,meteofrance_arpege_europe
2026-08-31,2026-08-31T07:00:00Z,1,9.8,9.0986,9.71,meteofrance_arpege_europe
2026-08-30,2026-08-31T08:00:00Z,26,6.8,7.485,7.21,meteofrance_arpege_europe
2026-08-31,2026-08-31T08:00:00Z,2,6.8,8.0246,8.51,meteofrance_arpege_europe
2026-08-30,2026-08-31T09:00:00Z,27,7.1,7.972,8.6,meteofrance_arpege_europe
2026-08-31,2026-08-31T09:00:00Z,3,7.1,7.5451,8.29,meteofrance_arpege_europe
2026-08-30,2026-08-31T10:00:00Z,28,7.5,7.5075,7.56,meteofrance_arpege_europe
2026-08-31,2026-08-31T10:00:00Z,4,7.5,6.758,6.67,meteofrance_arpege_europe
2026-08-30,2026-08-31T11:00:00Z,29,5.4,6.6659,7.07,meteofrance_arpege_europe
2026-08-31,2026-08-31T11:00:00Z,5,5.4,7.0962,7.38,meteofrance_arpege_europe
2026-08-30,2026-08-31T12:00:00Z,30,5.0,6.2877,6.4,meteofrance_arpege_europe
2026-08-31,2026-08-31T12:00:00Z,6,5.0,7.0,7.52,meteofrance_arpege_europe
2026-08-30,2026-08-31T13:00:00Z,31,5.2,5.9612,5.95,meteofrance_arpege_europe
2026-08-31,2026-08-31T13:00:00Z,7,5.2,6.5689,7.2,meteofrance_arpege_europe
2026-08-30,2026-08-31T14:00:00Z,32,3.9,5.5543,5.24,meteofrance_arpege_europe
2026-08-31,2026-08-31T14:00:00Z,8,3.9,5.7212,6.4,meteofrance_arpege_europe
2026-08-30,2026-08-31T15:00:00Z,33,4.7,4.9994,4.69,meteofrance_arpege_europe
2026-08-31,2026-08-31T15:00:00Z,9,4.7,5.6027,6.19,meteofrance_arpege_europe
2026-08-30,2026-08-31T16:00:00Z,34,4.7,4.3924,4.25,meteofrance_arpege_europe
2026-08-31,2026-08-31T16:00:00Z,10,4.3,5.3941,5.33,meteofrance_arpege_europe
2026-08-30,2026-08-31T17:00:00Z,35,4.5,3.9057,3.83,meteofrance_arpege_europe
2026-08-31,2026-08-31T17:00:00Z,11,4.5,4.433,4.22,meteofrance_arpege_europe
2026-08-30,2026-08-31T18:00:00Z,36,4.5,2.868,2.48,meteofrance_arpege_europe
2026-08-31,2026-08-31T18:00:00Z,12,3.2,4.3296,4.3,meteofrance_arpege_europe
2026-08-30,2026-08-31T19:00:00Z,37,2.8,2.645,1.65,meteofrance_arpege_europe
2026-08-31,2026-08-31T19:00:00Z,13,2.8,3.8297,3.78,meteofrance_arpege_europe
2026-08-30,2026-08-31T20:00:00Z,38,3.2,2.4951,2.21,meteofrance_arpege_europe
2026-08-31,2026-08-31T20:00:00Z,14,3.2,2.8762,2.52,meteofrance_arpege_europe
2026-08-30,2026-08-31T21:00:00Z,39,2.7,2.5789,2.65,meteofrance_arpege_europe
2026-08-31,2026-08-31T21:00:00Z,15,2.7,2.4428,1.51,meteofrance_arpege_europe
2026-08-30,2026-08-31T22:00:00Z,40,2.0,2.7728,2.21,meteofrance_arpege_europe
2026-08-31,2026-08-31T22:00:00Z,16,2.0,2.4844,1.8,meteofrance_arpege_europe
2026-08-30,2026-08-31T23:00:00Z,41,0.8,2.8686,1.77,meteofrance_arpege_europe
2026-08-31,2026-08-31T23:00:00Z,17,0.8,2.4526,2.0,meteofrance_arpege_europe
2026-08-30,2026-09-01T00:00:00Z,42,2.7,2.9442,1.66,meteofrance_arpege_europe
2026-08-31,2026-09-01T00:00:00Z,18,2.7,2.2476,1.61,meteofrance_arpege_europe
2026-08-30,2026-09-01T01:00:00Z,43,1.8,2.6087,1.63,meteofrance_arpege_europe
2026-08-31,2026-09-01T01:00:00Z,19,1.8,2.317,1.41,meteofrance_arpege_europe
2026-08-30,2026-09-01T02:00:00Z,44,3.0,2.4264,1.84,meteofrance_arpege_europe
2026-08-31,2026-09-01T02:00:00Z,20,3.0,2.2292,1.49,meteofrance_arpege_europe
2026-08-30,2026-09-01T03:00:00Z,45,2.9,2.2886,2.19,meteofrance_arpege_europe
2026-08-31,2026-09-01T03:00:00Z,21,2.9,2.1101,1.21,meteofrance_arpege_europe
2026-08-30,2026-09-01T04:00:00Z,46,1.6,2.4466,2.42,meteofrance_arpege_europe
2026-08-31,2026-09-01T04:00:00Z,22,1.6,2.1473,1.49,meteofrance_arpege_europe
2026-08-30,2026-09-01T05:00:00Z,47,4.3,2.6251,2.09,meteofrance_arpege_europe
2026-08-31,2026-09-01T05:00:00Z,23,4.3,2.5058,1.49,meteofrance_arpege_europe
2026-08-30,2026-09-01T06:00:00Z,48,3.9,2.43,1.3,meteofrance_arpege_europe
2026-08-31,2026-09-01T06:00:00Z,24,3.9,2.7314,1.34,meteofrance_arpege_europe
2026-08-31,2026-09-01T07:00:00Z,25,2.9,2.8221,1.35,meteofrance_arpege_europe
2026-09-01,2026-09-01T07:00:00Z,1,2.9,2.4366,2.09,meteofrance_arpege_europe
2026-08-31,2026-09-01T08:00:00Z,26,3.5,2.6644,1.48,meteofrance_arpege_europe
2026-09-01,2026-09-01T08:00:00Z,2,3.5,2.7153,2.66,meteofrance_arpege_europe
2026-08-31,2026-09-01T09:00:00Z,27,4.5,2.6543,1.61,meteofrance_arpege_europe
2026-09-01,2026-09-01T09:00:00Z,3,4.5,3.5151,3.58,meteofrance_arpege_europe
2026-08-31,2026-09-01T10:00:00Z,28,4.8,2.9525,2.06,meteofrance_arpege_europe
2026-09-01,2026-09-01T10:00:00Z,4,4.8,3.7797,4.08,meteofrance_arpege_europe
2026-08-31,2026-09-01T11:00:00Z,29,3.9,3.3881,2.53,meteofrance_arpege_europe
2026-09-01,2026-09-01T11:00:00Z,5,3.9,4.4839,4.3,meteofrance_arpege_europe
2026-08-31,2026-09-01T12:00:00Z,30,5.5,3.8575,3.37,meteofrance_arpege_europe
2026-09-01,2026-09-01T12:00:00Z,6,5.5,4.3691,4.1,meteofrance_arpege_europe
2026-08-31,2026-09-01T13:00:00Z,31,5.5,4.11,3.92,meteofrance_arpege_europe
2026-09-01,2026-09-01T13:00:00Z,7,5.5,4.3768,3.91,meteofrance_arpege_europe
2026-08-31,2026-09-01T14:00:00Z,32,6.4,4.4751,3.89,meteofrance_arpege_europe
2026-09-01,2026-09-01T14:00:00Z,8,6.4,4.3753,4.2,meteofrance_arpege_europe
2026-08-31,2026-09-01T15:00:00Z,33,6.4,4.3102,3.97,meteofrance_arpege_europe
2026-09-01,2026-09-01T15:00:00Z,9,5.3,4.4884,4.24,meteofrance_arpege_europe
2026-08-31,2026-09-01T16:00:00Z,34,4.5,4.0343,3.86,meteofrance_arpege_europe
2026-09-01,2026-09-01T16:00:00Z,10,4.5,4.3306,4.18,meteofrance_arpege_europe
2026-08-31,2026-09-01T17:00:00Z,35,3.1,3.7636,3.4,meteofrance_arpege_europe
2026-09-01,2026-09-01T17:00:00Z,11,3.1,4.2636,4.2,meteofrance_arpege_europe
2026-08-31,2026-09-01T18:00:00Z,36,4.8,3.6257,2.97,meteofrance_arpege_europe
2026-09-01,2026-09-01T18:00:00Z,12,4.8,4.0583,4.08,meteofrance_arpege_europe
2026-08-31,2026-09-01T19:00:00Z,37,3.9,3.614,3.11,meteofrance_arpege_europe
2026-09-01,2026-09-01T19:00:00Z,13,3.9,3.7959,3.83,meteofrance_arpege_europe
2026-08-31,2026-09-01T20:00:00Z,38,3.9,3.5993,3.31,meteofrance_arpege_europe
2026-09-01,2026-09-01T20:00:00Z,14,3.9,3.864,3.72,meteofrance_arpege_europe
2026-08-31,2026-09-01T21:00:00Z,39,4.2,3.955,3.7,meteofrance_arpege_europe
2026-09-01,2026-09-01T21:00:00Z,15,4.2,4.0008,4.12,meteofrance_arpege_europe
2026-08-31,2026-09-01T22:00:00Z,40,5.8,4.3096,4.42,meteofrance_arpege_europe
2026-09-01,2026-09-01T22:00:00Z,16,5.8,4.4005,4.9,meteofrance_arpege_europe
2026-08-31,2026-09-01T23:00:00Z,41,5.3,4.4664,5.02,meteofrance_arpege_europe
2026-09-01,2026-09-01T23:00:00Z,17,5.3,5.0181,5.59,meteofrance_arpege_europe
2026-08-31,2026-09-02T00:00:00Z,42,5.7,4.532,5.53,meteofrance_arpege_europe
2026-09-01,2026-09-02T00:00:00Z,18,5.7,5.6891,6.04,meteofrance_arpege_europe
2026-08-31,2026-09-02T01:00:00Z,43,4.2,5.0537,5.6,meteofrance_arpege_europe
2026-09-01,2026-09-02T01:00:00Z,19,4.2,5.5822,6.0,meteofrance_arpege_europe
2026-08-31,2026-09-02T02:00:00Z,44,3.7,5.1543,5.54,meteofrance_arpege_europe
2026-09-01,2026-09-02T02:00:00Z,20,3.7,5.4361,5.64,meteofrance_arpege_europe
2026-08-31,2026-09-02T03:00:00Z,45,5.4,5.2172,5.66,meteofrance_arpege_europe
2026-09-01,2026-09-02T03:00:00Z,21,5.4,5.4205,5.99,meteofrance_arpege_europe
2026-08-31,2026-09-02T04:00:00Z,46,6.1,5.2045,5.85,meteofrance_arpege_europe
2026-09-01,2026-09-02T04:00:00Z,22,6.1,5.6973,6.18,meteofrance_arpege_europe
2026-08-31,2026-09-02T05:00:00Z,47,6.2,5.5556,6.11,meteofrance_arpege_europe
2026-09-01,2026-09-02T05:00:00Z,23,6.2,6.0716,6.22,meteofrance_arpege_europe
2026-08-31,2026-09-02T06:00:00Z,48,6.6,5.7269,6.4,meteofrance_arpege_europe
2026-09-01,2026-09-02T06:00:00Z,24,6.6,6.2563,6.66,meteofrance_arpege_europe
2026-09-01,2026-09-02T07:00:00Z,25,6.6,6.8456,7.38,meteofrance_arpege_europe
2026-09-01,2026-09-02T08:00:00Z,26,7.0,7.2939,8.05,meteofrance_arpege_europe
2026-09-01,2026-09-02T09:00:00Z,27,8.9,7.5333,8.62,meteofrance_arpege_europe
2026-09-01,2026-09-02T10:00:00Z,28,8.4,7.8854,8.73,meteofrance_arpege_europe
2026-09-01,2026-09-02T11:00:00Z,29,8.3,8.1549,8.73,meteofrance_arpege_europe
2026-09-01,2026-09-02T12:00:00Z,30,9.7,8.8117,8.32,meteofrance_arpege_europe
2026-09-01,2026-09-02T13:00:00Z,31,9.7,8.7868,8.08,meteofrance_arpege_europe
2026-09-01,2026-09-02T14:00:00Z,32,9.0,8.5516,8.43,meteofrance_arpege_europe
