date,t,lead_h,obs,ia,baseline,baseline_model
2026-07-04,2026-07-04T07:00:00Z,1,4.3,3.213,2.88,meteofrance_arpege_europe
2026-07-04,2026-07-04T08:00:00Z,2,7.3,5.5018,3.55,meteofrance_arpege_europe
2026-07-04,2026-07-04T09:00:00Z,3,7.1,6.1089,4.75,meteofrance_arpege_europe
2026-07-04,2026-07-04T10:00:00Z,4,8.2,7.3716,5.8,meteofrance_arpege_europe
2026-07-04,2026-07-04T11:00:00Z,5,8.2,7.8402,6.09,meteofrance_arpege_europe
2026-07-04,2026-07-04T12:00:00Z,6,9.1,8.2036,6.09,meteofrance_arpege_europe
2026-07-04,2026-07-04T13:00:00Z,7,9.6,7.74,6.18,meteofrance_arpege_europe
2026-07-04,2026-07-04T14:00:00Z,8,8.2,7.5274,6.33,meteofrance_arpege_europe
2026-07-04,2026-07-04T15:00:00Z,9,6.4,7.189,5.77,meteofrance_arpege_europe
2026-07-04,2026-07-04T16:00:00Z,10,7.1,7.2302,6.07,meteofrance_arpege_europe
2026-07-04,2026-07-04T17:00:00Z,11,7.0,7.3692,5.93,meteofrance_arpege_europe
2026-07-04,2026-07-04T18:00:00Z,12,6.7,6.6874,5.22,meteofrance_arpege_europe
2026-07-04,2026-07-04T19:00:00Z,13,6.4,6.3343,4.74,meteofrance_arpege_europe
2026-07-04,2026-07-04T20:00:00Z,14,3.7,5.0891,4.4,meteofrance_arpege_europe
2026-07-04,2026-07-04T21:00:00Z,15,5.0,4.8444,4.0,meteofrance_arpege_europe
2026-07-04,2026-07-04T22:00:00Z,16,4.4,4.9075,4.41,meteofrance_arpege_europe
2026-07-04,2026-07-04T23:00:00Z,17,5.8,5.1979,4.47,meteofrance_arpege_europe
2026-07-04,2026-07-05T00:00:00Z,18,6.2,5.4676,4.46,meteofrance_arpege_europe
2026-07-04,2026-07-05T01:00:00Z,19,6.7,4.9074,4.24,meteofrance_arpege_europe
2026-07-04,2026-07-05T02:00:00Z,20,5.1,4.9407,4.27,meteofrance_arpege_europe
2026-07-04,2026-07-05T03:00:00Z,21,4.5,4.8603,4.18,meteofrance_arpege_europe
2026-07-04,2026-07-05T04:00:00Z,22,7.3,4.944,4.32,meteofrance_arpege_europe
2026-07-04,2026-07-05T05:00:00Z,23,6.1,4.7931,4.1,meteofrance_arpege_europe
2026-07-04,2026-07-05T06:00:00Z,24,4.6,5.0029,3.8,meteofrance_arpege_europe
2026-07-04,2026-07-05T07:00:00Z,25,5.4,5.4677,3.96,meteofrance_arpege_europe
2026-07-05,2026-07-05T07:00:00Z,1,5.4,5.5546,3.96,meteofrance_arpege_europe
2026-07-04,2026-07-05T08:00:00Z,26,5.3,4.7101,3.69,meteofrance_arpege_europe
2026-07-05,2026-07-05T08:00:00Z,2,5.3,4.8314,3.69,meteofrance_arpege_europe
2026-07-04,2026-07-05T09:00:00Z,27,5.2,4.9078,3.98,meteofrance_arpege_europe
2026-07-05,2026-07-05T09:00:00Z,3,5.2,5.1015,3.98,meteofrance_arpege_europe
2026-07-04,2026-07-05T10:00:00Z,28,6.7,4.9331,4.12,meteofrance_arpege_europe
2026-07-05,2026-07-05T10:00:00Z,4,6.7,4.8772,4.12,meteofrance_arpege_europe
2026-07-04,2026-07-05T11:00:00Z,29,5.5,5.4648,4.68,meteofrance_arpege_europe
2026-07-05,2026-07-05T11:00:00Z,5,5.5,5.6207,4.68,meteofrance_arpege_europe
2026-07-04,2026-07-05T12:00:00Z,30,8.1,6.157,4.83,meteofrance_arpege_europe
2026-07-05,2026-07-05T12:00:00Z,6,8.1,5.9069,4.83,meteofrance_arpege_europe
2026-07-04,2026-07-05T13:00:00Z,31,8.3,6.4127,5.64,meteofrance_arpege_europe
2026-07-05,2026-07-05T13:00:00Z,7,8.3,6.6033,5.64,meteofrance_arpege_europe
2026-07-04,2026-07-05T14:00:00Z,32,8.1,5.5445,4.37,meteofrance_arpege_europe
2026-07-05,2026-07-05T14:00:00Z,8,8.1,5.2763,4.37,meteofrance_arpege_europe
2026-07-04,2026-07-05T15:00:00Z,33,7.1,4.9936,4.3,meteofrance_arpege_europe
2026-07-05,2026-07-05T15:00:00Z,9,7.1,5.0537,4.3,meteofrance_arpege_europe
2026-07-04,2026-07-05T16:00:00Z,34,5.7,4.046,3.71,meteofrance_arpege_europe
2026-07-05,2026-07-05T16:00:00Z,10,5.7,4.185,3.71,meteofrance_arpege_europe
2026-07-04,2026-07-05T17:00:00Z,35,4.4,4.27,3.79,meteofrance_arpege_europe
2026-07-05,2026-07-05T17:00:00Z,11,4.4,4.7461,3.79,meteofrance_arpege_europe
2026-07-04,2026-07-05T18:00:00Z,36,3.0,3.4963,2.93,meteofrance_arpege_europe
2026-07-05,2026-07-05T18:00:00Z,12,3.0,3.302,2.93,meteofrance_arpege_europe
2026-07-04,2026-07-05T19:00:00Z,37,4.6,3.3127,2.8,meteofrance_arpege_europe
2026-07-05,2026-07-05T19:00:00Z,13,4.6,3.9682,2.8,meteofrance_arpege_europe
2026-07-04,2026-07-05T20:00:00Z,38,3.5,3.6833,3.11,meteofrance_arpege_europe
2026-07-05,2026-07-05T20:00:00Z,14,3.5,4.4151,3.11,meteofrance_arpege_europe
2026-07-04,2026-07-05T21:00:00Z,39,3.4,3.4588,3.24,meteofrance_arpege_europe
2026-07-05,2026-07-05T21:00:00Z,15,3.4,3.2191,3.24,meteofrance_arpege_europe
2026-07-04,2026-07-05T22:00:00Z,40,2.4,2.588,2.42,meteofrance_arpege_europe
2026-07-05,2026-07-05T22:00:00Z,16,2.4,2.7639,2.42,meteofrance_arpege_europe
2026-07-04,2026-07-05T23:00:00Z,41,2.8,2.6042,1.86,meteofrance_arpege_europe
2026-07-05,2026-07-05T23:00:00Z,17,2.8,3.0565,1.86,meteofrance_arpege_europe
2026-07-04,2026-07-06T00:00:00Z,42,2.5,2.8399,2.2,meteofrance_arpege_europe
2026-07-05,2026-07-06T00:00:00Z,18,2.5,3.1628,2.2,meteofrance_arpege_europe
2026-07-04,2026-07-06T01:00:00Z,43,2.6,3.2653,2.51,meteofrance_arpege_europe
2026-07-05,2026-07-06T01:00:00Z,19,2.6,3.453,2.51,meteofrance_arpege_europe
2026-07-04,2026-07-06T02:00:00Z,44,3.2,3.3117,2.87,meteofrance_arpege_europe
2026-07-05,2026-07-06T02:00:00Z,20,3.2,3.5238,2.87,meteofrance_arpege_europe
2026-07-04,2026-07-06T03:00:00Z,45,2.8,3.1621,2.75,meteofrance_arpege_europe
2026-07-05,2026-07-06T03:00:00Z,21,2.8,3.5145,2.75,meteofrance_arpege_europe
2026-07-04,2026-07-06T04:00:00Z,46,2.7,3.2091,2.58,meteofrance_arpege_europe
2026-07-05,2026-07-06T04:00:00Z,22,2.7,3.508,2.58,meteofrance_arpege_europe
2026-07-04,2026-07-06T05:00:00Z,47,3.5,3.0428,2.11,meteofrance_arpege_europe
2026-07-05,2026-07-06T05:00:00Z,23,3.5,3.3653,2.11,meteofrance_arpege_europe
2026-07-04,2026-07-06T06:00:00Z,48,3.6,3.0892,2.68,meteofrance_arpege_europe
2026-07-05,2026-07-06T06:00:00Z,24,3.6,3.3503,2.68,meteofrance_arpege_europe
2026-07-05,2026-07-06T07:00:00Z,25,3.2,2.9017,2.66,meteofrance_arpege_europe
2026-07-06,2026-07-06T07:00:00Z,1,3.2,2.8416,2.66,meteofrance_arpege_europe
2026-07-05,2026-07-06T08:00:00Z,26,2.7,2.9512,2.83,meteofrance_arpege_europe
2026-07-06,2026-07-06T08:00:00Z,2,2.7,2.9767,2.83,meteofrance_arpege_europe
2026-07-05,2026-07-06T09:00:00Z,27,1.1,2.9987,2.56,meteofrance_arpege_europe
2026-07-06,2026-07-06T09:00:00Z,3,1.1,3.1727,2.56,meteofrance_arpege_europe
2026-07-05,2026-07-06T10:00:00Z,28,2.2,3.5995,3.36,meteofrance_arpege_europe
2026-07-06,2026-07-06T10:00:00Z,4,2.2,3.6255,3.36,meteofrance_arpege_europe
2026-07-05,2026-07-06T11:00:00Z,29,3.2,4.2657,4.03,meteofrance_arpege_europe
2026-07-06,2026-07-06T11:00:00Z,5,3.2,4.0696,4.03,meteofrance_arpege_europe
2026-07-05,2026-07-06T12:00:00Z,30,4.5,3.8436,3.19,meteofrance_arpege_europe
2026-07-06,2026-07-06T12:00:00Z,6,4.5,4.2365,3.19,meteofrance_arpege_europe
2026-07-05,2026-07-06T13:00:00Z,31,3.8,4.1302,3.22,meteofrance_arpege_europe
2026-07-06,2026-07-06T13:00:00Z,7,3.8,4.244,3.22,meteofrance_arpege_europe
2026-07-05,2026-07-06T14:00:00Z,32,5.1,4.4937,3.61,meteofrance_arpege_europe
2026-07-06,2026-07-06T14:00:00Z,8,5.1,4.8399,3.61,meteofrance_arpege_europe
2026-07-05,2026-07-06T15:00:00Z,33,4.4,4.3847,3.41,meteofrance_arpege_europe
2026-07-06,2026-07-06T15:00:00Z,9,4.4,4.4947,3.41,meteofrance_arpege_europe
2026-07-05,2026-07-06T16:00:00Z,34,4.4,3.9516,3.27,meteofrance_arpege_europe
2026-07-06,2026-07-06T16:00:00Z,10,4.4,3.6038,3.27,meteofrance_arpege_europe
2026-07-05,2026-07-06T17:00:00Z,35,2.9,3.3969,2.85,meteofrance_arpege_europe
2026-07-06,2026-07-06T17:00:00Z,11,2.9,2.9266,2.85,meteofrance_arpege_europe
2026-07-05,2026-07-06T18:00:00Z,36,3.1,3.3781,2.96,meteofrance_arpege_europe
2026-07-06,2026-07-06T18:00:00Z,12,3.1,3.141,2.96,meteofrance_arpege_europe
2026-07-05,2026-07-06T19:00:00Z,37,1.6,2.9363,2.7,meteofrance_arpege_europe
2026-07-06,2026-07-06T19:00:00Z,13,1.6,2.84,2.7,meteofrance_arpege_europe
2026-07-05,2026-07-06T20:00:00Z,38,1.7,2.7001,2.42,meteofrance_arpege_europe
2026-07-06,2026-07-06T20:00:00Z,14,1.7,2.5796,2.42,meteofrance_arpege_europe
2026-07-05,2026-07-06T21:00:00Z,39,3.6,2.6684,2.19,meteofrance_arpege_europe
2026-07-06,2026-07-06T21:00:00Z,15,3.6,2.7604,2.19,meteofrance_arpege_europe
2026-07-05,2026-07-06T22:00:00Z,40,3.9,2.9048,2.09,meteofrance_arpege_europe
2026-07-06,2026-07-06T22:00:00Z,16,3.9,3.2525,2.09,meteofrance_arpege_europe
2026-07-05,2026-07-06T23:00:00Z,41,4.3,2.8466,2.19,meteofrance_arpege_europe
2026-07-06,2026-07-06T23:00:00Z,17,4.3,3.4548,2.19,meteofrance_arpege_europe
2026-07-05,2026-07-07T00:00:00Z,42,5.2,3.0055,2.67,meteofrance_arpege_europe
2026-07-06,2026-07-07T00:00:00Z,18,5.2,3.4813,2.67,meteofrance_arpege_europe
2026-07-05,2026-07-07T01:00:00Z,43,4.3,3.3346,3.1,meteofrance_arpege_europe
2026-07-06,2026-07-07T01:00:00Z,19,4.3,3.4881,3.1,meteofrance_arpege_europe
2026-07-05,2026-07-07T02:00:00Z,44,4.4,3.404,3.1,meteofrance_arpege_europe
2026-07-06,2026-07-07T02:00:00Z,20,4.4,3.501,3.1,meteofrance_arpege_europe
2026-07-05,2026-07-07T03:00:00Z,45,4.5,3.0895,2.21,meteofrance_arpege_europe
2026-07-06,2026-07-07T03:00:00Z,21,4.5,3.3444,2.21,meteofrance_arpege_europe
2026-07-05,2026-07-07T04:00:00Z,46,4.4,2.9438,1.91,meteofrance_arpege_europe
2026-07-06,2026-07-07T04:00:00Z,22,4.4,3.1632,1.91,meteofrance_arpege_europe
2026-07-05,2026-07-07T05:00:00Z,47,4.5,3.4488,2.61,meteofrance_arpege_europe
2026-07-06,2026-07-07T05:00:00Z,23,4.5,3.428,2.61,meteofrance_arpege_europe
2026-07-05,2026-07-07T06:00:00Z,48,4.2,3.4116,2.58,meteofrance_arpege_europe
2026-07-06,2026-07-07T06:00:00Z,24,4.2,3.3838,2.58,meteofrance_arpege_europe
2026-07-06,2026-07-07T07:00:00Z,25,3.5,3.5235,2.83,meteofrance_arpege_europe
2026-07-07,2026-07-07T07:00:00Z,1,3.5,3.3067,2.83,meteofrance_arpege_europe
2026-07-06,2026-07-07T08:00:00Z,26,3.6,5.5884,3.79,meteofrance_arpege_europe
2026-07-07,2026-07-07T08:00:00Z,2,3.6,5.0265,3.79,meteofrance_arpege_europe
2026-07-06,2026-07-07T09:00:00Z,27,4.4,6.6363,4.54,meteofrance_arpege_europe
2026-07-07,2026-07-07T09:00:00Z,3,4.4,5.8418,4.54,meteofrance_arpege_europe
2026-07-06,2026-07-07T10:00:00Z,28,4.9,6.9289,5.12,meteofrance_arpege_europe
2026-07-07,2026-07-07T10:00:00Z,4,4.9,6.3661,5.12,meteofrance_arpege_europe
2026-07-06,2026-07-07T11:00:00Z,29,5.8,7.2404,5.76,meteofrance_arpege_europe
2026-07-07,2026-07-07T11:00:00Z,5,5.8,6.9514,5.76,meteofrance_arpege_europe
2026-07-06,2026-07-07T12:00:00Z,30,5.0,7.1789,5.49,meteofrance_arpege_europe
2026-07-07,2026-07-07T12:00:00Z,6,5.0,6.7791,5.49,meteofrance_arpege_europe
2026-07-06,2026-07-07T13:00:00Z,31,6.9,7.3455,5.65,meteofrance_arpege_europe
2026-07-07,2026-07-07T13:00:00Z,7,6.9,6.6599,5.65,meteofrance_arpege_europe
2026-07-06,2026-07-07T14:00:00Z,32,4.0,7.4651,5.8,meteofrance_arpege_europe
2026-07-07,2026-07-07T14:00:00Z,8,4.0,7.1779,5.8,meteofrance_arpege_europe
2026-07-06,2026-07-07T15:00:00Z,33,5.4,7.2462,5.43,meteofrance_arpege_europe
2026-07-07,2026-07-07T15:00:00Z,9,5.4,6.3796,5.43,meteofrance_arpege_europe
2026-07-06,2026-07-07T16:00:00Z,34,5.3,6.7725,5.07,meteofrance_arpege_europe
2026-07-07,2026-07-07T16:00:00Z,10,5.3,5.8195,5.07,meteofrance_arpege_europe
2026-07-06,2026-07-07T17:00:00Z,35,4.2,6.8169,5.04,meteofrance_arpege_europe
2026-07-07,2026-07-07T17:00:00Z,11,4.2,5.3592,5.04,meteofrance_arpege_europe
2026-07-06,2026-07-07T18:00:00Z,36,4.4,6.0994,4.81,meteofrance_arpege_europe
2026-07-07,2026-07-07T18:00:00Z,12,4.4,5.4525,4.81,meteofrance_arpege_europe
2026-07-06,2026-07-07T19:00:00Z,37,3.9,5.8746,4.6,meteofrance_arpege_europe
2026-07-07,2026-07-07T19:00:00Z,13,3.9,5.4237,4.6,meteofrance_arpege_europe
2026-07-06,2026-07-07T20:00:00Z,38,4.1,4.9699,4.1,meteofrance_arpege_europe
2026-07-07,2026-07-07T20:00:00Z,14,4.1,4.8825,4.1,meteofrance_arpege_europe
2026-07-06,2026-07-07T21:00:00Z,39,3.7,4.4993,3.92,meteofrance_arpege_europe
2026-07-07,2026-07-07T21:00:00Z,15,3.7,4.3512,3.92,meteofrance_arpege_europe
2026-07-06,2026-07-07T22:00:00Z,40,4.1,4.4003,3.65,meteofrance_arpege_europe
2026-07-07,2026-07-07T22:00:00Z,16,4.1,3.8037,3.65,meteofrance_arpege_europe
2026-07-06,2026-07-07T23:00:00Z,41,3.7,4.0761,3.35,meteofrance_arpege_europe
2026-07-07,2026-07-07T23:00:00Z,17,3.7,3.5372,3.35,meteofrance_arpege_europe
2026-07-06,2026-07-08T00:00:00Z,42,2.8,3.5525,3.14,meteofrance_arpege_europe
2026-07-07,2026-07-08T00:00:00Z,18,2.8,3.4695,3.14,meteofrance_arpege_europe
2026-07-06,2026-07-08T01:00:00Z,43,2.9,3.3149,2.52,meteofrance_arpege_europe
2026-07-07,2026-07-08T01:00:00Z,19,2.9,3.2607,2.52,meteofrance_arpege_europe
2026-07-06,2026-07-08T02:00:00Z,44,3.0,3.2445,2.25,meteofrance_arpege_europe
2026-07-07,2026-07-08T02:00:00Z,20,3.0,3.2722,2.25,meteofrance_arpege_europe
2026-07-06,2026-07-08T03:00:00Z,45,3.0,2.9263,1.49,meteofrance_arpege_europe
2026-07-07,2026-07-08T03:00:00Z,21,3.0,2.7711,1.49,meteofrance_arpege_europe
2026-07-06,2026-07-08T04:00:00Z,46,3.3,2.9665,1.4,meteofrance_arpege_europe
2026-07-07,2026-07-08T04:00:00Z,22,3.3,2.7451,1.4,meteofrance_arpege_europe
2026-07-06,2026-07-08T05:00:00Z,47,3.5,2.6598,1.12,meteofrance_arpege_europe
2026-07-07,2026-07-08T05:00:00Z,23,3.5,2.3074,1.12,meteofrance_arpege_europe
2026-07-06,2026-07-08T06:00:00Z,48,2.2,2.0759,0.67,meteofrance_arpege_europe
2026-07-07,2026-07-08T06:00:00Z,24,2.2,1.8503,0.67,meteofrance_arpege_europe
2026-07-07,2026-07-08T07:00:00Z,25,1.5,1.468,0.73,meteofrance_arpege_europe
2026-07-08,2026-07-08T07:00:00Z,1,1.5,1.6018,0.73,meteofrance_arpege_europe
2026-07-07,2026-07-08T08:00:00Z,26,1.6,1.9113,0.76,meteofrance_arpege_europe
2026-07-08,2026-07-08T08:00:00Z,2,1.6,1.4742,0.76,meteofrance_arpege_europe
2026-07-07,2026-07-08T09:00:00Z,27,2.0,2.4068,1.73,meteofrance_arpege_europe
2026-07-08,2026-07-08T09:00:00Z,3,2.0,2.0078,1.73,meteofrance_arpege_europe
2026-07-07,2026-07-08T10:00:00Z,28,2.4,2.818,2.89,meteofrance_arpege_europe
2026-07-08,2026-07-08T10:00:00Z,4,2.4,2.5698,2.89,meteofrance_arpege_europe
2026-07-07,2026-07-08T11:00:00Z,29,3.3,3.1911,3.75,meteofrance_arpege_europe
2026-07-08,2026-07-08T11:00:00Z,5,3.3,3.023,3.75,meteofrance_arpege_europe
2026-07-07,2026-07-08T12:00:00Z,30,3.4,3.1097,3.42,meteofrance_arpege_europe
2026-07-08,2026-07-08T12:00:00Z,6,3.4,2.7567,3.42,meteofrance_arpege_europe
2026-07-07,2026-07-08T13:00:00Z,31,3.3,3.9017,3.81,meteofrance_arpege_europe
2026-07-08,2026-07-08T13:00:00Z,7,3.3,3.6033,3.81,meteofrance_arpege_europe
2026-07-07,2026-07-08T14:00:00Z,32,2.6,4.018,3.91,meteofrance_arpege_europe
2026-07-08,2026-07-08T14:00:00Z,8,2.6,3.6835,3.91,meteofrance_arpege_europe
2026-07-07,2026-07-08T15:00:00Z,33,2.3,3.952,4.2,meteofrance_arpege_europe
2026-07-08,2026-07-08T15:00:00Z,9,2.3,3.4668,4.2,meteofrance_arpege_europe
2026-07-07,2026-07-08T16:00:00Z,34,1.9,3.9525,4.22,meteofrance_arpege_europe
2026-07-08,2026-07-08T16:00:00Z,10,1.9,3.5903,4.22,meteofrance_arpege_europe
2026-07-07,2026-07-08T17:00:00Z,35,2.4,3.5963,3.76,meteofrance_arpege_europe
2026-07-08,2026-07-08T17:00:00Z,11,2.4,3.9426,3.76,meteofrance_arpege_europe
2026-07-07,2026-07-08T18:00:00Z,36,2.2,3.0394,2.73,meteofrance_arpege_europe
2026-07-08,2026-07-08T18:00:00Z,12,2.2,3.046,2.73,meteofrance_arpege_europe
2026-07-07,2026-07-08T19:00:00Z,37,1.2,2.5247,2.01,meteofrance_arpege_europe
2026-07-08,2026-07-08T19:00:00Z,13,1.2,2.712,2.01,meteofrance_arpege_europe
2026-07-07,2026-07-08T20:00:00Z,38,1.0,1.7988,1.12,meteofrance_arpege_europe
2026-07-08,2026-07-08T20:00:00Z,14,1.0,1.6352,1.12,meteofrance_arpege_europe
2026-07-07,2026-07-08T21:00:00Z,39,0.7,1.5553,1.12,meteofrance_arpege_europe
2026-07-08,2026-07-08T21:00:00Z,15,0.7,1.3936,1.12,meteofrance_arpege_europe
2026-07-07,2026-07-08T22:00:00Z,40,1.3,1.8355,1.14,meteofrance_arpege_europe
2026-07-08,2026-07-08T22:00:00Z,16,1.3,1.59,1.14,meteofrance_arpege_europe
2026-07-07,2026-07-08T23:00:00Z,41,0.8,1.7867,1.0,meteofrance_arpege_europe
2026-07-08,2026-07-08T23:00:00Z,17,0.8,1.6368,1.0,meteofrance_arpege_europe
2026-07-07,2026-07-09T00:00:00Z,42,0.7,1.9175,1.42,meteofrance_arpege_europe
2026-07-08,2026-07-09T00:00:00Z,18,0.7,1.8747,1.42,meteofrance_arpege_europe
2026-07-07,2026-07-09T01:00:00Z,43,0.6,1.9011,0.5,meteofrance_arpege_europe
2026-07-08,2026-07-09T01:00:00Z,19,0.6,1.4443,0.5,meteofrance_arpege_europe
2026-07-07,2026-07-09T02:00:00Z,44,1.9,2.2591,0.71,meteofrance_arpege_europe
2026-07-08,2026-07-09T02:00:00Z,20,1.9,1.9136,0.71,meteofrance_arpege_europe
2026-07-07,2026-07-09T03:00:00Z,45,1.0,2.3827,0.91,meteofrance_arpege_europe
2026-07-08,2026-07-09T03:00:00Z,21,1.0,1.9864,0.91,meteofrance_arpege_europe
2026-07-07,2026-07-09T04:00:00Z,46,1.5,2.2442,0.7,meteofrance_arpege_europe
2026-07-08,2026-07-09T04:00:00Z,22,1.5,1.976,0.7,meteofrance_arpege_europe
2026-07-07,2026-07-09T05:00:00Z,47,1.5,2.4672,0.82,meteofrance_arpege_europe
2026-07-08,2026-07-09T05:00:00Z,23,1.5,2.2827,0.82,meteofrance_arpege_europe
2026-07-07,2026-07-09T06:00:00Z,48,1.1,2.0316,0.36,meteofrance_arpege_europe
2026-07-08,2026-07-09T06:00:00Z,24,1.1,1.845,0.36,meteofrance_arpege_europe
2026-07-08,2026-07-09T07:00:00Z,25,0.9,1.5211,0.42,meteofrance_arpege_europe
2026-07-09,2026-07-09T07:00:00Z,1,0.9,1.4897,0.42,meteofrance_arpege_europe
2026-07-08,2026-07-09T08:00:00Z,26,2.3,1.888,0.71,meteofrance_arpege_europe
2026-07-09,2026-07-09T08:00:00Z,2,2.3,1.3951,0.71,meteofrance_arpege_europe
2026-07-08,2026-07-09T09:00:00Z,27,2.9,2.9446,1.58,meteofrance_arpege_europe
2026-07-09,2026-07-09T09:00:00Z,3,2.9,2.6179,1.58,meteofrance_arpege_europe
2026-07-08,2026-07-09T10:00:00Z,28,2.7,3.8443,3.69,meteofrance_arpege_europe
2026-07-09,2026-07-09T10:00:00Z,4,2.7,3.6057,3.69,meteofrance_arpege_europe
2026-07-08,2026-07-09T11:00:00Z,29,2.7,4.0892,4.15,meteofrance_arpege_europe
2026-07-09,2026-07-09T11:00:00Z,5,2.7,3.791,4.15,meteofrance_arpege_europe
2026-07-08,2026-07-09T12:00:00Z,30,3.1,4.033,4.12,meteofrance_arpege_europe
2026-07-09,2026-07-09T12:00:00Z,6,3.1,3.611,4.12,meteofrance_arpege_europe
2026-07-08,2026-07-09T13:00:00Z,31,2.7,4.3373,4.26,meteofrance_arpege_europe
2026-07-09,2026-07-09T13:00:00Z,7,2.7,4.0805,4.26,meteofrance_arpege_europe
2026-07-08,2026-07-09T14:00:00Z,32,3.5,4.6985,4.43,meteofrance_arpege_europe
2026-07-09,2026-07-09T14:00:00Z,8,3.5,4.1842,4.43,meteofrance_arpege_europe
2026-07-08,2026-07-09T15:00:00Z,33,5.2,4.5585,4.42,meteofrance_arpege_europe
2026-07-09,2026-07-09T15:00:00Z,9,5.2,4.2116,4.42,meteofrance_arpege_europe
2026-07-08,2026-07-09T16:00:00Z,34,3.7,4.4533,4.32,meteofrance_arpege_europe
2026-07-09,2026-07-09T16:00:00Z,10,3.7,4.2473,4.32,meteofrance_arpege_europe
2026-07-08,2026-07-09T17:00:00Z,35,2.1,4.5392,4.33,meteofrance_arpege_europe
2026-07-09,2026-07-09T17:00:00Z,11,2.1,4.5327,4.33,meteofrance_arpege_europe
2026-07-08,2026-07-09T18:00:00Z,36,3.3,4.3905,3.72,meteofrance_arpege_europe
2026-07-09,2026-07-09T18:00:00Z,12,3.3,4.2435,3.72,meteofrance_arpege_europe
2026-07-08,2026-07-09T19:00:00Z,37,2.4,3.4894,2.85,meteofrance_arpege_europe
2026-07-09,2026-07-09T19:00:00Z,13,2.4,3.4477,2.85,meteofrance_arpege_europe
2026-07-08,2026-07-09T20:00:00Z,38,1.1,2.2287,1.51,meteofrance_arpege_europe
2026-07-09,2026-07-09T20:00:00Z,14,1.1,2.1683,1.51,meteofrance_arpege_europe
2026-07-08,2026-07-09T21:00:00Z,39,0.8,1.5559,0.32,meteofrance_arpege_europe
2026-07-09,2026-07-09T21:00:00Z,15,0.8,1.4678,0.32,meteofrance_arpege_europe
2026-07-08,2026-07-09T22:00:00Z,40,2.3,1.5465,0.7,meteofrance_arpege_europe
2026-07-09,2026-07-09T22:00:00Z,16,2.3,1.3431,0.7,meteofrance_arpege_europe
2026-07-08,2026-07-09T23:00:00Z,41,2.7,2.2587,2.43,meteofrance_arpege_europe
2026-07-09,2026-07-09T23:00:00Z,17,2.7,2.2079,2.43,meteofrance_arpege_europe
2026-07-08,2026-07-10T00:00:00Z,42,1.2,2.3966,2.6,meteofrance_arpege_europe
2026-07-09,2026-07-10T00:00:00Z,18,1.2,2.3612,2.6,meteofrance_arpege_europe
2026-07-08,2026-07-10T01:00:00Z,43,1.6,2.135,1.63,meteofrance_arpege_europe
2026-07-09,2026-07-10T01:00:00Z,19,1.6,2.2752,1.63,meteofrance_arpege_europe
2026-07-08,2026-07-10T02:00:00Z,44,1.3,2.1612,1.4,meteofrance_arpege_europe
2026-07-09,2026-07-10T02:00:00Z,20,1.3,2.228,1.4,meteofrance_arpege_europe
2026-07-08,2026-07-10T03:00:00Z,45,1.0,2.2809,1.82,meteofrance_arpege_europe
2026-07-09,2026-07-10T03:00:00Z,21,1.0,2.3443,1.82,meteofrance_arpege_europe
2026-07-08,2026-07-10T04:00:00Z,46,1.0,2.5999,2.22,meteofrance_arpege_europe
2026-07-09,2026-07-10T04:00:00Z,22,1.0,2.4894,2.22,meteofrance_arpege_europe
2026-07-08,2026-07-10T05:00:00Z,47,3.2,2.6433,2.38,meteofrance_arpege_europe
2026-07-09,2026-07-10T05:00:00Z,23,3.2,2.5738,2.38,meteofrance_arpege_europe
2026-07-08,2026-07-10T06:00:00Z,48,2.5,3.0514,2.25,meteofrance_arpege_europe
2026-07-09,2026-07-10T06:00:00Z,24,2.5,3.3065,2.25,meteofrance_arpege_europe
2026-07-09,2026-07-10T07:00:00Z,25,4.3,3.7774,2.59,meteofrance_arpege_europe
2026-07-10,2026-07-10T07:00:00Z,1,4.3,3.8976,2.59,meteofrance_arpege_europe
2026-07-09,2026-07-10T08:00:00Z,26,4.0,4.2539,2.77,meteofrance_arpege_europe
2026-07-10,2026-07-10T08:00:00Z,2,4.0,4.0379,2.77,meteofrance_arpege_europe
2026-07-09,2026-07-10T09:00:00Z,27,4.9,4.2963,2.92,meteofrance_arpege_europe
2026-07-10,2026-07-10T09:00:00Z,3,4.9,4.1833,2.92,meteofrance_arpege_europe
2026-07-09,2026-07-10T10:00:00Z,28,4.8,4.5007,3.14,meteofrance_arpege_europe
2026-07-10,2026-07-10T10:00:00Z,4,4.8,4.3558,3.14,meteofrance_arpege_europe
2026-07-09,2026-07-10T11:00:00Z,29,4.8,4.7566,3.32,meteofrance_arpege_europe
2026-07-10,2026-07-10T11:00:00Z,5,4.8,4.6034,3.32,meteofrance_arpege_europe
2026-07-09,2026-07-10T12:00:00Z,30,5.5,5.2093,3.86,meteofrance_arpege_europe
2026-07-10,2026-07-10T12:00:00Z,6,5.5,5.1516,3.86,meteofrance_arpege_europe
2026-07-09,2026-07-10T13:00:00Z,31,5.3,5.581,4.65,meteofrance_arpege_europe
2026-07-10,2026-07-10T13:00:00Z,7,5.3,5.807,4.65,meteofrance_arpege_europe
2026-07-09,2026-07-10T14:00:00Z,32,4.6,5.847,5.3,meteofrance_arpege_europe
2026-07-10,2026-07-10T14:00:00Z,8,4.6,5.5169,5.3,meteofrance_arpege_europe
2026-07-09,2026-07-10T15:00:00Z,33,5.7,5.532,5.22,meteofrance_arpege_europe
2026-07-10,2026-07-10T15:00:00Z,9,5.7,5.283,5.22,meteofrance_arpege_europe
2026-07-09,2026-07-10T16:00:00Z,34,4.8,5.4372,4.95,meteofrance_arpege_europe
2026-07-10,2026-07-10T16:00:00Z,10,4.8,5.0181,4.95,meteofrance_arpege_europe
2026-07-09,2026-07-10T17:00:00Z,35,5.0,5.2865,4.61,meteofrance_arpege_europe
2026-07-10,2026-07-10T17:00:00Z,11,5.0,4.9655,4.61,meteofrance_arpege_europe
2026-07-09,2026-07-10T18:00:00Z,36,3.9,5.7921,5.11,meteofrance_arpege_europe
2026-07-10,2026-07-10T18:00:00Z,12,3.9,5.233,5.11,meteofrance_arpege_europe
2026-07-09,2026-07-10T19:00:00Z,37,3.1,5.4519,4.6,meteofrance_arpege_europe
2026-07-10,2026-07-10T19:00:00Z,13,3.1,5.869,4.6,meteofrance_arpege_europe
2026-07-09,2026-07-10T20:00:00Z,38,2.9,4.9986,4.72,meteofrance_arpege_europe
2026-07-10,2026-07-10T20:00:00Z,14,2.9,5.1327,4.72,meteofrance_arpege_europe
2026-07-09,2026-07-10T21:00:00Z,39,3.7,4.4638,4.48,meteofrance_arpege_europe
2026-07-10,2026-07-10T21:00:00Z,15,3.7,4.4141,4.48,meteofrance_arpege_europe
2026-07-09,2026-07-10T22:00:00Z,40,4.4,4.2657,4.21,meteofrance_arpege_europe
2026-07-10,2026-07-10T22:00:00Z,16,4.4,4.1567,4.21,meteofrance_arpege_europe
2026-07-09,2026-07-10T23:00:00Z,41,4.1,4.3517,4.0,meteofrance_arpege_europe
2026-07-10,2026-07-10T23:00:00Z,17,4.1,3.7429,4.0,meteofrance_arpege_europe
2026-07-09,2026-07-11T00:00:00Z,42,3.4,4.0181,3.62,meteofrance_arpege_europe
2026-07-10,2026-07-11T00:00:00Z,18,3.4,3.5851,3.62,meteofrance_arpege_europe
2026-07-09,2026-07-11T01:00:00Z,43,3.0,3.2869,2.75,meteofrance_arpege_europe
2026-07-10,2026-07-11T01:00:00Z,19,3.0,3.4076,2.75,meteofrance_arpege_europe
2026-07-09,2026-07-11T02:00:00Z,44,3.2,3.6877,3.22,meteofrance_arpege_europe
2026-07-10,2026-07-11T02:00:00Z,20,3.2,3.6074,3.22,meteofrance_arpege_europe
2026-07-09,2026-07-11T03:00:00Z,45,3.9,4.0997,3.81,meteofrance_arpege_europe
2026-07-10,2026-07-11T03:00:00Z,21,3.9,3.7592,3.81,meteofrance_arpege_europe
2026-07-09,2026-07-11T04:00:00Z,46,3.8,3.9581,3.61,meteofrance_arpege_europe
2026-07-10,2026-07-11T04:00:00Z,22,3.8,3.6692,3.61,meteofrance_arpege_europe
2026-07-09,2026-07-11T05:00:00Z,47,3.3,3.9709,3.49,meteofrance_arpege_europe
2026-07-10,2026-07-11T05:00:00Z,23,3.3,3.8374,3.49,meteofrance_arpege_europe
2026-07-09,2026-07-11T06:00:00Z,48,2.6,4.0864,3.64,meteofrance_arpege_europe
2026-07-10,2026-07-11T06:00:00Z,24,2.6,3.8217,3.64,meteofrance_arpege_europe
2026-07-10,2026-07-11T07:00:00Z,25,3.8,4.592,3.36,meteofrance_arpege_europe
2026-07-11,2026-07-11T07:00:00Z,1,3.8,4.305,3.36,meteofrance_arpege_europe
2026-07-10,2026-07-11T08:00:00Z,26,4.4,4.7632,3.26,meteofrance_arpege_europe
2026-07-11,2026-07-11T08:00:00Z,2,4.4,4.5059,3.26,meteofrance_arpege_europe
2026-07-10,2026-07-11T09:00:00Z,27,5.2,4.9687,3.68,meteofrance_arpege_europe
2026-07-11,2026-07-11T09:00:00Z,3,5.2,4.872,3.68,meteofrance_arpege_europe
2026-07-10,2026-07-11T10:00:00Z,28,6.3,5.3282,4.05,meteofrance_arpege_europe
2026-07-11,2026-07-11T10:00:00Z,4,6.3,5.5322,4.05,meteofrance_arpege_europe
2026-07-10,2026-07-11T11:00:00Z,29,4.7,5.3838,4.18,meteofrance_arpege_europe
2026-07-11,2026-07-11T11:00:00Z,5,4.7,5.6761,4.18,meteofrance_arpege_europe
2026-07-10,2026-07-11T12:00:00Z,30,5.1,6.4276,5.64,meteofrance_arpege_europe
2026-07-11,2026-07-11T12:00:00Z,6,5.1,5.9801,5.64,meteofrance_arpege_europe
2026-07-10,2026-07-11T13:00:00Z,31,5.0,6.9179,5.98,meteofrance_arpege_europe
2026-07-11,2026-07-11T13:00:00Z,7,5.0,6.0599,5.98,meteofrance_arpege_europe
2026-07-10,2026-07-11T14:00:00Z,32,6.5,8.1189,6.69,meteofrance_arpege_europe
2026-07-11,2026-07-11T14:00:00Z,8,6.5,6.7628,6.69,meteofrance_arpege_europe
2026-07-10,2026-07-11T15:00:00Z,33,7.7,8.7845,7.46,meteofrance_arpege_europe
2026-07-11,2026-07-11T15:00:00Z,9,7.7,7.8873,7.46,meteofrance_arpege_europe
2026-07-10,2026-07-11T16:00:00Z,34,6.8,8.5988,7.32,meteofrance_arpege_europe
2026-07-11,2026-07-11T16:00:00Z,10,6.8,7.7058,7.32,meteofrance_arpege_europe
2026-07-10,2026-07-11T17:00:00Z,35,7.3,8.1845,7.22,meteofrance_arpege_europe
2026-07-11,2026-07-11T17:00:00Z,11,7.3,7.0511,7.22,meteofrance_arpege_europe
2026-07-10,2026-07-11T18:00:00Z,36,7.8,8.3123,7.39,meteofrance_arpege_europe
2026-07-11,2026-07-11T18:00:00Z,12,7.8,7.4325,7.39,meteofrance_arpege_europe
2026-07-10,2026-07-11T19:00:00Z,37,7.4,7.7932,7.11,meteofrance_arpege_europe
2026-07-11,2026-07-11T19:00:00Z,13,7.4,7.5767,7.11,meteofrance_arpege_europe
2026-07-10,2026-07-11T20:00:00Z,38,7.2,6.6699,5.75,meteofrance_arpege_europe
2026-07-11,2026-07-11T20:00:00Z,14,7.2,6.2421,5.75,meteofrance_arpege_europe
2026-07-10,2026-07-11T21:00:00Z,39,4.7,6.0002,4.62,meteofrance_arpege_europe
2026-07-11,2026-07-11T21:00:00Z,15,4.7,6.0509,4.62,meteofrance_arpege_europe
2026-07-10,2026-07-11T22:00:00Z,40,5.9,5.7701,4.19,meteofrance_arpege_europe
2026-07-11,2026-07-11T22:00:00Z,16,5.9,5.8219,4.19,meteofrance_arpege_europe
2026-07-10,2026-07-11T23:00:00Z,41,6.4,5.4266,4.12,meteofrance_arpege_europe
2026-07-11,2026-07-11T23:00:00Z,17,6.4,5.5872,4.12,meteofrance_arpege_europe
2026-07-10,2026-07-12T00:00:00Z,42,5.0,5.2701,3.98,meteofrance_arpege_europe
2026-07-11,2026-07-12T00:00:00Z,18,5.0,5.2614,3.98,meteofrance_arpege_europe
2026-07-10,2026-07-12T01:00:00Z,43,6.8,5.0984,3.78,meteofrance_arpege_europe
2026-07-11,2026-07-12T01:00:00Z,19,6.8,5.0644,3.78,meteofrance_arpege_europe
2026-07-10,2026-07-12T02:00:00Z,44,5.0,5.401,4.33,meteofrance_arpege_europe
2026-07-11,2026-07-12T02:00:00Z,20,5.0,5.5524,4.33,meteofrance_arpege_europe
2026-07-10,2026-07-12T03:00:00Z,45,5.1,5.7755,4.26,meteofrance_arpege_europe
2026-07-11,2026-07-12T03:00:00Z,21,5.1,5.862,4.26,meteofrance_arpege_europe
2026-07-10,2026-07-12T04:00:00Z,46,3.8,5.3326,3.75,meteofrance_arpege_europe
2026-07-11,2026-07-12T04:00:00Z,22,3.8,5.4288,3.75,meteofrance_arpege_europe
2026-07-10,2026-07-12T05:00:00Z,47,4.2,5.2195,3.89,meteofrance_arpege_europe
2026-07-11,2026-07-12T05:00:00Z,23,4.2,5.536,3.89,meteofrance_arpege_europe
2026-07-10,2026-07-12T06:00:00Z,48,5.2,5.8054,4.16,meteofrance_arpege_europe
2026-07-11,2026-07-12T06:00:00Z,24,5.2,5.8349,4.16,meteofrance_arpege_europe
2026-07-11,2026-07-12T07:00:00Z,25,6.9,5.3888,4.02,meteofrance_arpege_europe
2026-07-12,2026-07-12T07:00:00Z,1,6.9,5.3681,4.02,meteofrance_arpege_europe
2026-07-11,2026-07-12T08:00:00Z,26,6.0,5.4418,4.2,meteofrance_arpege_europe
2026-07-12,2026-07-12T08:00:00Z,2,6.0,5.423,4.2,meteofrance_arpege_europe
2026-07-11,2026-07-12T09:00:00Z,27,4.6,5.8042,4.46,meteofrance_arpege_europe
2026-07-12,2026-07-12T09:00:00Z,3,4.6,5.8323,4.46,meteofrance_arpege_europe
2026-07-11,2026-07-12T10:00:00Z,28,5.0,5.5321,4.47,meteofrance_arpege_europe
2026-07-12,2026-07-12T10:00:00Z,4,5.0,5.4134,4.47,meteofrance_arpege_europe
2026-07-11,2026-07-12T11:00:00Z,29,3.7,5.6279,5.09,meteofrance_arpege_europe
2026-07-12,2026-07-12T11:00:00Z,5,3.7,5.2908,5.09,meteofrance_arpege_europe
2026-07-11,2026-07-12T12:00:00Z,30,5.9,6.8342,6.14,meteofrance_arpege_europe
2026-07-12,2026-07-12T12:00:00Z,6,5.9,6.1293,6.14,meteofrance_arpege_europe
2026-07-11,2026-07-12T13:00:00Z,31,6.4,7.2461,6.21,meteofrance_arpege_europe
2026-07-12,2026-07-12T13:00:00Z,7,6.4,6.2695,6.21,meteofrance_arpege_europe
2026-07-11,2026-07-12T14:00:00Z,32,6.0,7.4307,5.95,meteofrance_arpege_europe
2026-07-12,2026-07-12T14:00:00Z,8,6.0,6.357,5.95,meteofrance_arpege_europe
2026-07-11,2026-07-12T15:00:00Z,33,6.6,7.9684,6.68,meteofrance_arpege_europe
2026-07-12,2026-07-12T15:00:00Z,9,6.6,6.5813,6.68,meteofrance_arpege_europe
2026-07-11,2026-07-12T16:00:00Z,34,7.1,7.3793,6.51,meteofrance_arpege_europe
2026-07-12,2026-07-12T16:00:00Z,10,7.1,6.5581,6.51,meteofrance_arpege_europe
2026-07-11,2026-07-12T17:00:00Z,35,8.2,6.0126,5.32,meteofrance_arpege_europe
2026-07-12,2026-07-12T17:00:00Z,11,8.2,5.6978,5.32,meteofrance_arpege_europe
2026-07-11,2026-07-12T18:00:00Z,36,8.1,7.5001,6.45,meteofrance_arpege_europe
2026-07-12,2026-07-12T18:00:00Z,12,8.1,7.1426,6.45,meteofrance_arpege_europe
2026-07-11,2026-07-12T19:00:00Z,37,7.6,8.7394,6.8,meteofrance_arpege_europe
2026-07-12,2026-07-12T19:00:00Z,13,7.6,8.5066,6.8,meteofrance_arpege_europe
2026-07-11,2026-07-12T20:00:00Z,38,5.4,10.0024,8.27,meteofrance_arpege_europe
2026-07-12,2026-07-12T20:00:00Z,14,5.4,9.7977,8.27,meteofrance_arpege_europe
2026-07-11,2026-07-12T21:00:00Z,39,8.4,9.9753,7.45,meteofrance_arpege_europe
2026-07-12,2026-07-12T21:00:00Z,15,8.4,9.5402,7.45,meteofrance_arpege_europe
2026-07-11,2026-07-12T22:00:00Z,40,9.2,9.1808,7.07,meteofrance_arpege_europe
2026-07-12,2026-07-12T22:00:00Z,16,9.2,8.2077,7.07,meteofrance_arpege_europe
2026-07-11,2026-07-12T23:00:00Z,41,8.0,8.8135,7.14,meteofrance_arpege_europe
2026-07-12,2026-07-12T23:00:00Z,17,8.0,8.0839,7.14,meteofrance_arpege_europe
2026-07-11,2026-07-13T00:00:00Z,42,8.5,8.668,6.45,meteofrance_arpege_europe
2026-07-12,2026-07-13T00:00:00Z,18,8.5,7.8114,6.45,meteofrance_arpege_europe
2026-07-11,2026-07-13T01:00:00Z,43,7.7,8.4698,6.18,meteofrance_arpege_europe
2026-07-12,2026-07-13T01:00:00Z,19,7.7,7.8992,6.18,meteofrance_arpege_europe
2026-07-11,2026-07-13T02:00:00Z,44,6.5,8.441,6.06,meteofrance_arpege_europe
2026-07-12,2026-07-13T02:00:00Z,20,6.5,7.7142,6.06,meteofrance_arpege_europe
2026-07-11,2026-07-13T03:00:00Z,45,6.0,8.0698,6.0,meteofrance_arpege_europe
2026-07-12,2026-07-13T03:00:00Z,21,6.0,7.5477,6.0,meteofrance_arpege_europe
2026-07-11,2026-07-13T04:00:00Z,46,5.8,8.2598,5.88,meteofrance_arpege_europe
2026-07-12,2026-07-13T04:00:00Z,22,5.8,8.6432,5.88,meteofrance_arpege_europe
2026-07-11,2026-07-13T05:00:00Z,47,6.0,7.3689,5.77,meteofrance_arpege_europe
2026-07-12,2026-07-13T05:00:00Z,23,6.0,7.5144,5.77,meteofrance_arpege_europe
2026-07-11,2026-07-13T06:00:00Z,48,5.4,6.4488,5.33,meteofrance_arpege_europe
2026-07-12,2026-07-13T06:00:00Z,24,5.4,6.569,5.33,meteofrance_arpege_europe
2026-07-12,2026-07-13T07:00:00Z,25,8.2,6.3192,5.35,meteofrance_arpege_europe
2026-07-13,2026-07-13T07:00:00Z,1,8.2,6.2222,5.35,meteofrance_arpege_europe
2026-07-12,2026-07-13T08:00:00Z,26,8.6,6.7821,5.66,meteofrance_arpege_europe
2026-07-13,2026-07-13T08:00:00Z,2,8.6,6.3883,5.66,meteofrance_arpege_europe
2026-07-12,2026-07-13T09:00:00Z,27,8.1,6.9176,5.64,meteofrance_arpege_europe
2026-07-13,2026-07-13T09:00:00Z,3,8.1,6.6053,5.64,meteofrance_arpege_europe
2026-07-12,2026-07-13T10:00:00Z,28,8.1,6.932,5.64,meteofrance_arpege_europe
2026-07-13,2026-07-13T10:00:00Z,4,8.1,6.7615,5.64,meteofrance_arpege_europe
2026-07-12,2026-07-13T11:00:00Z,29,6.1,7.902,6.04,meteofrance_arpege_europe
2026-07-13,2026-07-13T11:00:00Z,5,6.1,7.0859,6.04,meteofrance_arpege_europe
2026-07-12,2026-07-13T12:00:00Z,30,4.3,7.9724,7.02,meteofrance_arpege_europe
2026-07-13,2026-07-13T12:00:00Z,6,4.3,6.571,7.02,meteofrance_arpege_europe
2026-07-12,2026-07-13T13:00:00Z,31,6.0,6.6561,5.22,meteofrance_arpege_europe
2026-07-13,2026-07-13T13:00:00Z,7,6.0,6.9803,5.22,meteofrance_arpege_europe
2026-07-12,2026-07-13T14:00:00Z,32,6.8,6.7294,5.49,meteofrance_arpege_europe
2026-07-13,2026-07-13T14:00:00Z,8,6.8,6.6827,5.49,meteofrance_arpege_europe
2026-07-12,2026-07-13T15:00:00Z,33,6.4,6.7538,5.41,meteofrance_arpege_europe
2026-07-13,2026-07-13T15:00:00Z,9,6.4,7.1927,5.41,meteofrance_arpege_europe
2026-07-12,2026-07-13T16:00:00Z,34,7.6,6.7656,6.17,meteofrance_arpege_europe
2026-07-13,2026-07-13T16:00:00Z,10,7.6,6.8784,6.17,meteofrance_arpege_europe
2026-07-12,2026-07-13T17:00:00Z,35,6.4,7.5562,7.15,meteofrance_arpege_europe
2026-07-13,2026-07-13T17:00:00Z,11,6.4,6.6992,7.15,meteofrance_arpege_europe
2026-07-12,2026-07-13T18:00:00Z,36,5.4,8.2225,7.63,meteofrance_arpege_europe
2026-07-13,2026-07-13T18:00:00Z,12,5.4,7.1996,7.63,meteofrance_arpege_europe
2026-07-12,2026-07-13T19:00:00Z,37,2.9,7.2036,6.62,meteofrance_arpege_europe
2026-07-13,2026-07-13T19:00:00Z,13,2.9,7.4568,6.62,meteofrance_arpege_europe
2026-07-12,2026-07-13T20:00:00Z,38,5.1,6.6495,6.5,meteofrance_arpege_europe
2026-07-13,2026-07-13T20:00:00Z,14,5.1,6.9611,6.5,meteofrance_arpege_europe
2026-07-12,2026-07-13T21:00:00Z,39,6.0,7.631,5.83,meteofrance_arpege_europe
2026-07-13,2026-07-13T21:00:00Z,15,6.0,8.1503,5.83,meteofrance_arpege_europe
2026-07-12,2026-07-13T22:00:00Z,40,6.2,7.2333,5.63,meteofrance_arpege_europe
2026-07-13,2026-07-13T22:00:00Z,16,6.2,7.3073,5.63,meteofrance_arpege_europe
2026-07-12,2026-07-13T23:00:00Z,41,6.3,6.893,5.39,meteofrance_arpege_europe
2026-07-13,2026-07-13T23:00:00Z,17,6.3,6.8072,5.39,meteofrance_arpege_europe
2026-07-12,2026-07-14T00:00:00Z,42,6.9,6.6019,4.7,meteofrance_arpege_europe
2026-07-13,2026-07-14T00:00:00Z,18,6.9,6.7598,4.7,meteofrance_arpege_europe
2026-07-12,2026-07-14T01:00:00Z,43,7.2,6.2371,4.2,meteofrance_arpege_europe
2026-07-13,2026-07-14T01:00:00Z,19,7.2,6.4135,4.2,meteofrance_arpege_europe
2026-07-12,2026-07-14T02:00:00Z,44,7.5,5.7934,4.34,meteofrance_arpege_europe
2026-07-13,2026-07-14T02:00:00Z,20,7.5,5.9576,4.34,meteofrance_arpege_europe
2026-07-12,2026-07-14T03:00:00Z,45,6.6,5.8711,4.64,meteofrance_arpege_europe
2026-07-13,2026-07-14T03:00:00Z,21,6.6,5.9527,4.64,meteofrance_arpege_europe
2026-07-12,2026-07-14T04:00:00Z,46,6.5,5.4674,4.2,meteofrance_arpege_europe
2026-07-13,2026-07-14T04:00:00Z,22,6.5,5.4229,4.2,meteofrance_arpege_europe
2026-07-12,2026-07-14T05:00:00Z,47,6.0,5.1777,4.1,meteofrance_arpege_europe
2026-07-13,2026-07-14T05:00:00Z,23,6.0,5.4285,4.1,meteofrance_arpege_europe
2026-07-12,2026-07-14T06:00:00Z,48,6.5,6.2649,4.83,meteofrance_arpege_europe
2026-07-13,2026-07-14T06:00:00Z,24,6.5,6.0855,4.83,meteofrance_arpege_europe
2026-07-13,2026-07-14T07:00:00Z,25,5.6,6.3961,5.68,meteofrance_arpege_europe
2026-07-14,2026-07-14T07:00:00Z,1,5.6,6.1878,5.68,meteofrance_arpege_europe
2026-07-13,2026-07-14T08:00:00Z,26,5.5,6.2897,5.5,meteofrance_arpege_europe
2026-07-14,2026-07-14T08:00:00Z,2,5.5,5.921,5.5,meteofrance_arpege_europe
2026-07-13,2026-07-14T09:00:00Z,27,4.5,5.9046,5.11,meteofrance_arpege_europe
2026-07-14,2026-07-14T09:00:00Z,3,4.5,5.4236,5.11,meteofrance_arpege_europe
2026-07-13,2026-07-14T10:00:00Z,28,6.3,6.6528,5.92,meteofrance_arpege_europe
2026-07-14,2026-07-14T10:00:00Z,4,6.3,6.1948,5.92,meteofrance_arpege_europe
2026-07-13,2026-07-14T11:00:00Z,29,5.2,6.7564,6.4,meteofrance_arpege_europe
2026-07-14,2026-07-14T11:00:00Z,5,5.2,6.7642,6.4,meteofrance_arpege_europe
2026-07-13,2026-07-14T12:00:00Z,30,6.2,7.0692,6.18,meteofrance_arpege_europe
2026-07-14,2026-07-14T12:00:00Z,6,6.2,6.5707,6.18,meteofrance_arpege_europe
2026-07-13,2026-07-14T13:00:00Z,31,6.8,7.019,6.06,meteofrance_arpege_europe
2026-07-14,2026-07-14T13:00:00Z,7,6.8,6.561,6.06,meteofrance_arpege_europe
2026-07-13,2026-07-14T14:00:00Z,32,5.2,5.7591,5.36,meteofrance_arpege_europe
2026-07-14,2026-07-14T14:00:00Z,8,5.2,5.7614,5.36,meteofrance_arpege_europe
2026-07-13,2026-07-14T15:00:00Z,33,4.8,4.9601,4.75,meteofrance_arpege_europe
2026-07-14,2026-07-14T15:00:00Z,9,4.8,5.1379,4.75,meteofrance_arpege_europe
2026-07-13,2026-07-14T16:00:00Z,34,3.7,4.568,4.32,meteofrance_arpege_europe
2026-07-14,2026-07-14T16:00:00Z,10,3.7,4.7978,4.32,meteofrance_arpege_europe
2026-07-13,2026-07-14T17:00:00Z,35,3.3,4.2754,4.15,meteofrance_arpege_europe
2026-07-14,2026-07-14T17:00:00Z,11,3.3,4.1534,4.15,meteofrance_arpege_europe
2026-07-13,2026-07-14T18:00:00Z,36,4.1,4.2366,3.86,meteofrance_arpege_europe
2026-07-14,2026-07-14T18:00:00Z,12,4.1,4.0807,3.86,meteofrance_arpege_europe
2026-07-13,2026-07-14T19:00:00Z,37,2.8,4.2428,3.81,meteofrance_arpege_europe
2026-07-14,2026-07-14T19:00:00Z,13,2.8,4.7152,3.81,meteofrance_arpege_europe
2026-07-13,2026-07-14T20:00:00Z,38,2.6,3.9667,3.54,meteofrance_arpege_europe
2026-07-14,2026-07-14T20:00:00Z,14,2.6,3.8025,3.54,meteofrance_arpege_europe
2026-07-13,2026-07-14T21:00:00Z,39,2.9,3.8193,3.33,meteofrance_arpege_europe
2026-07-14,2026-07-14T21:00:00Z,15,2.9,3.5614,3.33,meteofrance_arpege_europe
2026-07-13,2026-07-14T22:00:00Z,40,3.8,3.2987,2.56,meteofrance_arpege_europe
2026-07-14,2026-07-14T22:00:00Z,16,3.8,3.197,2.56,meteofrance_arpege_europe
2026-07-13,2026-07-14T23:00:00Z,41,2.7,2.7451,1.79,meteofrance_arpege_europe
2026-07-14,2026-07-14T23:00:00Z,17,2.7,2.4651,1.79,meteofrance_arpege_europe
2026-07-13,2026-07-15T00:00:00Z,42,2.4,2.4694,1.42,meteofrance_arpege_europe
2026-07-14,2026-07-15T00:00:00Z,18,2.4,2.6489,1.42,meteofrance_arpege_europe
2026-07-13,2026-07-15T01:00:00Z,43,2.4,2.5877,1.64,meteofrance_arpege_europe
2026-07-14,2026-07-15T01:00:00Z,19,2.4,2.687,1.64,meteofrance_arpege_europe
2026-07-13,2026-07-15T02:00:00Z,44,3.1,2.7469,1.92,meteofrance_arpege_europe
2026-07-14,2026-07-15T02:00:00Z,20,3.1,3.1161,1.92,meteofrance_arpege_europe
2026-07-13,2026-07-15T03:00:00Z,45,4.5,3.3368,2.69,meteofrance_arpege_europe
2026-07-14,2026-07-15T03:00:00Z,21,4.5,3.4684,2.69,meteofrance_arpege_europe
2026-07-13,2026-07-15T04:00:00Z,46,3.7,3.4194,2.56,meteofrance_arpege_europe
2026-07-14,2026-07-15T04:00:00Z,22,3.7,3.375,2.56,meteofrance_arpege_europe
2026-07-13,2026-07-15T05:00:00Z,47,3.6,3.5785,2.78,meteofrance_arpege_europe
2026-07-14,2026-07-15T05:00:00Z,23,3.6,3.5464,2.78,meteofrance_arpege_europe
2026-07-13,2026-07-15T06:00:00Z,48,3.7,4.2436,3.33,meteofrance_arpege_europe
2026-07-14,2026-07-15T06:00:00Z,24,3.7,4.3216,3.33,meteofrance_arpege_europe
2026-07-14,2026-07-15T07:00:00Z,25,5.1,4.4925,3.68,meteofrance_arpege_europe
2026-07-15,2026-07-15T07:00:00Z,1,5.1,4.7423,3.68,meteofrance_arpege_europe
2026-07-14,2026-07-15T08:00:00Z,26,5.0,5.1698,4.26,meteofrance_arpege_europe
2026-07-15,2026-07-15T08:00:00Z,2,5.0,5.1691,4.26,meteofrance_arpege_europe
2026-07-14,2026-07-15T09:00:00Z,27,4.4,5.1531,4.7,meteofrance_arpege_europe
2026-07-15,2026-07-15T09:00:00Z,3,4.4,5.3633,4.7,meteofrance_arpege_europe
2026-07-14,2026-07-15T10:00:00Z,28,4.7,6.3437,6.17,meteofrance_arpege_europe
2026-07-15,2026-07-15T10:00:00Z,4,4.7,5.1261,6.17,meteofrance_arpege_europe
2026-07-14,2026-07-15T11:00:00Z,29,5.2,6.4953,6.48,meteofrance_arpege_europe
2026-07-15,2026-07-15T11:00:00Z,5,5.2,6.0735,6.48,meteofrance_arpege_europe
2026-07-14,2026-07-15T12:00:00Z,30,6.9,7.2965,6.74,meteofrance_arpege_europe
2026-07-15,2026-07-15T12:00:00Z,6,6.9,6.8066,6.74,meteofrance_arpege_europe
2026-07-14,2026-07-15T13:00:00Z,31,5.1,6.7741,6.55,meteofrance_arpege_europe
2026-07-15,2026-07-15T13:00:00Z,7,5.1,6.5232,6.55,meteofrance_arpege_europe
2026-07-14,2026-07-15T14:00:00Z,32,5.8,7.2741,6.77,meteofrance_arpege_europe
2026-07-15,2026-07-15T14:00:00Z,8,5.8,6.8726,6.77,meteofrance_arpege_europe
2026-07-14,2026-07-15T15:00:00Z,33,5.5,6.9902,6.71,meteofrance_arpege_europe
2026-07-15,2026-07-15T15:00:00Z,9,5.5,6.25,6.71,meteofrance_arpege_europe
2026-07-14,2026-07-15T16:00:00Z,34,6.0,6.349,6.2,meteofrance_arpege_europe
2026-07-15,2026-07-15T16:00:00Z,10,6.0,5.3112,6.2,meteofrance_arpege_europe
2026-07-14,2026-07-15T17:00:00Z,35,6.6,6.2134,6.04,meteofrance_arpege_europe
2026-07-15,2026-07-15T17:00:00Z,11,6.6,5.2658,6.04,meteofrance_arpege_europe
2026-07-14,2026-07-15T18:00:00Z,36,4.9,6.6202,6.48,meteofrance_arpege_europe
2026-07-15,2026-07-15T18:00:00Z,12,4.9,6.0087,6.48,meteofrance_arpege_europe
2026-07-14,2026-07-15T19:00:00Z,37,6.2,6.7439,6.18,meteofrance_arpege_europe
2026-07-15,2026-07-15T19:00:00Z,13,6.2,7.0337,6.18,meteofrance_arpege_europe
2026-07-14,2026-07-15T20:00:00Z,38,3.8,5.9108,5.28,meteofrance_arpege_europe
2026-07-15,2026-07-15T20:00:00Z,14,3.8,5.3888,5.28,meteofrance_arpege_europe
2026-07-14,2026-07-15T21:00:00Z,39,4.2,5.4605,4.78,meteofrance_arpege_europe
2026-07-15,2026-07-15T21:00:00Z,15,4.2,5.5085,4.78,meteofrance_arpege_europe
2026-07-14,2026-07-15T22:00:00Z,40,3.7,5.394,4.24,meteofrance_arpege_europe
2026-07-15,2026-07-15T22:00:00Z,16,3.7,5.1478,4.24,meteofrance_arpege_europe
2026-07-14,2026-07-15T23:00:00Z,41,2.0,4.2692,3.56,meteofrance_arpege_europe
2026-07-15,2026-07-15T23:00:00Z,17,2.0,3.6367,3.56,meteofrance_arpege_europe
2026-07-14,2026-07-16T00:00:00Z,42,2.8,3.8268,2.69,meteofrance_arpege_europe
2026-07-15,2026-07-16T00:00:00Z,18,2.8,3.3635,2.69,meteofrance_arpege_europe
2026-07-14,2026-07-16T01:00:00Z,43,2.4,3.4446,2.34,meteofrance_arpege_europe
2026-07-15,2026-07-16T01:00:00Z,19,2.4,3.3107,2.34,meteofrance_arpege_europe
2026-07-14,2026-07-16T02:00:00Z,44,3.0,2.2037,1.3,meteofrance_arpege_europe
2026-07-15,2026-07-16T02:00:00Z,20,3.0,2.3007,1.3,meteofrance_arpege_europe
2026-07-14,2026-07-16T03:00:00Z,45,3.0,2.0772,1.03,meteofrance_arpege_europe
2026-07-15,2026-07-16T03:00:00Z,21,3.0,2.0389,1.03,meteofrance_arpege_europe
2026-07-14,2026-07-16T04:00:00Z,46,2.1,2.1597,1.5,meteofrance_arpege_europe
2026-07-15,2026-07-16T04:00:00Z,22,2.1,2.2535,1.5,meteofrance_arpege_europe
2026-07-14,2026-07-16T05:00:00Z,47,1.8,2.1792,1.75,meteofrance_arpege_europe
2026-07-15,2026-07-16T05:00:00Z,23,1.8,2.3058,1.75,meteofrance_arpege_europe
2026-07-14,2026-07-16T06:00:00Z,48,2.3,2.4099,1.94,meteofrance_arpege_europe
2026-07-15,2026-07-16T06:00:00Z,24,2.3,2.6606,1.94,meteofrance_arpege_europe
2026-07-15,2026-07-16T07:00:00Z,25,2.4,3.1865,2.05,meteofrance_arpege_europe
2026-07-16,2026-07-16T07:00:00Z,1,2.4,3.034,2.05,meteofrance_arpege_europe
2026-07-15,2026-07-16T08:00:00Z,26,3.5,3.9955,3.0,meteofrance_arpege_europe
2026-07-16,2026-07-16T08:00:00Z,2,3.5,3.65,3.0,meteofrance_arpege_europe
2026-07-15,2026-07-16T09:00:00Z,27,3.6,4.2421,3.68,meteofrance_arpege_europe
2026-07-16,2026-07-16T09:00:00Z,3,3.6,4.13,3.68,meteofrance_arpege_europe
2026-07-15,2026-07-16T10:00:00Z,28,3.3,4.9731,4.46,meteofrance_arpege_europe
2026-07-16,2026-07-16T10:00:00Z,4,3.3,4.8143,4.46,meteofrance_arpege_europe
2026-07-15,2026-07-16T11:00:00Z,29,3.9,5.1739,5.17,meteofrance_arpege_europe
2026-07-16,2026-07-16T11:00:00Z,5,3.9,4.2977,5.17,meteofrance_arpege_europe
2026-07-15,2026-07-16T12:00:00Z,30,4.7,6.1308,5.91,meteofrance_arpege_europe
2026-07-16,2026-07-16T12:00:00Z,6,4.7,4.916,5.91,meteofrance_arpege_europe
2026-07-15,2026-07-16T13:00:00Z,31,5.6,6.9956,6.61,meteofrance_arpege_europe
2026-07-16,2026-07-16T13:00:00Z,7,5.6,6.2971,6.61,meteofrance_arpege_europe
2026-07-15,2026-07-16T14:00:00Z,32,6.5,7.8728,7.06,meteofrance_arpege_europe
2026-07-16,2026-07-16T14:00:00Z,8,6.5,7.3483,7.06,meteofrance_arpege_europe
2026-07-15,2026-07-16T15:00:00Z,33,5.6,8.5982,7.45,meteofrance_arpege_europe
2026-07-16,2026-07-16T15:00:00Z,9,5.6,7.9483,7.45,meteofrance_arpege_europe
2026-07-15,2026-07-16T16:00:00Z,34,6.4,8.5319,7.56,meteofrance_arpege_europe
2026-07-16,2026-07-16T16:00:00Z,10,6.4,7.7815,7.56,meteofrance_arpege_europe
2026-07-15,2026-07-16T17:00:00Z,35,7.0,8.5613,7.4,meteofrance_arpege_europe
2026-07-16,2026-07-16T17:00:00Z,11,7.0,7.849,7.4,meteofrance_arpege_europe
2026-07-15,2026-07-16T18:00:00Z,36,6.8,8.5036,8.01,meteofrance_arpege_europe
2026-07-16,2026-07-16T18:00:00Z,12,6.8,8.2292,8.01,meteofrance_arpege_europe
2026-07-15,2026-07-16T19:00:00Z,37,6.4,7.3878,6.74,meteofrance_arpege_europe
2026-07-16,2026-07-16T19:00:00Z,13,6.4,7.5886,6.74,meteofrance_arpege_europe
2026-07-15,2026-07-16T20:00:00Z,38,5.2,7.1349,5.85,meteofrance_arpege_europe
2026-07-16,2026-07-16T20:00:00Z,14,5.2,6.6427,5.85,meteofrance_arpege_europe
2026-07-15,2026-07-16T21:00:00Z,39,6.0,6.5005,5.1,meteofrance_arpege_europe
2026-07-16,2026-07-16T21:00:00Z,15,6.0,6.1535,5.1,meteofrance_arpege_europe
2026-07-15,2026-07-16T22:00:00Z,40,5.9,6.3326,4.85,meteofrance_arpege_europe
2026-07-16,2026-07-16T22:00:00Z,16,5.9,6.3189,4.85,meteofrance_arpege_europe
2026-07-15,2026-07-16T23:00:00Z,41,6.6,5.2574,4.22,meteofrance_arpege_europe
2026-07-16,2026-07-16T23:00:00Z,17,6.6,4.8345,4.22,meteofrance_arpege_europe
2026-07-15,2026-07-17T00:00:00Z,42,5.2,4.7196,3.68,meteofrance_arpege_europe
2026-07-16,2026-07-17T00:00:00Z,18,5.2,4.3295,3.68,meteofrance_arpege_europe
2026-07-15,2026-07-17T01:00:00Z,43,4.4,3.9712,2.66,meteofrance_arpege_europe
2026-07-16,2026-07-17T01:00:00Z,19,4.4,3.6792,2.66,meteofrance_arpege_europe
2026-07-15,2026-07-17T02:00:00Z,44,3.5,4.6698,3.58,meteofrance_arpege_europe
2026-07-16,2026-07-17T02:00:00Z,20,3.5,4.6235,3.58,meteofrance_arpege_europe
2026-07-15,2026-07-17T03:00:00Z,45,4.6,5.1842,4.15,meteofrance_arpege_europe
2026-07-16,2026-07-17T03:00:00Z,21,4.6,5.007,4.15,meteofrance_arpege_europe
2026-07-15,2026-07-17T04:00:00Z,46,3.7,5.1047,4.11,meteofrance_arpege_europe
2026-07-16,2026-07-17T04:00:00Z,22,3.7,4.5714,4.11,meteofrance_arpege_europe
2026-07-15,2026-07-17T05:00:00Z,47,4.7,4.6457,3.62,meteofrance_arpege_europe
2026-07-16,2026-07-17T05:00:00Z,23,4.7,4.2709,3.62,meteofrance_arpege_europe
2026-07-15,2026-07-17T06:00:00Z,48,5.1,4.8659,3.36,meteofrance_arpege_europe
2026-07-16,2026-07-17T06:00:00Z,24,5.1,4.7086,3.36,meteofrance_arpege_europe
2026-07-16,2026-07-17T07:00:00Z,25,4.6,5.1982,3.22,meteofrance_arpege_europe
2026-07-17,2026-07-17T07:00:00Z,1,4.6,4.1805,3.22,meteofrance_arpege_europe
2026-07-16,2026-07-17T08:00:00Z,26,4.2,5.1651,3.86,meteofrance_arpege_europe
2026-07-17,2026-07-17T08:00:00Z,2,4.2,4.4313,3.86,meteofrance_arpege_europe
2026-07-16,2026-07-17T09:00:00Z,27,4.1,4.3096,4.05,meteofrance_arpege_europe
2026-07-17,2026-07-17T09:00:00Z,3,4.1,3.8773,4.05,meteofrance_arpege_europe
2026-07-16,2026-07-17T10:00:00Z,28,3.6,4.9906,4.9,meteofrance_arpege_europe
2026-07-17,2026-07-17T10:00:00Z,4,3.6,4.7367,4.9,meteofrance_arpege_europe
2026-07-16,2026-07-17T11:00:00Z,29,4.5,4.9222,4.73,meteofrance_arpege_europe
2026-07-17,2026-07-17T11:00:00Z,5,4.5,4.397,4.73,meteofrance_arpege_europe
2026-07-16,2026-07-17T12:00:00Z,30,4.4,5.6349,5.04,meteofrance_arpege_europe
2026-07-17,2026-07-17T12:00:00Z,6,4.4,4.7357,5.04,meteofrance_arpege_europe
2026-07-16,2026-07-17T13:00:00Z,31,5.4,5.919,5.25,meteofrance_arpege_europe
2026-07-17,2026-07-17T13:00:00Z,7,5.4,5.0121,5.25,meteofrance_arpege_europe
2026-07-16,2026-07-17T14:00:00Z,32,4.3,5.9656,5.36,meteofrance_arpege_europe
2026-07-17,2026-07-17T14:00:00Z,8,4.3,5.3774,5.36,meteofrance_arpege_europe
2026-07-16,2026-07-17T15:00:00Z,33,4.6,5.2216,4.67,meteofrance_arpege_europe
2026-07-17,2026-07-17T15:00:00Z,9,4.6,4.2438,4.67,meteofrance_arpege_europe
2026-07-16,2026-07-17T16:00:00Z,34,2.7,3.9665,4.02,meteofrance_arpege_europe
2026-07-17,2026-07-17T16:00:00Z,10,2.7,3.1465,4.02,meteofrance_arpege_europe
2026-07-16,2026-07-17T17:00:00Z,35,3.1,3.718,3.64,meteofrance_arpege_europe
2026-07-17,2026-07-17T17:00:00Z,11,3.1,3.0996,3.64,meteofrance_arpege_europe
2026-07-16,2026-07-17T18:00:00Z,36,4.3,3.7959,3.5,meteofrance_arpege_europe
2026-07-17,2026-07-17T18:00:00Z,12,4.3,3.017,3.5,meteofrance_arpege_europe
2026-07-16,2026-07-17T19:00:00Z,37,3.5,4.459,3.69,meteofrance_arpege_europe
2026-07-17,2026-07-17T19:00:00Z,13,3.5,4.5457,3.69,meteofrance_arpege_europe
2026-07-16,2026-07-17T20:00:00Z,38,2.8,4.0371,3.18,meteofrance_arpege_europe
2026-07-17,2026-07-17T20:00:00Z,14,2.8,3.7093,3.18,meteofrance_arpege_europe
2026-07-16,2026-07-17T21:00:00Z,39,1.6,2.3353,1.35,meteofrance_arpege_europe
2026-07-17,2026-07-17T21:00:00Z,15,1.6,2.1297,1.35,meteofrance_arpege_europe
2026-07-16,2026-07-17T22:00:00Z,40,0.6,1.7379,0.89,meteofrance_arpege_europe
2026-07-17,2026-07-17T22:00:00Z,16,0.6,1.6126,0.89,meteofrance_arpege_europe
2026-07-16,2026-07-17T23:00:00Z,41,1.9,1.5726,0.5,meteofrance_arpege_europe
2026-07-17,2026-07-17T23:00:00Z,17,1.9,1.5396,0.5,meteofrance_arpege_europe
2026-07-16,2026-07-18T00:00:00Z,42,2.4,2.2905,1.4,meteofrance_arpege_europe
2026-07-17,2026-07-18T00:00:00Z,18,2.4,2.4409,1.4,meteofrance_arpege_europe
2026-07-16,2026-07-18T01:00:00Z,43,2.7,3.0491,2.16,meteofrance_arpege_europe
2026-07-17,2026-07-18T01:00:00Z,19,2.7,3.0403,2.16,meteofrance_arpege_europe
2026-07-16,2026-07-18T02:00:00Z,44,3.3,3.2519,2.25,meteofrance_arpege_europe
2026-07-17,2026-07-18T02:00:00Z,20,3.3,3.3938,2.25,meteofrance_arpege_europe
2026-07-16,2026-07-18T03:00:00Z,45,4.6,3.2388,2.25,meteofrance_arpege_europe
2026-07-17,2026-07-18T03:00:00Z,21,4.6,3.3926,2.25,meteofrance_arpege_europe
2026-07-16,2026-07-18T04:00:00Z,46,4.0,3.0199,1.93,meteofrance_arpege_europe
2026-07-17,2026-07-18T04:00:00Z,22,4.0,3.148,1.93,meteofrance_arpege_europe
2026-07-16,2026-07-18T05:00:00Z,47,3.7,2.7787,1.75,meteofrance_arpege_europe
2026-07-17,2026-07-18T05:00:00Z,23,3.7,2.9163,1.75,meteofrance_arpege_europe
2026-07-16,2026-07-18T06:00:00Z,48,3.2,2.1248,1.43,meteofrance_arpege_europe
2026-07-17,2026-07-18T06:00:00Z,24,3.2,2.1421,1.43,meteofrance_arpege_europe
2026-07-17,2026-07-18T07:00:00Z,25,1.7,1.7582,1.08,meteofrance_arpege_europe
2026-07-18,2026-07-18T07:00:00Z,1,1.7,2.0381,1.08,meteofrance_arpege_europe
2026-07-17,2026-07-18T08:00:00Z,26,2.5,2.3842,1.91,meteofrance_arpege_europe
2026-07-18,2026-07-18T08:00:00Z,2,2.5,2.2378,1.91,meteofrance_arpege_europe
2026-07-17,2026-07-18T09:00:00Z,27,3.3,3.0333,2.94,meteofrance_arpege_europe
2026-07-18,2026-07-18T09:00:00Z,3,3.3,3.0933,2.94,meteofrance_arpege_europe
2026-07-17,2026-07-18T10:00:00Z,28,3.8,2.7331,2.55,meteofrance_arpege_europe
2026-07-18,2026-07-18T10:00:00Z,4,3.8,2.8016,2.55,meteofrance_arpege_europe
2026-07-17,2026-07-18T11:00:00Z,29,3.3,3.0247,3.36,meteofrance_arpege_europe
2026-07-18,2026-07-18T11:00:00Z,5,3.3,2.808,3.36,meteofrance_arpege_europe
2026-07-17,2026-07-18T12:00:00Z,30,7.3,4.3155,4.2,meteofrance_arpege_europe
2026-07-18,2026-07-18T12:00:00Z,6,7.3,4.2155,4.2,meteofrance_arpege_europe
2026-07-17,2026-07-18T13:00:00Z,31,6.3,6.5658,6.14,meteofrance_arpege_europe
2026-07-18,2026-07-18T13:00:00Z,7,6.3,6.599,6.14,meteofrance_arpege_europe
2026-07-17,2026-07-18T14:00:00Z,32,6.7,6.6015,6.12,meteofrance_arpege_europe
2026-07-18,2026-07-18T14:00:00Z,8,6.7,6.9294,6.12,meteofrance_arpege_europe
2026-07-17,2026-07-18T15:00:00Z,33,5.3,6.8125,6.02,meteofrance_arpege_europe
2026-07-18,2026-07-18T15:00:00Z,9,5.3,6.6348,6.02,meteofrance_arpege_europe
2026-07-17,2026-07-18T16:00:00Z,34,6.1,6.6344,6.04,meteofrance_arpege_europe
2026-07-18,2026-07-18T16:00:00Z,10,6.1,6.602,6.04,meteofrance_arpege_europe
2026-07-17,2026-07-18T17:00:00Z,35,5.7,7.1513,6.61,meteofrance_arpege_europe
2026-07-18,2026-07-18T17:00:00Z,11,5.7,7.2825,6.61,meteofrance_arpege_europe
2026-07-17,2026-07-18T18:00:00Z,36,8.5,8.1204,7.56,meteofrance_arpege_europe
2026-07-18,2026-07-18T18:00:00Z,12,8.5,8.3488,7.56,meteofrance_arpege_europe
2026-07-17,2026-07-18T19:00:00Z,37,7.7,7.4379,7.1,meteofrance_arpege_europe
2026-07-18,2026-07-18T19:00:00Z,13,7.7,7.4503,7.1,meteofrance_arpege_europe
2026-07-17,2026-07-18T20:00:00Z,38,6.8,6.8051,6.07,meteofrance_arpege_europe
2026-07-18,2026-07-18T20:00:00Z,14,6.8,6.9513,6.07,meteofrance_arpege_europe
2026-07-17,2026-07-18T21:00:00Z,39,7.1,5.8844,5.44,meteofrance_arpege_europe
2026-07-18,2026-07-18T21:00:00Z,15,7.1,5.7575,5.44,meteofrance_arpege_europe
2026-07-17,2026-07-18T22:00:00Z,40,6.9,5.0676,4.74,meteofrance_arpege_europe
2026-07-18,2026-07-18T22:00:00Z,16,6.9,5.2603,4.74,meteofrance_arpege_europe
2026-07-17,2026-07-18T23:00:00Z,41,6.3,4.5539,4.04,meteofrance_arpege_europe
2026-07-18,2026-07-18T23:00:00Z,17,6.3,4.1211,4.04,meteofrance_arpege_europe
2026-07-17,2026-07-19T00:00:00Z,42,6.5,4.7086,3.76,meteofrance_arpege_europe
2026-07-18,2026-07-19T00:00:00Z,18,6.5,4.4167,3.76,meteofrance_arpege_europe
2026-07-17,2026-07-19T01:00:00Z,43,2.8,4.6421,4.33,meteofrance_arpege_europe
2026-07-18,2026-07-19T01:00:00Z,19,2.8,4.5079,4.33,meteofrance_arpege_europe
2026-07-17,2026-07-19T02:00:00Z,44,5.1,4.2853,4.38,meteofrance_arpege_europe
2026-07-18,2026-07-19T02:00:00Z,20,5.1,4.5486,4.38,meteofrance_arpege_europe
2026-07-17,2026-07-19T03:00:00Z,45,7.0,5.0812,5.15,meteofrance_arpege_europe
2026-07-18,2026-07-19T03:00:00Z,21,7.0,5.015,5.15,meteofrance_arpege_europe
2026-07-17,2026-07-19T04:00:00Z,46,5.9,5.6263,4.88,meteofrance_arpege_europe
2026-07-18,2026-07-19T04:00:00Z,22,5.9,5.8849,4.88,meteofrance_arpege_europe
2026-07-17,2026-07-19T05:00:00Z,47,7.7,7.1661,5.93,meteofrance_arpege_europe
2026-07-18,2026-07-19T05:00:00Z,23,7.7,7.5308,5.93,meteofrance_arpege_europe
2026-07-17,2026-07-19T06:00:00Z,48,6.9,6.5083,5.82,meteofrance_arpege_europe
2026-07-18,2026-07-19T06:00:00Z,24,6.9,7.0702,5.82,meteofrance_arpege_europe
2026-07-18,2026-07-19T07:00:00Z,25,7.3,6.109,5.81,meteofrance_arpege_europe
2026-07-19,2026-07-19T07:00:00Z,1,7.3,6.9859,5.81,meteofrance_arpege_europe
2026-07-18,2026-07-19T08:00:00Z,26,6.6,6.5805,5.91,meteofrance_arpege_europe
2026-07-19,2026-07-19T08:00:00Z,2,6.6,7.3488,5.91,meteofrance_arpege_europe
2026-07-18,2026-07-19T09:00:00Z,27,5.6,6.3872,5.92,meteofrance_arpege_europe
2026-07-19,2026-07-19T09:00:00Z,3,5.6,7.0866,5.92,meteofrance_arpege_europe
2026-07-18,2026-07-19T10:00:00Z,28,5.4,5.9622,5.8,meteofrance_arpege_europe
2026-07-19,2026-07-19T10:00:00Z,4,5.4,6.8844,5.8,meteofrance_arpege_europe
2026-07-18,2026-07-19T11:00:00Z,29,6.1,6.4694,6.2,meteofrance_arpege_europe
2026-07-19,2026-07-19T11:00:00Z,5,6.1,7.5257,6.2,meteofrance_arpege_europe
2026-07-18,2026-07-19T12:00:00Z,30,7.3,6.2553,5.81,meteofrance_arpege_europe
2026-07-19,2026-07-19T12:00:00Z,6,7.3,7.1742,5.81,meteofrance_arpege_europe
2026-07-18,2026-07-19T13:00:00Z,31,6.7,6.8378,6.1,meteofrance_arpege_europe
2026-07-19,2026-07-19T13:00:00Z,7,6.7,7.3134,6.1,meteofrance_arpege_europe
2026-07-18,2026-07-19T14:00:00Z,32,6.2,7.0167,6.11,meteofrance_arpege_europe
2026-07-19,2026-07-19T14:00:00Z,8,6.2,7.5404,6.11,meteofrance_arpege_europe
2026-07-18,2026-07-19T15:00:00Z,33,7.5,6.4754,5.73,meteofrance_arpege_europe
2026-07-19,2026-07-19T15:00:00Z,9,7.5,7.2181,5.73,meteofrance_arpege_europe
2026-07-18,2026-07-19T16:00:00Z,34,7.8,7.332,6.35,meteofrance_arpege_europe
2026-07-19,2026-07-19T16:00:00Z,10,7.8,7.3633,6.35,meteofrance_arpege_europe
2026-07-18,2026-07-19T17:00:00Z,35,6.6,6.7883,5.92,meteofrance_arpege_europe
2026-07-19,2026-07-19T17:00:00Z,11,6.6,6.6433,5.92,meteofrance_arpege_europe
2026-07-18,2026-07-19T18:00:00Z,36,6.6,6.8608,6.11,meteofrance_arpege_europe
2026-07-19,2026-07-19T18:00:00Z,12,6.6,6.9815,6.11,meteofrance_arpege_europe
2026-07-18,2026-07-19T19:00:00Z,37,6.5,6.0725,5.56,meteofrance_arpege_europe
2026-07-19,2026-07-19T19:00:00Z,13,6.5,6.8464,5.56,meteofrance_arpege_europe
2026-07-18,2026-07-19T20:00:00Z,38,7.3,6.0712,4.98,meteofrance_arpege_europe
2026-07-19,2026-07-19T20:00:00Z,14,7.3,6.0219,4.98,meteofrance_arpege_europe
2026-07-18,2026-07-19T21:00:00Z,39,5.5,5.0788,4.74,meteofrance_arpege_europe
2026-07-19,2026-07-19T21:00:00Z,15,5.5,5.1367,4.74,meteofrance_arpege_europe
2026-07-18,2026-07-19T22:00:00Z,40,5.5,5.2879,4.53,meteofrance_arpege_europe
2026-07-19,2026-07-19T22:00:00Z,16,5.5,5.2487,4.53,meteofrance_arpege_europe
2026-07-18,2026-07-19T23:00:00Z,41,5.5,4.5974,4.24,meteofrance_arpege_europe
2026-07-19,2026-07-19T23:00:00Z,17,5.5,4.4923,4.24,meteofrance_arpege_europe
2026-07-18,2026-07-20T00:00:00Z,42,4.8,4.4886,3.84,meteofrance_arpege_europe
2026-07-19,2026-07-20T00:00:00Z,18,4.8,4.0713,3.84,meteofrance_arpege_europe
2026-07-18,2026-07-20T01:00:00Z,43,3.8,3.4664,3.0,meteofrance_arpege_europe
2026-07-19,2026-07-20T01:00:00Z,19,3.8,3.7905,3.0,meteofrance_arpege_europe
2026-07-18,2026-07-20T02:00:00Z,44,2.9,2.7438,2.52,meteofrance_arpege_europe
2026-07-19,2026-07-20T02:00:00Z,20,2.9,2.9099,2.52,meteofrance_arpege_europe
2026-07-18,2026-07-20T03:00:00Z,45,2.6,2.6921,2.47,meteofrance_arpege_europe
2026-07-19,2026-07-20T03:00:00Z,21,2.6,2.8027,2.47,meteofrance_arpege_europe
2026-07-18,2026-07-20T04:00:00Z,46,2.5,2.4298,1.93,meteofrance_arpege_europe
2026-07-19,2026-07-20T04:00:00Z,22,2.5,2.6876,1.93,meteofrance_arpege_europe
2026-07-18,2026-07-20T05:00:00Z,47,2.4,2.1999,1.43,meteofrance_arpege_europe
2026-07-19,2026-07-20T05:00:00Z,23,2.4,2.5534,1.43,meteofrance_arpege_europe
2026-07-18,2026-07-20T06:00:00Z,48,1.7,2.1797,1.41,meteofrance_arpege_europe
2026-07-19,2026-07-20T06:00:00Z,24,1.7,2.2755,1.41,meteofrance_arpege_europe
2026-07-19,2026-07-20T07:00:00Z,25,4.3,2.7943,1.73,meteofrance_arpege_europe
2026-07-20,2026-07-20T07:00:00Z,1,4.3,2.7855,1.73,meteofrance_arpege_europe
2026-07-19,2026-07-20T08:00:00Z,26,5.3,4.4333,3.05,meteofrance_arpege_europe
2026-07-20,2026-07-20T08:00:00Z,2,5.3,4.1585,3.05,meteofrance_arpege_europe
2026-07-19,2026-07-20T09:00:00Z,27,4.3,4.3831,3.72,meteofrance_arpege_europe
2026-07-20,2026-07-20T09:00:00Z,3,4.3,4.1649,3.72,meteofrance_arpege_europe
2026-07-19,2026-07-20T10:00:00Z,28,4.0,5.1778,4.62,meteofrance_arpege_europe
2026-07-20,2026-07-20T10:00:00Z,4,4.0,5.1092,4.62,meteofrance_arpege_europe
2026-07-19,2026-07-20T11:00:00Z,29,5.6,5.3492,5.26,meteofrance_arpege_europe
2026-07-20,2026-07-20T11:00:00Z,5,5.6,5.0167,5.26,meteofrance_arpege_europe
2026-07-19,2026-07-20T12:00:00Z,30,8.1,6.5532,6.14,meteofrance_arpege_europe
2026-07-20,2026-07-20T12:00:00Z,6,8.1,6.4762,6.14,meteofrance_arpege_europe
2026-07-19,2026-07-20T13:00:00Z,31,8.6,8.0069,6.76,meteofrance_arpege_europe
2026-07-20,2026-07-20T13:00:00Z,7,8.6,8.0449,6.76,meteofrance_arpege_europe
2026-07-19,2026-07-20T14:00:00Z,32,9.5,8.7658,7.13,meteofrance_arpege_europe
2026-07-20,2026-07-20T14:00:00Z,8,9.5,8.4152,7.13,meteofrance_arpege_europe
2026-07-19,2026-07-20T15:00:00Z,33,9.9,9.3292,7.53,meteofrance_arpege_europe
2026-07-20,2026-07-20T15:00:00Z,9,9.9,9.6114,7.53,meteofrance_arpege_europe
2026-07-19,2026-07-20T16:00:00Z,34,9.4,8.9634,7.37,meteofrance_arpege_europe
2026-07-20,2026-07-20T16:00:00Z,10,9.4,9.5923,7.37,meteofrance_arpege_europe
2026-07-19,2026-07-20T17:00:00Z,35,7.7,9.3982,8.08,meteofrance_arpege_europe
2026-07-20,2026-07-20T17:00:00Z,11,7.7,8.9156,8.08,meteofrance_arpege_europe
2026-07-19,2026-07-20T18:00:00Z,36,6.8,8.2888,7.62,meteofrance_arpege_europe
2026-07-20,2026-07-20T18:00:00Z,12,6.8,7.718,7.62,meteofrance_arpege_europe
2026-07-19,2026-07-20T19:00:00Z,37,6.1,6.8326,6.62,meteofrance_arpege_europe
2026-07-20,2026-07-20T19:00:00Z,13,6.1,7.341,6.62,meteofrance_arpege_europe
2026-07-19,2026-07-20T20:00:00Z,38,7.1,6.4827,5.81,meteofrance_arpege_europe
2026-07-20,2026-07-20T20:00:00Z,14,7.1,6.6599,5.81,meteofrance_arpege_europe
2026-07-19,2026-07-20T21:00:00Z,39,4.8,4.9117,4.6,meteofrance_arpege_europe
2026-07-20,2026-07-20T21:00:00Z,15,4.8,5.4865,4.6,meteofrance_arpege_europe
2026-07-19,2026-07-20T22:00:00Z,40,4.4,4.6004,3.86,meteofrance_arpege_europe
2026-07-20,2026-07-20T22:00:00Z,16,4.4,3.8994,3.86,meteofrance_arpege_europe
2026-07-19,2026-07-20T23:00:00Z,41,4.0,3.9032,3.67,meteofrance_arpege_europe
2026-07-20,2026-07-20T23:00:00Z,17,4.0,3.8241,3.67,meteofrance_arpege_europe
2026-07-19,2026-07-21T00:00:00Z,42,4.4,3.8592,3.4,meteofrance_arpege_europe
2026-07-20,2026-07-21T00:00:00Z,18,4.4,3.6723,3.4,meteofrance_arpege_europe
2026-07-19,2026-07-21T01:00:00Z,43,4.5,3.355,2.8,meteofrance_arpege_europe
2026-07-20,2026-07-21T01:00:00Z,19,4.5,3.4285,2.8,meteofrance_arpege_europe
2026-07-19,2026-07-21T02:00:00Z,44,3.8,3.2937,2.88,meteofrance_arpege_europe
2026-07-20,2026-07-21T02:00:00Z,20,3.8,3.429,2.88,meteofrance_arpege_europe
2026-07-19,2026-07-21T03:00:00Z,45,4.3,3.6124,2.83,meteofrance_arpege_europe
2026-07-20,2026-07-21T03:00:00Z,21,4.3,3.6372,2.83,meteofrance_arpege_europe
2026-07-19,2026-07-21T04:00:00Z,46,2.9,3.4076,2.56,meteofrance_arpege_europe
2026-07-20,2026-07-21T04:00:00Z,22,2.9,3.3022,2.56,meteofrance_arpege_europe
2026-07-19,2026-07-21T05:00:00Z,47,2.6,3.3322,2.28,meteofrance_arpege_europe
2026-07-20,2026-07-21T05:00:00Z,23,2.6,3.4594,2.28,meteofrance_arpege_europe
2026-07-19,2026-07-21T06:00:00Z,48,3.0,3.1843,1.71,meteofrance_arpege_europe
2026-07-20,2026-07-21T06:00:00Z,24,3.0,2.7262,1.71,meteofrance_arpege_europe
2026-07-20,2026-07-21T07:00:00Z,25,4.0,3.9829,2.12,meteofrance_arpege_europe
2026-07-21,2026-07-21T07:00:00Z,1,4.0,3.6815,2.12,meteofrance_arpege_europe
2026-07-20,2026-07-21T08:00:00Z,26,3.5,4.3415,3.26,meteofrance_arpege_europe
2026-07-21,2026-07-21T08:00:00Z,2,3.5,3.6405,3.26,meteofrance_arpege_europe
2026-07-20,2026-07-21T09:00:00Z,27,3.9,4.4155,3.31,meteofrance_arpege_europe
2026-07-21,2026-07-21T09:00:00Z,3,3.9,4.0547,3.31,meteofrance_arpege_europe
2026-07-20,2026-07-21T10:00:00Z,28,3.8,4.5928,4.24,meteofrance_arpege_europe
2026-07-21,2026-07-21T10:00:00Z,4,3.8,4.2174,4.24,meteofrance_arpege_europe
2026-07-20,2026-07-21T11:00:00Z,29,4.6,4.9117,4.53,meteofrance_arpege_europe
2026-07-21,2026-07-21T11:00:00Z,5,4.6,4.9751,4.53,meteofrance_arpege_europe
2026-07-20,2026-07-21T12:00:00Z,30,5.6,5.0063,4.9,meteofrance_arpege_europe
2026-07-21,2026-07-21T12:00:00Z,6,5.6,5.0482,4.9,meteofrance_arpege_europe
2026-07-20,2026-07-21T13:00:00Z,31,6.4,5.4535,4.97,meteofrance_arpege_europe
2026-07-21,2026-07-21T13:00:00Z,7,6.4,5.2226,4.97,meteofrance_arpege_europe
2026-07-20,2026-07-21T14:00:00Z,32,6.8,6.2452,5.23,meteofrance_arpege_europe
2026-07-21,2026-07-21T14:00:00Z,8,6.8,5.8534,5.23,meteofrance_arpege_europe
2026-07-20,2026-07-21T15:00:00Z,33,7.7,6.0812,5.12,meteofrance_arpege_europe
2026-07-21,2026-07-21T15:00:00Z,9,7.7,5.8443,5.12,meteofrance_arpege_europe
2026-07-20,2026-07-21T16:00:00Z,34,8.1,5.4764,4.51,meteofrance_arpege_europe
2026-07-21,2026-07-21T16:00:00Z,10,8.1,5.805,4.51,meteofrance_arpege_europe
2026-07-20,2026-07-21T17:00:00Z,35,7.7,5.4712,5.1,meteofrance_arpege_europe
2026-07-21,2026-07-21T17:00:00Z,11,7.7,5.6594,5.1,meteofrance_arpege_europe
2026-07-20,2026-07-21T18:00:00Z,36,7.1,5.5549,5.22,meteofrance_arpege_europe
2026-07-21,2026-07-21T18:00:00Z,12,7.1,5.4485,5.22,meteofrance_arpege_europe
2026-07-20,2026-07-21T19:00:00Z,37,6.3,5.0035,4.4,meteofrance_arpege_europe
2026-07-21,2026-07-21T19:00:00Z,13,6.3,5.4311,4.4,meteofrance_arpege_europe
2026-07-20,2026-07-21T20:00:00Z,38,4.7,5.0,4.12,meteofrance_arpege_europe
2026-07-21,2026-07-21T20:00:00Z,14,4.7,5.237,4.12,meteofrance_arpege_europe
2026-07-20,2026-07-21T21:00:00Z,39,4.6,4.9493,3.83,meteofrance_arpege_europe
2026-07-21,2026-07-21T21:00:00Z,15,4.6,4.7807,3.83,meteofrance_arpege_europe
2026-07-20,2026-07-21T22:00:00Z,40,3.2,4.2941,3.67,meteofrance_arpege_europe
2026-07-21,2026-07-21T22:00:00Z,16,3.2,3.9342,3.67,meteofrance_arpege_europe
2026-07-20,2026-07-21T23:00:00Z,41,2.8,3.3108,2.64,meteofrance_arpege_europe
2026-07-21,2026-07-21T23:00:00Z,17,2.8,3.2781,2.64,meteofrance_arpege_europe
2026-07-20,2026-07-22T00:00:00Z,42,2.6,2.912,2.15,meteofrance_arpege_europe
2026-07-21,2026-07-22T00:00:00Z,18,2.6,3.1159,2.15,meteofrance_arpege_europe
2026-07-20,2026-07-22T01:00:00Z,43,2.0,2.013,1.12,meteofrance_arpege_europe
2026-07-21,2026-07-22T01:00:00Z,19,2.0,2.195,1.12,meteofrance_arpege_europe
2026-07-20,2026-07-22T02:00:00Z,44,2.2,1.8829,0.54,meteofrance_arpege_europe
2026-07-21,2026-07-22T02:00:00Z,20,2.2,1.9306,0.54,meteofrance_arpege_europe
2026-07-20,2026-07-22T03:00:00Z,45,2.1,1.6851,0.63,meteofrance_arpege_europe
2026-07-21,2026-07-22T03:00:00Z,21,2.1,1.7905,0.63,meteofrance_arpege_europe
2026-07-20,2026-07-22T04:00:00Z,46,2.0,1.8135,0.41,meteofrance_arpege_europe
2026-07-21,2026-07-22T04:00:00Z,22,2.0,1.9559,0.41,meteofrance_arpege_europe
2026-07-20,2026-07-22T05:00:00Z,47,1.8,1.8743,0.32,meteofrance_arpege_europe
2026-07-21,2026-07-22T05:00:00Z,23,1.8,1.9191,0.32,meteofrance_arpege_europe
2026-07-20,2026-07-22T06:00:00Z,48,2.0,1.924,1.3,meteofrance_arpege_europe
2026-07-21,2026-07-22T06:00:00Z,24,2.0,2.1919,1.3,meteofrance_arpege_europe
2026-07-21,2026-07-22T07:00:00Z,25,2.1,2.7027,1.24,meteofrance_arpege_europe
2026-07-22,2026-07-22T07:00:00Z,1,2.1,2.647,1.24,meteofrance_arpege_europe
2026-07-21,2026-07-22T08:00:00Z,26,3.6,3.3078,1.3,meteofrance_arpege_europe
2026-07-22,2026-07-22T08:00:00Z,2,3.6,3.1856,1.3,meteofrance_arpege_europe
2026-07-21,2026-07-22T09:00:00Z,27,4.4,3.7035,1.32,meteofrance_arpege_europe
2026-07-22,2026-07-22T09:00:00Z,3,4.4,3.6,1.32,meteofrance_arpege_europe
2026-07-21,2026-07-22T10:00:00Z,28,2.7,3.715,2.64,meteofrance_arpege_europe
2026-07-22,2026-07-22T10:00:00Z,4,2.7,3.4795,2.64,meteofrance_arpege_europe
2026-07-21,2026-07-22T11:00:00Z,29,3.0,3.7115,3.4,meteofrance_arpege_europe
2026-07-22,2026-07-22T11:00:00Z,5,3.0,4.27,3.4,meteofrance_arpege_europe
2026-07-21,2026-07-22T12:00:00Z,30,3.5,3.7031,3.5,meteofrance_arpege_europe
2026-07-22,2026-07-22T12:00:00Z,6,3.5,4.2276,3.5,meteofrance_arpege_europe
2026-07-21,2026-07-22T13:00:00Z,31,3.7,4.433,4.06,meteofrance_arpege_europe
2026-07-22,2026-07-22T13:00:00Z,7,3.7,4.7272,4.06,meteofrance_arpege_europe
2026-07-21,2026-07-22T14:00:00Z,32,4.3,4.7308,4.32,meteofrance_arpege_europe
2026-07-22,2026-07-22T14:00:00Z,8,4.3,5.1821,4.32,meteofrance_arpege_europe
2026-07-21,2026-07-22T15:00:00Z,33,4.1,4.7619,4.41,meteofrance_arpege_europe
2026-07-22,2026-07-22T15:00:00Z,9,4.1,5.0185,4.41,meteofrance_arpege_europe
2026-07-21,2026-07-22T16:00:00Z,34,3.3,4.0354,3.95,meteofrance_arpege_europe
2026-07-22,2026-07-22T16:00:00Z,10,3.3,4.171,3.95,meteofrance_arpege_europe
2026-07-21,2026-07-22T17:00:00Z,35,3.2,3.5163,3.45,meteofrance_arpege_europe
2026-07-22,2026-07-22T17:00:00Z,11,3.2,3.8717,3.45,meteofrance_arpege_europe
2026-07-21,2026-07-22T18:00:00Z,36,4.0,3.4018,3.51,meteofrance_arpege_europe
2026-07-22,2026-07-22T18:00:00Z,12,4.0,3.5605,3.51,meteofrance_arpege_europe
2026-07-21,2026-07-22T19:00:00Z,37,3.4,3.3691,3.24,meteofrance_arpege_europe
2026-07-22,2026-07-22T19:00:00Z,13,3.4,3.891,3.24,meteofrance_arpege_europe
2026-07-21,2026-07-22T20:00:00Z,38,2.6,3.706,3.01,meteofrance_arpege_europe
2026-07-22,2026-07-22T20:00:00Z,14,2.6,3.5551,3.01,meteofrance_arpege_europe
2026-07-21,2026-07-22T21:00:00Z,39,2.7,3.3407,3.01,meteofrance_arpege_europe
2026-07-22,2026-07-22T21:00:00Z,15,2.7,3.3561,3.01,meteofrance_arpege_europe
2026-07-21,2026-07-22T22:00:00Z,40,3.9,3.2079,3.14,meteofrance_arpege_europe
2026-07-22,2026-07-22T22:00:00Z,16,3.9,3.1779,3.14,meteofrance_arpege_europe
2026-07-21,2026-07-22T23:00:00Z,41,2.8,2.7154,2.64,meteofrance_arpege_europe
2026-07-22,2026-07-22T23:00:00Z,17,2.8,2.752,2.64,meteofrance_arpege_europe
2026-07-21,2026-07-23T00:00:00Z,42,3.3,2.4724,2.02,meteofrance_arpege_europe
2026-07-22,2026-07-23T00:00:00Z,18,3.3,2.4392,2.02,meteofrance_arpege_europe
2026-07-21,2026-07-23T01:00:00Z,43,3.1,2.4575,2.24,meteofrance_arpege_europe
2026-07-22,2026-07-23T01:00:00Z,19,3.1,2.6011,2.24,meteofrance_arpege_europe
2026-07-21,2026-07-23T02:00:00Z,44,1.6,2.5832,2.12,meteofrance_arpege_europe
2026-07-22,2026-07-23T02:00:00Z,20,1.6,2.7744,2.12,meteofrance_arpege_europe
2026-07-21,2026-07-23T03:00:00Z,45,2.6,2.3553,1.63,meteofrance_arpege_europe
2026-07-22,2026-07-23T03:00:00Z,21,2.6,2.527,1.63,meteofrance_arpege_europe
2026-07-21,2026-07-23T04:00:00Z,46,2.5,2.1161,0.92,meteofrance_arpege_europe
2026-07-22,2026-07-23T04:00:00Z,22,2.5,2.3568,0.92,meteofrance_arpege_europe
2026-07-21,2026-07-23T05:00:00Z,47,2.4,2.102,0.98,meteofrance_arpege_europe
2026-07-22,2026-07-23T05:00:00Z,23,2.4,2.3596,0.98,meteofrance_arpege_europe
2026-07-21,2026-07-23T06:00:00Z,48,1.9,2.1463,1.3,meteofrance_arpege_europe
2026-07-22,2026-07-23T06:00:00Z,24,1.9,2.2624,1.3,meteofrance_arpege_europe
2026-07-22,2026-07-23T07:00:00Z,25,1.3,1.9207,0.78,meteofrance_arpege_europe
2026-07-23,2026-07-23T07:00:00Z,1,1.3,1.6486,0.78,meteofrance_arpege_europe
2026-07-22,2026-07-23T08:00:00Z,26,4.0,3.2388,2.25,meteofrance_arpege_europe
2026-07-23,2026-07-23T08:00:00Z,2,4.0,2.8634,2.25,meteofrance_arpege_europe
2026-07-22,2026-07-23T09:00:00Z,27,3.0,3.5026,2.27,meteofrance_arpege_europe
2026-07-23,2026-07-23T09:00:00Z,3,3.0,3.3836,2.27,meteofrance_arpege_europe
2026-07-22,2026-07-23T10:00:00Z,28,2.9,3.7105,2.86,meteofrance_arpege_europe
2026-07-23,2026-07-23T10:00:00Z,4,2.9,3.5988,2.86,meteofrance_arpege_europe
2026-07-22,2026-07-23T11:00:00Z,29,3.8,4.0473,4.21,meteofrance_arpege_europe
2026-07-23,2026-07-23T11:00:00Z,5,3.8,3.8598,4.21,meteofrance_arpege_europe
2026-07-22,2026-07-23T12:00:00Z,30,4.6,3.9884,4.22,meteofrance_arpege_europe
2026-07-23,2026-07-23T12:00:00Z,6,4.6,3.7107,4.22,meteofrance_arpege_europe
2026-07-22,2026-07-23T13:00:00Z,31,5.5,5.2477,5.07,meteofrance_arpege_europe
2026-07-23,2026-07-23T13:00:00Z,7,5.5,5.0959,5.07,meteofrance_arpege_europe
2026-07-22,2026-07-23T14:00:00Z,32,6.4,5.1925,5.17,meteofrance_arpege_europe
2026-07-23,2026-07-23T14:00:00Z,8,6.4,5.4078,5.17,meteofrance_arpege_europe
2026-07-22,2026-07-23T15:00:00Z,33,5.0,5.0513,4.96,meteofrance_arpege_europe
2026-07-23,2026-07-23T15:00:00Z,9,5.0,5.1405,4.96,meteofrance_arpege_europe
2026-07-22,2026-07-23T16:00:00Z,34,4.1,4.298,4.33,meteofrance_arpege_europe
2026-07-23,2026-07-23T16:00:00Z,10,4.1,4.5235,4.33,meteofrance_arpege_europe
2026-07-22,2026-07-23T17:00:00Z,35,4.4,3.4218,3.51,meteofrance_arpege_europe
2026-07-23,2026-07-23T17:00:00Z,11,4.4,3.7468,3.51,meteofrance_arpege_europe
2026-07-22,2026-07-23T18:00:00Z,36,3.3,3.2723,3.03,meteofrance_arpege_europe
2026-07-23,2026-07-23T18:00:00Z,12,3.3,3.0717,3.03,meteofrance_arpege_europe
2026-07-22,2026-07-23T19:00:00Z,37,4.0,3.0069,2.57,meteofrance_arpege_europe
2026-07-23,2026-07-23T19:00:00Z,13,4.0,3.2943,2.57,meteofrance_arpege_europe
2026-07-22,2026-07-23T20:00:00Z,38,2.8,2.9606,2.6,meteofrance_arpege_europe
2026-07-23,2026-07-23T20:00:00Z,14,2.8,3.1496,2.6,meteofrance_arpege_europe
2026-07-22,2026-07-23T21:00:00Z,39,2.4,2.4071,2.11,meteofrance_arpege_europe
2026-07-23,2026-07-23T21:00:00Z,15,2.4,2.1338,2.11,meteofrance_arpege_europe
2026-07-22,2026-07-23T22:00:00Z,40,1.0,1.9813,1.48,meteofrance_arpege_europe
2026-07-23,2026-07-23T22:00:00Z,16,1.0,1.8295,1.48,meteofrance_arpege_europe
2026-07-22,2026-07-23T23:00:00Z,41,1.9,1.8135,0.67,meteofrance_arpege_europe
2026-07-23,2026-07-23T23:00:00Z,17,1.9,1.6664,0.67,meteofrance_arpege_europe
2026-07-22,2026-07-24T00:00:00Z,42,2.4,2.1029,1.08,meteofrance_arpege_europe
2026-07-23,2026-07-24T00:00:00Z,18,2.4,2.089,1.08,meteofrance_arpege_europe
2026-07-22,2026-07-24T01:00:00Z,43,2.8,2.4111,1.49,meteofrance_arpege_europe
2026-07-23,2026-07-24T01:00:00Z,19,2.8,2.5176,1.49,meteofrance_arpege_europe
2026-07-22,2026-07-24T02:00:00Z,44,2.9,2.7653,1.58,meteofrance_arpege_europe
2026-07-23,2026-07-24T02:00:00Z,20,2.9,2.8041,1.58,meteofrance_arpege_europe
2026-07-22,2026-07-24T03:00:00Z,45,2.6,2.781,1.71,meteofrance_arpege_europe
2026-07-23,2026-07-24T03:00:00Z,21,2.6,2.8253,1.71,meteofrance_arpege_europe
2026-07-22,2026-07-24T04:00:00Z,46,2.8,2.7535,1.61,meteofrance_arpege_europe
2026-07-23,2026-07-24T04:00:00Z,22,2.8,2.6926,1.61,meteofrance_arpege_europe
2026-07-22,2026-07-24T05:00:00Z,47,3.2,2.8071,1.58,meteofrance_arpege_europe
2026-07-23,2026-07-24T05:00:00Z,23,3.2,2.6754,1.58,meteofrance_arpege_europe
2026-07-22,2026-07-24T06:00:00Z,48,3.4,2.6144,1.36,meteofrance_arpege_europe
2026-07-23,2026-07-24T06:00:00Z,24,3.4,2.6074,1.36,meteofrance_arpege_europe
2026-07-23,2026-07-24T07:00:00Z,25,3.2,2.4208,1.71,meteofrance_arpege_europe
2026-07-24,2026-07-24T07:00:00Z,1,3.2,2.8764,1.71,meteofrance_arpege_europe
2026-07-23,2026-07-24T08:00:00Z,26,2.2,2.6657,2.2,meteofrance_arpege_europe
2026-07-24,2026-07-24T08:00:00Z,2,2.2,2.7626,2.2,meteofrance_arpege_europe
2026-07-23,2026-07-24T09:00:00Z,27,1.6,1.8492,1.52,meteofrance_arpege_europe
2026-07-24,2026-07-24T09:00:00Z,3,1.6,1.9359,1.52,meteofrance_arpege_europe
2026-07-23,2026-07-24T10:00:00Z,28,2.0,2.0419,0.81,meteofrance_arpege_europe
2026-07-24,2026-07-24T10:00:00Z,4,2.0,2.0518,0.81,meteofrance_arpege_europe
2026-07-23,2026-07-24T11:00:00Z,29,2.6,2.4577,2.02,meteofrance_arpege_europe
2026-07-24,2026-07-24T11:00:00Z,5,2.6,2.5876,2.02,meteofrance_arpege_europe
2026-07-23,2026-07-24T12:00:00Z,30,2.5,2.5481,2.89,meteofrance_arpege_europe
2026-07-24,2026-07-24T12:00:00Z,6,2.5,2.8198,2.89,meteofrance_arpege_europe
2026-07-23,2026-07-24T13:00:00Z,31,2.7,3.407,3.83,meteofrance_arpege_europe
2026-07-24,2026-07-24T13:00:00Z,7,2.7,3.4079,3.83,meteofrance_arpege_europe
2026-07-23,2026-07-24T14:00:00Z,32,3.0,3.7993,3.83,meteofrance_arpege_europe
2026-07-24,2026-07-24T14:00:00Z,8,3.0,3.7385,3.83,meteofrance_arpege_europe
2026-07-23,2026-07-24T15:00:00Z,33,3.4,3.1524,3.23,meteofrance_arpege_europe
2026-07-24,2026-07-24T15:00:00Z,9,3.4,3.1707,3.23,meteofrance_arpege_europe
2026-07-23,2026-07-24T16:00:00Z,34,3.5,2.8084,3.1,meteofrance_arpege_europe
2026-07-24,2026-07-24T16:00:00Z,10,3.5,2.7419,3.1,meteofrance_arpege_europe
2026-07-23,2026-07-24T17:00:00Z,35,2.8,2.5367,2.85,meteofrance_arpege_europe
2026-07-24,2026-07-24T17:00:00Z,11,2.8,2.7706,2.85,meteofrance_arpege_europe
2026-07-23,2026-07-24T18:00:00Z,36,2.2,2.492,2.02,meteofrance_arpege_europe
2026-07-24,2026-07-24T18:00:00Z,12,2.2,2.4927,2.02,meteofrance_arpege_europe
2026-07-23,2026-07-24T19:00:00Z,37,2.2,2.0153,1.66,meteofrance_arpege_europe
2026-07-24,2026-07-24T19:00:00Z,13,2.2,1.9783,1.66,meteofrance_arpege_europe
2026-07-23,2026-07-24T20:00:00Z,38,2.0,1.5071,1.25,meteofrance_arpege_europe
2026-07-24,2026-07-24T20:00:00Z,14,2.0,1.9011,1.25,meteofrance_arpege_europe
2026-07-23,2026-07-24T21:00:00Z,39,0.9,1.2041,0.71,meteofrance_arpege_europe
2026-07-24,2026-07-24T21:00:00Z,15,0.9,1.3977,0.71,meteofrance_arpege_europe
2026-07-23,2026-07-24T22:00:00Z,40,1.2,1.3069,0.22,meteofrance_arpege_europe
2026-07-24,2026-07-24T22:00:00Z,16,1.2,1.4118,0.22,meteofrance_arpege_europe
2026-07-23,2026-07-24T23:00:00Z,41,2.4,1.3726,0.61,meteofrance_arpege_europe
2026-07-24,2026-07-24T23:00:00Z,17,2.4,1.8546,0.61,meteofrance_arpege_europe
2026-07-23,2026-07-25T00:00:00Z,42,2.8,1.754,1.1,meteofrance_arpege_europe
2026-07-24,2026-07-25T00:00:00Z,18,2.8,2.1716,1.1,meteofrance_arpege_europe
2026-07-23,2026-07-25T01:00:00Z,43,2.8,2.3474,1.53,meteofrance_arpege_europe
2026-07-24,2026-07-25T01:00:00Z,19,2.8,2.7049,1.53,meteofrance_arpege_europe
2026-07-23,2026-07-25T02:00:00Z,44,4.0,3.0137,1.99,meteofrance_arpege_europe
2026-07-24,2026-07-25T02:00:00Z,20,4.0,3.4569,1.99,meteofrance_arpege_europe
2026-07-23,2026-07-25T03:00:00Z,45,4.6,3.127,2.45,meteofrance_arpege_europe
2026-07-24,2026-07-25T03:00:00Z,21,4.6,3.5692,2.45,meteofrance_arpege_europe
2026-07-23,2026-07-25T04:00:00Z,46,4.2,3.3902,2.53,meteofrance_arpege_europe
2026-07-24,2026-07-25T04:00:00Z,22,4.2,3.8184,2.53,meteofrance_arpege_europe
2026-07-23,2026-07-25T05:00:00Z,47,4.2,3.4828,2.75,meteofrance_arpege_europe
2026-07-24,2026-07-25T05:00:00Z,23,4.2,3.8498,2.75,meteofrance_arpege_europe
2026-07-23,2026-07-25T06:00:00Z,48,3.8,2.8481,1.8,meteofrance_arpege_europe
2026-07-24,2026-07-25T06:00:00Z,24,3.8,3.1322,1.8,meteofrance_arpege_europe
2026-07-24,2026-07-25T07:00:00Z,25,2.6,2.3322,1.66,meteofrance_arpege_europe
2026-07-25,2026-07-25T07:00:00Z,1,2.6,2.8597,1.66,meteofrance_arpege_europe
2026-07-24,2026-07-25T08:00:00Z,26,4.6,3.1523,2.84,meteofrance_arpege_europe
2026-07-25,2026-07-25T08:00:00Z,2,4.6,3.2024,2.84,meteofrance_arpege_europe
2026-07-24,2026-07-25T09:00:00Z,27,5.5,4.0675,3.1,meteofrance_arpege_europe
2026-07-25,2026-07-25T09:00:00Z,3,5.5,3.9115,3.1,meteofrance_arpege_europe
2026-07-24,2026-07-25T10:00:00Z,28,6.1,4.4843,4.21,meteofrance_arpege_europe
2026-07-25,2026-07-25T10:00:00Z,4,6.1,4.7886,4.21,meteofrance_arpege_europe
2026-07-24,2026-07-25T11:00:00Z,29,5.6,6.3697,5.42,meteofrance_arpege_europe
2026-07-25,2026-07-25T11:00:00Z,5,5.6,6.0346,5.42,meteofrance_arpege_europe
2026-07-24,2026-07-25T12:00:00Z,30,6.5,6.9603,5.5,meteofrance_arpege_europe
2026-07-25,2026-07-25T12:00:00Z,6,6.5,6.8747,5.5,meteofrance_arpege_europe
2026-07-24,2026-07-25T13:00:00Z,31,6.9,7.0654,6.15,meteofrance_arpege_europe
2026-07-25,2026-07-25T13:00:00Z,7,6.9,7.3238,6.15,meteofrance_arpege_europe
2026-07-24,2026-07-25T14:00:00Z,32,6.2,6.5046,5.19,meteofrance_arpege_europe
2026-07-25,2026-07-25T14:00:00Z,8,6.2,6.6027,5.19,meteofrance_arpege_europe
2026-07-24,2026-07-25T15:00:00Z,33,7.3,6.8995,6.14,meteofrance_arpege_europe
2026-07-25,2026-07-25T15:00:00Z,9,7.3,7.4177,6.14,meteofrance_arpege_europe
2026-07-24,2026-07-25T16:00:00Z,34,5.9,6.497,5.73,meteofrance_arpege_europe
2026-07-25,2026-07-25T16:00:00Z,10,5.9,6.9698,5.73,meteofrance_arpege_europe
2026-07-24,2026-07-25T17:00:00Z,35,6.5,5.9491,4.94,meteofrance_arpege_europe
2026-07-25,2026-07-25T17:00:00Z,11,6.5,6.072,4.94,meteofrance_arpege_europe
2026-07-24,2026-07-25T18:00:00Z,36,5.8,6.1493,5.2,meteofrance_arpege_europe
2026-07-25,2026-07-25T18:00:00Z,12,5.8,6.7677,5.2,meteofrance_arpege_europe
2026-07-24,2026-07-25T19:00:00Z,37,6.1,6.4855,5.4,meteofrance_arpege_europe
2026-07-25,2026-07-25T19:00:00Z,13,6.1,6.4677,5.4,meteofrance_arpege_europe
2026-07-24,2026-07-25T20:00:00Z,38,5.2,5.9977,5.47,meteofrance_arpege_europe
2026-07-25,2026-07-25T20:00:00Z,14,5.2,6.2757,5.47,meteofrance_arpege_europe
2026-07-24,2026-07-25T21:00:00Z,39,6.2,5.8347,5.63,meteofrance_arpege_europe
2026-07-25,2026-07-25T21:00:00Z,15,6.2,6.3697,5.63,meteofrance_arpege_europe
2026-07-24,2026-07-25T22:00:00Z,40,6.4,6.1642,5.76,meteofrance_arpege_europe
2026-07-25,2026-07-25T22:00:00Z,16,6.4,6.3372,5.76,meteofrance_arpege_europe
2026-07-24,2026-07-25T23:00:00Z,41,6.4,6.0789,5.96,meteofrance_arpege_europe
2026-07-25,2026-07-25T23:00:00Z,17,6.4,6.5046,5.96,meteofrance_arpege_europe
2026-07-24,2026-07-26T00:00:00Z,42,6.4,6.2993,5.87,meteofrance_arpege_europe
2026-07-25,2026-07-26T00:00:00Z,18,6.4,6.3368,5.87,meteofrance_arpege_europe
2026-07-24,2026-07-26T01:00:00Z,43,5.4,6.2425,5.82,meteofrance_arpege_europe
2026-07-25,2026-07-26T01:00:00Z,19,5.4,6.3578,5.82,meteofrance_arpege_europe
2026-07-24,2026-07-26T02:00:00Z,44,8.6,6.1475,5.69,meteofrance_arpege_europe
2026-07-25,2026-07-26T02:00:00Z,20,8.6,6.5149,5.69,meteofrance_arpege_europe
2026-07-24,2026-07-26T03:00:00Z,45,7.2,5.7156,5.39,meteofrance_arpege_europe
2026-07-25,2026-07-26T03:00:00Z,21,7.2,5.9501,5.39,meteofrance_arpege_europe
2026-07-24,2026-07-26T04:00:00Z,46,5.9,5.0088,5.22,meteofrance_arpege_europe
2026-07-25,2026-07-26T04:00:00Z,22,5.9,5.3536,5.22,meteofrance_arpege_europe
2026-07-24,2026-07-26T05:00:00Z,47,9.4,4.9791,5.06,meteofrance_arpege_europe
2026-07-25,2026-07-26T05:00:00Z,23,9.4,5.0632,5.06,meteofrance_arpege_europe
2026-07-24,2026-07-26T06:00:00Z,48,6.9,5.7117,5.95,meteofrance_arpege_europe
2026-07-25,2026-07-26T06:00:00Z,24,6.9,5.5903,5.95,meteofrance_arpege_europe
2026-07-25,2026-07-26T07:00:00Z,25,6.1,6.1242,5.23,meteofrance_arpege_europe
2026-07-26,2026-07-26T07:00:00Z,1,6.1,6.1606,5.23,meteofrance_arpege_europe
2026-07-25,2026-07-26T08:00:00Z,26,6.9,7.5262,6.02,meteofrance_arpege_europe
2026-07-26,2026-07-26T08:00:00Z,2,6.9,7.5717,6.02,meteofrance_arpege_europe
2026-07-25,2026-07-26T09:00:00Z,27,7.9,7.6871,6.71,meteofrance_arpege_europe
2026-07-26,2026-07-26T09:00:00Z,3,7.9,7.7113,6.71,meteofrance_arpege_europe
2026-07-25,2026-07-26T10:00:00Z,28,7.5,7.3748,7.0,meteofrance_arpege_europe
2026-07-26,2026-07-26T10:00:00Z,4,7.5,7.6822,7.0,meteofrance_arpege_europe
2026-07-25,2026-07-26T11:00:00Z,29,6.6,7.9195,7.42,meteofrance_arpege_europe
2026-07-26,2026-07-26T11:00:00Z,5,6.6,7.9517,7.42,meteofrance_arpege_europe
2026-07-25,2026-07-26T12:00:00Z,30,7.5,7.2603,6.85,meteofrance_arpege_europe
2026-07-26,2026-07-26T12:00:00Z,6,7.5,7.5312,6.85,meteofrance_arpege_europe
2026-07-25,2026-07-26T13:00:00Z,31,9.7,8.6242,7.67,meteofrance_arpege_europe
2026-07-26,2026-07-26T13:00:00Z,7,9.7,8.8631,7.67,meteofrance_arpege_europe
2026-07-25,2026-07-26T14:00:00Z,32,9.7,8.6014,8.29,meteofrance_arpege_europe
2026-07-26,2026-07-26T14:00:00Z,8,9.7,9.1231,8.29,meteofrance_arpege_europe
2026-07-25,2026-07-26T15:00:00Z,33,10.3,8.8309,8.41,meteofrance_arpege_europe
2026-07-26,2026-07-26T15:00:00Z,9,10.3,9.57,8.41,meteofrance_arpege_europe
2026-07-25,2026-07-26T16:00:00Z,34,9.3,8.5535,7.91,meteofrance_arpege_europe
2026-07-26,2026-07-26T16:00:00Z,10,9.3,9.3599,7.91,meteofrance_arpege_europe
2026-07-25,2026-07-26T17:00:00Z,35,10.2,9.0665,7.57,meteofrance_arpege_europe
2026-07-26,2026-07-26T17:00:00Z,11,10.2,9.3517,7.57,meteofrance_arpege_europe
2026-07-25,2026-07-26T18:00:00Z,36,10.1,9.3223,7.68,meteofrance_arpege_europe
2026-07-26,2026-07-26T18:00:00Z,12,10.1,10.0638,7.68,meteofrance_arpege_europe
2026-07-25,2026-07-26T19:00:00Z,37,8.8,8.9648,7.77,meteofrance_arpege_europe
2026-07-26,2026-07-26T19:00:00Z,13,8.8,9.598,7.77,meteofrance_arpege_europe
2026-07-25,2026-07-26T20:00:00Z,38,8.3,8.757,7.83,meteofrance_arpege_europe
2026-07-26,2026-07-26T20:00:00Z,14,8.3,9.1893,7.83,meteofrance_arpege_europe
2026-07-25,2026-07-26T21:00:00Z,39,8.8,8.7256,7.69,meteofrance_arpege_europe
2026-07-26,2026-07-26T21:00:00Z,15,8.8,9.2338,7.69,meteofrance_arpege_europe
2026-07-25,2026-07-26T22:00:00Z,40,8.2,8.8076,7.22,meteofrance_arpege_europe
2026-07-26,2026-07-26T22:00:00Z,16,8.2,8.5734,7.22,meteofrance_arpege_europe
2026-07-25,2026-07-26T23:00:00Z,41,6.8,8.5762,6.96,meteofrance_arpege_europe
2026-07-26,2026-07-26T23:00:00Z,17,6.8,8.7142,6.96,meteofrance_arpege_europe
2026-07-25,2026-07-27T00:00:00Z,42,7.0,8.3823,6.62,meteofrance_arpege_europe
2026-07-26,2026-07-27T00:00:00Z,18,7.0,8.5564,6.62,meteofrance_arpege_europe
2026-07-25,2026-07-27T01:00:00Z,43,6.9,7.7297,5.76,meteofrance_arpege_europe
2026-07-26,2026-07-27T01:00:00Z,19,6.9,8.4516,5.76,meteofrance_arpege_europe
2026-07-25,2026-07-27T02:00:00Z,44,10.2,7.7598,5.45,meteofrance_arpege_europe
2026-07-26,2026-07-27T02:00:00Z,20,10.2,7.903,5.45,meteofrance_arpege_europe
2026-07-25,2026-07-27T03:00:00Z,45,8.2,7.0338,5.02,meteofrance_arpege_europe
2026-07-26,2026-07-27T03:00:00Z,21,8.2,7.2402,5.02,meteofrance_arpege_europe
2026-07-25,2026-07-27T04:00:00Z,46,7.6,6.7014,4.88,meteofrance_arpege_europe
2026-07-26,2026-07-27T04:00:00Z,22,7.6,7.1801,4.88,meteofrance_arpege_europe
2026-07-25,2026-07-27T05:00:00Z,47,7.6,6.5832,4.83,meteofrance_arpege_europe
2026-07-26,2026-07-27T05:00:00Z,23,7.6,6.9412,4.83,meteofrance_arpege_europe
2026-07-25,2026-07-27T06:00:00Z,48,5.7,6.6281,4.83,meteofrance_arpege_europe
2026-07-26,2026-07-27T06:00:00Z,24,5.7,6.7423,4.83,meteofrance_arpege_europe
2026-07-26,2026-07-27T07:00:00Z,25,4.4,6.8346,5.02,meteofrance_arpege_europe
2026-07-27,2026-07-27T07:00:00Z,1,4.4,6.8885,5.02,meteofrance_arpege_europe
2026-07-26,2026-07-27T08:00:00Z,26,5.2,5.9341,4.46,meteofrance_arpege_europe
2026-07-27,2026-07-27T08:00:00Z,2,5.2,5.9543,4.46,meteofrance_arpege_europe
2026-07-26,2026-07-27T09:00:00Z,27,3.8,5.6166,4.2,meteofrance_arpege_europe
2026-07-27,2026-07-27T09:00:00Z,3,3.8,5.5263,4.2,meteofrance_arpege_europe
2026-07-26,2026-07-27T10:00:00Z,28,4.1,5.8572,4.5,meteofrance_arpege_europe
2026-07-27,2026-07-27T10:00:00Z,4,4.1,6.0253,4.5,meteofrance_arpege_europe
2026-07-26,2026-07-27T11:00:00Z,29,5.0,5.7647,4.62,meteofrance_arpege_europe
2026-07-27,2026-07-27T11:00:00Z,5,5.0,5.5507,4.62,meteofrance_arpege_europe
2026-07-26,2026-07-27T12:00:00Z,30,4.8,5.6236,4.46,meteofrance_arpege_europe
2026-07-27,2026-07-27T12:00:00Z,6,4.8,5.4933,4.46,meteofrance_arpege_europe
2026-07-26,2026-07-27T13:00:00Z,31,4.5,5.5651,4.8,meteofrance_arpege_europe
2026-07-27,2026-07-27T13:00:00Z,7,4.5,5.7083,4.8,meteofrance_arpege_europe
2026-07-26,2026-07-27T14:00:00Z,32,4.5,6.3431,5.16,meteofrance_arpege_europe
2026-07-27,2026-07-27T14:00:00Z,8,4.5,6.4202,5.16,meteofrance_arpege_europe
2026-07-26,2026-07-27T15:00:00Z,33,4.9,5.7566,4.77,meteofrance_arpege_europe
2026-07-27,2026-07-27T15:00:00Z,9,4.9,5.5194,4.77,meteofrance_arpege_europe
2026-07-26,2026-07-27T16:00:00Z,34,5.2,5.5345,4.53,meteofrance_arpege_europe
2026-07-27,2026-07-27T16:00:00Z,10,5.2,5.5703,4.53,meteofrance_arpege_europe
2026-07-26,2026-07-27T17:00:00Z,35,4.2,4.7609,4.21,meteofrance_arpege_europe
2026-07-27,2026-07-27T17:00:00Z,11,4.2,4.8657,4.21,meteofrance_arpege_europe
2026-07-26,2026-07-27T18:00:00Z,36,5.0,4.4406,3.81,meteofrance_arpege_europe
2026-07-27,2026-07-27T18:00:00Z,12,5.0,4.6747,3.81,meteofrance_arpege_europe
2026-07-26,2026-07-27T19:00:00Z,37,4.8,3.8134,3.3,meteofrance_arpege_europe
2026-07-27,2026-07-27T19:00:00Z,13,4.8,4.3453,3.3,meteofrance_arpege_europe
2026-07-26,2026-07-27T20:00:00Z,38,5.1,3.2961,2.71,meteofrance_arpege_europe
2026-07-27,2026-07-27T20:00:00Z,14,5.1,3.7892,2.71,meteofrance_arpege_europe
2026-07-26,2026-07-27T21:00:00Z,39,3.0,2.5696,2.47,meteofrance_arpege_europe
2026-07-27,2026-07-27T21:00:00Z,15,3.0,2.8576,2.47,meteofrance_arpege_europe
2026-07-26,2026-07-27T22:00:00Z,40,2.0,2.8206,2.5,meteofrance_arpege_europe
2026-07-27,2026-07-27T22:00:00Z,16,2.0,2.9866,2.5,meteofrance_arpege_europe
2026-07-26,2026-07-27T23:00:00Z,41,2.6,3.0846,2.47,meteofrance_arpege_europe
2026-07-27,2026-07-27T23:00:00Z,17,2.6,3.3062,2.47,meteofrance_arpege_europe
2026-07-26,2026-07-28T00:00:00Z,42,3.4,3.0018,2.16,meteofrance_arpege_europe
2026-07-27,2026-07-28T00:00:00Z,18,3.4,3.3551,2.16,meteofrance_arpege_europe
2026-07-26,2026-07-28T01:00:00Z,43,4.1,3.2649,2.06,meteofrance_arpege_europe
2026-07-27,2026-07-28T01:00:00Z,19,4.1,3.5281,2.06,meteofrance_arpege_europe
2026-07-26,2026-07-28T02:00:00Z,44,4.0,3.4378,2.37,meteofrance_arpege_europe
2026-07-27,2026-07-28T02:00:00Z,20,4.0,3.7648,2.37,meteofrance_arpege_europe
2026-07-26,2026-07-28T03:00:00Z,45,3.7,3.4284,2.93,meteofrance_arpege_europe
2026-07-27,2026-07-28T03:00:00Z,21,3.7,3.7351,2.93,meteofrance_arpege_europe
2026-07-26,2026-07-28T04:00:00Z,46,3.1,3.3606,3.0,meteofrance_arpege_europe
2026-07-27,2026-07-28T04:00:00Z,22,3.1,3.6715,3.0,meteofrance_arpege_europe
2026-07-26,2026-07-28T05:00:00Z,47,3.2,3.4327,3.01,meteofrance_arpege_europe
2026-07-27,2026-07-28T05:00:00Z,23,3.2,3.6962,3.01,meteofrance_arpege_europe
2026-07-26,2026-07-28T06:00:00Z,48,3.4,3.3322,2.7,meteofrance_arpege_europe
2026-07-27,2026-07-28T06:00:00Z,24,3.4,3.549,2.7,meteofrance_arpege_europe
2026-07-27,2026-07-28T07:00:00Z,25,2.9,3.0932,2.3,meteofrance_arpege_europe
2026-07-28,2026-07-28T07:00:00Z,1,2.9,3.0477,2.3,meteofrance_arpege_europe
2026-07-27,2026-07-28T08:00:00Z,26,1.7,2.6464,2.11,meteofrance_arpege_europe
2026-07-28,2026-07-28T08:00:00Z,2,1.7,2.721,2.11,meteofrance_arpege_europe
2026-07-27,2026-07-28T09:00:00Z,27,1.9,2.3984,1.82,meteofrance_arpege_europe
2026-07-28,2026-07-28T09:00:00Z,3,1.9,2.4242,1.82,meteofrance_arpege_europe
2026-07-27,2026-07-28T10:00:00Z,28,3.5,2.105,1.06,meteofrance_arpege_europe
2026-07-28,2026-07-28T10:00:00Z,4,3.5,1.9673,1.06,meteofrance_arpege_europe
2026-07-27,2026-07-28T11:00:00Z,29,4.2,2.2359,1.84,meteofrance_arpege_europe
2026-07-28,2026-07-28T11:00:00Z,5,4.2,2.0417,1.84,meteofrance_arpege_europe
2026-07-27,2026-07-28T12:00:00Z,30,3.4,3.4827,3.81,meteofrance_arpege_europe
2026-07-28,2026-07-28T12:00:00Z,6,3.4,3.126,3.81,meteofrance_arpege_europe
2026-07-27,2026-07-28T13:00:00Z,31,3.8,4.2468,4.3,meteofrance_arpege_europe
2026-07-28,2026-07-28T13:00:00Z,7,3.8,4.4045,4.3,meteofrance_arpege_europe
2026-07-27,2026-07-28T14:00:00Z,32,3.8,3.8594,4.02,meteofrance_arpege_europe
2026-07-28,2026-07-28T14:00:00Z,8,3.8,3.6524,4.02,meteofrance_arpege_europe
2026-07-27,2026-07-28T15:00:00Z,33,3.6,3.7044,3.8,meteofrance_arpege_europe
2026-07-28,2026-07-28T15:00:00Z,9,3.6,3.6006,3.8,meteofrance_arpege_europe
2026-07-27,2026-07-28T16:00:00Z,34,3.3,2.9985,3.5,meteofrance_arpege_europe
2026-07-28,2026-07-28T16:00:00Z,10,3.3,3.2915,3.5,meteofrance_arpege_europe
2026-07-27,2026-07-28T17:00:00Z,35,4.3,3.1668,3.16,meteofrance_arpege_europe
2026-07-28,2026-07-28T17:00:00Z,11,4.3,3.4523,3.16,meteofrance_arpege_europe
2026-07-27,2026-07-28T18:00:00Z,36,3.3,3.0486,2.73,meteofrance_arpege_europe
2026-07-28,2026-07-28T18:00:00Z,12,3.3,3.3062,2.73,meteofrance_arpege_europe
2026-07-27,2026-07-28T19:00:00Z,37,2.7,2.7761,2.44,meteofrance_arpege_europe
2026-07-28,2026-07-28T19:00:00Z,13,2.7,3.1393,2.44,meteofrance_arpege_europe
2026-07-27,2026-07-28T20:00:00Z,38,2.2,2.762,2.43,meteofrance_arpege_europe
2026-07-28,2026-07-28T20:00:00Z,14,2.2,2.4402,2.43,meteofrance_arpege_europe
2026-07-27,2026-07-28T21:00:00Z,39,3.0,2.3118,1.91,meteofrance_arpege_europe
2026-07-28,2026-07-28T21:00:00Z,15,3.0,2.1944,1.91,meteofrance_arpege_europe
2026-07-27,2026-07-28T22:00:00Z,40,2.2,2.4669,1.91,meteofrance_arpege_europe
2026-07-28,2026-07-28T22:00:00Z,16,2.2,2.1945,1.91,meteofrance_arpege_europe
2026-07-27,2026-07-28T23:00:00Z,41,1.4,2.248,1.49,meteofrance_arpege_europe
2026-07-28,2026-07-28T23:00:00Z,17,1.4,2.2836,1.49,meteofrance_arpege_europe
2026-07-27,2026-07-29T00:00:00Z,42,1.1,2.3216,1.44,meteofrance_arpege_europe
2026-07-28,2026-07-29T00:00:00Z,18,1.1,2.3804,1.44,meteofrance_arpege_europe
2026-07-27,2026-07-29T01:00:00Z,43,1.7,2.3741,1.2,meteofrance_arpege_europe
2026-07-28,2026-07-29T01:00:00Z,19,1.7,2.4226,1.2,meteofrance_arpege_europe
2026-07-27,2026-07-29T02:00:00Z,44,2.3,2.776,1.62,meteofrance_arpege_europe
2026-07-28,2026-07-29T02:00:00Z,20,2.3,2.8774,1.62,meteofrance_arpege_europe
2026-07-27,2026-07-29T03:00:00Z,45,2.9,3.0226,2.47,meteofrance_arpege_europe
2026-07-28,2026-07-29T03:00:00Z,21,2.9,3.0501,2.47,meteofrance_arpege_europe
2026-07-27,2026-07-29T04:00:00Z,46,3.8,3.13,3.22,meteofrance_arpege_europe
2026-07-28,2026-07-29T04:00:00Z,22,3.8,3.0738,3.22,meteofrance_arpege_europe
2026-07-27,2026-07-29T05:00:00Z,47,4.8,3.2405,4.79,meteofrance_arpege_europe
2026-07-28,2026-07-29T05:00:00Z,23,4.8,3.3307,4.79,meteofrance_arpege_europe
2026-07-27,2026-07-29T06:00:00Z,48,4.6,3.2678,3.99,meteofrance_arpege_europe
2026-07-28,2026-07-29T06:00:00Z,24,4.6,3.2185,3.99,meteofrance_arpege_europe
2026-07-28,2026-07-29T07:00:00Z,25,4.0,3.1428,4.07,meteofrance_arpege_europe
2026-07-29,2026-07-29T07:00:00Z,1,4.0,3.6459,4.07,meteofrance_arpege_europe
2026-07-28,2026-07-29T08:00:00Z,26,3.2,3.4687,4.03,meteofrance_arpege_europe
2026-07-29,2026-07-29T08:00:00Z,2,3.2,3.5154,4.03,meteofrance_arpege_europe
2026-07-28,2026-07-29T09:00:00Z,27,3.2,3.6263,4.6,meteofrance_arpege_europe
2026-07-29,2026-07-29T09:00:00Z,3,3.2,4.0977,4.6,meteofrance_arpege_europe
2026-07-28,2026-07-29T10:00:00Z,28,3.0,4.0475,4.4,meteofrance_arpege_europe
2026-07-29,2026-07-29T10:00:00Z,4,3.0,4.2056,4.4,meteofrance_arpege_europe
2026-07-28,2026-07-29T11:00:00Z,29,2.1,3.8587,4.23,meteofrance_arpege_europe
2026-07-29,2026-07-29T11:00:00Z,5,2.1,3.706,4.23,meteofrance_arpege_europe
2026-07-28,2026-07-29T12:00:00Z,30,1.6,3.3236,3.41,meteofrance_arpege_europe
2026-07-29,2026-07-29T12:00:00Z,6,1.6,3.2663,3.41,meteofrance_arpege_europe
2026-07-28,2026-07-29T13:00:00Z,31,2.3,2.7607,2.28,meteofrance_arpege_europe
2026-07-29,2026-07-29T13:00:00Z,7,2.3,2.7016,2.28,meteofrance_arpege_europe
2026-07-28,2026-07-29T14:00:00Z,32,3.4,5.2393,5.02,meteofrance_arpege_europe
2026-07-29,2026-07-29T14:00:00Z,8,3.4,4.8803,5.02,meteofrance_arpege_europe
2026-07-28,2026-07-29T15:00:00Z,33,3.5,5.0536,4.58,meteofrance_arpege_europe
2026-07-29,2026-07-29T15:00:00Z,9,3.5,4.5883,4.58,meteofrance_arpege_europe
2026-07-28,2026-07-29T16:00:00Z,34,3.4,4.6582,4.12,meteofrance_arpege_europe
2026-07-29,2026-07-29T16:00:00Z,10,3.4,4.6771,4.12,meteofrance_arpege_europe
2026-07-28,2026-07-29T17:00:00Z,35,3.1,4.5672,4.07,meteofrance_arpege_europe
2026-07-29,2026-07-29T17:00:00Z,11,3.1,4.6779,4.07,meteofrance_arpege_europe
2026-07-28,2026-07-29T18:00:00Z,36,2.5,3.709,2.92,meteofrance_arpege_europe
2026-07-29,2026-07-29T18:00:00Z,12,2.5,3.5496,2.92,meteofrance_arpege_europe
2026-07-28,2026-07-29T19:00:00Z,37,2.6,3.3704,2.47,meteofrance_arpege_europe
2026-07-29,2026-07-29T19:00:00Z,13,2.6,3.7418,2.47,meteofrance_arpege_europe
2026-07-28,2026-07-29T20:00:00Z,38,3.6,2.5546,2.18,meteofrance_arpege_europe
2026-07-29,2026-07-29T20:00:00Z,14,3.6,2.6427,2.18,meteofrance_arpege_europe
2026-07-28,2026-07-29T21:00:00Z,39,2.2,2.0298,1.7,meteofrance_arpege_europe
2026-07-29,2026-07-29T21:00:00Z,15,2.2,2.1068,1.7,meteofrance_arpege_europe
2026-07-28,2026-07-29T22:00:00Z,40,2.4,2.172,1.9,meteofrance_arpege_europe
2026-07-29,2026-07-29T22:00:00Z,16,2.4,2.2679,1.9,meteofrance_arpege_europe
2026-07-28,2026-07-29T23:00:00Z,41,3.3,2.8497,2.38,meteofrance_arpege_europe
2026-07-29,2026-07-29T23:00:00Z,17,3.3,2.6038,2.38,meteofrance_arpege_europe
2026-07-28,2026-07-30T00:00:00Z,42,3.6,3.4388,3.2,meteofrance_arpege_europe
2026-07-29,2026-07-30T00:00:00Z,18,3.6,2.9907,3.2,meteofrance_arpege_europe
2026-07-28,2026-07-30T01:00:00Z,43,2.8,2.9185,2.51,meteofrance_arpege_europe
2026-07-29,2026-07-30T01:00:00Z,19,2.8,2.772,2.51,meteofrance_arpege_europe
2026-07-28,2026-07-30T02:00:00Z,44,2.6,2.9791,2.56,meteofrance_arpege_europe
2026-07-29,2026-07-30T02:00:00Z,20,2.6,2.9663,2.56,meteofrance_arpege_europe
2026-07-28,2026-07-30T03:00:00Z,45,2.7,3.085,2.79,meteofrance_arpege_europe
2026-07-29,2026-07-30T03:00:00Z,21,2.7,3.061,2.79,meteofrance_arpege_europe
2026-07-28,2026-07-30T04:00:00Z,46,2.5,3.2654,2.94,meteofrance_arpege_europe
2026-07-29,2026-07-30T04:00:00Z,22,2.5,3.2022,2.94,meteofrance_arpege_europe
2026-07-28,2026-07-30T05:00:00Z,47,2.4,4.0041,3.3,meteofrance_arpege_europe
2026-07-29,2026-07-30T05:00:00Z,23,2.4,3.592,3.3,meteofrance_arpege_europe
2026-07-28,2026-07-30T06:00:00Z,48,2.5,4.058,3.45,meteofrance_arpege_europe
2026-07-29,2026-07-30T06:00:00Z,24,2.5,4.0283,3.45,meteofrance_arpege_europe
2026-07-29,2026-07-30T07:00:00Z,25,3.5,3.9722,3.5,meteofrance_arpege_europe
2026-07-30,2026-07-30T07:00:00Z,1,3.5,4.3418,3.5,meteofrance_arpege_europe
2026-07-29,2026-07-30T08:00:00Z,26,4.1,4.168,3.5,meteofrance_arpege_europe
2026-07-30,2026-07-30T08:00:00Z,2,4.1,4.1874,3.5,meteofrance_arpege_europe
2026-07-29,2026-07-30T09:00:00Z,27,3.8,4.2044,3.64,meteofrance_arpege_europe
2026-07-30,2026-07-30T09:00:00Z,3,3.8,3.9558,3.64,meteofrance_arpege_europe
2026-07-29,2026-07-30T10:00:00Z,28,5.7,4.5344,4.2,meteofrance_arpege_europe
2026-07-30,2026-07-30T10:00:00Z,4,5.7,4.4353,4.2,meteofrance_arpege_europe
2026-07-29,2026-07-30T11:00:00Z,29,4.9,4.9722,4.61,meteofrance_arpege_europe
2026-07-30,2026-07-30T11:00:00Z,5,4.9,4.5378,4.61,meteofrance_arpege_europe
2026-07-29,2026-07-30T12:00:00Z,30,5.4,5.6303,4.83,meteofrance_arpege_europe
2026-07-30,2026-07-30T12:00:00Z,6,5.4,4.9245,4.83,meteofrance_arpege_europe
2026-07-29,2026-07-30T13:00:00Z,31,6.2,5.3591,4.84,meteofrance_arpege_europe
2026-07-30,2026-07-30T13:00:00Z,7,6.2,5.1222,4.84,meteofrance_arpege_europe
2026-07-29,2026-07-30T14:00:00Z,32,6.7,5.3772,5.02,meteofrance_arpege_europe
2026-07-30,2026-07-30T14:00:00Z,8,6.7,4.6898,5.02,meteofrance_arpege_europe
2026-07-29,2026-07-30T15:00:00Z,33,5.7,4.3156,4.19,meteofrance_arpege_europe
2026-07-30,2026-07-30T15:00:00Z,9,5.7,4.007,4.19,meteofrance_arpege_europe
2026-07-29,2026-07-30T16:00:00Z,34,4.5,4.0322,3.82,meteofrance_arpege_europe
2026-07-30,2026-07-30T16:00:00Z,10,4.5,4.0492,3.82,meteofrance_arpege_europe
2026-07-29,2026-07-30T17:00:00Z,35,5.1,4.3571,3.84,meteofrance_arpege_europe
2026-07-30,2026-07-30T17:00:00Z,11,5.1,4.2141,3.84,meteofrance_arpege_europe
2026-07-29,2026-07-30T18:00:00Z,36,4.7,4.6571,4.27,meteofrance_arpege_europe
2026-07-30,2026-07-30T18:00:00Z,12,4.7,4.6519,4.27,meteofrance_arpege_europe
2026-07-29,2026-07-30T19:00:00Z,37,4.8,4.7112,4.08,meteofrance_arpege_europe
2026-07-30,2026-07-30T19:00:00Z,13,4.8,5.0936,4.08,meteofrance_arpege_europe
2026-07-29,2026-07-30T20:00:00Z,38,4.1,3.5955,3.36,meteofrance_arpege_europe
2026-07-30,2026-07-30T20:00:00Z,14,4.1,3.8851,3.36,meteofrance_arpege_europe
2026-07-29,2026-07-30T21:00:00Z,39,5.1,2.7226,2.34,meteofrance_arpege_europe
2026-07-30,2026-07-30T21:00:00Z,15,5.1,2.7041,2.34,meteofrance_arpege_europe
2026-07-29,2026-07-30T22:00:00Z,40,5.2,2.4246,2.32,meteofrance_arpege_europe
2026-07-30,2026-07-30T22:00:00Z,16,5.2,2.6262,2.32,meteofrance_arpege_europe
2026-07-29,2026-07-30T23:00:00Z,41,3.9,2.7142,2.6,meteofrance_arpege_europe
2026-07-30,2026-07-30T23:00:00Z,17,3.9,2.5802,2.6,meteofrance_arpege_europe
2026-07-29,2026-07-31T00:00:00Z,42,2.8,2.6019,2.37,meteofrance_arpege_europe
2026-07-30,2026-07-31T00:00:00Z,18,2.8,2.5489,2.37,meteofrance_arpege_europe
2026-07-29,2026-07-31T01:00:00Z,43,3.0,2.8464,2.59,meteofrance_arpege_europe
2026-07-30,2026-07-31T01:00:00Z,19,3.0,2.9687,2.59,meteofrance_arpege_europe
2026-07-29,2026-07-31T02:00:00Z,44,2.9,3.0969,3.0,meteofrance_arpege_europe
2026-07-30,2026-07-31T02:00:00Z,20,2.9,3.1736,3.0,meteofrance_arpege_europe
2026-07-29,2026-07-31T03:00:00Z,45,2.8,2.9976,2.47,meteofrance_arpege_europe
2026-07-30,2026-07-31T03:00:00Z,21,2.8,3.0929,2.47,meteofrance_arpege_europe
2026-07-29,2026-07-31T04:00:00Z,46,2.8,3.3996,3.09,meteofrance_arpege_europe
2026-07-30,2026-07-31T04:00:00Z,22,2.8,3.2423,3.09,meteofrance_arpege_europe
2026-07-29,2026-07-31T05:00:00Z,47,2.5,3.9734,3.54,meteofrance_arpege_europe
2026-07-30,2026-07-31T05:00:00Z,23,2.5,3.4527,3.54,meteofrance_arpege_europe
2026-07-29,2026-07-31T06:00:00Z,48,2.5,3.2489,2.46,meteofrance_arpege_europe
2026-07-30,2026-07-31T06:00:00Z,24,2.5,3.4207,2.46,meteofrance_arpege_europe
2026-07-30,2026-07-31T07:00:00Z,25,2.7,3.4021,2.86,meteofrance_arpege_europe
2026-07-31,2026-07-31T07:00:00Z,1,2.7,3.4177,2.86,meteofrance_arpege_europe
2026-07-30,2026-07-31T08:00:00Z,26,4.3,3.4812,2.28,meteofrance_arpege_europe
2026-07-31,2026-07-31T08:00:00Z,2,4.3,3.2699,2.28,meteofrance_arpege_europe
2026-07-30,2026-07-31T09:00:00Z,27,4.4,4.4839,3.32,meteofrance_arpege_europe
2026-07-31,2026-07-31T09:00:00Z,3,4.4,3.7853,3.32,meteofrance_arpege_europe
2026-07-30,2026-07-31T10:00:00Z,28,4.1,5.1052,4.59,meteofrance_arpege_europe
2026-07-31,2026-07-31T10:00:00Z,4,4.1,4.9176,4.59,meteofrance_arpege_europe
2026-07-30,2026-07-31T11:00:00Z,29,4.4,4.9783,4.36,meteofrance_arpege_europe
2026-07-31,2026-07-31T11:00:00Z,5,4.4,4.9197,4.36,meteofrance_arpege_europe
2026-07-30,2026-07-31T12:00:00Z,30,4.8,5.8246,4.84,meteofrance_arpege_europe
2026-07-31,2026-07-31T12:00:00Z,6,4.8,5.4144,4.84,meteofrance_arpege_europe
2026-07-30,2026-07-31T13:00:00Z,31,4.6,5.2729,4.39,meteofrance_arpege_europe
2026-07-31,2026-07-31T13:00:00Z,7,4.6,4.9239,4.39,meteofrance_arpege_europe
2026-07-30,2026-07-31T14:00:00Z,32,3.9,5.7065,4.96,meteofrance_arpege_europe
2026-07-31,2026-07-31T14:00:00Z,8,3.9,5.309,4.96,meteofrance_arpege_europe
2026-07-30,2026-07-31T15:00:00Z,33,4.2,5.5259,4.83,meteofrance_arpege_europe
2026-07-31,2026-07-31T15:00:00Z,9,4.2,5.2646,4.83,meteofrance_arpege_europe
2026-07-30,2026-07-31T16:00:00Z,34,3.9,4.4943,4.33,meteofrance_arpege_europe
2026-07-31,2026-07-31T16:00:00Z,10,3.9,4.5933,4.33,meteofrance_arpege_europe
2026-07-30,2026-07-31T17:00:00Z,35,5.0,4.4162,3.86,meteofrance_arpege_europe
2026-07-31,2026-07-31T17:00:00Z,11,5.0,3.9649,3.86,meteofrance_arpege_europe
2026-07-30,2026-07-31T18:00:00Z,36,5.2,3.6899,3.18,meteofrance_arpege_europe
2026-07-31,2026-07-31T18:00:00Z,12,5.2,3.6024,3.18,meteofrance_arpege_europe
2026-07-30,2026-07-31T19:00:00Z,37,3.7,4.3618,3.36,meteofrance_arpege_europe
2026-07-31,2026-07-31T19:00:00Z,13,3.7,4.4004,3.36,meteofrance_arpege_europe
2026-07-30,2026-07-31T20:00:00Z,38,4.1,4.6903,3.4,meteofrance_arpege_europe
2026-07-31,2026-07-31T20:00:00Z,14,4.1,4.6435,3.4,meteofrance_arpege_europe
2026-07-30,2026-07-31T21:00:00Z,39,3.2,3.9016,3.08,meteofrance_arpege_europe
2026-07-31,2026-07-31T21:00:00Z,15,3.2,3.8996,3.08,meteofrance_arpege_europe
2026-07-30,2026-07-31T22:00:00Z,40,4.4,3.0274,2.69,meteofrance_arpege_europe
2026-07-31,2026-07-31T22:00:00Z,16,4.4,3.082,2.69,meteofrance_arpege_europe
2026-07-30,2026-07-31T23:00:00Z,41,4.0,2.9963,2.83,meteofrance_arpege_europe
2026-07-31,2026-07-31T23:00:00Z,17,4.0,2.609,2.83,meteofrance_arpege_europe
2026-07-30,2026-08-01T00:00:00Z,42,1.8,2.7506,1.71,meteofrance_arpege_europe
2026-07-31,2026-08-01T00:00:00Z,18,1.8,2.5599,1.71,meteofrance_arpege_europe
2026-07-30,2026-08-01T01:00:00Z,43,2.6,2.6045,1.24,meteofrance_arpege_europe
2026-07-31,2026-08-01T01:00:00Z,19,2.6,2.4213,1.24,meteofrance_arpege_europe
2026-07-30,2026-08-01T02:00:00Z,44,2.6,3.0933,1.96,meteofrance_arpege_europe
2026-07-31,2026-08-01T02:00:00Z,20,2.6,3.1472,1.96,meteofrance_arpege_europe
2026-07-30,2026-08-01T03:00:00Z,45,2.9,3.0142,1.96,meteofrance_arpege_europe
2026-07-31,2026-08-01T03:00:00Z,21,2.9,3.0202,1.96,meteofrance_arpege_europe
2026-07-30,2026-08-01T04:00:00Z,46,3.4,3.3514,2.47,meteofrance_arpege_europe
2026-07-31,2026-08-01T04:00:00Z,22,3.4,3.4947,2.47,meteofrance_arpege_europe
2026-07-30,2026-08-01T05:00:00Z,47,3.5,3.3418,2.38,meteofrance_arpege_europe
2026-07-31,2026-08-01T05:00:00Z,23,3.5,3.448,2.38,meteofrance_arpege_europe
2026-07-30,2026-08-01T06:00:00Z,48,3.2,2.7839,1.49,meteofrance_arpege_europe
2026-07-31,2026-08-01T06:00:00Z,24,3.2,2.6837,1.49,meteofrance_arpege_europe
2026-07-31,2026-08-01T07:00:00Z,25,2.8,3.0139,1.68,meteofrance_arpege_europe
2026-08-01,2026-08-01T07:00:00Z,1,2.8,2.7691,1.68,meteofrance_arpege_europe
2026-07-31,2026-08-01T08:00:00Z,26,1.5,2.4734,1.52,meteofrance_arpege_europe
2026-08-01,2026-08-01T08:00:00Z,2,1.5,2.2598,1.52,meteofrance_arpege_europe
2026-07-31,2026-08-01T09:00:00Z,27,2.4,2.2962,1.03,meteofrance_arpege_europe
2026-08-01,2026-08-01T09:00:00Z,3,2.4,2.005,1.03,meteofrance_arpege_europe
2026-07-31,2026-08-01T10:00:00Z,28,2.7,2.3416,0.82,meteofrance_arpege_europe
2026-08-01,2026-08-01T10:00:00Z,4,2.7,2.212,0.82,meteofrance_arpege_europe
2026-07-31,2026-08-01T11:00:00Z,29,4.4,2.8563,2.08,meteofrance_arpege_europe
2026-08-01,2026-08-01T11:00:00Z,5,4.4,2.859,2.08,meteofrance_arpege_europe
2026-07-31,2026-08-01T12:00:00Z,30,3.9,3.4114,3.52,meteofrance_arpege_europe
2026-08-01,2026-08-01T12:00:00Z,6,3.9,3.8734,3.52,meteofrance_arpege_europe
2026-07-31,2026-08-01T13:00:00Z,31,4.1,5.1457,4.75,meteofrance_arpege_europe
2026-08-01,2026-08-01T13:00:00Z,7,4.1,5.234,4.75,meteofrance_arpege_europe
2026-07-31,2026-08-01T14:00:00Z,32,4.2,4.5916,3.89,meteofrance_arpege_europe
2026-08-01,2026-08-01T14:00:00Z,8,4.2,4.3704,3.89,meteofrance_arpege_europe
2026-07-31,2026-08-01T15:00:00Z,33,3.2,4.6732,3.94,meteofrance_arpege_europe
2026-08-01,2026-08-01T15:00:00Z,9,3.2,4.565,3.94,meteofrance_arpege_europe
2026-07-31,2026-08-01T16:00:00Z,34,5.1,4.6059,4.14,meteofrance_arpege_europe
2026-08-01,2026-08-01T16:00:00Z,10,5.1,4.527,4.14,meteofrance_arpege_europe
2026-07-31,2026-08-01T17:00:00Z,35,4.9,5.3074,4.57,meteofrance_arpege_europe
2026-08-01,2026-08-01T17:00:00Z,11,4.9,4.9818,4.57,meteofrance_arpege_europe
2026-07-31,2026-08-01T18:00:00Z,36,5.1,4.4641,3.97,meteofrance_arpege_europe
2026-08-01,2026-08-01T18:00:00Z,12,5.1,4.6329,3.97,meteofrance_arpege_europe
2026-07-31,2026-08-01T19:00:00Z,37,4.5,4.5396,3.53,meteofrance_arpege_europe
2026-08-01,2026-08-01T19:00:00Z,13,4.5,4.4631,3.53,meteofrance_arpege_europe
2026-07-31,2026-08-01T20:00:00Z,38,4.2,4.1419,3.57,meteofrance_arpege_europe
2026-08-01,2026-08-01T20:00:00Z,14,4.2,3.9944,3.57,meteofrance_arpege_europe
2026-07-31,2026-08-01T21:00:00Z,39,4.6,3.9389,3.35,meteofrance_arpege_europe
2026-08-01,2026-08-01T21:00:00Z,15,4.6,3.9048,3.35,meteofrance_arpege_europe
2026-07-31,2026-08-01T22:00:00Z,40,3.2,3.495,3.1,meteofrance_arpege_europe
2026-08-01,2026-08-01T22:00:00Z,16,3.2,3.5975,3.1,meteofrance_arpege_europe
2026-07-31,2026-08-01T23:00:00Z,41,3.4,3.2394,2.5,meteofrance_arpege_europe
2026-08-01,2026-08-01T23:00:00Z,17,3.4,3.2103,2.5,meteofrance_arpege_europe
2026-07-31,2026-08-02T00:00:00Z,42,1.7,3.2955,2.61,meteofrance_arpege_europe
2026-08-01,2026-08-02T00:00:00Z,18,1.7,3.289,2.61,meteofrance_arpege_europe
2026-07-31,2026-08-02T01:00:00Z,43,0.8,2.6761,2.2,meteofrance_arpege_europe
2026-08-01,2026-08-02T01:00:00Z,19,0.8,2.7021,2.2,meteofrance_arpege_europe
2026-07-31,2026-08-02T02:00:00Z,44,1.1,2.7908,2.61,meteofrance_arpege_europe
2026-08-01,2026-08-02T02:00:00Z,20,1.1,2.8164,2.61,meteofrance_arpege_europe
2026-07-31,2026-08-02T03:00:00Z,45,1.7,2.7979,2.42,meteofrance_arpege_europe
2026-08-01,2026-08-02T03:00:00Z,21,1.7,2.5285,2.42,meteofrance_arpege_europe
2026-07-31,2026-08-02T04:00:00Z,46,2.5,2.2182,1.5,meteofrance_arpege_europe
2026-08-01,2026-08-02T04:00:00Z,22,2.5,2.1118,1.5,meteofrance_arpege_europe
2026-07-31,2026-08-02T05:00:00Z,47,2.6,2.0487,0.85,meteofrance_arpege_europe
2026-08-01,2026-08-02T05:00:00Z,23,2.6,1.8457,0.85,meteofrance_arpege_europe
2026-07-31,2026-08-02T06:00:00Z,48,1.8,1.971,0.5,meteofrance_arpege_europe
2026-08-01,2026-08-02T06:00:00Z,24,1.8,1.792,0.5,meteofrance_arpege_europe
2026-08-01,2026-08-02T07:00:00Z,25,1.6,1.5983,0.2,meteofrance_arpege_europe
2026-08-02,2026-08-02T07:00:00Z,1,1.6,1.8152,0.2,meteofrance_arpege_europe
2026-08-01,2026-08-02T08:00:00Z,26,1.6,2.1022,0.6,meteofrance_arpege_europe
2026-08-02,2026-08-02T08:00:00Z,2,1.6,1.87,0.6,meteofrance_arpege_europe
2026-08-01,2026-08-02T09:00:00Z,27,2.2,2.6206,1.49,meteofrance_arpege_europe
2026-08-02,2026-08-02T09:00:00Z,3,2.2,2.7839,1.49,meteofrance_arpege_europe
2026-08-01,2026-08-02T10:00:00Z,28,2.7,3.4043,2.46,meteofrance_arpege_europe
2026-08-02,2026-08-02T10:00:00Z,4,2.7,3.4393,2.46,meteofrance_arpege_europe
2026-08-01,2026-08-02T11:00:00Z,29,3.4,3.4712,3.54,meteofrance_arpege_europe
2026-08-02,2026-08-02T11:00:00Z,5,3.4,3.2414,3.54,meteofrance_arpege_europe
2026-08-01,2026-08-02T12:00:00Z,30,4.9,4.0065,4.0,meteofrance_arpege_europe
2026-08-02,2026-08-02T12:00:00Z,6,4.9,3.6248,4.0,meteofrance_arpege_europe
2026-08-01,2026-08-02T13:00:00Z,31,6.0,5.3842,5.02,meteofrance_arpege_europe
2026-08-02,2026-08-02T13:00:00Z,7,6.0,5.5881,5.02,meteofrance_arpege_europe
2026-08-01,2026-08-02T14:00:00Z,32,6.9,5.4199,5.01,meteofrance_arpege_europe
2026-08-02,2026-08-02T14:00:00Z,8,6.9,5.7651,5.01,meteofrance_arpege_europe
2026-08-01,2026-08-02T15:00:00Z,33,6.1,6.1303,5.7,meteofrance_arpege_europe
2026-08-02,2026-08-02T15:00:00Z,9,6.1,7.1141,5.7,meteofrance_arpege_europe
2026-08-01,2026-08-02T16:00:00Z,34,6.0,5.4676,5.41,meteofrance_arpege_europe
2026-08-02,2026-08-02T16:00:00Z,10,6.0,5.9006,5.41,meteofrance_arpege_europe
2026-08-01,2026-08-02T17:00:00Z,35,4.5,5.2212,4.83,meteofrance_arpege_europe
2026-08-02,2026-08-02T17:00:00Z,11,4.5,5.4825,4.83,meteofrance_arpege_europe
2026-08-01,2026-08-02T18:00:00Z,36,4.7,5.5732,5.32,meteofrance_arpege_europe
2026-08-02,2026-08-02T18:00:00Z,12,4.7,5.4143,5.32,meteofrance_arpege_europe
2026-08-01,2026-08-02T19:00:00Z,37,5.4,5.0628,4.9,meteofrance_arpege_europe
2026-08-02,2026-08-02T19:00:00Z,13,5.4,4.9786,4.9,meteofrance_arpege_europe
2026-08-01,2026-08-02T20:00:00Z,38,4.3,6.3815,5.36,meteofrance_arpege_europe
2026-08-02,2026-08-02T20:00:00Z,14,4.3,6.3375,5.36,meteofrance_arpege_europe
2026-08-01,2026-08-02T21:00:00Z,39,4.3,5.5751,5.69,meteofrance_arpege_europe
2026-08-02,2026-08-02T21:00:00Z,15,4.3,6.1463,5.69,meteofrance_arpege_europe
2026-08-01,2026-08-02T22:00:00Z,40,3.0,3.9347,4.52,meteofrance_arpege_europe
2026-08-02,2026-08-02T22:00:00Z,16,3.0,3.7502,4.52,meteofrance_arpege_europe
2026-08-01,2026-08-02T23:00:00Z,41,3.3,2.9785,4.0,meteofrance_arpege_europe
2026-08-02,2026-08-02T23:00:00Z,17,3.3,3.0233,4.0,meteofrance_arpege_europe
2026-08-01,2026-08-03T00:00:00Z,42,2.2,2.5749,3.93,meteofrance_arpege_europe
2026-08-02,2026-08-03T00:00:00Z,18,2.2,2.5538,3.93,meteofrance_arpege_europe
2026-08-01,2026-08-03T01:00:00Z,43,2.6,2.2932,4.33,meteofrance_arpege_europe
2026-08-02,2026-08-03T01:00:00Z,19,2.6,2.2673,4.33,meteofrance_arpege_europe
2026-08-01,2026-08-03T02:00:00Z,44,1.6,2.5058,4.38,meteofrance_arpege_europe
2026-08-02,2026-08-03T02:00:00Z,20,1.6,2.8337,4.38,meteofrance_arpege_europe
2026-08-01,2026-08-03T03:00:00Z,45,1.3,2.8254,4.58,meteofrance_arpege_europe
2026-08-02,2026-08-03T03:00:00Z,21,1.3,3.2418,4.58,meteofrance_arpege_europe
2026-08-01,2026-08-03T04:00:00Z,46,0.6,2.8584,4.3,meteofrance_arpege_europe
2026-08-02,2026-08-03T04:00:00Z,22,0.6,2.9329,4.3,meteofrance_arpege_europe
2026-08-01,2026-08-03T05:00:00Z,47,1.8,2.7947,3.7,meteofrance_arpege_europe
2026-08-02,2026-08-03T05:00:00Z,23,1.8,3.0527,3.7,meteofrance_arpege_europe
2026-08-01,2026-08-03T06:00:00Z,48,1.5,2.5811,2.55,meteofrance_arpege_europe
2026-08-02,2026-08-03T06:00:00Z,24,1.5,2.729,2.55,meteofrance_arpege_europe
2026-08-02,2026-08-03T07:00:00Z,25,1.3,1.8588,1.7,meteofrance_arpege_europe
2026-08-03,2026-08-03T07:00:00Z,1,1.3,1.7631,1.7,meteofrance_arpege_europe
2026-08-02,2026-08-03T08:00:00Z,26,1.3,2.0867,1.36,meteofrance_arpege_europe
2026-08-03,2026-08-03T08:00:00Z,2,1.3,1.7563,1.36,meteofrance_arpege_europe
2026-08-02,2026-08-03T09:00:00Z,27,2.2,2.4112,1.17,meteofrance_arpege_europe
2026-08-03,2026-08-03T09:00:00Z,3,2.2,2.2623,1.17,meteofrance_arpege_europe
2026-08-02,2026-08-03T10:00:00Z,28,2.8,2.9257,1.94,meteofrance_arpege_europe
2026-08-03,2026-08-03T10:00:00Z,4,2.8,3.0154,1.94,meteofrance_arpege_europe
2026-08-02,2026-08-03T11:00:00Z,29,3.8,3.835,2.64,meteofrance_arpege_europe
2026-08-03,2026-08-03T11:00:00Z,5,3.8,3.8183,2.64,meteofrance_arpege_europe
2026-08-02,2026-08-03T12:00:00Z,30,3.5,3.71,2.83,meteofrance_arpege_europe
2026-08-03,2026-08-03T12:00:00Z,6,3.5,3.5251,2.83,meteofrance_arpege_europe
2026-08-02,2026-08-03T13:00:00Z,31,6.0,4.1372,3.35,meteofrance_arpege_europe
2026-08-03,2026-08-03T13:00:00Z,7,6.0,4.1627,3.35,meteofrance_arpege_europe
2026-08-02,2026-08-03T14:00:00Z,32,6.3,4.4983,4.54,meteofrance_arpege_europe
2026-08-03,2026-08-03T14:00:00Z,8,6.3,4.3863,4.54,meteofrance_arpege_europe
2026-08-02,2026-08-03T15:00:00Z,33,5.0,4.9206,5.05,meteofrance_arpege_europe
2026-08-03,2026-08-03T15:00:00Z,9,5.0,4.5178,5.05,meteofrance_arpege_europe
2026-08-02,2026-08-03T16:00:00Z,34,4.1,5.0795,4.89,meteofrance_arpege_europe
2026-08-03,2026-08-03T16:00:00Z,10,4.1,5.3069,4.89,meteofrance_arpege_europe
2026-08-02,2026-08-03T17:00:00Z,35,3.9,3.455,2.5,meteofrance_arpege_europe
2026-08-03,2026-08-03T17:00:00Z,11,3.9,3.1936,2.5,meteofrance_arpege_europe
2026-08-02,2026-08-03T18:00:00Z,36,0.9,2.4667,3.06,meteofrance_arpege_europe
2026-08-03,2026-08-03T18:00:00Z,12,0.9,2.6853,3.06,meteofrance_arpege_europe
2026-08-02,2026-08-03T19:00:00Z,37,1.3,1.7587,1.53,meteofrance_arpege_europe
2026-08-03,2026-08-03T19:00:00Z,13,1.3,1.8102,1.53,meteofrance_arpege_europe
2026-08-02,2026-08-03T20:00:00Z,38,1.1,3.0928,2.35,meteofrance_arpege_europe
2026-08-03,2026-08-03T20:00:00Z,14,1.1,3.0352,2.35,meteofrance_arpege_europe
2026-08-02,2026-08-03T21:00:00Z,39,4.1,3.2243,3.4,meteofrance_arpege_europe
2026-08-03,2026-08-03T21:00:00Z,15,4.1,3.0653,3.4,meteofrance_arpege_europe
2026-08-02,2026-08-03T22:00:00Z,40,4.1,3.6057,4.77,meteofrance_arpege_europe
2026-08-03,2026-08-03T22:00:00Z,16,4.1,3.672,4.77,meteofrance_arpege_europe
2026-08-02,2026-08-03T23:00:00Z,41,4.9,3.0924,3.18,meteofrance_arpege_europe
2026-08-03,2026-08-03T23:00:00Z,17,4.9,3.3429,3.18,meteofrance_arpege_europe
2026-08-02,2026-08-04T00:00:00Z,42,4.9,3.4458,3.9,meteofrance_arpege_europe
2026-08-03,2026-08-04T00:00:00Z,18,4.9,3.5123,3.9,meteofrance_arpege_europe
2026-08-02,2026-08-04T01:00:00Z,43,4.8,3.4822,4.71,meteofrance_arpege_europe
2026-08-03,2026-08-04T01:00:00Z,19,4.8,3.4438,4.71,meteofrance_arpege_europe
2026-08-02,2026-08-04T02:00:00Z,44,4.9,3.4962,4.5,meteofrance_arpege_europe
2026-08-03,2026-08-04T02:00:00Z,20,4.9,3.2568,4.5,meteofrance_arpege_europe
2026-08-02,2026-08-04T03:00:00Z,45,5.0,3.5349,4.51,meteofrance_arpege_europe
2026-08-03,2026-08-04T03:00:00Z,21,5.0,3.2568,4.51,meteofrance_arpege_europe
2026-08-02,2026-08-04T04:00:00Z,46,4.8,3.2622,3.2,meteofrance_arpege_europe
2026-08-03,2026-08-04T04:00:00Z,22,4.8,3.2217,3.2,meteofrance_arpege_europe
2026-08-02,2026-08-04T05:00:00Z,47,4.8,3.5672,3.67,meteofrance_arpege_europe
2026-08-03,2026-08-04T05:00:00Z,23,4.8,3.7081,3.67,meteofrance_arpege_europe
2026-08-02,2026-08-04T06:00:00Z,48,4.7,4.1372,4.51,meteofrance_arpege_europe
2026-08-03,2026-08-04T06:00:00Z,24,4.7,4.0357,4.51,meteofrance_arpege_europe
2026-08-03,2026-08-04T07:00:00Z,25,2.5,4.2282,4.81,meteofrance_arpege_europe
2026-08-04,2026-08-04T07:00:00Z,1,2.5,4.3851,4.81,meteofrance_arpege_europe
2026-08-03,2026-08-04T08:00:00Z,26,4.2,4.3897,4.83,meteofrance_arpege_europe
2026-08-04,2026-08-04T08:00:00Z,2,4.2,4.6117,4.83,meteofrance_arpege_europe
2026-08-03,2026-08-04T09:00:00Z,27,5.6,4.4862,4.97,meteofrance_arpege_europe
2026-08-04,2026-08-04T09:00:00Z,3,5.6,4.4255,4.97,meteofrance_arpege_europe
2026-08-03,2026-08-04T10:00:00Z,28,7.5,4.9622,4.78,meteofrance_arpege_europe
2026-08-04,2026-08-04T10:00:00Z,4,7.5,4.8249,4.78,meteofrance_arpege_europe
2026-08-03,2026-08-04T11:00:00Z,29,6.8,5.9054,5.53,meteofrance_arpege_europe
2026-08-04,2026-08-04T11:00:00Z,5,6.8,6.2146,5.53,meteofrance_arpege_europe
2026-08-03,2026-08-04T12:00:00Z,30,8.3,6.0388,4.92,meteofrance_arpege_europe
2026-08-04,2026-08-04T12:00:00Z,6,8.3,5.9885,4.92,meteofrance_arpege_europe
2026-08-03,2026-08-04T13:00:00Z,31,6.9,5.3758,4.8,meteofrance_arpege_europe
2026-08-04,2026-08-04T13:00:00Z,7,6.9,5.1114,4.8,meteofrance_arpege_europe
2026-08-03,2026-08-04T14:00:00Z,32,2.4,4.5276,4.32,meteofrance_arpege_europe
2026-08-04,2026-08-04T14:00:00Z,8,2.4,3.7585,4.32,meteofrance_arpege_europe
2026-08-03,2026-08-04T15:00:00Z,33,2.5,4.3398,3.82,meteofrance_arpege_europe
2026-08-04,2026-08-04T15:00:00Z,9,2.5,4.438,3.82,meteofrance_arpege_europe
2026-08-03,2026-08-04T16:00:00Z,34,1.9,4.345,4.36,meteofrance_arpege_europe
2026-08-04,2026-08-04T16:00:00Z,10,1.9,4.2876,4.36,meteofrance_arpege_europe
2026-08-03,2026-08-04T17:00:00Z,35,2.0,4.009,3.41,meteofrance_arpege_europe
2026-08-04,2026-08-04T17:00:00Z,11,2.0,3.5161,3.41,meteofrance_arpege_europe
2026-08-03,2026-08-04T18:00:00Z,36,2.3,3.1537,1.77,meteofrance_arpege_europe
2026-08-04,2026-08-04T18:00:00Z,12,2.3,2.9994,1.77,meteofrance_arpege_europe
2026-08-03,2026-08-04T19:00:00Z,37,2.4,2.5891,1.36,meteofrance_arpege_europe
2026-08-04,2026-08-04T19:00:00Z,13,2.4,2.4036,1.36,meteofrance_arpege_europe
2026-08-03,2026-08-04T20:00:00Z,38,1.6,1.2371,0.51,meteofrance_arpege_europe
2026-08-04,2026-08-04T20:00:00Z,14,1.6,1.1936,0.51,meteofrance_arpege_europe
2026-08-03,2026-08-04T21:00:00Z,39,1.7,1.7954,0.76,meteofrance_arpege_europe
2026-08-04,2026-08-04T21:00:00Z,15,1.7,1.8192,0.76,meteofrance_arpege_europe
2026-08-03,2026-08-04T22:00:00Z,40,1.4,1.7784,0.1,meteofrance_arpege_europe
2026-08-04,2026-08-04T22:00:00Z,16,1.4,1.5382,0.1,meteofrance_arpege_europe
2026-08-03,2026-08-04T23:00:00Z,41,2.6,2.7038,2.11,meteofrance_arpege_europe
2026-08-04,2026-08-04T23:00:00Z,17,2.6,2.5465,2.11,meteofrance_arpege_europe
2026-08-04,2026-08-05T00:00:00Z,18,2.6,2.9859,2.4,meteofrance_arpege_europe
2026-08-04,2026-08-05T01:00:00Z,19,1.9,2.7893,2.89,meteofrance_arpege_europe
2026-08-04,2026-08-05T02:00:00Z,20,2.9,3.2374,3.45,meteofrance_arpege_europe
2026-08-04,2026-08-05T03:00:00Z,21,3.8,3.4391,3.19,meteofrance_arpege_europe
2026-08-04,2026-08-05T04:00:00Z,22,2.7,3.5772,3.34,meteofrance_arpege_europe
2026-08-04,2026-08-05T05:00:00Z,23,3.2,3.3026,2.97,meteofrance_arpege_europe
2026-08-04,2026-08-05T06:00:00Z,24,3.2,3.4546,2.73,meteofrance_arpege_europe
2026-08-04,2026-08-05T07:00:00Z,25,3.8,4.7792,3.97,meteofrance_arpege_europe
2026-08-05,2026-08-05T07:00:00Z,1,3.8,5.2432,4.52,meteofrance_arpege_europe
2026-08-04,2026-08-05T08:00:00Z,26,3.8,5.5215,5.01,meteofrance_arpege_europe
2026-08-05,2026-08-05T08:00:00Z,2,6.1,5.9632,5.83,meteofrance_arpege_europe
2026-08-04,2026-08-05T09:00:00Z,27,6.1,6.0664,5.12,meteofrance_arpege_europe
2026-08-05,2026-08-05T09:00:00Z,3,5.6,6.3128,5.95,meteofrance_arpege_europe
2026-08-04,2026-08-05T10:00:00Z,28,7.7,7.4428,6.02,meteofrance_arpege_europe
2026-08-05,2026-08-05T10:00:00Z,4,7.7,6.9984,6.36,meteofrance_arpege_europe
2026-08-04,2026-08-05T11:00:00Z,29,7.7,8.7047,7.73,meteofrance_arpege_europe
2026-08-05,2026-08-05T11:00:00Z,5,7.1,7.2597,6.67,meteofrance_arpege_europe
2026-08-04,2026-08-05T12:00:00Z,30,7.1,8.7824,7.75,meteofrance_arpege_europe
2026-08-05,2026-08-05T12:00:00Z,6,8.1,8.1421,7.61,meteofrance_arpege_europe
2026-08-04,2026-08-05T13:00:00Z,31,9.7,8.586,7.43,meteofrance_arpege_europe
2026-08-05,2026-08-05T13:00:00Z,7,9.7,8.3493,8.29,meteofrance_arpege_europe
2026-08-04,2026-08-05T14:00:00Z,32,9.4,7.7878,7.02,meteofrance_arpege_europe
2026-08-05,2026-08-05T14:00:00Z,8,9.4,8.4034,7.88,meteofrance_arpege_europe
2026-08-04,2026-08-05T15:00:00Z,33,8.0,7.7977,6.96,meteofrance_arpege_europe
2026-08-05,2026-08-05T15:00:00Z,9,8.0,8.0108,7.44,meteofrance_arpege_europe
2026-08-04,2026-08-05T16:00:00Z,34,7.3,7.8877,6.93,meteofrance_arpege_europe
2026-08-05,2026-08-05T16:00:00Z,10,7.3,7.6547,7.0,meteofrance_arpege_europe
2026-08-04,2026-08-05T17:00:00Z,35,7.0,8.048,6.91,meteofrance_arpege_europe
2026-08-05,2026-08-05T17:00:00Z,11,7.0,7.7727,6.9,meteofrance_arpege_europe
2026-08-04,2026-08-05T18:00:00Z,36,7.2,7.538,6.4,meteofrance_arpege_europe
2026-08-05,2026-08-05T18:00:00Z,12,7.2,8.1589,6.83,meteofrance_arpege_europe
2026-08-04,2026-08-05T19:00:00Z,37,6.1,7.3594,6.33,meteofrance_arpege_europe
2026-08-05,2026-08-05T19:00:00Z,13,6.1,8.4719,6.53,meteofrance_arpege_europe
2026-08-04,2026-08-05T20:00:00Z,38,5.4,6.4301,6.07,meteofrance_arpege_europe
2026-08-05,2026-08-05T20:00:00Z,14,5.4,6.6014,6.15,meteofrance_arpege_europe
2026-08-04,2026-08-05T21:00:00Z,39,3.4,6.3621,5.57,meteofrance_arpege_europe
2026-08-05,2026-08-05T21:00:00Z,15,3.4,5.8036,5.65,meteofrance_arpege_europe
2026-08-04,2026-08-05T22:00:00Z,40,3.1,5.7668,5.43,meteofrance_arpege_europe
2026-08-05,2026-08-05T22:00:00Z,16,3.1,4.9561,5.26,meteofrance_arpege_europe
2026-08-04,2026-08-05T23:00:00Z,41,3.1,6.2359,5.63,meteofrance_arpege_europe
2026-08-05,2026-08-05T23:00:00Z,17,3.1,5.3326,5.14,meteofrance_arpege_europe
2026-08-04,2026-08-06T00:00:00Z,42,3.4,6.0929,5.79,meteofrance_arpege_europe
2026-08-05,2026-08-06T00:00:00Z,18,3.4,5.4605,5.22,meteofrance_arpege_europe
2026-08-04,2026-08-06T01:00:00Z,43,3.6,6.5509,5.81,meteofrance_arpege_europe
2026-08-05,2026-08-06T01:00:00Z,19,3.6,5.0555,5.07,meteofrance_arpege_europe
2026-08-04,2026-08-06T02:00:00Z,44,3.6,6.7336,5.82,meteofrance_arpege_europe
2026-08-05,2026-08-06T02:00:00Z,20,3.6,4.9777,4.88,meteofrance_arpege_europe
2026-08-04,2026-08-06T03:00:00Z,45,2.4,6.7527,6.07,meteofrance_arpege_europe
2026-08-05,2026-08-06T03:00:00Z,21,2.4,4.2082,4.53,meteofrance_arpege_europe
2026-08-04,2026-08-06T04:00:00Z,46,5.8,6.4504,6.04,meteofrance_arpege_europe
2026-08-05,2026-08-06T04:00:00Z,22,5.8,6.4923,5.7,meteofrance_arpege_europe
2026-08-04,2026-08-06T05:00:00Z,47,4.0,6.1778,5.63,meteofrance_arpege_europe
2026-08-05,2026-08-06T05:00:00Z,23,4.0,6.1365,5.35,meteofrance_arpege_europe
2026-08-04,2026-08-06T06:00:00Z,48,5.6,6.4613,5.6,meteofrance_arpege_europe
2026-08-05,2026-08-06T06:00:00Z,24,5.6,6.5039,5.38,meteofrance_arpege_europe
2026-08-05,2026-08-06T07:00:00Z,25,4.8,7.0846,5.41,meteofrance_arpege_europe
2026-08-06,2026-08-06T07:00:00Z,1,4.8,5.8855,4.72,meteofrance_arpege_europe
2026-08-05,2026-08-06T08:00:00Z,26,5.7,6.2792,5.1,meteofrance_arpege_europe
2026-08-06,2026-08-06T08:00:00Z,2,5.7,5.3618,4.06,meteofrance_arpege_europe
2026-08-05,2026-08-06T09:00:00Z,27,6.2,7.327,5.82,meteofrance_arpege_europe
2026-08-06,2026-08-06T09:00:00Z,3,6.2,6.1855,4.61,meteofrance_arpege_europe
2026-08-05,2026-08-06T10:00:00Z,28,5.8,7.6859,5.94,meteofrance_arpege_europe
2026-08-06,2026-08-06T10:00:00Z,4,5.8,6.6885,5.52,meteofrance_arpege_europe
2026-08-05,2026-08-06T11:00:00Z,29,5.8,7.4789,5.56,meteofrance_arpege_europe
2026-08-06,2026-08-06T11:00:00Z,5,5.3,6.3635,5.3,meteofrance_arpege_europe
2026-08-05,2026-08-06T12:00:00Z,30,5.3,8.0197,5.88,meteofrance_arpege_europe
2026-08-06,2026-08-06T12:00:00Z,6,5.9,6.6444,5.52,meteofrance_arpege_europe
2026-08-05,2026-08-06T13:00:00Z,31,5.1,7.7063,5.75,meteofrance_arpege_europe
2026-08-06,2026-08-06T13:00:00Z,7,5.1,6.3973,5.52,meteofrance_arpege_europe
2026-08-05,2026-08-06T14:00:00Z,32,4.8,7.3255,5.51,meteofrance_arpege_europe
2026-08-06,2026-08-06T14:00:00Z,8,4.8,6.3408,5.56,meteofrance_arpege_europe
2026-08-05,2026-08-06T15:00:00Z,33,4.5,7.127,5.41,meteofrance_arpege_europe
2026-08-06,2026-08-06T15:00:00Z,9,4.5,5.6156,5.19,meteofrance_arpege_europe
2026-08-05,2026-08-06T16:00:00Z,34,5.8,5.7876,4.92,meteofrance_arpege_europe
2026-08-06,2026-08-06T16:00:00Z,10,5.8,5.6026,5.06,meteofrance_arpege_europe
2026-08-05,2026-08-06T17:00:00Z,35,5.2,4.9095,4.22,meteofrance_arpege_europe
2026-08-06,2026-08-06T17:00:00Z,11,5.2,5.0027,4.4,meteofrance_arpege_europe
2026-08-05,2026-08-06T18:00:00Z,36,4.6,4.8288,4.18,meteofrance_arpege_europe
2026-08-06,2026-08-06T18:00:00Z,12,4.6,4.4968,3.83,meteofrance_arpege_europe
2026-08-05,2026-08-06T19:00:00Z,37,5.2,4.8143,4.09,meteofrance_arpege_europe
2026-08-06,2026-08-06T19:00:00Z,13,5.2,4.5273,3.64,meteofrance_arpege_europe
2026-08-05,2026-08-06T20:00:00Z,38,4.5,4.2465,3.79,meteofrance_arpege_europe
2026-08-06,2026-08-06T20:00:00Z,14,4.5,4.3111,3.41,meteofrance_arpege_europe
2026-08-05,2026-08-06T21:00:00Z,39,5.6,2.9966,3.24,meteofrance_arpege_europe
2026-08-06,2026-08-06T21:00:00Z,15,5.6,3.1149,3.01,meteofrance_arpege_europe
2026-08-05,2026-08-06T22:00:00Z,40,4.6,3.1371,3.23,meteofrance_arpege_europe
2026-08-06,2026-08-06T22:00:00Z,16,4.6,3.1023,3.08,meteofrance_arpege_europe
2026-08-05,2026-08-06T23:00:00Z,41,3.3,3.5388,3.05,meteofrance_arpege_europe
2026-08-06,2026-08-06T23:00:00Z,17,3.3,3.3872,2.84,meteofrance_arpege_europe
2026-08-05,2026-08-07T00:00:00Z,42,2.8,3.3203,2.38,meteofrance_arpege_europe
2026-08-06,2026-08-07T00:00:00Z,18,2.8,3.3287,2.4,meteofrance_arpege_europe
2026-08-05,2026-08-07T01:00:00Z,43,3.6,3.0003,1.58,meteofrance_arpege_europe
2026-08-06,2026-08-07T01:00:00Z,19,3.6,2.8202,1.36,meteofrance_arpege_europe
2026-08-05,2026-08-07T02:00:00Z,44,3.7,3.3174,2.15,meteofrance_arpege_europe
2026-08-06,2026-08-07T02:00:00Z,20,3.7,3.0265,1.77,meteofrance_arpege_europe
2026-08-05,2026-08-07T03:00:00Z,45,3.8,3.1922,2.42,meteofrance_arpege_europe
2026-08-06,2026-08-07T03:00:00Z,21,3.8,3.2803,2.09,meteofrance_arpege_europe
2026-08-05,2026-08-07T04:00:00Z,46,3.9,3.2379,2.42,meteofrance_arpege_europe
2026-08-06,2026-08-07T04:00:00Z,22,3.9,3.2996,2.21,meteofrance_arpege_europe
2026-08-05,2026-08-07T05:00:00Z,47,3.8,3.2022,2.46,meteofrance_arpege_europe
2026-08-06,2026-08-07T05:00:00Z,23,3.8,3.5119,2.56,meteofrance_arpege_europe
2026-08-05,2026-08-07T06:00:00Z,48,3.9,3.2454,2.56,meteofrance_arpege_europe
2026-08-06,2026-08-07T06:00:00Z,24,3.9,3.6084,3.13,meteofrance_arpege_europe
2026-08-06,2026-08-07T07:00:00Z,25,3.9,3.7437,3.03,meteofrance_arpege_europe
2026-08-07,2026-08-07T07:00:00Z,1,3.9,3.5708,3.42,meteofrance_arpege_europe
2026-08-06,2026-08-07T08:00:00Z,26,3.0,3.1214,2.6,meteofrance_arpege_europe
2026-08-07,2026-08-07T08:00:00Z,2,3.0,3.284,3.55,meteofrance_arpege_europe
2026-08-06,2026-08-07T09:00:00Z,27,3.0,2.739,2.21,meteofrance_arpege_europe
2026-08-07,2026-08-07T09:00:00Z,3,1.7,3.1261,3.1,meteofrance_arpege_europe
2026-08-06,2026-08-07T10:00:00Z,28,1.7,2.1633,1.49,meteofrance_arpege_europe
2026-08-07,2026-08-07T10:00:00Z,4,3.3,2.107,2.04,meteofrance_arpege_europe
2026-08-06,2026-08-07T11:00:00Z,29,3.3,2.571,1.92,meteofrance_arpege_europe
2026-08-07,2026-08-07T11:00:00Z,5,3.6,2.4588,1.0,meteofrance_arpege_europe
2026-08-06,2026-08-07T12:00:00Z,30,4.8,5.0011,4.44,meteofrance_arpege_europe
2026-08-07,2026-08-07T12:00:00Z,6,4.8,2.8206,3.31,meteofrance_arpege_europe
2026-08-06,2026-08-07T13:00:00Z,31,5.3,5.704,5.15,meteofrance_arpege_europe
2026-08-07,2026-08-07T13:00:00Z,7,5.3,4.7903,4.96,meteofrance_arpege_europe
2026-08-06,2026-08-07T14:00:00Z,32,5.8,5.0402,4.62,meteofrance_arpege_europe
2026-08-07,2026-08-07T14:00:00Z,8,5.8,5.4628,4.72,meteofrance_arpege_europe
2026-08-06,2026-08-07T15:00:00Z,33,5.4,4.4698,3.79,meteofrance_arpege_europe
2026-08-07,2026-08-07T15:00:00Z,9,5.4,4.1409,4.3,meteofrance_arpege_europe
2026-08-06,2026-08-07T16:00:00Z,34,5.3,4.4386,4.18,meteofrance_arpege_europe
2026-08-07,2026-08-07T16:00:00Z,10,5.3,4.484,4.24,meteofrance_arpege_europe
2026-08-06,2026-08-07T17:00:00Z,35,4.6,4.2924,4.04,meteofrance_arpege_europe
2026-08-07,2026-08-07T17:00:00Z,11,4.6,4.2113,3.77,meteofrance_arpege_europe
2026-08-06,2026-08-07T18:00:00Z,36,4.6,3.9443,3.85,meteofrance_arpege_europe
2026-08-07,2026-08-07T18:00:00Z,12,4.6,3.9878,3.77,meteofrance_arpege_europe
2026-08-06,2026-08-07T19:00:00Z,37,4.5,4.2117,3.8,meteofrance_arpege_europe
2026-08-07,2026-08-07T19:00:00Z,13,4.5,4.3048,3.61,meteofrance_arpege_europe
2026-08-06,2026-08-07T20:00:00Z,38,3.9,3.8035,3.79,meteofrance_arpege_europe
2026-08-07,2026-08-07T20:00:00Z,14,3.9,3.4892,2.93,meteofrance_arpege_europe
2026-08-06,2026-08-07T21:00:00Z,39,2.7,3.1453,3.45,meteofrance_arpege_europe
2026-08-07,2026-08-07T21:00:00Z,15,2.7,2.8669,2.34,meteofrance_arpege_europe
2026-08-06,2026-08-07T22:00:00Z,40,2.9,2.7164,3.02,meteofrance_arpege_europe
2026-08-07,2026-08-07T22:00:00Z,16,2.9,2.4757,2.24,meteofrance_arpege_europe
2026-08-06,2026-08-07T23:00:00Z,41,2.7,2.3457,2.06,meteofrance_arpege_europe
2026-08-07,2026-08-07T23:00:00Z,17,2.7,2.5081,2.2,meteofrance_arpege_europe
2026-08-06,2026-08-08T00:00:00Z,42,2.0,1.7599,1.1,meteofrance_arpege_europe
2026-08-07,2026-08-08T00:00:00Z,18,2.0,2.3183,2.0,meteofrance_arpege_europe
2026-08-06,2026-08-08T01:00:00Z,43,2.4,1.9629,1.03,meteofrance_arpege_europe
2026-08-07,2026-08-08T01:00:00Z,19,2.4,2.7063,1.72,meteofrance_arpege_europe
2026-08-06,2026-08-08T02:00:00Z,44,2.2,2.0972,1.0,meteofrance_arpege_europe
2026-08-07,2026-08-08T02:00:00Z,20,2.2,2.5067,1.32,meteofrance_arpege_europe
2026-08-06,2026-08-08T03:00:00Z,45,1.6,2.445,1.06,meteofrance_arpege_europe
2026-08-07,2026-08-08T03:00:00Z,21,1.6,2.604,1.5,meteofrance_arpege_europe
2026-08-06,2026-08-08T04:00:00Z,46,3.2,2.9314,2.12,meteofrance_arpege_europe
2026-08-07,2026-08-08T04:00:00Z,22,3.2,2.74,1.77,meteofrance_arpege_europe
2026-08-06,2026-08-08T05:00:00Z,47,3.4,2.9086,3.54,meteofrance_arpege_europe
2026-08-07,2026-08-08T05:00:00Z,23,3.4,3.0746,2.48,meteofrance_arpege_europe
2026-08-06,2026-08-08T06:00:00Z,48,3.6,2.7652,4.46,meteofrance_arpege_europe
2026-08-07,2026-08-08T06:00:00Z,24,3.6,3.0407,3.48,meteofrance_arpege_europe
2026-08-07,2026-08-08T07:00:00Z,25,2.8,2.9577,3.5,meteofrance_arpege_europe
2026-08-08,2026-08-08T07:00:00Z,1,2.8,3.0449,3.32,meteofrance_arpege_europe
2026-08-07,2026-08-08T08:00:00Z,26,2.5,3.0181,3.54,meteofrance_arpege_europe
2026-08-08,2026-08-08T08:00:00Z,2,2.5,2.9082,3.0,meteofrance_arpege_europe
2026-08-07,2026-08-08T09:00:00Z,27,2.5,2.9888,3.19,meteofrance_arpege_europe
2026-08-08,2026-08-08T09:00:00Z,3,3.1,3.0035,3.09,meteofrance_arpege_europe
2026-08-07,2026-08-08T10:00:00Z,28,3.5,2.9897,2.87,meteofrance_arpege_europe
2026-08-08,2026-08-08T10:00:00Z,4,3.5,2.9529,2.55,meteofrance_arpege_europe
2026-08-07,2026-08-08T11:00:00Z,29,3.5,2.8004,2.31,meteofrance_arpege_europe
2026-08-08,2026-08-08T11:00:00Z,5,2.7,2.4792,1.96,meteofrance_arpege_europe
2026-08-07,2026-08-08T12:00:00Z,30,4.5,2.5517,2.21,meteofrance_arpege_europe
2026-08-08,2026-08-08T12:00:00Z,6,4.5,2.3231,1.17,meteofrance_arpege_europe
2026-08-07,2026-08-08T13:00:00Z,31,4.7,2.5268,1.75,meteofrance_arpege_europe
2026-08-08,2026-08-08T13:00:00Z,7,4.7,3.2426,2.67,meteofrance_arpege_europe
2026-08-07,2026-08-08T14:00:00Z,32,6.0,3.7081,2.69,meteofrance_arpege_europe
2026-08-08,2026-08-08T14:00:00Z,8,6.0,4.3978,4.54,meteofrance_arpege_europe
2026-08-07,2026-08-08T15:00:00Z,33,5.4,3.879,3.98,meteofrance_arpege_europe
2026-08-08,2026-08-08T15:00:00Z,9,5.4,5.4335,4.84,meteofrance_arpege_europe
2026-08-07,2026-08-08T16:00:00Z,34,4.5,6.336,5.46,meteofrance_arpege_europe
2026-08-08,2026-08-08T16:00:00Z,10,4.5,5.9897,4.73,meteofrance_arpege_europe
2026-08-07,2026-08-08T17:00:00Z,35,5.5,5.1614,5.29,meteofrance_arpege_europe
2026-08-08,2026-08-08T17:00:00Z,11,5.5,5.4932,5.13,meteofrance_arpege_europe
2026-08-07,2026-08-08T18:00:00Z,36,4.0,4.6475,4.7,meteofrance_arpege_europe
2026-08-08,2026-08-08T18:00:00Z,12,4.0,4.735,4.88,meteofrance_arpege_europe
2026-08-07,2026-08-08T19:00:00Z,37,2.9,3.7382,3.91,meteofrance_arpege_europe
2026-08-08,2026-08-08T19:00:00Z,13,2.9,4.3358,4.14,meteofrance_arpege_europe
2026-08-07,2026-08-08T20:00:00Z,38,1.3,2.8814,3.24,meteofrance_arpege_europe
2026-08-08,2026-08-08T20:00:00Z,14,1.3,2.6194,2.7,meteofrance_arpege_europe
2026-08-07,2026-08-08T21:00:00Z,39,1.6,2.1003,2.01,meteofrance_arpege_europe
2026-08-08,2026-08-08T21:00:00Z,15,1.6,1.6467,1.49,meteofrance_arpege_europe
2026-08-07,2026-08-08T22:00:00Z,40,1.5,2.406,1.43,meteofrance_arpege_europe
2026-08-08,2026-08-08T22:00:00Z,16,1.5,1.7042,0.73,meteofrance_arpege_europe
2026-08-07,2026-08-08T23:00:00Z,41,3.3,2.8614,1.98,meteofrance_arpege_europe
2026-08-08,2026-08-08T23:00:00Z,17,3.3,2.3996,0.42,meteofrance_arpege_europe
2026-08-07,2026-08-09T00:00:00Z,42,3.9,3.1285,2.56,meteofrance_arpege_europe
2026-08-08,2026-08-09T00:00:00Z,18,3.9,2.8091,1.84,meteofrance_arpege_europe
2026-08-07,2026-08-09T01:00:00Z,43,4.4,3.1461,2.92,meteofrance_arpege_europe
2026-08-08,2026-08-09T01:00:00Z,19,4.4,2.7625,1.62,meteofrance_arpege_europe
2026-08-07,2026-08-09T02:00:00Z,44,4.3,3.1821,3.11,meteofrance_arpege_europe
2026-08-08,2026-08-09T02:00:00Z,20,4.3,2.819,1.97,meteofrance_arpege_europe
2026-08-07,2026-08-09T03:00:00Z,45,5.0,3.1081,3.26,meteofrance_arpege_europe
2026-08-08,2026-08-09T03:00:00Z,21,5.0,2.9547,2.11,meteofrance_arpege_europe
2026-08-07,2026-08-09T04:00:00Z,46,4.1,3.2469,3.26,meteofrance_arpege_europe
2026-08-08,2026-08-09T04:00:00Z,22,4.1,2.9439,2.24,meteofrance_arpege_europe
2026-08-07,2026-08-09T05:00:00Z,47,4.5,3.1897,3.13,meteofrance_arpege_europe
2026-08-08,2026-08-09T05:00:00Z,23,4.5,2.8415,2.64,meteofrance_arpege_europe
2026-08-07,2026-08-09T06:00:00Z,48,4.2,3.2329,2.83,meteofrance_arpege_europe
2026-08-08,2026-08-09T06:00:00Z,24,4.2,3.0254,3.14,meteofrance_arpege_europe
2026-08-08,2026-08-09T07:00:00Z,25,4.7,2.908,3.09,meteofrance_arpege_europe
2026-08-09,2026-08-09T07:00:00Z,1,4.7,3.2904,4.16,meteofrance_arpege_europe
2026-08-08,2026-08-09T08:00:00Z,26,2.7,2.6136,3.01,meteofrance_arpege_europe
2026-08-09,2026-08-09T08:00:00Z,2,2.7,3.0305,3.81,meteofrance_arpege_europe
2026-08-08,2026-08-09T09:00:00Z,27,2.7,2.9168,2.53,meteofrance_arpege_europe
2026-08-09,2026-08-09T09:00:00Z,3,2.7,3.1883,3.67,meteofrance_arpege_europe
2026-08-08,2026-08-09T10:00:00Z,28,3.4,2.7505,1.0,meteofrance_arpege_europe
2026-08-09,2026-08-09T10:00:00Z,4,3.4,4.1266,4.64,meteofrance_arpege_europe
2026-08-08,2026-08-09T11:00:00Z,29,3.4,3.057,1.3,meteofrance_arpege_europe
2026-08-09,2026-08-09T11:00:00Z,5,3.5,4.4515,5.11,meteofrance_arpege_europe
2026-08-08,2026-08-09T12:00:00Z,30,2.7,2.9432,2.8,meteofrance_arpege_europe
2026-08-09,2026-08-09T12:00:00Z,6,2.7,4.1237,4.66,meteofrance_arpege_europe
2026-08-08,2026-08-09T13:00:00Z,31,4.5,4.0704,3.62,meteofrance_arpege_europe
2026-08-09,2026-08-09T13:00:00Z,7,4.5,3.5455,4.04,meteofrance_arpege_europe
2026-08-08,2026-08-09T14:00:00Z,32,5.9,4.6404,4.22,meteofrance_arpege_europe
2026-08-09,2026-08-09T14:00:00Z,8,5.9,4.8959,4.97,meteofrance_arpege_europe
2026-08-08,2026-08-09T15:00:00Z,33,2.5,4.3234,3.9,meteofrance_arpege_europe
2026-08-09,2026-08-09T15:00:00Z,9,2.5,4.762,4.49,meteofrance_arpege_europe
2026-08-08,2026-08-09T16:00:00Z,34,2.0,4.3067,3.62,meteofrance_arpege_europe
2026-08-09,2026-08-09T16:00:00Z,10,2.0,5.5682,5.06,meteofrance_arpege_europe
2026-08-08,2026-08-09T17:00:00Z,35,2.6,4.0069,2.75,meteofrance_arpege_europe
2026-08-09,2026-08-09T17:00:00Z,11,2.6,6.0825,5.39,meteofrance_arpege_europe
2026-08-08,2026-08-09T18:00:00Z,36,3.3,3.8638,2.42,meteofrance_arpege_europe
2026-08-09,2026-08-09T18:00:00Z,12,3.3,5.7201,4.72,meteofrance_arpege_europe
2026-08-08,2026-08-09T19:00:00Z,37,4.5,3.366,2.14,meteofrance_arpege_europe
2026-08-09,2026-08-09T19:00:00Z,13,4.5,5.3371,4.7,meteofrance_arpege_europe
2026-08-08,2026-08-09T20:00:00Z,38,4.8,3.0542,1.75,meteofrance_arpege_europe
2026-08-09,2026-08-09T20:00:00Z,14,4.8,5.1985,4.53,meteofrance_arpege_europe
2026-08-08,2026-08-09T21:00:00Z,39,3.7,2.9303,0.54,meteofrance_arpege_europe
2026-08-09,2026-08-09T21:00:00Z,15,3.7,4.9987,4.28,meteofrance_arpege_europe
2026-08-08,2026-08-09T22:00:00Z,40,2.6,2.9467,0.58,meteofrance_arpege_europe
2026-08-09,2026-08-09T22:00:00Z,16,2.6,4.7905,4.41,meteofrance_arpege_europe
2026-08-08,2026-08-09T23:00:00Z,41,3.3,2.8123,1.17,meteofrance_arpege_europe
2026-08-09,2026-08-09T23:00:00Z,17,3.3,4.1879,3.76,meteofrance_arpege_europe
2026-08-08,2026-08-10T00:00:00Z,42,3.7,2.6867,0.85,meteofrance_arpege_europe
2026-08-09,2026-08-10T00:00:00Z,18,3.7,4.0512,3.89,meteofrance_arpege_europe
2026-08-08,2026-08-10T01:00:00Z,43,4.1,3.0601,1.7,meteofrance_arpege_europe
2026-08-09,2026-08-10T01:00:00Z,19,4.1,3.982,3.71,meteofrance_arpege_europe
2026-08-08,2026-08-10T02:00:00Z,44,3.8,3.4403,2.34,meteofrance_arpege_europe
2026-08-09,2026-08-10T02:00:00Z,20,3.8,3.599,3.62,meteofrance_arpege_europe
2026-08-08,2026-08-10T03:00:00Z,45,3.3,2.9171,1.72,meteofrance_arpege_europe
2026-08-09,2026-08-10T03:00:00Z,21,3.3,3.2963,3.0,meteofrance_arpege_europe
2026-08-08,2026-08-10T04:00:00Z,46,3.4,2.8732,1.5,meteofrance_arpege_europe
2026-08-09,2026-08-10T04:00:00Z,22,3.4,3.028,2.77,meteofrance_arpege_europe
2026-08-08,2026-08-10T05:00:00Z,47,2.7,2.6782,1.5,meteofrance_arpege_europe
2026-08-09,2026-08-10T05:00:00Z,23,2.7,2.7687,2.68,meteofrance_arpege_europe
2026-08-08,2026-08-10T06:00:00Z,48,6.6,2.6612,1.53,meteofrance_arpege_europe
2026-08-09,2026-08-10T06:00:00Z,24,6.6,3.0156,2.7,meteofrance_arpege_europe
2026-08-09,2026-08-10T07:00:00Z,25,6.3,3.8783,3.29,meteofrance_arpege_europe
2026-08-10,2026-08-10T07:00:00Z,1,6.3,6.2521,2.83,meteofrance_arpege_europe
2026-08-09,2026-08-10T08:00:00Z,26,5.3,3.363,2.83,meteofrance_arpege_europe
2026-08-10,2026-08-10T08:00:00Z,2,5.3,6.7085,4.27,meteofrance_arpege_europe
2026-08-09,2026-08-10T09:00:00Z,27,5.3,3.2921,2.8,meteofrance_arpege_europe
2026-08-10,2026-08-10T09:00:00Z,3,4.0,6.1859,4.4,meteofrance_arpege_europe
2026-08-09,2026-08-10T10:00:00Z,28,3.9,3.6628,3.4,meteofrance_arpege_europe
2026-08-10,2026-08-10T10:00:00Z,4,3.9,5.853,4.34,meteofrance_arpege_europe
2026-08-09,2026-08-10T11:00:00Z,29,3.9,3.8034,3.62,meteofrance_arpege_europe
2026-08-10,2026-08-10T11:00:00Z,5,3.8,5.4199,4.28,meteofrance_arpege_europe
2026-08-09,2026-08-10T12:00:00Z,30,3.3,4.8947,4.11,meteofrance_arpege_europe
2026-08-10,2026-08-10T12:00:00Z,6,3.3,5.1386,4.18,meteofrance_arpege_europe
2026-08-09,2026-08-10T13:00:00Z,31,3.1,6.1103,4.9,meteofrance_arpege_europe
2026-08-10,2026-08-10T13:00:00Z,7,3.1,4.4748,3.86,meteofrance_arpege_europe
2026-08-09,2026-08-10T14:00:00Z,32,2.6,6.2424,5.0,meteofrance_arpege_europe
2026-08-10,2026-08-10T14:00:00Z,8,2.6,4.1133,3.77,meteofrance_arpege_europe
2026-08-09,2026-08-10T15:00:00Z,33,3.5,5.3394,4.62,meteofrance_arpege_europe
2026-08-10,2026-08-10T15:00:00Z,9,3.5,3.9706,3.33,meteofrance_arpege_europe
2026-08-09,2026-08-10T16:00:00Z,34,3.7,4.6976,4.3,meteofrance_arpege_europe
2026-08-10,2026-08-10T16:00:00Z,10,3.7,3.213,3.08,meteofrance_arpege_europe
2026-08-09,2026-08-10T17:00:00Z,35,3.8,4.5192,4.11,meteofrance_arpege_europe
2026-08-10,2026-08-10T17:00:00Z,11,3.8,4.4817,3.67,meteofrance_arpege_europe
2026-08-09,2026-08-10T18:00:00Z,36,4.8,3.4116,3.41,meteofrance_arpege_europe
2026-08-10,2026-08-10T18:00:00Z,12,4.8,4.3894,3.35,meteofrance_arpege_europe
2026-08-09,2026-08-10T19:00:00Z,37,3.3,3.1536,2.93,meteofrance_arpege_europe
2026-08-10,2026-08-10T19:00:00Z,13,3.3,3.5636,2.72,meteofrance_arpege_europe
2026-08-09,2026-08-10T20:00:00Z,38,3.3,2.6355,2.43,meteofrance_arpege_europe
2026-08-10,2026-08-10T20:00:00Z,14,3.3,3.102,2.87,meteofrance_arpege_europe
2026-08-09,2026-08-10T21:00:00Z,39,5.2,3.573,3.89,meteofrance_arpege_europe
2026-08-10,2026-08-10T21:00:00Z,15,5.2,3.9984,4.08,meteofrance_arpege_europe
2026-08-09,2026-08-10T22:00:00Z,40,4.3,3.0858,4.16,meteofrance_arpege_europe
2026-08-10,2026-08-10T22:00:00Z,16,4.3,4.0663,4.12,meteofrance_arpege_europe
2026-08-09,2026-08-10T23:00:00Z,41,2.9,3.4768,3.86,meteofrance_arpege_europe
2026-08-10,2026-08-10T23:00:00Z,17,2.9,4.1191,3.83,meteofrance_arpege_europe
2026-08-09,2026-08-11T00:00:00Z,42,3.1,2.9349,3.83,meteofrance_arpege_europe
2026-08-10,2026-08-11T00:00:00Z,18,3.1,3.7964,3.67,meteofrance_arpege_europe
2026-08-09,2026-08-11T01:00:00Z,43,3.9,2.9885,3.83,meteofrance_arpege_europe
2026-08-10,2026-08-11T01:00:00Z,19,3.9,3.4717,3.61,meteofrance_arpege_europe
2026-08-09,2026-08-11T02:00:00Z,44,2.1,3.2097,3.81,meteofrance_arpege_europe
2026-08-10,2026-08-11T02:00:00Z,20,2.1,3.2959,3.26,meteofrance_arpege_europe
2026-08-09,2026-08-11T03:00:00Z,45,2.7,3.0083,3.71,meteofrance_arpege_europe
2026-08-10,2026-08-11T03:00:00Z,21,2.7,2.9462,3.01,meteofrance_arpege_europe
2026-08-09,2026-08-11T04:00:00Z,46,3.3,3.2414,3.71,meteofrance_arpege_europe
2026-08-10,2026-08-11T04:00:00Z,22,3.3,2.9815,3.04,meteofrance_arpege_europe
2026-08-09,2026-08-11T05:00:00Z,47,2.5,3.1757,3.72,meteofrance_arpege_europe
2026-08-10,2026-08-11T05:00:00Z,23,2.5,2.8423,3.13,meteofrance_arpege_europe
2026-08-09,2026-08-11T06:00:00Z,48,2.8,3.1439,3.72,meteofrance_arpege_europe
2026-08-10,2026-08-11T06:00:00Z,24,2.8,2.8712,3.01,meteofrance_arpege_europe
2026-08-10,2026-08-11T07:00:00Z,25,2.4,2.9924,3.16,meteofrance_arpege_europe
2026-08-11,2026-08-11T07:00:00Z,1,2.4,3.1038,2.63,meteofrance_arpege_europe
2026-08-10,2026-08-11T08:00:00Z,26,3.1,3.6657,3.2,meteofrance_arpege_europe
2026-08-11,2026-08-11T08:00:00Z,2,3.1,3.5481,2.67,meteofrance_arpege_europe
2026-08-10,2026-08-11T09:00:00Z,27,3.1,3.821,3.26,meteofrance_arpege_europe
2026-08-11,2026-08-11T09:00:00Z,3,3.7,4.0039,2.88,meteofrance_arpege_europe
2026-08-10,2026-08-11T10:00:00Z,28,4.7,4.3524,3.45,meteofrance_arpege_europe
2026-08-11,2026-08-11T10:00:00Z,4,4.7,4.3374,3.09,meteofrance_arpege_europe
2026-08-10,2026-08-11T11:00:00Z,29,4.7,4.3223,3.32,meteofrance_arpege_europe
2026-08-11,2026-08-11T11:00:00Z,5,4.2,4.3941,3.61,meteofrance_arpege_europe
2026-08-10,2026-08-11T12:00:00Z,30,4.9,4.0167,2.94,meteofrance_arpege_europe
2026-08-11,2026-08-11T12:00:00Z,6,4.9,4.3461,3.47,meteofrance_arpege_europe
2026-08-10,2026-08-11T13:00:00Z,31,4.9,4.319,3.0,meteofrance_arpege_europe
2026-08-11,2026-08-11T13:00:00Z,7,4.9,4.6319,3.34,meteofrance_arpege_europe
2026-08-10,2026-08-11T14:00:00Z,32,4.5,4.5277,3.22,meteofrance_arpege_europe
2026-08-11,2026-08-11T14:00:00Z,8,4.5,4.9949,3.94,meteofrance_arpege_europe
2026-08-10,2026-08-11T15:00:00Z,33,4.5,4.2925,3.55,meteofrance_arpege_europe
2026-08-11,2026-08-11T15:00:00Z,9,4.5,5.1292,4.3,meteofrance_arpege_europe
2026-08-10,2026-08-11T16:00:00Z,34,6.1,4.3185,3.58,meteofrance_arpege_europe
2026-08-11,2026-08-11T16:00:00Z,10,6.1,4.973,4.16,meteofrance_arpege_europe
2026-08-10,2026-08-11T17:00:00Z,35,5.7,4.7007,3.44,meteofrance_arpege_europe
2026-08-11,2026-08-11T17:00:00Z,11,5.7,4.9314,4.11,meteofrance_arpege_europe
2026-08-10,2026-08-11T18:00:00Z,36,5.7,4.1353,3.35,meteofrance_arpege_europe
2026-08-11,2026-08-11T18:00:00Z,12,5.7,4.2722,3.18,meteofrance_arpege_europe
2026-08-10,2026-08-11T19:00:00Z,37,4.2,4.0037,3.7,meteofrance_arpege_europe
2026-08-11,2026-08-11T19:00:00Z,13,4.2,4.0748,3.58,meteofrance_arpege_europe
2026-08-10,2026-08-11T20:00:00Z,38,4.0,3.8783,3.51,meteofrance_arpege_europe
2026-08-11,2026-08-11T20:00:00Z,14,4.0,3.7761,3.47,meteofrance_arpege_europe
2026-08-10,2026-08-11T21:00:00Z,39,3.4,3.258,3.9,meteofrance_arpege_europe
2026-08-11,2026-08-11T21:00:00Z,15,3.4,3.5715,4.2,meteofrance_arpege_europe
2026-08-10,2026-08-11T22:00:00Z,40,3.3,2.98,4.32,meteofrance_arpege_europe
2026-08-11,2026-08-11T22:00:00Z,16,3.3,3.2735,5.02,meteofrance_arpege_europe
2026-08-10,2026-08-11T23:00:00Z,41,4.6,2.8784,4.79,meteofrance_arpege_europe
2026-08-11,2026-08-11T23:00:00Z,17,4.6,4.5416,5.87,meteofrance_arpege_europe
2026-08-10,2026-08-12T00:00:00Z,42,5.0,2.8908,5.19,meteofrance_arpege_europe
2026-08-11,2026-08-12T00:00:00Z,18,5.0,4.5262,5.91,meteofrance_arpege_europe
2026-08-10,2026-08-12T01:00:00Z,43,4.6,3.5487,5.42,meteofrance_arpege_europe
2026-08-11,2026-08-12T01:00:00Z,19,4.6,3.8905,5.64,meteofrance_arpege_europe
2026-08-10,2026-08-12T02:00:00Z,44,4.4,2.9845,5.55,meteofrance_arpege_europe
2026-08-11,2026-08-12T02:00:00Z,20,4.4,2.9041,5.3,meteofrance_arpege_europe
2026-08-10,2026-08-12T03:00:00Z,45,5.4,2.489,5.2,meteofrance_arpege_europe
2026-08-11,2026-08-12T03:00:00Z,21,5.4,2.7032,5.02,meteofrance_arpege_europe
2026-08-10,2026-08-12T04:00:00Z,46,3.7,2.4153,5.02,meteofrance_arpege_europe
2026-08-11,2026-08-12T04:00:00Z,22,3.7,2.9471,4.69,meteofrance_arpege_europe
2026-08-10,2026-08-12T05:00:00Z,47,1.8,2.616,4.92,meteofrance_arpege_europe
2026-08-11,2026-08-12T05:00:00Z,23,1.8,2.8752,4.03,meteofrance_arpege_europe
2026-08-10,2026-08-12T06:00:00Z,48,2.0,2.9283,4.89,meteofrance_arpege_europe
2026-08-11,2026-08-12T06:00:00Z,24,2.0,2.7039,3.61,meteofrance_arpege_europe
2026-08-11,2026-08-12T07:00:00Z,25,1.0,2.3606,3.26,meteofrance_arpege_europe
2026-08-12,2026-08-12T07:00:00Z,1,1.0,2.1231,3.48,meteofrance_arpege_europe
2026-08-11,2026-08-12T08:00:00Z,26,1.0,2.5578,2.97,meteofrance_arpege_europe
2026-08-12,2026-08-12T08:00:00Z,2,1.0,2.4067,2.7,meteofrance_arpege_europe
2026-08-11,2026-08-12T09:00:00Z,27,1.0,2.679,2.13,meteofrance_arpege_europe
2026-08-12,2026-08-12T09:00:00Z,3,1.9,2.2546,1.64,meteofrance_arpege_europe
2026-08-11,2026-08-12T10:00:00Z,28,2.7,2.2085,1.24,meteofrance_arpege_europe
2026-08-12,2026-08-12T10:00:00Z,4,2.7,1.7874,0.81,meteofrance_arpege_europe
2026-08-11,2026-08-12T11:00:00Z,29,2.7,2.5167,1.86,meteofrance_arpege_europe
2026-08-12,2026-08-12T11:00:00Z,5,2.6,2.7334,1.28,meteofrance_arpege_europe
2026-08-11,2026-08-12T12:00:00Z,30,4.1,3.4733,2.56,meteofrance_arpege_europe
2026-08-12,2026-08-12T12:00:00Z,6,4.1,3.1988,2.53,meteofrance_arpege_europe
2026-08-11,2026-08-12T13:00:00Z,31,5.5,3.4766,2.98,meteofrance_arpege_europe
2026-08-12,2026-08-12T13:00:00Z,7,5.5,2.8808,3.26,meteofrance_arpege_europe
2026-08-11,2026-08-12T14:00:00Z,32,4.2,3.6326,3.75,meteofrance_arpege_europe
2026-08-12,2026-08-12T14:00:00Z,8,4.2,3.4985,3.82,meteofrance_arpege_europe
2026-08-11,2026-08-12T15:00:00Z,33,5.1,4.1576,4.34,meteofrance_arpege_europe
2026-08-12,2026-08-12T15:00:00Z,9,5.1,4.3486,4.18,meteofrance_arpege_europe
2026-08-11,2026-08-12T16:00:00Z,34,5.1,4.5043,4.4,meteofrance_arpege_europe
2026-08-12,2026-08-12T16:00:00Z,10,5.1,4.2811,3.45,meteofrance_arpege_europe
2026-08-11,2026-08-12T17:00:00Z,35,6.4,4.6247,3.85,meteofrance_arpege_europe
2026-08-12,2026-08-12T17:00:00Z,11,6.4,4.4284,3.18,meteofrance_arpege_europe
2026-08-11,2026-08-12T18:00:00Z,36,6.6,4.1137,3.69,meteofrance_arpege_europe
2026-08-12,2026-08-12T18:00:00Z,12,6.6,3.9348,2.72,meteofrance_arpege_europe
2026-08-11,2026-08-12T19:00:00Z,37,5.9,3.8712,3.62,meteofrance_arpege_europe
2026-08-12,2026-08-12T19:00:00Z,13,5.9,3.2738,2.42,meteofrance_arpege_europe
2026-08-11,2026-08-12T20:00:00Z,38,4.2,2.5247,3.58,meteofrance_arpege_europe
2026-08-12,2026-08-12T20:00:00Z,14,4.2,2.1621,2.15,meteofrance_arpege_europe
2026-08-11,2026-08-12T21:00:00Z,39,2.9,2.714,2.62,meteofrance_arpege_europe
2026-08-12,2026-08-12T21:00:00Z,15,2.9,1.5235,0.71,meteofrance_arpege_europe
2026-08-11,2026-08-12T22:00:00Z,40,2.2,2.4972,2.82,meteofrance_arpege_europe
2026-08-12,2026-08-12T22:00:00Z,16,2.2,1.9279,0.57,meteofrance_arpege_europe
2026-08-11,2026-08-12T23:00:00Z,41,1.8,3.0436,3.71,meteofrance_arpege_europe
2026-08-12,2026-08-12T23:00:00Z,17,1.8,1.9582,1.06,meteofrance_arpege_europe
2026-08-11,2026-08-13T00:00:00Z,42,4.1,2.6271,4.65,meteofrance_arpege_europe
2026-08-12,2026-08-13T00:00:00Z,18,4.1,2.3383,2.25,meteofrance_arpege_europe
2026-08-11,2026-08-13T01:00:00Z,43,4.4,2.6653,4.25,meteofrance_arpege_europe
2026-08-12,2026-08-13T01:00:00Z,19,4.4,2.4679,2.92,meteofrance_arpege_europe
2026-08-11,2026-08-13T02:00:00Z,44,4.1,2.8833,3.24,meteofrance_arpege_europe
2026-08-12,2026-08-13T02:00:00Z,20,4.1,2.8878,3.12,meteofrance_arpege_europe
2026-08-11,2026-08-13T03:00:00Z,45,2.9,2.5953,1.61,meteofrance_arpege_europe
2026-08-12,2026-08-13T03:00:00Z,21,2.9,2.8426,2.69,meteofrance_arpege_europe
2026-08-11,2026-08-13T04:00:00Z,46,2.9,2.409,0.85,meteofrance_arpege_europe
2026-08-12,2026-08-13T04:00:00Z,22,2.9,2.6681,1.79,meteofrance_arpege_europe
2026-08-11,2026-08-13T05:00:00Z,47,3.1,2.2512,0.41,meteofrance_arpege_europe
2026-08-12,2026-08-13T05:00:00Z,23,3.1,2.7018,1.55,meteofrance_arpege_europe
2026-08-11,2026-08-13T06:00:00Z,48,3.1,2.036,0.71,meteofrance_arpege_europe
2026-08-12,2026-08-13T06:00:00Z,24,3.1,2.6723,1.7,meteofrance_arpege_europe
2026-08-12,2026-08-13T07:00:00Z,25,1.5,2.0054,1.13,meteofrance_arpege_europe
2026-08-13,2026-08-13T07:00:00Z,1,1.5,2.8346,0.94,meteofrance_arpege_europe
2026-08-12,2026-08-13T08:00:00Z,26,1.3,1.8635,0.36,meteofrance_arpege_europe
2026-08-13,2026-08-13T08:00:00Z,2,1.3,2.0015,0.1,meteofrance_arpege_europe
2026-08-12,2026-08-13T09:00:00Z,27,1.3,1.9827,0.73,meteofrance_arpege_europe
2026-08-13,2026-08-13T09:00:00Z,3,2.1,1.863,0.41,meteofrance_arpege_europe
2026-08-12,2026-08-13T10:00:00Z,28,2.1,1.8266,1.3,meteofrance_arpege_europe
2026-08-13,2026-08-13T10:00:00Z,4,2.1,2.2799,1.12,meteofrance_arpege_europe
2026-08-12,2026-08-13T11:00:00Z,29,2.1,2.3579,1.71,meteofrance_arpege_europe
2026-08-13,2026-08-13T11:00:00Z,5,1.6,2.2296,1.51,meteofrance_arpege_europe
2026-08-12,2026-08-13T12:00:00Z,30,2.2,2.4489,2.7,meteofrance_arpege_europe
2026-08-13,2026-08-13T12:00:00Z,6,2.2,2.7728,2.1,meteofrance_arpege_europe
2026-08-12,2026-08-13T13:00:00Z,31,2.2,2.4852,2.92,meteofrance_arpege_europe
2026-08-13,2026-08-13T13:00:00Z,7,2.2,2.7839,2.61,meteofrance_arpege_europe
2026-08-12,2026-08-13T14:00:00Z,32,1.9,2.4852,2.91,meteofrance_arpege_europe
2026-08-13,2026-08-13T14:00:00Z,8,1.9,2.7403,2.72,meteofrance_arpege_europe
2026-08-12,2026-08-13T15:00:00Z,33,1.9,2.4112,2.33,meteofrance_arpege_europe
2026-08-13,2026-08-13T15:00:00Z,9,1.9,2.6634,2.43,meteofrance_arpege_europe
2026-08-12,2026-08-13T16:00:00Z,34,1.7,2.4054,1.92,meteofrance_arpege_europe
2026-08-13,2026-08-13T16:00:00Z,10,1.7,2.945,2.01,meteofrance_arpege_europe
2026-08-12,2026-08-13T17:00:00Z,35,2.8,2.6507,1.7,meteofrance_arpege_europe
2026-08-13,2026-08-13T17:00:00Z,11,2.8,2.9696,1.75,meteofrance_arpege_europe
2026-08-12,2026-08-13T18:00:00Z,36,2.8,2.019,1.48,meteofrance_arpege_europe
2026-08-13,2026-08-13T18:00:00Z,12,2.8,2.6101,1.7,meteofrance_arpege_europe
2026-08-12,2026-08-13T19:00:00Z,37,1.7,1.7688,1.12,meteofrance_arpege_europe
2026-08-13,2026-08-13T19:00:00Z,13,1.7,2.2131,1.94,meteofrance_arpege_europe
2026-08-12,2026-08-13T20:00:00Z,38,2.3,1.4559,1.2,meteofrance_arpege_europe
2026-08-13,2026-08-13T20:00:00Z,14,2.3,2.1031,1.91,meteofrance_arpege_europe
2026-08-12,2026-08-13T21:00:00Z,39,2.1,1.561,1.84,meteofrance_arpege_europe
2026-08-13,2026-08-13T21:00:00Z,15,2.1,1.7583,1.97,meteofrance_arpege_europe
2026-08-12,2026-08-13T22:00:00Z,40,2.2,2.6159,1.98,meteofrance_arpege_europe
2026-08-13,2026-08-13T22:00:00Z,16,2.2,1.8417,1.39,meteofrance_arpege_europe
2026-08-12,2026-08-13T23:00:00Z,41,2.6,2.1258,1.75,meteofrance_arpege_europe
2026-08-13,2026-08-13T23:00:00Z,17,2.6,3.5222,3.23,meteofrance_arpege_europe
2026-08-12,2026-08-14T00:00:00Z,42,3.3,2.4829,2.25,meteofrance_arpege_europe
2026-08-13,2026-08-14T00:00:00Z,18,3.3,2.2489,1.4,meteofrance_arpege_europe
2026-08-12,2026-08-14T01:00:00Z,43,2.0,2.4912,2.12,meteofrance_arpege_europe
2026-08-13,2026-08-14T01:00:00Z,19,2.0,1.9564,1.2,meteofrance_arpege_europe
2026-08-12,2026-08-14T02:00:00Z,44,1.4,2.245,1.97,meteofrance_arpege_europe
2026-08-13,2026-08-14T02:00:00Z,20,1.4,2.0488,0.78,meteofrance_arpege_europe
2026-08-12,2026-08-14T03:00:00Z,45,2.6,2.4715,2.39,meteofrance_arpege_europe
2026-08-13,2026-08-14T03:00:00Z,21,2.6,1.9857,1.1,meteofrance_arpege_europe
2026-08-12,2026-08-14T04:00:00Z,46,2.9,2.3639,1.97,meteofrance_arpege_europe
2026-08-13,2026-08-14T04:00:00Z,22,2.9,2.2512,1.25,meteofrance_arpege_europe
2026-08-12,2026-08-14T05:00:00Z,47,3.7,2.4595,1.58,meteofrance_arpege_europe
2026-08-13,2026-08-14T05:00:00Z,23,3.7,2.4144,1.75,meteofrance_arpege_europe
2026-08-12,2026-08-14T06:00:00Z,48,3.7,2.6109,1.97,meteofrance_arpege_europe
2026-08-13,2026-08-14T06:00:00Z,24,3.7,2.3372,1.33,meteofrance_arpege_europe
2026-08-13,2026-08-14T07:00:00Z,25,3.1,2.4144,2.04,meteofrance_arpege_europe
2026-08-14,2026-08-14T07:00:00Z,1,3.1,2.8338,2.22,meteofrance_arpege_europe
2026-08-13,2026-08-14T08:00:00Z,26,1.6,2.3965,1.94,meteofrance_arpege_europe
2026-08-14,2026-08-14T08:00:00Z,2,1.6,1.8052,0.57,meteofrance_arpege_europe
2026-08-13,2026-08-14T09:00:00Z,27,1.6,2.787,2.51,meteofrance_arpege_europe
2026-08-14,2026-08-14T09:00:00Z,3,3.9,2.2559,1.97,meteofrance_arpege_europe
2026-08-13,2026-08-14T10:00:00Z,28,4.0,2.9936,2.56,meteofrance_arpege_europe
2026-08-14,2026-08-14T10:00:00Z,4,4.0,2.9171,2.83,meteofrance_arpege_europe
2026-08-13,2026-08-14T11:00:00Z,29,4.0,3.1874,2.97,meteofrance_arpege_europe
2026-08-14,2026-08-14T11:00:00Z,5,4.8,3.8189,4.06,meteofrance_arpege_europe
2026-08-13,2026-08-14T12:00:00Z,30,3.6,3.306,3.32,meteofrance_arpege_europe
2026-08-14,2026-08-14T12:00:00Z,6,3.6,3.5487,3.75,meteofrance_arpege_europe
2026-08-13,2026-08-14T13:00:00Z,31,2.6,3.0835,3.25,meteofrance_arpege_europe
2026-08-14,2026-08-14T13:00:00Z,7,2.6,3.4422,3.61,meteofrance_arpege_europe
2026-08-13,2026-08-14T14:00:00Z,32,2.6,3.271,2.98,meteofrance_arpege_europe
2026-08-14,2026-08-14T14:00:00Z,8,2.6,3.6361,3.11,meteofrance_arpege_europe
2026-08-13,2026-08-14T15:00:00Z,33,2.2,3.1157,2.83,meteofrance_arpege_europe
2026-08-14,2026-08-14T15:00:00Z,9,2.2,3.512,3.16,meteofrance_arpege_europe
2026-08-13,2026-08-14T16:00:00Z,34,2.9,3.0757,2.83,meteofrance_arpege_europe
2026-08-14,2026-08-14T16:00:00Z,10,2.9,3.5185,3.58,meteofrance_arpege_europe
2026-08-13,2026-08-14T17:00:00Z,35,3.5,2.8748,2.61,meteofrance_arpege_europe
2026-08-14,2026-08-14T17:00:00Z,11,3.5,3.9509,3.72,meteofrance_arpege_europe
2026-08-13,2026-08-14T18:00:00Z,36,3.9,2.6586,2.11,meteofrance_arpege_europe
2026-08-14,2026-08-14T18:00:00Z,12,3.9,4.3195,3.79,meteofrance_arpege_europe
2026-08-13,2026-08-14T19:00:00Z,37,3.8,2.6783,1.98,meteofrance_arpege_europe
2026-08-14,2026-08-14T19:00:00Z,13,3.8,3.4412,2.62,meteofrance_arpege_europe
2026-08-13,2026-08-14T20:00:00Z,38,2.7,2.4859,1.5,meteofrance_arpege_europe
2026-08-14,2026-08-14T20:00:00Z,14,2.7,2.4661,2.0,meteofrance_arpege_europe
2026-08-13,2026-08-14T21:00:00Z,39,2.4,2.038,1.41,meteofrance_arpege_europe
2026-08-14,2026-08-14T21:00:00Z,15,2.4,2.4456,1.9,meteofrance_arpege_europe
2026-08-13,2026-08-14T22:00:00Z,40,1.6,1.9233,1.5,meteofrance_arpege_europe
2026-08-14,2026-08-14T22:00:00Z,16,1.6,1.9711,1.28,meteofrance_arpege_europe
2026-08-13,2026-08-14T23:00:00Z,41,1.6,2.0996,0.92,meteofrance_arpege_europe
2026-08-14,2026-08-14T23:00:00Z,17,1.6,2.2612,1.48,meteofrance_arpege_europe
2026-08-13,2026-08-15T00:00:00Z,42,2.4,2.0723,0.8,meteofrance_arpege_europe
2026-08-14,2026-08-15T00:00:00Z,18,2.4,3.136,2.06,meteofrance_arpege_europe
2026-08-13,2026-08-15T01:00:00Z,43,5.9,3.3169,3.14,meteofrance_arpege_europe
2026-08-14,2026-08-15T01:00:00Z,19,5.9,3.3482,2.33,meteofrance_arpege_europe
2026-08-13,2026-08-15T02:00:00Z,44,4.3,2.2454,1.5,meteofrance_arpege_europe
2026-08-14,2026-08-15T02:00:00Z,20,4.3,3.3786,2.31,meteofrance_arpege_europe
2026-08-13,2026-08-15T03:00:00Z,45,4.4,2.8166,1.66,meteofrance_arpege_europe
2026-08-14,2026-08-15T03:00:00Z,21,4.4,3.154,1.94,meteofrance_arpege_europe
2026-08-13,2026-08-15T04:00:00Z,46,3.5,2.5845,1.02,meteofrance_arpege_europe
2026-08-14,2026-08-15T04:00:00Z,22,3.5,2.8477,1.5,meteofrance_arpege_europe
2026-08-13,2026-08-15T05:00:00Z,47,1.4,2.5671,1.26,meteofrance_arpege_europe
2026-08-14,2026-08-15T05:00:00Z,23,1.4,2.7546,1.58,meteofrance_arpege_europe
2026-08-13,2026-08-15T06:00:00Z,48,2.0,2.8015,2.14,meteofrance_arpege_europe
2026-08-14,2026-08-15T06:00:00Z,24,2.0,2.5219,1.86,meteofrance_arpege_europe
2026-08-14,2026-08-15T07:00:00Z,25,1.7,2.334,1.61,meteofrance_arpege_europe
2026-08-15,2026-08-15T07:00:00Z,1,1.7,2.8329,1.93,meteofrance_arpege_europe
2026-08-14,2026-08-15T08:00:00Z,26,1.7,2.0575,0.92,meteofrance_arpege_europe
2026-08-15,2026-08-15T08:00:00Z,2,1.0,3.022,1.88,meteofrance_arpege_europe
2026-08-14,2026-08-15T09:00:00Z,27,1.9,3.3785,1.75,meteofrance_arpege_europe
2026-08-15,2026-08-15T09:00:00Z,3,1.9,2.9277,2.1,meteofrance_arpege_europe
2026-08-14,2026-08-15T10:00:00Z,28,1.9,3.3224,1.77,meteofrance_arpege_europe
2026-08-15,2026-08-15T10:00:00Z,4,1.8,2.6675,2.69,meteofrance_arpege_europe
2026-08-14,2026-08-15T11:00:00Z,29,3.2,3.2346,1.8,meteofrance_arpege_europe
2026-08-15,2026-08-15T11:00:00Z,5,3.2,3.5224,3.77,meteofrance_arpege_europe
2026-08-14,2026-08-15T12:00:00Z,30,4.3,4.0385,3.6,meteofrance_arpege_europe
2026-08-15,2026-08-15T12:00:00Z,6,4.3,5.2295,4.65,meteofrance_arpege_europe
2026-08-14,2026-08-15T13:00:00Z,31,4.4,4.9224,4.3,meteofrance_arpege_europe
2026-08-15,2026-08-15T13:00:00Z,7,4.4,4.9661,4.36,meteofrance_arpege_europe
2026-08-14,2026-08-15T14:00:00Z,32,3.7,4.1222,3.6,meteofrance_arpege_europe
2026-08-15,2026-08-15T14:00:00Z,8,3.7,4.7691,4.21,meteofrance_arpege_europe
2026-08-14,2026-08-15T15:00:00Z,33,4.4,3.602,3.81,meteofrance_arpege_europe
2026-08-15,2026-08-15T15:00:00Z,9,4.4,4.1925,4.03,meteofrance_arpege_europe
2026-08-14,2026-08-15T16:00:00Z,34,4.0,4.981,4.65,meteofrance_arpege_europe
2026-08-15,2026-08-15T16:00:00Z,10,4.0,4.0014,4.03,meteofrance_arpege_europe
2026-08-14,2026-08-15T17:00:00Z,35,4.2,4.3948,4.28,meteofrance_arpege_europe
2026-08-15,2026-08-15T17:00:00Z,11,4.2,4.2339,3.85,meteofrance_arpege_europe
2026-08-14,2026-08-15T18:00:00Z,36,3.0,4.5887,4.02,meteofrance_arpege_europe
2026-08-15,2026-08-15T18:00:00Z,12,3.0,4.0399,3.86,meteofrance_arpege_europe
2026-08-14,2026-08-15T19:00:00Z,37,5.5,3.9182,3.52,meteofrance_arpege_europe
2026-08-15,2026-08-15T19:00:00Z,13,5.5,5.304,3.83,meteofrance_arpege_europe
2026-08-14,2026-08-15T20:00:00Z,38,4.7,3.6963,2.91,meteofrance_arpege_europe
2026-08-15,2026-08-15T20:00:00Z,14,4.7,5.1707,4.03,meteofrance_arpege_europe
2026-08-14,2026-08-15T21:00:00Z,39,7.0,4.2056,3.14,meteofrance_arpege_europe
2026-08-15,2026-08-15T21:00:00Z,15,7.0,5.1098,4.03,meteofrance_arpege_europe
2026-08-14,2026-08-15T22:00:00Z,40,4.7,4.6121,3.7,meteofrance_arpege_europe
2026-08-15,2026-08-15T22:00:00Z,16,4.7,5.1296,3.79,meteofrance_arpege_europe
2026-08-14,2026-08-15T23:00:00Z,41,5.6,4.9296,3.86,meteofrance_arpege_europe
2026-08-15,2026-08-15T23:00:00Z,17,5.6,4.8766,4.18,meteofrance_arpege_europe
2026-08-14,2026-08-16T00:00:00Z,42,4.9,4.8996,4.03,meteofrance_arpege_europe
2026-08-15,2026-08-16T00:00:00Z,18,4.9,4.1303,3.96,meteofrance_arpege_europe
2026-08-14,2026-08-16T01:00:00Z,43,5.6,4.3972,3.78,meteofrance_arpege_europe
2026-08-15,2026-08-16T01:00:00Z,19,5.6,3.8041,3.89,meteofrance_arpege_europe
2026-08-14,2026-08-16T02:00:00Z,44,4.3,3.5137,2.78,meteofrance_arpege_europe
2026-08-15,2026-08-16T02:00:00Z,20,4.3,4.7564,3.96,meteofrance_arpege_europe
2026-08-14,2026-08-16T03:00:00Z,45,4.6,3.768,2.91,meteofrance_arpege_europe
2026-08-15,2026-08-16T03:00:00Z,21,4.6,3.981,3.89,meteofrance_arpege_europe
2026-08-14,2026-08-16T04:00:00Z,46,2.8,4.0958,3.3,meteofrance_arpege_europe
2026-08-15,2026-08-16T04:00:00Z,22,2.8,3.7413,3.62,meteofrance_arpege_europe
2026-08-14,2026-08-16T05:00:00Z,47,3.2,4.016,3.36,meteofrance_arpege_europe
2026-08-15,2026-08-16T05:00:00Z,23,3.2,3.8247,3.16,meteofrance_arpege_europe
2026-08-14,2026-08-16T06:00:00Z,48,2.9,4.2771,3.41,meteofrance_arpege_europe
2026-08-15,2026-08-16T06:00:00Z,24,2.9,3.5681,2.34,meteofrance_arpege_europe
2026-08-15,2026-08-16T07:00:00Z,25,3.1,3.5323,1.98,meteofrance_arpege_europe
2026-08-16,2026-08-16T07:00:00Z,1,3.1,3.0092,2.33,meteofrance_arpege_europe
2026-08-15,2026-08-16T08:00:00Z,26,3.1,3.1334,2.19,meteofrance_arpege_europe
2026-08-16,2026-08-16T08:00:00Z,2,2.0,2.9525,2.64,meteofrance_arpege_europe
2026-08-15,2026-08-16T09:00:00Z,27,3.2,3.2545,2.65,meteofrance_arpege_europe
2026-08-16,2026-08-16T09:00:00Z,3,3.2,3.2467,2.97,meteofrance_arpege_europe
2026-08-15,2026-08-16T10:00:00Z,28,3.2,3.2045,3.5,meteofrance_arpege_europe
2026-08-16,2026-08-16T10:00:00Z,4,2.4,3.7495,3.77,meteofrance_arpege_europe
2026-08-15,2026-08-16T11:00:00Z,29,2.7,3.7423,4.0,meteofrance_arpege_europe
2026-08-16,2026-08-16T11:00:00Z,5,2.7,2.9859,3.63,meteofrance_arpege_europe
2026-08-15,2026-08-16T12:00:00Z,30,4.2,4.0369,3.91,meteofrance_arpege_europe
2026-08-16,2026-08-16T12:00:00Z,6,4.2,2.927,3.21,meteofrance_arpege_europe
2026-08-15,2026-08-16T13:00:00Z,31,4.3,4.0627,3.71,meteofrance_arpege_europe
2026-08-16,2026-08-16T13:00:00Z,7,4.3,3.2643,3.6,meteofrance_arpege_europe
2026-08-15,2026-08-16T14:00:00Z,32,5.0,4.0514,3.73,meteofrance_arpege_europe
2026-08-16,2026-08-16T14:00:00Z,8,5.0,3.8512,4.18,meteofrance_arpege_europe
2026-08-15,2026-08-16T15:00:00Z,33,3.3,4.4124,3.91,meteofrance_arpege_europe
2026-08-16,2026-08-16T15:00:00Z,9,3.3,4.106,3.86,meteofrance_arpege_europe
2026-08-15,2026-08-16T16:00:00Z,34,4.1,4.0558,3.32,meteofrance_arpege_europe
2026-08-16,2026-08-16T16:00:00Z,10,4.1,3.9095,3.31,meteofrance_arpege_europe
2026-08-15,2026-08-16T17:00:00Z,35,3.1,3.5319,2.86,meteofrance_arpege_europe
2026-08-16,2026-08-16T17:00:00Z,11,3.1,3.5609,2.86,meteofrance_arpege_europe
2026-08-15,2026-08-16T18:00:00Z,36,4.3,2.7849,2.36,meteofrance_arpege_europe
2026-08-16,2026-08-16T18:00:00Z,12,4.3,3.0592,2.96,meteofrance_arpege_europe
2026-08-15,2026-08-16T19:00:00Z,37,2.4,2.4484,1.91,meteofrance_arpege_europe
2026-08-16,2026-08-16T19:00:00Z,13,2.4,2.9086,2.5,meteofrance_arpege_europe
2026-08-15,2026-08-16T20:00:00Z,38,1.5,2.2913,1.72,meteofrance_arpege_europe
2026-08-16,2026-08-16T20:00:00Z,14,1.5,1.9354,1.68,meteofrance_arpege_europe
2026-08-15,2026-08-16T21:00:00Z,39,0.5,2.0975,1.56,meteofrance_arpege_europe
2026-08-16,2026-08-16T21:00:00Z,15,0.5,1.4192,0.78,meteofrance_arpege_europe
2026-08-15,2026-08-16T22:00:00Z,40,1.6,2.3237,2.13,meteofrance_arpege_europe
2026-08-16,2026-08-16T22:00:00Z,16,1.6,1.5072,1.0,meteofrance_arpege_europe
2026-08-15,2026-08-16T23:00:00Z,41,2.2,2.5178,1.75,meteofrance_arpege_europe
2026-08-16,2026-08-16T23:00:00Z,17,2.2,2.01,0.28,meteofrance_arpege_europe
2026-08-15,2026-08-17T00:00:00Z,42,2.4,2.9803,2.15,meteofrance_arpege_europe
2026-08-16,2026-08-17T00:00:00Z,18,2.4,2.0815,1.61,meteofrance_arpege_europe
2026-08-15,2026-08-17T01:00:00Z,43,1.8,2.5178,2.33,meteofrance_arpege_europe
2026-08-16,2026-08-17T01:00:00Z,19,1.8,2.284,1.4,meteofrance_arpege_europe
2026-08-15,2026-08-17T02:00:00Z,44,3.4,2.4038,2.04,meteofrance_arpege_europe
2026-08-16,2026-08-17T02:00:00Z,20,3.4,2.6123,1.53,meteofrance_arpege_europe
2026-08-15,2026-08-17T03:00:00Z,45,2.8,2.2781,1.94,meteofrance_arpege_europe
2026-08-16,2026-08-17T03:00:00Z,21,2.8,3.6521,2.62,meteofrance_arpege_europe
2026-08-15,2026-08-17T04:00:00Z,46,2.1,2.5791,2.13,meteofrance_arpege_europe
2026-08-16,2026-08-17T04:00:00Z,22,2.1,2.7241,2.22,meteofrance_arpege_europe
2026-08-15,2026-08-17T05:00:00Z,47,1.8,2.8447,3.52,meteofrance_arpege_europe
2026-08-16,2026-08-17T05:00:00Z,23,1.8,2.7734,3.05,meteofrance_arpege_europe
2026-08-15,2026-08-17T06:00:00Z,48,2.0,3.0442,3.61,meteofrance_arpege_europe
2026-08-16,2026-08-17T06:00:00Z,24,2.0,3.0926,2.91,meteofrance_arpege_europe
2026-08-16,2026-08-17T07:00:00Z,25,3.5,4.1942,3.6,meteofrance_arpege_europe
2026-08-17,2026-08-17T07:00:00Z,1,3.5,3.6155,3.03,meteofrance_arpege_europe
2026-08-16,2026-08-17T08:00:00Z,26,4.9,5.3468,4.23,meteofrance_arpege_europe
2026-08-17,2026-08-17T08:00:00Z,2,4.9,4.9182,4.2,meteofrance_arpege_europe
2026-08-16,2026-08-17T09:00:00Z,27,4.9,5.8818,4.92,meteofrance_arpege_europe
2026-08-17,2026-08-17T09:00:00Z,3,6.3,5.543,4.49,meteofrance_arpege_europe
2026-08-16,2026-08-17T10:00:00Z,28,5.7,6.0023,5.06,meteofrance_arpege_europe
2026-08-17,2026-08-17T10:00:00Z,4,5.7,5.5396,4.22,meteofrance_arpege_europe
2026-08-16,2026-08-17T11:00:00Z,29,5.7,5.8888,5.06,meteofrance_arpege_europe
2026-08-17,2026-08-17T11:00:00Z,5,6.3,5.7145,4.91,meteofrance_arpege_europe
2026-08-16,2026-08-17T12:00:00Z,30,6.9,6.076,5.31,meteofrance_arpege_europe
2026-08-17,2026-08-17T12:00:00Z,6,6.9,5.9172,4.84,meteofrance_arpege_europe
2026-08-16,2026-08-17T13:00:00Z,31,7.2,6.9132,5.42,meteofrance_arpege_europe
2026-08-17,2026-08-17T13:00:00Z,7,7.2,5.8071,4.92,meteofrance_arpege_europe
2026-08-16,2026-08-17T14:00:00Z,32,7.8,6.2427,5.46,meteofrance_arpege_europe
2026-08-17,2026-08-17T14:00:00Z,8,7.8,5.8016,4.88,meteofrance_arpege_europe
2026-08-16,2026-08-17T15:00:00Z,33,7.1,5.6924,4.65,meteofrance_arpege_europe
2026-08-17,2026-08-17T15:00:00Z,9,7.1,5.6252,4.65,meteofrance_arpege_europe
2026-08-16,2026-08-17T16:00:00Z,34,7.2,5.1805,4.43,meteofrance_arpege_europe
2026-08-17,2026-08-17T16:00:00Z,10,7.2,5.8449,4.43,meteofrance_arpege_europe
2026-08-16,2026-08-17T17:00:00Z,35,6.3,4.618,3.69,meteofrance_arpege_europe
2026-08-17,2026-08-17T17:00:00Z,11,6.3,4.9707,3.79,meteofrance_arpege_europe
2026-08-16,2026-08-17T18:00:00Z,36,6.3,4.573,3.41,meteofrance_arpege_europe
2026-08-17,2026-08-17T18:00:00Z,12,6.3,4.6639,3.13,meteofrance_arpege_europe
2026-08-16,2026-08-17T19:00:00Z,37,5.5,4.5467,3.6,meteofrance_arpege_europe
2026-08-17,2026-08-17T19:00:00Z,13,5.5,4.3313,3.26,meteofrance_arpege_europe
2026-08-16,2026-08-17T20:00:00Z,38,4.0,3.9798,3.21,meteofrance_arpege_europe
2026-08-17,2026-08-17T20:00:00Z,14,4.0,3.7855,3.1,meteofrance_arpege_europe
2026-08-16,2026-08-17T21:00:00Z,39,3.8,3.1765,2.67,meteofrance_arpege_europe
2026-08-17,2026-08-17T21:00:00Z,15,3.8,3.2443,2.73,meteofrance_arpege_europe
2026-08-16,2026-08-17T22:00:00Z,40,5.3,3.0541,2.83,meteofrance_arpege_europe
2026-08-17,2026-08-17T22:00:00Z,16,5.3,3.2326,2.92,meteofrance_arpege_europe
2026-08-16,2026-08-17T23:00:00Z,41,5.2,3.2861,3.33,meteofrance_arpege_europe
2026-08-17,2026-08-17T23:00:00Z,17,5.2,3.9864,3.89,meteofrance_arpege_europe
2026-08-16,2026-08-18T00:00:00Z,42,5.6,3.5133,3.64,meteofrance_arpege_europe
2026-08-17,2026-08-18T00:00:00Z,18,5.6,4.7569,4.57,meteofrance_arpege_europe
2026-08-16,2026-08-18T01:00:00Z,43,6.5,3.7497,4.06,meteofrance_arpege_europe
2026-08-17,2026-08-18T01:00:00Z,19,6.5,5.5349,4.88,meteofrance_arpege_europe
2026-08-16,2026-08-18T02:00:00Z,44,7.3,3.908,4.33,meteofrance_arpege_europe
2026-08-17,2026-08-18T02:00:00Z,20,7.3,5.2833,4.88,meteofrance_arpege_europe
2026-08-16,2026-08-18T03:00:00Z,45,6.0,4.5957,4.69,meteofrance_arpege_europe
2026-08-17,2026-08-18T03:00:00Z,21,6.0,5.5004,5.37,meteofrance_arpege_europe
2026-08-16,2026-08-18T04:00:00Z,46,6.8,4.8203,4.41,meteofrance_arpege_europe
2026-08-17,2026-08-18T04:00:00Z,22,6.8,5.669,5.25,meteofrance_arpege_europe
2026-08-16,2026-08-18T05:00:00Z,47,6.7,4.6187,4.13,meteofrance_arpege_europe
2026-08-17,2026-08-18T05:00:00Z,23,6.7,6.3025,5.33,meteofrance_arpege_europe
2026-08-16,2026-08-18T06:00:00Z,48,5.3,5.1146,4.74,meteofrance_arpege_europe
2026-08-17,2026-08-18T06:00:00Z,24,5.3,7.5342,5.87,meteofrance_arpege_europe
2026-08-17,2026-08-18T07:00:00Z,25,4.6,7.2605,6.26,meteofrance_arpege_europe
2026-08-18,2026-08-18T07:00:00Z,1,4.6,7.7619,6.26,meteofrance_arpege_europe
2026-08-17,2026-08-18T08:00:00Z,26,4.6,7.4728,6.33,meteofrance_arpege_europe
2026-08-18,2026-08-18T08:00:00Z,2,6.7,7.5986,6.33,meteofrance_arpege_europe
2026-08-17,2026-08-18T09:00:00Z,27,5.8,7.9294,6.68,meteofrance_arpege_europe
2026-08-18,2026-08-18T09:00:00Z,3,5.8,8.4097,6.68,meteofrance_arpege_europe
2026-08-17,2026-08-18T10:00:00Z,28,5.8,7.5442,7.09,meteofrance_arpege_europe
2026-08-18,2026-08-18T10:00:00Z,4,8.0,8.4282,7.09,meteofrance_arpege_europe
2026-08-17,2026-08-18T11:00:00Z,29,8.9,7.669,6.59,meteofrance_arpege_europe
2026-08-18,2026-08-18T11:00:00Z,5,8.9,7.7325,6.59,meteofrance_arpege_europe
2026-08-17,2026-08-18T12:00:00Z,30,6.7,7.9645,6.71,meteofrance_arpege_europe
2026-08-18,2026-08-18T12:00:00Z,6,6.7,8.0084,6.71,meteofrance_arpege_europe
2026-08-17,2026-08-18T13:00:00Z,31,7.4,7.6181,6.63,meteofrance_arpege_europe
2026-08-18,2026-08-18T13:00:00Z,7,7.4,7.696,6.63,meteofrance_arpege_europe
2026-08-17,2026-08-18T14:00:00Z,32,8.7,7.3702,6.18,meteofrance_arpege_europe
2026-08-18,2026-08-18T14:00:00Z,8,8.7,7.7968,6.18,meteofrance_arpege_europe
2026-08-17,2026-08-18T15:00:00Z,33,8.0,7.7415,6.71,meteofrance_arpege_europe
2026-08-18,2026-08-18T15:00:00Z,9,8.0,7.8964,6.71,meteofrance_arpege_europe
2026-08-17,2026-08-18T16:00:00Z,34,7.3,8.0888,6.96,meteofrance_arpege_europe
2026-08-18,2026-08-18T16:00:00Z,10,7.3,7.9224,6.96,meteofrance_arpege_europe
2026-08-17,2026-08-18T17:00:00Z,35,6.3,8.7018,7.37,meteofrance_arpege_europe
2026-08-18,2026-08-18T17:00:00Z,11,6.3,8.8123,7.37,meteofrance_arpege_europe
2026-08-17,2026-08-18T18:00:00Z,36,8.6,8.7234,7.23,meteofrance_arpege_europe
2026-08-18,2026-08-18T18:00:00Z,12,8.6,8.8389,7.23,meteofrance_arpege_europe
2026-08-17,2026-08-18T19:00:00Z,37,7.3,7.4503,6.07,meteofrance_arpege_europe
2026-08-18,2026-08-18T19:00:00Z,13,7.3,7.8952,6.07,meteofrance_arpege_europe
2026-08-17,2026-08-18T20:00:00Z,38,4.8,6.2502,5.51,meteofrance_arpege_europe
2026-08-18,2026-08-18T20:00:00Z,14,4.8,6.6332,5.51,meteofrance_arpege_europe
2026-08-17,2026-08-18T21:00:00Z,39,5.9,5.8393,5.28,meteofrance_arpege_europe
2026-08-18,2026-08-18T21:00:00Z,15,5.9,5.6357,5.28,meteofrance_arpege_europe
2026-08-17,2026-08-18T22:00:00Z,40,5.2,5.7673,5.26,meteofrance_arpege_europe
2026-08-18,2026-08-18T22:00:00Z,16,5.2,5.9077,5.26,meteofrance_arpege_europe
2026-08-17,2026-08-18T23:00:00Z,41,5.9,5.2343,4.92,meteofrance_arpege_europe
2026-08-18,2026-08-18T23:00:00Z,17,5.9,5.7416,4.92,meteofrance_arpege_europe
2026-08-17,2026-08-19T00:00:00Z,42,5.3,5.4087,5.1,meteofrance_arpege_europe
2026-08-18,2026-08-19T00:00:00Z,18,5.3,5.9125,5.1,meteofrance_arpege_europe
2026-08-17,2026-08-19T01:00:00Z,43,5.5,6.1242,5.49,meteofrance_arpege_europe
2026-08-18,2026-08-19T01:00:00Z,19,5.5,6.2084,5.49,meteofrance_arpege_europe
2026-08-17,2026-08-19T02:00:00Z,44,5.4,6.1786,5.35,meteofrance_arpege_europe
2026-08-18,2026-08-19T02:00:00Z,20,5.4,6.2584,5.35,meteofrance_arpege_europe
2026-08-17,2026-08-19T03:00:00Z,45,4.0,6.1757,6.1,meteofrance_arpege_europe
2026-08-18,2026-08-19T03:00:00Z,21,4.0,7.5727,6.1,meteofrance_arpege_europe
2026-08-17,2026-08-19T04:00:00Z,46,4.1,7.2512,5.63,meteofrance_arpege_europe
2026-08-18,2026-08-19T04:00:00Z,22,4.1,7.5473,5.63,meteofrance_arpege_europe
2026-08-17,2026-08-19T05:00:00Z,47,3.9,6.1602,5.2,meteofrance_arpege_europe
2026-08-18,2026-08-19T05:00:00Z,23,3.9,6.5089,5.2,meteofrance_arpege_europe
2026-08-17,2026-08-19T06:00:00Z,48,3.8,5.1539,4.3,meteofrance_arpege_europe
2026-08-18,2026-08-19T06:00:00Z,24,3.8,5.514,4.3,meteofrance_arpege_europe
2026-08-18,2026-08-19T07:00:00Z,25,4.2,6.0502,4.37,meteofrance_arpege_europe
2026-08-19,2026-08-19T07:00:00Z,1,4.2,3.3726,3.42,meteofrance_arpege_europe
2026-08-18,2026-08-19T08:00:00Z,26,3.3,7.6,5.97,meteofrance_arpege_europe
2026-08-19,2026-08-19T08:00:00Z,2,3.3,3.0355,3.05,meteofrance_arpege_europe
2026-08-18,2026-08-19T09:00:00Z,27,3.3,6.5064,4.51,meteofrance_arpege_europe
2026-08-19,2026-08-19T09:00:00Z,3,2.8,4.2925,4.1,meteofrance_arpege_europe
2026-08-18,2026-08-19T10:00:00Z,28,2.8,5.9663,3.9,meteofrance_arpege_europe
2026-08-19,2026-08-19T10:00:00Z,4,4.1,3.5116,3.73,meteofrance_arpege_europe
2026-08-18,2026-08-19T11:00:00Z,29,5.4,5.7,4.19,meteofrance_arpege_europe
2026-08-19,2026-08-19T11:00:00Z,5,5.4,3.3793,3.09,meteofrance_arpege_europe
2026-08-18,2026-08-19T12:00:00Z,30,4.5,6.1523,4.39,meteofrance_arpege_europe
2026-08-19,2026-08-19T12:00:00Z,6,4.5,4.8929,2.06,meteofrance_arpege_europe
2026-08-18,2026-08-19T13:00:00Z,31,1.6,6.0311,4.25,meteofrance_arpege_europe
2026-08-19,2026-08-19T13:00:00Z,7,1.6,3.2756,2.05,meteofrance_arpege_europe
2026-08-18,2026-08-19T14:00:00Z,32,5.3,5.8249,4.48,meteofrance_arpege_europe
2026-08-19,2026-08-19T14:00:00Z,8,5.3,3.7749,2.92,meteofrance_arpege_europe
2026-08-18,2026-08-19T15:00:00Z,33,5.3,5.692,4.24,meteofrance_arpege_europe
2026-08-19,2026-08-19T15:00:00Z,9,5.3,3.884,2.76,meteofrance_arpege_europe
2026-08-18,2026-08-19T16:00:00Z,34,6.8,6.0793,4.12,meteofrance_arpege_europe
2026-08-19,2026-08-19T16:00:00Z,10,6.8,4.9191,2.42,meteofrance_arpege_europe
2026-08-18,2026-08-19T17:00:00Z,35,7.0,6.1438,4.25,meteofrance_arpege_europe
2026-08-19,2026-08-19T17:00:00Z,11,7.0,5.6831,3.32,meteofrance_arpege_europe
2026-08-18,2026-08-19T18:00:00Z,36,6.4,5.2431,4.5,meteofrance_arpege_europe
2026-08-19,2026-08-19T18:00:00Z,12,6.4,5.661,3.75,meteofrance_arpege_europe
2026-08-18,2026-08-19T19:00:00Z,37,5.5,3.9507,3.42,meteofrance_arpege_europe
2026-08-19,2026-08-19T19:00:00Z,13,5.5,5.1726,4.0,meteofrance_arpege_europe
2026-08-18,2026-08-19T20:00:00Z,38,3.9,3.2499,2.83,meteofrance_arpege_europe
2026-08-19,2026-08-19T20:00:00Z,14,3.9,4.438,3.97,meteofrance_arpege_europe
2026-08-18,2026-08-19T21:00:00Z,39,4.0,3.136,2.25,meteofrance_arpege_europe
2026-08-19,2026-08-19T21:00:00Z,15,4.0,4.4804,4.53,meteofrance_arpege_europe
2026-08-18,2026-08-19T22:00:00Z,40,5.7,3.1232,3.0,meteofrance_arpege_europe
2026-08-19,2026-08-19T22:00:00Z,16,5.7,5.1903,4.68,meteofrance_arpege_europe
2026-08-18,2026-08-19T23:00:00Z,41,4.1,3.3321,3.04,meteofrance_arpege_europe
2026-08-19,2026-08-19T23:00:00Z,17,4.1,4.5086,4.24,meteofrance_arpege_europe
2026-08-18,2026-08-20T00:00:00Z,42,3.7,3.8863,3.85,meteofrance_arpege_europe
2026-08-19,2026-08-20T00:00:00Z,18,3.7,4.3763,4.69,meteofrance_arpege_europe
2026-08-18,2026-08-20T01:00:00Z,43,4.4,3.9412,3.86,meteofrance_arpege_europe
2026-08-19,2026-08-20T01:00:00Z,19,4.4,4.3299,4.78,meteofrance_arpege_europe
2026-08-18,2026-08-20T02:00:00Z,44,4.5,4.2512,4.24,meteofrance_arpege_europe
2026-08-19,2026-08-20T02:00:00Z,20,4.5,4.3736,4.96,meteofrance_arpege_europe
2026-08-18,2026-08-20T03:00:00Z,45,4.4,3.9681,3.89,meteofrance_arpege_europe
2026-08-19,2026-08-20T03:00:00Z,21,4.4,4.5109,5.33,meteofrance_arpege_europe
2026-08-18,2026-08-20T04:00:00Z,46,4.5,3.8666,3.61,meteofrance_arpege_europe
2026-08-19,2026-08-20T04:00:00Z,22,4.5,4.9428,5.9,meteofrance_arpege_europe
2026-08-18,2026-08-20T05:00:00Z,47,5.3,3.8234,3.64,meteofrance_arpege_europe
2026-08-19,2026-08-20T05:00:00Z,23,5.3,5.0205,6.35,meteofrance_arpege_europe
2026-08-18,2026-08-20T06:00:00Z,48,5.1,4.4354,4.08,meteofrance_arpege_europe
2026-08-19,2026-08-20T06:00:00Z,24,5.1,5.2783,6.76,meteofrance_arpege_europe
2026-08-19,2026-08-20T07:00:00Z,25,5.3,6.2361,7.05,meteofrance_arpege_europe
2026-08-20,2026-08-20T07:00:00Z,1,5.3,6.0141,6.45,meteofrance_arpege_europe
2026-08-19,2026-08-20T08:00:00Z,26,5.6,6.6974,7.16,meteofrance_arpege_europe
2026-08-20,2026-08-20T08:00:00Z,2,5.6,6.3783,6.78,meteofrance_arpege_europe
2026-08-19,2026-08-20T09:00:00Z,27,5.6,7.2558,7.22,meteofrance_arpege_europe
2026-08-20,2026-08-20T09:00:00Z,3,7.2,6.9529,6.86,meteofrance_arpege_europe
2026-08-19,2026-08-20T10:00:00Z,28,7.2,7.5271,7.35,meteofrance_arpege_europe
2026-08-20,2026-08-20T10:00:00Z,4,6.5,7.0089,6.8,meteofrance_arpege_europe
2026-08-19,2026-08-20T11:00:00Z,29,7.6,7.4894,6.93,meteofrance_arpege_europe
2026-08-20,2026-08-20T11:00:00Z,5,7.6,7.6458,7.11,meteofrance_arpege_europe
2026-08-19,2026-08-20T12:00:00Z,30,7.6,7.6868,6.46,meteofrance_arpege_europe
2026-08-20,2026-08-20T12:00:00Z,6,7.6,7.5762,6.91,meteofrance_arpege_europe
2026-08-19,2026-08-20T13:00:00Z,31,7.2,7.9045,6.85,meteofrance_arpege_europe
2026-08-20,2026-08-20T13:00:00Z,7,7.2,7.5866,6.64,meteofrance_arpege_europe
2026-08-19,2026-08-20T14:00:00Z,32,7.6,7.8955,6.91,meteofrance_arpege_europe
2026-08-20,2026-08-20T14:00:00Z,8,7.6,7.5811,7.01,meteofrance_arpege_europe
2026-08-19,2026-08-20T15:00:00Z,33,7.7,8.0456,6.96,meteofrance_arpege_europe
2026-08-20,2026-08-20T15:00:00Z,9,7.7,7.7919,7.01,meteofrance_arpege_europe
2026-08-19,2026-08-20T16:00:00Z,34,8.0,8.6109,7.42,meteofrance_arpege_europe
2026-08-20,2026-08-20T16:00:00Z,10,8.0,7.596,6.48,meteofrance_arpege_europe
2026-08-19,2026-08-20T17:00:00Z,35,6.6,7.4014,6.49,meteofrance_arpege_europe
2026-08-20,2026-08-20T17:00:00Z,11,6.6,7.2082,6.0,meteofrance_arpege_europe
2026-08-19,2026-08-20T18:00:00Z,36,6.3,7.012,6.07,meteofrance_arpege_europe
2026-08-20,2026-08-20T18:00:00Z,12,6.3,6.8126,5.73,meteofrance_arpege_europe
2026-08-19,2026-08-20T19:00:00Z,37,6.1,5.0077,5.19,meteofrance_arpege_europe
2026-08-20,2026-08-20T19:00:00Z,13,6.1,5.5608,4.96,meteofrance_arpege_europe
2026-08-19,2026-08-20T20:00:00Z,38,4.7,3.7623,4.12,meteofrance_arpege_europe
2026-08-20,2026-08-20T20:00:00Z,14,4.7,5.2367,4.81,meteofrance_arpege_europe
2026-08-19,2026-08-20T21:00:00Z,39,5.5,3.3261,3.68,meteofrance_arpege_europe
2026-08-20,2026-08-20T21:00:00Z,15,5.5,4.3283,4.34,meteofrance_arpege_europe
2026-08-19,2026-08-20T22:00:00Z,40,3.4,3.2139,3.52,meteofrance_arpege_europe
2026-08-20,2026-08-20T22:00:00Z,16,3.4,3.5917,3.72,meteofrance_arpege_europe
2026-08-19,2026-08-20T23:00:00Z,41,3.4,3.4262,3.76,meteofrance_arpege_europe
2026-08-20,2026-08-20T23:00:00Z,17,3.4,3.7416,3.98,meteofrance_arpege_europe
2026-08-19,2026-08-21T00:00:00Z,42,3.2,3.6014,3.89,meteofrance_arpege_europe
2026-08-20,2026-08-21T00:00:00Z,18,3.2,3.9258,4.11,meteofrance_arpege_europe
2026-08-19,2026-08-21T01:00:00Z,43,3.6,3.5666,3.85,meteofrance_arpege_europe
2026-08-20,2026-08-21T01:00:00Z,19,3.6,3.9269,4.25,meteofrance_arpege_europe
2026-08-19,2026-08-21T02:00:00Z,44,3.4,3.6994,4.11,meteofrance_arpege_europe
2026-08-20,2026-08-21T02:00:00Z,20,3.4,3.7773,4.27,meteofrance_arpege_europe
2026-08-19,2026-08-21T03:00:00Z,45,3.8,3.7482,4.3,meteofrance_arpege_europe
2026-08-20,2026-08-21T03:00:00Z,21,3.8,3.9323,4.37,meteofrance_arpege_europe
2026-08-19,2026-08-21T04:00:00Z,46,3.7,3.7646,4.05,meteofrance_arpege_europe
2026-08-20,2026-08-21T04:00:00Z,22,3.7,3.9268,4.27,meteofrance_arpege_europe
2026-08-19,2026-08-21T05:00:00Z,47,3.6,3.6818,3.93,meteofrance_arpege_europe
2026-08-20,2026-08-21T05:00:00Z,23,3.6,3.495,3.72,meteofrance_arpege_europe
2026-08-19,2026-08-21T06:00:00Z,48,3.1,3.506,3.64,meteofrance_arpege_europe
2026-08-20,2026-08-21T06:00:00Z,24,3.1,3.1909,3.31,meteofrance_arpege_europe
2026-08-20,2026-08-21T07:00:00Z,25,3.1,3.5744,3.31,meteofrance_arpege_europe
2026-08-21,2026-08-21T07:00:00Z,1,3.1,2.7719,2.48,meteofrance_arpege_europe
2026-08-20,2026-08-21T08:00:00Z,26,2.4,3.1937,3.44,meteofrance_arpege_europe
2026-08-21,2026-08-21T08:00:00Z,2,2.4,2.5496,2.2,meteofrance_arpege_europe
2026-08-20,2026-08-21T09:00:00Z,27,2.4,3.503,3.62,meteofrance_arpege_europe
2026-08-21,2026-08-21T09:00:00Z,3,2.3,2.2648,1.8,meteofrance_arpege_europe
2026-08-20,2026-08-21T10:00:00Z,28,3.1,3.1009,3.13,meteofrance_arpege_europe
2026-08-21,2026-08-21T10:00:00Z,4,3.1,2.3547,2.41,meteofrance_arpege_europe
2026-08-20,2026-08-21T11:00:00Z,29,3.1,2.8289,2.44,meteofrance_arpege_europe
2026-08-21,2026-08-21T11:00:00Z,5,3.1,2.3468,2.93,meteofrance_arpege_europe
2026-08-20,2026-08-21T12:00:00Z,30,3.8,3.098,1.84,meteofrance_arpege_europe
2026-08-21,2026-08-21T12:00:00Z,6,3.8,3.3067,3.81,meteofrance_arpege_europe
2026-08-20,2026-08-21T13:00:00Z,31,1.8,2.7298,1.28,meteofrance_arpege_europe
2026-08-21,2026-08-21T13:00:00Z,7,1.8,4.1815,4.5,meteofrance_arpege_europe
2026-08-20,2026-08-21T14:00:00Z,32,2.6,3.5811,2.52,meteofrance_arpege_europe
2026-08-21,2026-08-21T14:00:00Z,8,2.6,4.638,4.9,meteofrance_arpege_europe
2026-08-20,2026-08-21T15:00:00Z,33,3.2,3.8791,3.57,meteofrance_arpege_europe
2026-08-21,2026-08-21T15:00:00Z,9,3.2,4.537,4.94,meteofrance_arpege_europe
2026-08-20,2026-08-21T16:00:00Z,34,1.8,5.4963,4.64,meteofrance_arpege_europe
2026-08-21,2026-08-21T16:00:00Z,10,1.8,3.5242,4.1,meteofrance_arpege_europe
2026-08-20,2026-08-21T17:00:00Z,35,3.1,5.139,4.02,meteofrance_arpege_europe
2026-08-21,2026-08-21T17:00:00Z,11,3.1,3.2404,3.29,meteofrance_arpege_europe
2026-08-20,2026-08-21T18:00:00Z,36,8.7,4.4617,3.83,meteofrance_arpege_europe
2026-08-21,2026-08-21T18:00:00Z,12,8.7,3.5996,3.45,meteofrance_arpege_europe
2026-08-20,2026-08-21T19:00:00Z,37,6.8,4.3195,3.61,meteofrance_arpege_europe
2026-08-21,2026-08-21T19:00:00Z,13,6.8,3.9652,3.24,meteofrance_arpege_europe
2026-08-20,2026-08-21T20:00:00Z,38,2.4,4.8412,3.8,meteofrance_arpege_europe
2026-08-21,2026-08-21T20:00:00Z,14,2.4,2.7937,2.24,meteofrance_arpege_europe
2026-08-20,2026-08-21T21:00:00Z,39,2.4,2.9318,2.9,meteofrance_arpege_europe
2026-08-21,2026-08-21T21:00:00Z,15,2.4,5.245,4.11,meteofrance_arpege_europe
2026-08-20,2026-08-21T22:00:00Z,40,2.9,2.8624,2.6,meteofrance_arpege_europe
2026-08-21,2026-08-21T22:00:00Z,16,2.9,5.4147,3.8,meteofrance_arpege_europe
2026-08-20,2026-08-21T23:00:00Z,41,3.3,3.6507,2.46,meteofrance_arpege_europe
2026-08-21,2026-08-21T23:00:00Z,17,3.3,3.484,1.9,meteofrance_arpege_europe
2026-08-20,2026-08-22T00:00:00Z,42,3.6,3.1495,3.14,meteofrance_arpege_europe
2026-08-21,2026-08-22T00:00:00Z,18,3.6,3.0416,1.63,meteofrance_arpege_europe
2026-08-20,2026-08-22T01:00:00Z,43,2.4,3.9895,4.27,meteofrance_arpege_europe
2026-08-21,2026-08-22T01:00:00Z,19,2.4,2.5722,1.84,meteofrance_arpege_europe
2026-08-20,2026-08-22T02:00:00Z,44,3.3,3.2638,3.71,meteofrance_arpege_europe
2026-08-21,2026-08-22T02:00:00Z,20,3.3,2.3486,1.33,meteofrance_arpege_europe
2026-08-20,2026-08-22T03:00:00Z,45,3.2,3.5039,2.79,meteofrance_arpege_europe
2026-08-21,2026-08-22T03:00:00Z,21,3.2,2.2689,1.36,meteofrance_arpege_europe
2026-08-20,2026-08-22T04:00:00Z,46,3.0,4.5768,3.62,meteofrance_arpege_europe
2026-08-21,2026-08-22T04:00:00Z,22,3.0,2.6268,1.2,meteofrance_arpege_europe
2026-08-20,2026-08-22T05:00:00Z,47,2.1,4.9457,4.05,meteofrance_arpege_europe
2026-08-21,2026-08-22T05:00:00Z,23,2.1,3.0507,2.02,meteofrance_arpege_europe
2026-08-20,2026-08-22T06:00:00Z,48,1.1,4.7952,3.63,meteofrance_arpege_europe
2026-08-21,2026-08-22T06:00:00Z,24,1.1,4.7512,3.9,meteofrance_arpege_europe
2026-08-21,2026-08-22T07:00:00Z,25,6.0,6.2575,5.02,meteofrance_arpege_europe
2026-08-22,2026-08-22T07:00:00Z,1,6.0,4.9388,4.53,meteofrance_arpege_europe
2026-08-21,2026-08-22T08:00:00Z,26,6.0,5.458,5.06,meteofrance_arpege_europe
2026-08-22,2026-08-22T08:00:00Z,2,3.4,4.855,4.69,meteofrance_arpege_europe
2026-08-21,2026-08-22T09:00:00Z,27,5.0,5.4717,5.16,meteofrance_arpege_europe
2026-08-22,2026-08-22T09:00:00Z,3,5.0,4.4075,4.05,meteofrance_arpege_europe
2026-08-21,2026-08-22T10:00:00Z,28,5.0,4.84,4.62,meteofrance_arpege_europe
2026-08-22,2026-08-22T10:00:00Z,4,4.5,5.1107,5.04,meteofrance_arpege_europe
2026-08-21,2026-08-22T11:00:00Z,29,4.9,4.475,4.4,meteofrance_arpege_europe
2026-08-22,2026-08-22T11:00:00Z,5,4.9,4.9084,4.9,meteofrance_arpege_europe
2026-08-21,2026-08-22T12:00:00Z,30,4.7,5.2462,5.2,meteofrance_arpege_europe
2026-08-22,2026-08-22T12:00:00Z,6,4.7,4.6506,4.55,meteofrance_arpege_europe
2026-08-21,2026-08-22T13:00:00Z,31,4.5,5.2703,5.33,meteofrance_arpege_europe
2026-08-22,2026-08-22T13:00:00Z,7,4.5,4.2377,4.42,meteofrance_arpege_europe
2026-08-21,2026-08-22T14:00:00Z,32,5.2,5.4856,5.56,meteofrance_arpege_europe
2026-08-22,2026-08-22T14:00:00Z,8,5.2,4.7593,4.4,meteofrance_arpege_europe
2026-08-21,2026-08-22T15:00:00Z,33,4.7,5.6945,5.71,meteofrance_arpege_europe
2026-08-22,2026-08-22T15:00:00Z,9,4.7,4.6519,4.51,meteofrance_arpege_europe
2026-08-21,2026-08-22T16:00:00Z,34,5.1,5.6972,5.79,meteofrance_arpege_europe
2026-08-22,2026-08-22T16:00:00Z,10,5.1,4.4003,4.24,meteofrance_arpege_europe
2026-08-21,2026-08-22T17:00:00Z,35,4.6,5.7682,5.99,meteofrance_arpege_europe
2026-08-22,2026-08-22T17:00:00Z,11,4.6,4.4541,3.89,meteofrance_arpege_europe
2026-08-21,2026-08-22T18:00:00Z,36,4.8,5.8296,5.74,meteofrance_arpege_europe
2026-08-22,2026-08-22T18:00:00Z,12,4.8,4.4168,3.67,meteofrance_arpege_europe
2026-08-21,2026-08-22T19:00:00Z,37,4.3,4.5742,4.74,meteofrance_arpege_europe
2026-08-22,2026-08-22T19:00:00Z,13,4.3,3.6674,3.11,meteofrance_arpege_europe
2026-08-21,2026-08-22T20:00:00Z,38,5.1,4.4979,3.49,meteofrance_arpege_europe
2026-08-22,2026-08-22T20:00:00Z,14,5.1,3.4029,3.18,meteofrance_arpege_europe
2026-08-21,2026-08-22T21:00:00Z,39,3.5,3.6804,2.77,meteofrance_arpege_europe
2026-08-22,2026-08-22T21:00:00Z,15,3.5,2.0953,2.84,meteofrance_arpege_europe
2026-08-21,2026-08-22T22:00:00Z,40,2.3,2.7727,2.75,meteofrance_arpege_europe
2026-08-22,2026-08-22T22:00:00Z,16,2.3,2.0852,3.2,meteofrance_arpege_europe
2026-08-21,2026-08-22T23:00:00Z,41,2.1,2.8261,3.34,meteofrance_arpege_europe
2026-08-22,2026-08-22T23:00:00Z,17,2.1,1.9899,3.45,meteofrance_arpege_europe
2026-08-21,2026-08-23T00:00:00Z,42,4.7,2.6478,3.85,meteofrance_arpege_europe
2026-08-22,2026-08-23T00:00:00Z,18,4.7,2.1331,3.2,meteofrance_arpege_europe
2026-08-21,2026-08-23T01:00:00Z,43,3.9,2.2665,3.57,meteofrance_arpege_europe
2026-08-22,2026-08-23T01:00:00Z,19,3.9,1.651,3.11,meteofrance_arpege_europe
2026-08-21,2026-08-23T02:00:00Z,44,4.0,2.1007,3.26,meteofrance_arpege_europe
2026-08-22,2026-08-23T02:00:00Z,20,4.0,1.8157,1.84,meteofrance_arpege_europe
2026-08-21,2026-08-23T03:00:00Z,45,4.1,2.2789,3.09,meteofrance_arpege_europe
2026-08-22,2026-08-23T03:00:00Z,21,4.1,1.7083,1.26,meteofrance_arpege_europe
2026-08-21,2026-08-23T04:00:00Z,46,3.6,2.1957,3.0,meteofrance_arpege_europe
2026-08-22,2026-08-23T04:00:00Z,22,3.6,1.9087,1.58,meteofrance_arpege_europe
2026-08-21,2026-08-23T05:00:00Z,47,3.7,2.2397,3.33,meteofrance_arpege_europe
2026-08-22,2026-08-23T05:00:00Z,23,3.7,1.9165,2.2,meteofrance_arpege_europe
2026-08-21,2026-08-23T06:00:00Z,48,3.4,2.307,3.61,meteofrance_arpege_europe
2026-08-22,2026-08-23T06:00:00Z,24,3.4,1.7942,1.66,meteofrance_arpege_europe
2026-08-22,2026-08-23T07:00:00Z,25,2.7,2.0958,1.41,meteofrance_arpege_europe
2026-08-23,2026-08-23T07:00:00Z,1,2.7,2.9283,2.82,meteofrance_arpege_europe
2026-08-22,2026-08-23T08:00:00Z,26,2.7,2.6466,2.45,meteofrance_arpege_europe
2026-08-23,2026-08-23T08:00:00Z,2,3.8,3.8815,3.14,meteofrance_arpege_europe
2026-08-22,2026-08-23T09:00:00Z,27,4.5,3.8759,3.21,meteofrance_arpege_europe
2026-08-23,2026-08-23T09:00:00Z,3,4.5,4.1165,3.64,meteofrance_arpege_europe
2026-08-22,2026-08-23T10:00:00Z,28,4.5,4.3779,3.83,meteofrance_arpege_europe
2026-08-23,2026-08-23T10:00:00Z,4,4.6,5.062,4.24,meteofrance_arpege_europe
2026-08-22,2026-08-23T11:00:00Z,29,5.8,4.3494,4.2,meteofrance_arpege_europe
2026-08-23,2026-08-23T11:00:00Z,5,5.8,5.0162,4.7,meteofrance_arpege_europe
2026-08-22,2026-08-23T12:00:00Z,30,5.5,4.6603,4.36,meteofrance_arpege_europe
2026-08-23,2026-08-23T12:00:00Z,6,5.5,5.6965,4.85,meteofrance_arpege_europe
2026-08-22,2026-08-23T13:00:00Z,31,6.3,4.9859,4.52,meteofrance_arpege_europe
2026-08-23,2026-08-23T13:00:00Z,7,6.3,5.3049,4.85,meteofrance_arpege_europe
2026-08-22,2026-08-23T14:00:00Z,32,7.0,5.1029,4.55,meteofrance_arpege_europe
2026-08-23,2026-08-23T14:00:00Z,8,7.0,5.5311,4.91,meteofrance_arpege_europe
2026-08-22,2026-08-23T15:00:00Z,33,5.9,6.1817,5.89,meteofrance_arpege_europe
2026-08-23,2026-08-23T15:00:00Z,9,5.9,5.945,5.6,meteofrance_arpege_europe
2026-08-22,2026-08-23T16:00:00Z,34,6.1,5.9549,6.08,meteofrance_arpege_europe
2026-08-23,2026-08-23T16:00:00Z,10,6.1,6.5628,5.81,meteofrance_arpege_europe
2026-08-22,2026-08-23T17:00:00Z,35,5.9,5.4154,5.19,meteofrance_arpege_europe
2026-08-23,2026-08-23T17:00:00Z,11,5.9,5.6184,4.0,meteofrance_arpege_europe
2026-08-22,2026-08-23T18:00:00Z,36,3.9,5.2271,5.24,meteofrance_arpege_europe
2026-08-23,2026-08-23T18:00:00Z,12,3.9,4.8893,4.56,meteofrance_arpege_europe
2026-08-22,2026-08-23T19:00:00Z,37,4.8,4.8257,5.2,meteofrance_arpege_europe
2026-08-23,2026-08-23T19:00:00Z,13,4.8,5.7768,5.55,meteofrance_arpege_europe
2026-08-22,2026-08-23T20:00:00Z,38,6.7,4.9026,4.46,meteofrance_arpege_europe
2026-08-23,2026-08-23T20:00:00Z,14,6.7,5.4949,4.39,meteofrance_arpege_europe
2026-08-22,2026-08-23T21:00:00Z,39,5.7,4.1036,4.54,meteofrance_arpege_europe
2026-08-23,2026-08-23T21:00:00Z,15,5.7,4.449,4.7,meteofrance_arpege_europe
2026-08-22,2026-08-23T22:00:00Z,40,5.2,3.8956,4.65,meteofrance_arpege_europe
2026-08-23,2026-08-23T22:00:00Z,16,5.2,4.1344,4.25,meteofrance_arpege_europe
2026-08-22,2026-08-23T23:00:00Z,41,5.0,3.6456,4.63,meteofrance_arpege_europe
2026-08-23,2026-08-23T23:00:00Z,17,5.0,3.8494,3.96,meteofrance_arpege_europe
2026-08-22,2026-08-24T00:00:00Z,42,3.5,4.2406,4.92,meteofrance_arpege_europe
2026-08-23,2026-08-24T00:00:00Z,18,3.5,3.845,4.36,meteofrance_arpege_europe
2026-08-22,2026-08-24T01:00:00Z,43,3.1,3.9678,5.2,meteofrance_arpege_europe
2026-08-23,2026-08-24T01:00:00Z,19,3.1,3.9767,4.73,meteofrance_arpege_europe
2026-08-22,2026-08-24T02:00:00Z,44,4.1,3.7164,5.02,meteofrance_arpege_europe
2026-08-23,2026-08-24T02:00:00Z,20,4.1,3.3587,4.9,meteofrance_arpege_europe
2026-08-22,2026-08-24T03:00:00Z,45,4.1,4.1699,5.32,meteofrance_arpege_europe
2026-08-23,2026-08-24T03:00:00Z,21,4.1,3.8883,5.5,meteofrance_arpege_europe
2026-08-22,2026-08-24T04:00:00Z,46,3.8,4.2799,5.3,meteofrance_arpege_europe
2026-08-23,2026-08-24T04:00:00Z,22,3.8,3.5676,5.3,meteofrance_arpege_europe
2026-08-22,2026-08-24T05:00:00Z,47,2.6,3.9715,5.31,meteofrance_arpege_europe
2026-08-23,2026-08-24T05:00:00Z,23,2.6,3.3492,5.1,meteofrance_arpege_europe
2026-08-22,2026-08-24T06:00:00Z,48,3.0,3.8308,5.41,meteofrance_arpege_europe
2026-08-23,2026-08-24T06:00:00Z,24,3.0,3.2939,5.4,meteofrance_arpege_europe
2026-08-23,2026-08-24T07:00:00Z,25,4.6,4.1473,5.64,meteofrance_arpege_europe
2026-08-24,2026-08-24T07:00:00Z,1,4.6,4.3256,5.61,meteofrance_arpege_europe
2026-08-23,2026-08-24T08:00:00Z,26,5.5,4.2266,6.2,meteofrance_arpege_europe
2026-08-24,2026-08-24T08:00:00Z,2,5.5,5.056,5.8,meteofrance_arpege_europe
2026-08-23,2026-08-24T09:00:00Z,27,5.5,5.2487,6.1,meteofrance_arpege_europe
2026-08-24,2026-08-24T09:00:00Z,3,5.4,5.2965,5.8,meteofrance_arpege_europe
2026-08-23,2026-08-24T10:00:00Z,28,5.7,6.1233,6.3,meteofrance_arpege_europe
2026-08-24,2026-08-24T10:00:00Z,4,5.7,4.9364,6.11,meteofrance_arpege_europe
2026-08-23,2026-08-24T11:00:00Z,29,5.7,6.2658,6.22,meteofrance_arpege_europe
2026-08-24,2026-08-24T11:00:00Z,5,6.0,5.285,6.36,meteofrance_arpege_europe
2026-08-23,2026-08-24T12:00:00Z,30,5.3,6.3955,6.14,meteofrance_arpege_europe
2026-08-24,2026-08-24T12:00:00Z,6,5.3,5.9231,5.85,meteofrance_arpege_europe
2026-08-23,2026-08-24T13:00:00Z,31,5.4,6.2053,6.05,meteofrance_arpege_europe
2026-08-24,2026-08-24T13:00:00Z,7,5.4,5.737,5.69,meteofrance_arpege_europe
2026-08-23,2026-08-24T14:00:00Z,32,5.8,6.0404,6.12,meteofrance_arpege_europe
2026-08-24,2026-08-24T14:00:00Z,8,5.8,5.8843,5.61,meteofrance_arpege_europe
2026-08-23,2026-08-24T15:00:00Z,33,6.8,5.6816,5.97,meteofrance_arpege_europe
2026-08-24,2026-08-24T15:00:00Z,9,6.8,5.9277,5.39,meteofrance_arpege_europe
2026-08-23,2026-08-24T16:00:00Z,34,6.3,5.6423,5.51,meteofrance_arpege_europe
2026-08-24,2026-08-24T16:00:00Z,10,6.3,5.8549,5.28,meteofrance_arpege_europe
2026-08-23,2026-08-24T17:00:00Z,35,6.5,5.69,5.79,meteofrance_arpege_europe
2026-08-24,2026-08-24T17:00:00Z,11,6.5,5.4287,5.26,meteofrance_arpege_europe
2026-08-23,2026-08-24T18:00:00Z,36,5.5,5.7507,5.59,meteofrance_arpege_europe
2026-08-24,2026-08-24T18:00:00Z,12,5.5,5.0843,5.77,meteofrance_arpege_europe
2026-08-23,2026-08-24T19:00:00Z,37,5.2,5.8263,5.81,meteofrance_arpege_europe
2026-08-24,2026-08-24T19:00:00Z,13,5.2,4.9156,5.77,meteofrance_arpege_europe
2026-08-23,2026-08-24T20:00:00Z,38,4.9,5.4103,5.55,meteofrance_arpege_europe
2026-08-24,2026-08-24T20:00:00Z,14,4.9,4.521,5.23,meteofrance_arpege_europe
2026-08-23,2026-08-24T21:00:00Z,39,2.4,4.3727,4.2,meteofrance_arpege_europe
2026-08-24,2026-08-24T21:00:00Z,15,2.4,4.197,4.52,meteofrance_arpege_europe
2026-08-23,2026-08-24T22:00:00Z,40,4.8,4.7518,4.53,meteofrance_arpege_europe
2026-08-24,2026-08-24T22:00:00Z,16,4.8,4.1191,3.93,meteofrance_arpege_europe
2026-08-23,2026-08-24T23:00:00Z,41,3.8,4.8005,5.32,meteofrance_arpege_europe
2026-08-24,2026-08-24T23:00:00Z,17,3.8,3.7275,4.22,meteofrance_arpege_europe
2026-08-23,2026-08-25T00:00:00Z,42,3.6,3.8606,5.61,meteofrance_arpege_europe
2026-08-24,2026-08-25T00:00:00Z,18,3.6,3.0063,5.14,meteofrance_arpege_europe
2026-08-23,2026-08-25T01:00:00Z,43,2.2,3.2474,6.03,meteofrance_arpege_europe
2026-08-24,2026-08-25T01:00:00Z,19,2.2,2.2603,5.26,meteofrance_arpege_europe
2026-08-23,2026-08-25T02:00:00Z,44,2.1,3.5413,6.62,meteofrance_arpege_europe
2026-08-24,2026-08-25T02:00:00Z,20,2.1,2.5634,4.71,meteofrance_arpege_europe
2026-08-23,2026-08-25T03:00:00Z,45,0.7,3.4558,7.04,meteofrance_arpege_europe
2026-08-24,2026-08-25T03:00:00Z,21,0.7,2.0435,4.85,meteofrance_arpege_europe
2026-08-23,2026-08-25T04:00:00Z,46,1.1,2.9928,6.11,meteofrance_arpege_europe
2026-08-24,2026-08-25T04:00:00Z,22,1.1,2.0349,4.48,meteofrance_arpege_europe
2026-08-23,2026-08-25T05:00:00Z,47,1.5,2.5097,5.17,meteofrance_arpege_europe
2026-08-24,2026-08-25T05:00:00Z,23,1.5,2.4614,4.02,meteofrance_arpege_europe
2026-08-23,2026-08-25T06:00:00Z,48,1.3,3.0865,5.02,meteofrance_arpege_europe
2026-08-24,2026-08-25T06:00:00Z,24,1.3,2.0641,3.18,meteofrance_arpege_europe
2026-08-24,2026-08-25T07:00:00Z,25,3.0,2.3221,3.04,meteofrance_arpege_europe
2026-08-25,2026-08-25T07:00:00Z,1,3.0,1.819,2.64,meteofrance_arpege_europe
2026-08-24,2026-08-25T08:00:00Z,26,0.8,2.4623,2.61,meteofrance_arpege_europe
2026-08-25,2026-08-25T08:00:00Z,2,0.8,2.0648,2.78,meteofrance_arpege_europe
2026-08-24,2026-08-25T09:00:00Z,27,0.8,2.3762,2.75,meteofrance_arpege_europe
2026-08-25,2026-08-25T09:00:00Z,3,1.0,2.0825,2.69,meteofrance_arpege_europe
2026-08-24,2026-08-25T10:00:00Z,28,2.4,2.4091,2.76,meteofrance_arpege_europe
2026-08-25,2026-08-25T10:00:00Z,4,2.4,2.3609,2.47,meteofrance_arpege_europe
2026-08-24,2026-08-25T11:00:00Z,29,2.4,2.4422,2.58,meteofrance_arpege_europe
2026-08-25,2026-08-25T11:00:00Z,5,3.0,2.2989,2.31,meteofrance_arpege_europe
2026-08-24,2026-08-25T12:00:00Z,30,3.1,2.5566,3.14,meteofrance_arpege_europe
2026-08-25,2026-08-25T12:00:00Z,6,3.1,2.7278,2.86,meteofrance_arpege_europe
2026-08-24,2026-08-25T13:00:00Z,31,3.9,2.4335,3.6,meteofrance_arpege_europe
2026-08-25,2026-08-25T13:00:00Z,7,3.9,2.4552,3.28,meteofrance_arpege_europe
2026-08-24,2026-08-25T14:00:00Z,32,3.9,2.0136,1.71,meteofrance_arpege_europe
2026-08-25,2026-08-25T14:00:00Z,8,3.9,2.7799,3.09,meteofrance_arpege_europe
2026-08-24,2026-08-25T15:00:00Z,33,3.8,2.2924,0.95,meteofrance_arpege_europe
2026-08-25,2026-08-25T15:00:00Z,9,3.8,2.7556,3.07,meteofrance_arpege_europe
2026-08-24,2026-08-25T16:00:00Z,34,2.9,2.6061,1.5,meteofrance_arpege_europe
2026-08-25,2026-08-25T16:00:00Z,10,2.9,2.6481,3.55,meteofrance_arpege_europe
2026-08-24,2026-08-25T17:00:00Z,35,4.3,3.1221,2.47,meteofrance_arpege_europe
2026-08-25,2026-08-25T17:00:00Z,11,4.3,3.4149,3.81,meteofrance_arpege_europe
2026-08-24,2026-08-25T18:00:00Z,36,2.8,3.2278,2.53,meteofrance_arpege_europe
2026-08-25,2026-08-25T18:00:00Z,12,2.8,3.2653,3.61,meteofrance_arpege_europe
2026-08-24,2026-08-25T19:00:00Z,37,2.7,2.8884,1.71,meteofrance_arpege_europe
2026-08-25,2026-08-25T19:00:00Z,13,2.7,2.6315,2.77,meteofrance_arpege_europe
2026-08-24,2026-08-25T20:00:00Z,38,3.0,1.8852,0.8,meteofrance_arpege_europe
2026-08-25,2026-08-25T20:00:00Z,14,3.0,2.4895,2.51,meteofrance_arpege_europe
2026-08-24,2026-08-25T21:00:00Z,39,4.0,2.1553,1.53,meteofrance_arpege_europe
2026-08-25,2026-08-25T21:00:00Z,15,4.0,2.0717,3.09,meteofrance_arpege_europe
2026-08-24,2026-08-25T22:00:00Z,40,5.0,2.3167,1.64,meteofrance_arpege_europe
2026-08-25,2026-08-25T22:00:00Z,16,5.0,2.531,2.83,meteofrance_arpege_europe
2026-08-24,2026-08-25T23:00:00Z,41,2.6,2.7996,2.25,meteofrance_arpege_europe
2026-08-25,2026-08-25T23:00:00Z,17,2.6,2.5928,2.75,meteofrance_arpege_europe
2026-08-24,2026-08-26T00:00:00Z,42,3.0,2.9519,3.08,meteofrance_arpege_europe
2026-08-25,2026-08-26T00:00:00Z,18,3.0,3.0944,3.04,meteofrance_arpege_europe
2026-08-24,2026-08-26T01:00:00Z,43,4.2,3.4641,2.75,meteofrance_arpege_europe
2026-08-25,2026-08-26T01:00:00Z,19,4.2,3.3212,2.45,meteofrance_arpege_europe
2026-08-24,2026-08-26T02:00:00Z,44,4.1,2.9778,2.33,meteofrance_arpege_europe
2026-08-25,2026-08-26T02:00:00Z,20,4.1,3.3331,2.47,meteofrance_arpege_europe
2026-08-24,2026-08-26T03:00:00Z,45,4.3,3.3953,2.93,meteofrance_arpege_europe
2026-08-25,2026-08-26T03:00:00Z,21,4.3,2.9839,2.52,meteofrance_arpege_europe
2026-08-24,2026-08-26T04:00:00Z,46,3.1,3.2222,3.13,meteofrance_arpege_europe
2026-08-25,2026-08-26T04:00:00Z,22,3.1,3.0264,2.12,meteofrance_arpege_europe
2026-08-24,2026-08-26T05:00:00Z,47,3.3,3.3368,3.61,meteofrance_arpege_europe
2026-08-25,2026-08-26T05:00:00Z,23,3.3,3.2793,2.82,meteofrance_arpege_europe
2026-08-24,2026-08-26T06:00:00Z,48,2.9,3.5102,3.85,meteofrance_arpege_europe
2026-08-25,2026-08-26T06:00:00Z,24,2.9,3.3403,2.21,meteofrance_arpege_europe
2026-08-25,2026-08-26T07:00:00Z,25,3.0,3.2218,2.02,meteofrance_arpege_europe
2026-08-26,2026-08-26T07:00:00Z,1,3.0,2.7773,1.94,meteofrance_arpege_europe
2026-08-25,2026-08-26T08:00:00Z,26,2.3,2.8403,1.8,meteofrance_arpege_europe
2026-08-26,2026-08-26T08:00:00Z,2,2.3,2.871,2.4,meteofrance_arpege_europe
2026-08-25,2026-08-26T09:00:00Z,27,2.3,2.8842,1.82,meteofrance_arpege_europe
2026-08-26,2026-08-26T09:00:00Z,3,1.3,2.3253,1.86,meteofrance_arpege_europe
2026-08-25,2026-08-26T10:00:00Z,28,1.7,2.7799,1.7,meteofrance_arpege_europe
2026-08-26,2026-08-26T10:00:00Z,4,1.7,2.1657,1.02,meteofrance_arpege_europe
2026-08-25,2026-08-26T11:00:00Z,29,1.7,2.6447,1.3,meteofrance_arpege_europe
2026-08-26,2026-08-26T11:00:00Z,5,2.1,2.0384,1.35,meteofrance_arpege_europe
2026-08-25,2026-08-26T12:00:00Z,30,3.1,2.1954,0.42,meteofrance_arpege_europe
2026-08-26,2026-08-26T12:00:00Z,6,3.1,2.2319,2.46,meteofrance_arpege_europe
2026-08-25,2026-08-26T13:00:00Z,31,2.7,2.8641,1.42,meteofrance_arpege_europe
2026-08-26,2026-08-26T13:00:00Z,7,2.7,3.0424,3.37,meteofrance_arpege_europe
2026-08-25,2026-08-26T14:00:00Z,32,3.3,2.5543,2.02,meteofrance_arpege_europe
2026-08-26,2026-08-26T14:00:00Z,8,3.3,2.8185,3.73,meteofrance_arpege_europe
2026-08-25,2026-08-26T15:00:00Z,33,3.5,3.3541,2.69,meteofrance_arpege_europe
2026-08-26,2026-08-26T15:00:00Z,9,3.5,3.7069,3.83,meteofrance_arpege_europe
2026-08-25,2026-08-26T16:00:00Z,34,4.5,3.4968,2.5,meteofrance_arpege_europe
2026-08-26,2026-08-26T16:00:00Z,10,4.5,3.4989,3.2,meteofrance_arpege_europe
2026-08-25,2026-08-26T17:00:00Z,35,4.1,3.7098,3.22,meteofrance_arpege_europe
2026-08-26,2026-08-26T17:00:00Z,11,4.1,3.9835,3.31,meteofrance_arpege_europe
2026-08-25,2026-08-26T18:00:00Z,36,4.3,3.3486,3.67,meteofrance_arpege_europe
2026-08-26,2026-08-26T18:00:00Z,12,4.3,4.2809,3.33,meteofrance_arpege_europe
2026-08-25,2026-08-26T19:00:00Z,37,5.2,2.2085,3.26,meteofrance_arpege_europe
2026-08-26,2026-08-26T19:00:00Z,13,5.2,3.6506,3.41,meteofrance_arpege_europe
2026-08-25,2026-08-26T20:00:00Z,38,3.6,2.5858,3.3,meteofrance_arpege_europe
2026-08-26,2026-08-26T20:00:00Z,14,3.6,2.6017,2.51,meteofrance_arpege_europe
2026-08-25,2026-08-26T21:00:00Z,39,4.8,2.3149,4.4,meteofrance_arpege_europe
2026-08-26,2026-08-26T21:00:00Z,15,4.8,2.3127,1.71,meteofrance_arpege_europe
2026-08-25,2026-08-26T22:00:00Z,40,2.2,2.5788,4.24,meteofrance_arpege_europe
2026-08-26,2026-08-26T22:00:00Z,16,2.2,2.5675,1.91,meteofrance_arpege_europe
2026-08-25,2026-08-26T23:00:00Z,41,1.2,3.9459,5.41,meteofrance_arpege_europe
2026-08-26,2026-08-26T23:00:00Z,17,1.2,2.6905,3.2,meteofrance_arpege_europe
2026-08-25,2026-08-27T00:00:00Z,42,2.0,3.1679,6.31,meteofrance_arpege_europe
2026-08-26,2026-08-27T00:00:00Z,18,2.0,3.0753,4.27,meteofrance_arpege_europe
2026-08-25,2026-08-27T01:00:00Z,43,1.8,3.1057,5.64,meteofrance_arpege_europe
2026-08-26,2026-08-27T01:00:00Z,19,1.8,3.9891,5.42,meteofrance_arpege_europe
2026-08-25,2026-08-27T02:00:00Z,44,2.5,2.7755,4.78,meteofrance_arpege_europe
2026-08-26,2026-08-27T02:00:00Z,20,2.5,3.6948,5.91,meteofrance_arpege_europe
2026-08-25,2026-08-27T03:00:00Z,45,2.1,3.3673,7.1,meteofrance_arpege_europe
2026-08-26,2026-08-27T03:00:00Z,21,2.1,3.8005,5.6,meteofrance_arpege_europe
2026-08-25,2026-08-27T04:00:00Z,46,3.7,2.678,6.07,meteofrance_arpege_europe
2026-08-26,2026-08-27T04:00:00Z,22,3.7,3.3371,4.63,meteofrance_arpege_europe
2026-08-25,2026-08-27T05:00:00Z,47,3.5,3.5973,5.53,meteofrance_arpege_europe
2026-08-26,2026-08-27T05:00:00Z,23,3.5,2.9349,3.75,meteofrance_arpege_europe
2026-08-25,2026-08-27T06:00:00Z,48,3.2,3.3814,4.52,meteofrance_arpege_europe
2026-08-26,2026-08-27T06:00:00Z,24,3.2,3.0683,3.7,meteofrance_arpege_europe
2026-08-26,2026-08-27T07:00:00Z,25,1.0,3.643,2.7,meteofrance_arpege_europe
2026-08-27,2026-08-27T07:00:00Z,1,1.0,2.9045,2.62,meteofrance_arpege_europe
2026-08-26,2026-08-27T08:00:00Z,26,2.7,3.9578,3.01,meteofrance_arpege_europe
2026-08-27,2026-08-27T08:00:00Z,2,2.7,2.8755,1.73,meteofrance_arpege_europe
2026-08-26,2026-08-27T09:00:00Z,27,2.5,4.0819,3.0,meteofrance_arpege_europe
2026-08-27,2026-08-27T09:00:00Z,3,2.5,3.4007,3.57,meteofrance_arpege_europe
2026-08-26,2026-08-27T10:00:00Z,28,2.7,4.0488,3.5,meteofrance_arpege_europe
2026-08-27,2026-08-27T10:00:00Z,4,2.7,3.5761,2.42,meteofrance_arpege_europe
2026-08-26,2026-08-27T11:00:00Z,29,2.7,4.0506,3.81,meteofrance_arpege_europe
2026-08-27,2026-08-27T11:00:00Z,5,2.7,3.5876,2.67,meteofrance_arpege_europe
2026-08-26,2026-08-27T12:00:00Z,30,4.2,3.4768,3.74,meteofrance_arpege_europe
2026-08-27,2026-08-27T12:00:00Z,6,4.2,3.2268,2.94,meteofrance_arpege_europe
2026-08-26,2026-08-27T13:00:00Z,31,5.3,4.1094,4.81,meteofrance_arpege_europe
2026-08-27,2026-08-27T13:00:00Z,7,5.3,3.0455,2.68,meteofrance_arpege_europe
2026-08-26,2026-08-27T14:00:00Z,32,5.4,3.3891,3.35,meteofrance_arpege_europe
2026-08-27,2026-08-27T14:00:00Z,8,5.4,2.7796,2.48,meteofrance_arpege_europe
2026-08-26,2026-08-27T15:00:00Z,33,3.4,3.414,3.42,meteofrance_arpege_europe
2026-08-27,2026-08-27T15:00:00Z,9,3.4,2.3753,2.72,meteofrance_arpege_europe
2026-08-26,2026-08-27T16:00:00Z,34,3.2,3.3091,3.21,meteofrance_arpege_europe
2026-08-27,2026-08-27T16:00:00Z,10,3.2,1.9154,1.62,meteofrance_arpege_europe
2026-08-26,2026-08-27T17:00:00Z,35,2.5,2.6389,2.24,meteofrance_arpege_europe
2026-08-27,2026-08-27T17:00:00Z,11,2.5,1.5803,1.75,meteofrance_arpege_europe
2026-08-26,2026-08-27T18:00:00Z,36,0.9,2.7153,2.42,meteofrance_arpege_europe
2026-08-27,2026-08-27T18:00:00Z,12,0.9,1.7846,1.86,meteofrance_arpege_europe
2026-08-26,2026-08-27T19:00:00Z,37,0.9,2.2193,0.98,meteofrance_arpege_europe
2026-08-27,2026-08-27T19:00:00Z,13,0.5,1.6857,0.58,meteofrance_arpege_europe
2026-08-26,2026-08-27T20:00:00Z,38,1.9,3.2462,2.82,meteofrance_arpege_europe
2026-08-27,2026-08-27T20:00:00Z,14,1.9,1.9551,1.02,meteofrance_arpege_europe
2026-08-26,2026-08-27T21:00:00Z,39,2.2,3.0655,2.94,meteofrance_arpege_europe
2026-08-27,2026-08-27T21:00:00Z,15,2.2,2.0413,1.27,meteofrance_arpege_europe
2026-08-26,2026-08-27T22:00:00Z,40,2.2,2.9863,2.24,meteofrance_arpege_europe
2026-08-27,2026-08-27T22:00:00Z,16,2.2,2.1424,0.73,meteofrance_arpege_europe
2026-08-26,2026-08-27T23:00:00Z,41,2.4,3.1288,2.51,meteofrance_arpege_europe
2026-08-27,2026-08-27T23:00:00Z,17,2.4,2.0011,1.21,meteofrance_arpege_europe
2026-08-26,2026-08-28T00:00:00Z,42,2.3,3.3587,3.01,meteofrance_arpege_europe
2026-08-27,2026-08-28T00:00:00Z,18,2.3,2.2568,1.41,meteofrance_arpege_europe
2026-08-26,2026-08-28T01:00:00Z,43,3.1,3.2679,3.28,meteofrance_arpege_europe
2026-08-27,2026-08-28T01:00:00Z,19,3.1,2.3543,1.63,meteofrance_arpege_europe
2026-08-26,2026-08-28T02:00:00Z,44,3.5,3.2645,3.34,meteofrance_arpege_europe
2026-08-27,2026-08-28T02:00:00Z,20,3.5,2.2266,1.53,meteofrance_arpege_europe
2026-08-26,2026-08-28T03:00:00Z,45,3.0,3.3767,3.76,meteofrance_arpege_europe
2026-08-27,2026-08-28T03:00:00Z,21,3.0,2.3769,1.26,meteofrance_arpege_europe
2026-08-26,2026-08-28T04:00:00Z,46,2.4,3.4635,3.98,meteofrance_arpege_europe
2026-08-27,2026-08-28T04:00:00Z,22,2.4,2.6694,1.66,meteofrance_arpege_europe
2026-08-26,2026-08-28T05:00:00Z,47,2.6,3.6966,3.79,meteofrance_arpege_europe
2026-08-27,2026-08-28T05:00:00Z,23,2.6,2.3419,1.53,meteofrance_arpege_europe
2026-08-26,2026-08-28T06:00:00Z,48,2.7,3.8664,4.06,meteofrance_arpege_europe
2026-08-27,2026-08-28T06:00:00Z,24,2.7,2.6755,2.06,meteofrance_arpege_europe
2026-08-27,2026-08-28T07:00:00Z,25,4.3,2.4655,2.0,meteofrance_arpege_europe
2026-08-28,2026-08-28T07:00:00Z,1,4.3,3.3181,2.72,meteofrance_arpege_europe
2026-08-27,2026-08-28T08:00:00Z,26,3.9,2.9133,2.42,meteofrance_arpege_europe
2026-08-28,2026-08-28T08:00:00Z,2,3.9,2.9438,2.84,meteofrance_arpege_europe
2026-08-27,2026-08-28T09:00:00Z,27,2.5,3.4507,2.69,meteofrance_arpege_europe
2026-08-28,2026-08-28T09:00:00Z,3,2.5,3.4273,3.49,meteofrance_arpege_europe
2026-08-27,2026-08-28T10:00:00Z,28,4.3,5.0447,3.98,meteofrance_arpege_europe
2026-08-28,2026-08-28T10:00:00Z,4,4.3,3.5953,3.7,meteofrance_arpege_europe
2026-08-27,2026-08-28T11:00:00Z,29,4.6,7.0904,6.21,meteofrance_arpege_europe
2026-08-28,2026-08-28T11:00:00Z,5,4.6,5.9398,5.32,meteofrance_arpege_europe
2026-08-27,2026-08-28T12:00:00Z,30,6.9,7.7239,6.61,meteofrance_arpege_europe
2026-08-28,2026-08-28T12:00:00Z,6,6.9,6.4088,5.28,meteofrance_arpege_europe
2026-08-27,2026-08-28T13:00:00Z,31,5.7,7.7063,6.7,meteofrance_arpege_europe
2026-08-28,2026-08-28T13:00:00Z,7,5.7,6.8476,6.26,meteofrance_arpege_europe
2026-08-27,2026-08-28T14:00:00Z,32,6.0,7.367,6.23,meteofrance_arpege_europe
2026-08-28,2026-08-28T14:00:00Z,8,6.0,7.0459,6.12,meteofrance_arpege_europe
2026-08-27,2026-08-28T15:00:00Z,33,7.0,7.2624,5.98,meteofrance_arpege_europe
2026-08-28,2026-08-28T15:00:00Z,9,7.0,6.8909,6.1,meteofrance_arpege_europe
2026-08-27,2026-08-28T16:00:00Z,34,5.4,6.6608,5.67,meteofrance_arpege_europe
2026-08-28,2026-08-28T16:00:00Z,10,5.4,6.8128,5.85,meteofrance_arpege_europe
2026-08-27,2026-08-28T17:00:00Z,35,8.0,5.5098,5.41,meteofrance_arpege_europe
2026-08-28,2026-08-28T17:00:00Z,11,8.0,6.8344,5.97,meteofrance_arpege_europe
2026-08-27,2026-08-28T18:00:00Z,36,6.9,4.5423,4.16,meteofrance_arpege_europe
2026-08-28,2026-08-28T18:00:00Z,12,6.9,5.5638,4.94,meteofrance_arpege_europe
2026-08-27,2026-08-28T19:00:00Z,37,5.0,3.3811,2.86,meteofrance_arpege_europe
2026-08-28,2026-08-28T19:00:00Z,13,5.0,4.4023,4.56,meteofrance_arpege_europe
2026-08-27,2026-08-28T20:00:00Z,38,5.0,3.0752,2.77,meteofrance_arpege_europe
2026-08-28,2026-08-28T20:00:00Z,14,3.7,3.6965,4.1,meteofrance_arpege_europe
2026-08-27,2026-08-28T21:00:00Z,39,3.7,3.7621,4.09,meteofrance_arpege_europe
2026-08-28,2026-08-28T21:00:00Z,15,3.3,3.8205,4.25,meteofrance_arpege_europe
2026-08-27,2026-08-28T22:00:00Z,40,3.6,4.0444,4.57,meteofrance_arpege_europe
2026-08-28,2026-08-28T22:00:00Z,16,3.6,4.3686,5.0,meteofrance_arpege_europe
2026-08-27,2026-08-28T23:00:00Z,41,4.3,4.3334,4.83,meteofrance_arpege_europe
2026-08-28,2026-08-28T23:00:00Z,17,4.3,4.5121,5.24,meteofrance_arpege_europe
2026-08-27,2026-08-29T00:00:00Z,42,3.8,4.5909,4.94,meteofrance_arpege_europe
2026-08-28,2026-08-29T00:00:00Z,18,3.8,4.541,5.34,meteofrance_arpege_europe
2026-08-27,2026-08-29T01:00:00Z,43,4.5,4.31,4.93,meteofrance_arpege_europe
2026-08-28,2026-08-29T01:00:00Z,19,4.5,4.3454,5.47,meteofrance_arpege_europe
2026-08-27,2026-08-29T02:00:00Z,44,4.2,3.9843,4.5,meteofrance_arpege_europe
2026-08-28,2026-08-29T02:00:00Z,20,4.2,4.0603,5.42,meteofrance_arpege_europe
2026-08-27,2026-08-29T03:00:00Z,45,4.0,3.8691,4.55,meteofrance_arpege_europe
2026-08-28,2026-08-29T03:00:00Z,21,4.0,3.9167,4.79,meteofrance_arpege_europe
2026-08-27,2026-08-29T04:00:00Z,46,3.6,3.8612,4.73,meteofrance_arpege_europe
2026-08-28,2026-08-29T04:00:00Z,22,3.6,3.6817,4.7,meteofrance_arpege_europe
2026-08-27,2026-08-29T05:00:00Z,47,3.6,3.7589,5.01,meteofrance_arpege_europe
2026-08-28,2026-08-29T05:00:00Z,23,3.6,3.7083,5.0,meteofrance_arpege_europe
2026-08-27,2026-08-29T06:00:00Z,48,3.2,3.813,5.33,meteofrance_arpege_europe
2026-08-28,2026-08-29T06:00:00Z,24,3.2,3.7108,5.1,meteofrance_arpege_europe
2026-08-28,2026-08-29T07:00:00Z,25,3.6,4.0413,5.3,meteofrance_arpege_europe
2026-08-29,2026-08-29T07:00:00Z,1,3.6,4.0581,5.23,meteofrance_arpege_europe
2026-08-28,2026-08-29T08:00:00Z,26,4.6,4.5246,5.51,meteofrance_arpege_europe
2026-08-29,2026-08-29T08:00:00Z,2,4.6,5.1073,5.9,meteofrance_arpege_europe
2026-08-28,2026-08-29T09:00:00Z,27,4.8,4.9964,5.72,meteofrance_arpege_europe
2026-08-29,2026-08-29T09:00:00Z,3,4.8,4.8915,6.04,meteofrance_arpege_europe
2026-08-28,2026-08-29T10:00:00Z,28,5.2,4.998,6.3,meteofrance_arpege_europe
2026-08-29,2026-08-29T10:00:00Z,4,5.2,4.8653,6.22,meteofrance_arpege_europe
2026-08-28,2026-08-29T11:00:00Z,29,5.0,5.8732,7.51,meteofrance_arpege_europe
2026-08-29,2026-08-29T11:00:00Z,5,5.0,6.4697,8.0,meteofrance_arpege_europe
2026-08-28,2026-08-29T12:00:00Z,30,5.1,6.9969,8.16,meteofrance_arpege_europe
2026-08-29,2026-08-29T12:00:00Z,6,5.1,7.5549,8.27,meteofrance_arpege_europe
2026-08-28,2026-08-29T13:00:00Z,31,6.9,6.2083,7.88,meteofrance_arpege_europe
2026-08-29,2026-08-29T13:00:00Z,7,6.9,6.9135,7.79,meteofrance_arpege_europe
2026-08-28,2026-08-29T14:00:00Z,32,6.9,6.8254,8.06,meteofrance_arpege_europe
2026-08-29,2026-08-29T14:00:00Z,8,8.1,7.2228,7.66,meteofrance_arpege_europe
2026-08-28,2026-08-29T15:00:00Z,33,8.1,6.8336,8.04,meteofrance_arpege_europe
2026-08-29,2026-08-29T15:00:00Z,9,7.6,7.1075,7.56,meteofrance_arpege_europe
2026-08-28,2026-08-29T16:00:00Z,34,9.2,6.397,8.23,meteofrance_arpege_europe
2026-08-29,2026-08-29T16:00:00Z,10,9.2,7.1411,6.58,meteofrance_arpege_europe
2026-08-28,2026-08-29T17:00:00Z,35,7.3,7.8483,7.05,meteofrance_arpege_europe
2026-08-29,2026-08-29T17:00:00Z,11,7.3,8.9018,8.22,meteofrance_arpege_europe
2026-08-28,2026-08-29T18:00:00Z,36,10.3,9.3517,9.11,meteofrance_arpege_europe
2026-08-29,2026-08-29T18:00:00Z,12,10.3,9.7677,9.13,meteofrance_arpege_europe
2026-08-28,2026-08-29T19:00:00Z,37,10.4,9.1931,9.65,meteofrance_arpege_europe
2026-08-29,2026-08-29T19:00:00Z,13,10.4,8.9112,8.79,meteofrance_arpege_europe
2026-08-28,2026-08-29T20:00:00Z,38,8.5,8.6648,8.86,meteofrance_arpege_europe
2026-08-29,2026-08-29T20:00:00Z,14,8.5,8.7592,8.32,meteofrance_arpege_europe
2026-08-28,2026-08-29T21:00:00Z,39,8.2,8.2484,8.12,meteofrance_arpege_europe
2026-08-29,2026-08-29T21:00:00Z,15,8.2,8.2042,7.94,meteofrance_arpege_europe
2026-08-28,2026-08-29T22:00:00Z,40,6.8,8.0899,7.76,meteofrance_arpege_europe
2026-08-29,2026-08-29T22:00:00Z,16,6.8,7.8597,7.9,meteofrance_arpege_europe
2026-08-28,2026-08-29T23:00:00Z,41,7.4,7.4636,7.45,meteofrance_arpege_europe
2026-08-29,2026-08-29T23:00:00Z,17,7.4,6.893,7.89,meteofrance_arpege_europe
2026-08-28,2026-08-30T00:00:00Z,42,5.9,6.8133,7.22,meteofrance_arpege_europe
2026-08-29,2026-08-30T00:00:00Z,18,5.9,6.7575,7.44,meteofrance_arpege_europe
2026-08-28,2026-08-30T01:00:00Z,43,6.5,6.0873,6.72,meteofrance_arpege_europe
2026-08-29,2026-08-30T01:00:00Z,19,6.5,6.4376,6.86,meteofrance_arpege_europe
2026-08-28,2026-08-30T02:00:00Z,44,6.5,5.781,6.37,meteofrance_arpege_europe
2026-08-29,2026-08-30T02:00:00Z,20,6.5,5.3261,6.25,meteofrance_arpege_europe
2026-08-28,2026-08-30T03:00:00Z,45,5.2,5.3262,5.75,meteofrance_arpege_europe
2026-08-29,2026-08-30T03:00:00Z,21,5.2,4.8063,5.45,meteofrance_arpege_europe
2026-08-28,2026-08-30T04:00:00Z,46,4.3,4.6676,5.08,meteofrance_arpege_europe
2026-08-29,2026-08-30T04:00:00Z,22,4.3,4.1872,4.88,meteofrance_arpege_europe
2026-08-28,2026-08-30T05:00:00Z,47,3.7,4.3206,4.84,meteofrance_arpege_europe
2026-08-29,2026-08-30T05:00:00Z,23,3.7,4.0071,4.7,meteofrance_arpege_europe
2026-08-28,2026-08-30T06:00:00Z,48,4.2,4.2357,5.01,meteofrance_arpege_europe
2026-08-29,2026-08-30T06:00:00Z,24,4.2,4.2594,5.19,meteofrance_arpege_europe
2026-08-29,2026-08-30T07:00:00Z,25,4.3,4.5177,4.96,meteofrance_arpege_europe
2026-08-30,2026-08-30T07:00:00Z,1,4.3,4.4237,5.33,meteofrance_arpege_europe
2026-08-29,2026-08-30T08:00:00Z,26,4.5,4.6445,5.15,meteofrance_arpege_europe
2026-08-30,2026-08-30T08:00:00Z,2,4.5,4.3226,5.16,meteofrance_arpege_europe
2026-08-29,2026-08-30T09:00:00Z,27,4.0,4.756,5.37,meteofrance_arpege_europe
2026-08-30,2026-08-30T09:00:00Z,3,4.0,4.3397,5.16,meteofrance_arpege_europe
2026-08-29,2026-08-30T10:00:00Z,28,5.2,4.8374,4.92,meteofrance_arpege_europe
2026-08-30,2026-08-30T10:00:00Z,4,5.2,4.4326,5.1,meteofrance_arpege_europe
2026-08-29,2026-08-30T11:00:00Z,29,4.2,4.6628,4.97,meteofrance_arpege_europe
2026-08-30,2026-08-30T11:00:00Z,5,4.2,4.886,4.43,meteofrance_arpege_europe
2026-08-29,2026-08-30T12:00:00Z,30,5.0,4.5728,4.92,meteofrance_arpege_europe
2026-08-30,2026-08-30T12:00:00Z,6,5.0,4.7259,5.32,meteofrance_arpege_europe
2026-08-29,2026-08-30T13:00:00Z,31,2.7,4.3288,4.89,meteofrance_arpege_europe
2026-08-30,2026-08-30T13:00:00Z,7,2.7,5.033,5.91,meteofrance_arpege_europe
2026-08-29,2026-08-30T14:00:00Z,32,2.7,4.3918,5.06,meteofrance_arpege_europe
2026-08-30,2026-08-30T14:00:00Z,8,2.7,4.853,5.33,meteofrance_arpege_europe
2026-08-29,2026-08-30T15:00:00Z,33,2.7,4.4166,5.09,meteofrance_arpege_europe
2026-08-30,2026-08-30T15:00:00Z,9,1.1,4.4393,5.09,meteofrance_arpege_europe
2026-08-29,2026-08-30T16:00:00Z,34,7.9,3.8803,4.53,meteofrance_arpege_europe
2026-08-30,2026-08-30T16:00:00Z,10,7.9,3.8072,4.53,meteofrance_arpege_europe
2026-08-29,2026-08-30T17:00:00Z,35,4.1,3.4469,3.55,meteofrance_arpege_europe
2026-08-30,2026-08-30T17:00:00Z,11,4.1,3.8049,4.47,meteofrance_arpege_europe
2026-08-29,2026-08-30T18:00:00Z,36,3.8,3.211,2.42,meteofrance_arpege_europe
2026-08-30,2026-08-30T18:00:00Z,12,3.8,3.9897,4.44,meteofrance_arpege_europe
2026-08-29,2026-08-30T19:00:00Z,37,3.5,3.3744,3.08,meteofrance_arpege_europe
2026-08-30,2026-08-30T19:00:00Z,13,3.5,3.6765,3.51,meteofrance_arpege_europe
2026-08-29,2026-08-30T20:00:00Z,38,2.1,4.0821,4.18,meteofrance_arpege_europe
2026-08-30,2026-08-30T20:00:00Z,14,2.1,4.3799,4.8,meteofrance_arpege_europe
2026-08-29,2026-08-30T21:00:00Z,39,4.5,4.8078,5.06,meteofrance_arpege_europe
2026-08-30,2026-08-30T21:00:00Z,15,4.5,5.2034,6.01,meteofrance_arpege_europe
2026-08-29,2026-08-30T22:00:00Z,40,5.5,5.0293,5.65,meteofrance_arpege_europe
2026-08-30,2026-08-30T22:00:00Z,16,5.5,5.2853,6.74,meteofrance_arpege_europe
2026-08-29,2026-08-30T23:00:00Z,41,4.5,5.3243,6.35,meteofrance_arpege_europe
2026-08-30,2026-08-30T23:00:00Z,17,4.5,5.4111,6.62,meteofrance_arpege_europe
2026-08-29,2026-08-31T00:00:00Z,42,5.0,5.5433,6.98,meteofrance_arpege_europe
2026-08-30,2026-08-31T00:00:00Z,18,5.0,5.8753,7.34,meteofrance_arpege_europe
2026-08-29,2026-08-31T01:00:00Z,43,5.4,6.0136,7.52,meteofrance_arpege_europe
2026-08-30,2026-08-31T01:00:00Z,19,5.4,6.3277,7.57,meteofrance_arpege_europe
2026-08-29,2026-08-31T02:00:00Z,44,6.2,6.2013,7.47,meteofrance_arpege_europe
2026-08-30,2026-08-31T02:00:00Z,20,6.2,6.5106,7.94,meteofrance_arpege_europe
2026-08-29,2026-08-31T03:00:00Z,45,6.1,6.2596,7.92,meteofrance_arpege_europe
2026-08-30,2026-08-31T03:00:00Z,21,6.1,6.5204,7.6,meteofrance_arpege_europe
2026-08-29,2026-08-31T04:00:00Z,46,6.8,6.2139,7.91,meteofrance_arpege_europe
2026-08-30,2026-08-31T04:00:00Z,22,6.8,6.4978,7.67,meteofrance_arpege_europe
2026-08-29,2026-08-31T05:00:00Z,47,6.1,6.0241,7.49,meteofrance_arpege_europe
2026-08-30,2026-08-31T05:00:00Z,23,6.1,6.2318,7.43,meteofrance_arpege_europe
2026-08-29,2026-08-31T06:00:00Z,48,5.1,5.9256,7.02,meteofrance_arpege_europe
2026-08-30,2026-08-31T06:00:00Z,24,5.1,6.8745,8.14,meteofrance_arpege_europe
2026-08-30,2026-08-31T07:00:00Z,25,5.5,7.8047,8.21,meteofrance_arpege_europe
2026-08-31,2026-08-31T07:00:00Z,1,5.5,6.6165,7.64,meteofrance_arpege_europe
2026-08-30,2026-08-31T08:00:00Z,26,7.5,7.5814,7.96,meteofrance_arpege_europe
2026-08-31,2026-08-31T08:00:00Z,2,7.5,6.9622,7.86,meteofrance_arpege_europe
2026-08-30,2026-08-31T09:00:00Z,27,9.7,8.0529,7.92,meteofrance_arpege_europe
2026-08-31,2026-08-31T09:00:00Z,3,9.7,7.4008,8.07,meteofrance_arpege_europe
2026-08-30,2026-08-31T10:00:00Z,28,9.5,8.3719,7.89,meteofrance_arpege_europe
2026-08-31,2026-08-31T10:00:00Z,4,9.5,7.9398,7.68,meteofrance_arpege_europe
2026-08-30,2026-08-31T11:00:00Z,29,9.8,8.8202,8.06,meteofrance_arpege_europe
2026-08-31,2026-08-31T11:00:00Z,5,9.8,8.7725,8.64,meteofrance_arpege_europe
2026-08-30,2026-08-31T12:00:00Z,30,9.1,9.1112,8.35,meteofrance_arpege_europe
2026-08-31,2026-08-31T12:00:00Z,6,9.1,8.4476,8.04,meteofrance_arpege_europe
2026-08-30,2026-08-31T13:00:00Z,31,9.5,9.0194,8.23,meteofrance_arpege_europe
2026-08-31,2026-08-31T13:00:00Z,7,9.5,8.1391,8.43,meteofrance_arpege_europe
2026-08-30,2026-08-31T14:00:00Z,32,9.8,9.194,8.61,meteofrance_arpege_europe
2026-08-31,2026-08-31T14:00:00Z,8,9.8,7.8734,8.41,meteofrance_arpege_europe
2026-08-30,2026-08-31T15:00:00Z,33,8.2,9.3806,8.7,meteofrance_arpege_europe
2026-08-31,2026-08-31T15:00:00Z,9,8.2,7.85,8.51,meteofrance_arpege_europe
2026-08-30,2026-08-31T16:00:00Z,34,8.2,9.2739,8.4,meteofrance_arpege_europe
2026-08-31,2026-08-31T16:00:00Z,10,8.8,7.943,7.7,meteofrance_arpege_europe
2026-08-30,2026-08-31T17:00:00Z,35,8.3,9.2576,7.81,meteofrance_arpege_europe
2026-08-31,2026-08-31T17:00:00Z,11,8.3,7.5735,7.21,meteofrance_arpege_europe
2026-08-30,2026-08-31T18:00:00Z,36,8.3,8.7246,7.23,meteofrance_arpege_europe
2026-08-31,2026-08-31T18:00:00Z,12,7.9,7.2148,6.62,meteofrance_arpege_europe
2026-08-30,2026-08-31T19:00:00Z,37,5.2,7.2231,6.48,meteofrance_arpege_europe
2026-08-31,2026-08-31T19:00:00Z,13,5.2,6.0526,6.26,meteofrance_arpege_europe
2026-08-30,2026-08-31T20:00:00Z,38,5.7,5.9735,5.53,meteofrance_arpege_europe
2026-08-31,2026-08-31T20:00:00Z,14,5.7,5.3401,5.55,meteofrance_arpege_europe
2026-08-30,2026-08-31T21:00:00Z,39,7.3,5.0883,4.49,meteofrance_arpege_europe
2026-08-31,2026-08-31T21:00:00Z,15,7.3,4.9206,4.81,meteofrance_arpege_europe
2026-08-30,2026-08-31T22:00:00Z,40,4.0,3.8402,3.66,meteofrance_arpege_europe
2026-08-31,2026-08-31T22:00:00Z,16,4.0,4.5435,4.39,meteofrance_arpege_europe
2026-08-30,2026-08-31T23:00:00Z,41,4.9,4.0477,3.55,meteofrance_arpege_europe
2026-08-31,2026-08-31T23:00:00Z,17,4.9,4.4323,4.46,meteofrance_arpege_europe
2026-08-30,2026-09-01T00:00:00Z,42,3.0,5.5725,5.02,meteofrance_arpege_europe
2026-08-31,2026-09-01T00:00:00Z,18,3.0,3.9133,4.11,meteofrance_arpege_europe
2026-08-30,2026-09-01T01:00:00Z,43,4.0,5.7056,4.84,meteofrance_arpege_europe
2026-08-31,2026-09-01T01:00:00Z,19,4.0,3.2141,3.67,meteofrance_arpege_europe
2026-08-30,2026-09-01T02:00:00Z,44,7.9,4.5488,4.2,meteofrance_arpege_europe
2026-08-31,2026-09-01T02:00:00Z,20,7.9,2.8021,3.61,meteofrance_arpege_europe
2026-08-30,2026-09-01T03:00:00Z,45,4.1,5.5294,4.71,meteofrance_arpege_europe
2026-08-31,2026-09-01T03:00:00Z,21,4.1,2.8019,2.72,meteofrance_arpege_europe
2026-08-30,2026-09-01T04:00:00Z,46,1.6,5.8755,4.72,meteofrance_arpege_europe
2026-08-31,2026-09-01T04:00:00Z,22,1.6,2.7319,1.84,meteofrance_arpege_europe
2026-08-30,2026-09-01T05:00:00Z,47,4.0,5.1741,4.11,meteofrance_arpege_europe
2026-08-31,2026-09-01T05:00:00Z,23,4.0,3.9671,4.21,meteofrance_arpege_europe
2026-08-30,2026-09-01T06:00:00Z,48,2.1,4.1664,3.54,meteofrance_arpege_europe
2026-08-31,2026-09-01T06:00:00Z,24,2.1,3.5273,3.86,meteofrance_arpege_europe
2026-08-31,2026-09-01T07:00:00Z,25,2.9,3.8901,3.51,meteofrance_arpege_europe
2026-08-31,2026-09-01T08:00:00Z,26,4.1,4.4824,3.61,meteofrance_arpege_europe
2026-08-31,2026-09-01T09:00:00Z,27,5.5,4.0309,3.66,meteofrance_arpege_europe
2026-08-31,2026-09-01T10:00:00Z,28,5.3,4.3588,3.8,meteofrance_arpege_europe
2026-08-31,2026-09-01T11:00:00Z,29,4.1,4.0177,3.89,meteofrance_arpege_europe
2026-08-31,2026-09-01T12:00:00Z,30,3.1,3.9779,4.12,meteofrance_arpege_europe
2026-08-31,2026-09-01T13:00:00Z,31,3.1,3.7862,3.94,meteofrance_arpege_europe
