date,t,lead_h,obs,ia,baseline,baseline_model
2026-07-04,2026-07-04T07:00:00Z,1,4.0,3.1606,2.3,meteofrance_arpege_europe
2026-07-04,2026-07-04T08:00:00Z,2,5.2,3.7496,2.83,meteofrance_arpege_europe
2026-07-04,2026-07-04T09:00:00Z,3,5.0,4.7814,4.1,meteofrance_arpege_europe
2026-07-04,2026-07-04T10:00:00Z,4,5.0,4.9509,4.7,meteofrance_arpege_europe
2026-07-04,2026-07-04T11:00:00Z,5,6.2,5.5689,4.77,meteofrance_arpege_europe
2026-07-04,2026-07-04T12:00:00Z,6,4.9,5.8023,5.01,meteofrance_arpege_europe
2026-07-04,2026-07-04T13:00:00Z,7,6.7,6.1045,5.5,meteofrance_arpege_europe
2026-07-04,2026-07-04T14:00:00Z,8,6.6,6.3635,6.0,meteofrance_arpege_europe
2026-07-04,2026-07-04T15:00:00Z,9,6.9,6.8266,6.2,meteofrance_arpege_europe
2026-07-04,2026-07-04T16:00:00Z,10,6.4,6.5281,6.13,meteofrance_arpege_europe
2026-07-04,2026-07-04T17:00:00Z,11,6.1,5.8094,5.33,meteofrance_arpege_europe
2026-07-04,2026-07-04T18:00:00Z,12,5.9,6.0869,4.52,meteofrance_arpege_europe
2026-07-04,2026-07-04T19:00:00Z,13,4.4,5.2687,4.71,meteofrance_arpege_europe
2026-07-04,2026-07-04T20:00:00Z,14,4.7,4.9123,4.8,meteofrance_arpege_europe
2026-07-04,2026-07-04T21:00:00Z,15,4.7,4.5187,4.61,meteofrance_arpege_europe
2026-07-04,2026-07-04T22:00:00Z,16,4.7,4.1359,4.42,meteofrance_arpege_europe
2026-07-04,2026-07-04T23:00:00Z,17,3.6,4.1684,4.34,meteofrance_arpege_europe
2026-07-04,2026-07-05T00:00:00Z,18,3.8,3.6272,3.9,meteofrance_arpege_europe
2026-07-04,2026-07-05T01:00:00Z,19,2.9,4.1222,4.01,meteofrance_arpege_europe
2026-07-04,2026-07-05T02:00:00Z,20,3.3,4.8676,3.96,meteofrance_arpege_europe
2026-07-04,2026-07-05T03:00:00Z,21,3.4,4.4129,4.08,meteofrance_arpege_europe
2026-07-04,2026-07-05T04:00:00Z,22,4.0,4.1947,3.5,meteofrance_arpege_europe
2026-07-04,2026-07-05T05:00:00Z,23,3.9,4.2275,3.47,meteofrance_arpege_europe
2026-07-04,2026-07-05T06:00:00Z,24,3.3,3.0802,2.5,meteofrance_arpege_europe
2026-07-04,2026-07-05T07:00:00Z,25,4.9,3.9079,2.66,meteofrance_arpege_europe
2026-07-05,2026-07-05T07:00:00Z,1,4.9,3.2745,2.66,meteofrance_arpege_europe
2026-07-04,2026-07-05T08:00:00Z,26,3.6,3.1616,2.33,meteofrance_arpege_europe
2026-07-05,2026-07-05T08:00:00Z,2,3.6,2.8586,2.33,meteofrance_arpege_europe
2026-07-04,2026-07-05T09:00:00Z,27,3.6,3.171,2.42,meteofrance_arpege_europe
2026-07-05,2026-07-05T09:00:00Z,3,3.6,2.9367,2.42,meteofrance_arpege_europe
2026-07-04,2026-07-05T10:00:00Z,28,4.0,3.4002,2.34,meteofrance_arpege_europe
2026-07-05,2026-07-05T10:00:00Z,4,4.0,3.0405,2.34,meteofrance_arpege_europe
2026-07-04,2026-07-05T11:00:00Z,29,4.3,3.8948,3.04,meteofrance_arpege_europe
2026-07-05,2026-07-05T11:00:00Z,5,4.3,3.532,3.04,meteofrance_arpege_europe
2026-07-04,2026-07-05T12:00:00Z,30,5.9,3.9596,2.7,meteofrance_arpege_europe
2026-07-05,2026-07-05T12:00:00Z,6,5.9,3.2496,2.7,meteofrance_arpege_europe
2026-07-04,2026-07-05T13:00:00Z,31,5.7,4.3255,3.24,meteofrance_arpege_europe
2026-07-05,2026-07-05T13:00:00Z,7,5.7,3.8144,3.24,meteofrance_arpege_europe
2026-07-04,2026-07-05T14:00:00Z,32,6.0,4.5266,3.45,meteofrance_arpege_europe
2026-07-05,2026-07-05T14:00:00Z,8,6.0,3.7786,3.45,meteofrance_arpege_europe
2026-07-04,2026-07-05T15:00:00Z,33,4.4,4.3985,3.67,meteofrance_arpege_europe
2026-07-05,2026-07-05T15:00:00Z,9,4.4,4.3663,3.67,meteofrance_arpege_europe
2026-07-04,2026-07-05T16:00:00Z,34,2.8,4.248,3.5,meteofrance_arpege_europe
2026-07-05,2026-07-05T16:00:00Z,10,2.8,3.9478,3.5,meteofrance_arpege_europe
2026-07-04,2026-07-05T17:00:00Z,35,3.2,4.1531,3.22,meteofrance_arpege_europe
2026-07-05,2026-07-05T17:00:00Z,11,3.2,3.703,3.22,meteofrance_arpege_europe
2026-07-04,2026-07-05T18:00:00Z,36,4.8,3.9215,3.16,meteofrance_arpege_europe
2026-07-05,2026-07-05T18:00:00Z,12,4.8,3.711,3.16,meteofrance_arpege_europe
2026-07-04,2026-07-05T19:00:00Z,37,3.5,3.5498,2.9,meteofrance_arpege_europe
2026-07-05,2026-07-05T19:00:00Z,13,3.5,3.4415,2.9,meteofrance_arpege_europe
2026-07-04,2026-07-05T20:00:00Z,38,2.7,3.2615,2.96,meteofrance_arpege_europe
2026-07-05,2026-07-05T20:00:00Z,14,2.7,3.2907,2.96,meteofrance_arpege_europe
2026-07-04,2026-07-05T21:00:00Z,39,2.7,3.1231,2.53,meteofrance_arpege_europe
2026-07-05,2026-07-05T21:00:00Z,15,2.7,3.113,2.53,meteofrance_arpege_europe
2026-07-04,2026-07-05T22:00:00Z,40,3.6,3.2025,2.19,meteofrance_arpege_europe
2026-07-05,2026-07-05T22:00:00Z,16,3.6,2.9293,2.19,meteofrance_arpege_europe
2026-07-04,2026-07-05T23:00:00Z,41,2.9,3.1247,2.1,meteofrance_arpege_europe
2026-07-05,2026-07-05T23:00:00Z,17,2.9,2.7881,2.1,meteofrance_arpege_europe
2026-07-04,2026-07-06T00:00:00Z,42,3.6,3.0397,1.64,meteofrance_arpege_europe
2026-07-05,2026-07-06T00:00:00Z,18,3.6,2.7463,1.64,meteofrance_arpege_europe
2026-07-04,2026-07-06T01:00:00Z,43,3.8,3.0863,1.63,meteofrance_arpege_europe
2026-07-05,2026-07-06T01:00:00Z,19,3.8,2.8407,1.63,meteofrance_arpege_europe
2026-07-04,2026-07-06T02:00:00Z,44,3.7,3.3366,2.16,meteofrance_arpege_europe
2026-07-05,2026-07-06T02:00:00Z,20,3.7,3.056,2.16,meteofrance_arpege_europe
2026-07-04,2026-07-06T03:00:00Z,45,3.5,3.3644,2.48,meteofrance_arpege_europe
2026-07-05,2026-07-06T03:00:00Z,21,3.5,2.9702,2.48,meteofrance_arpege_europe
2026-07-04,2026-07-06T04:00:00Z,46,3.6,3.3715,2.4,meteofrance_arpege_europe
2026-07-05,2026-07-06T04:00:00Z,22,3.6,3.1127,2.4,meteofrance_arpege_europe
2026-07-04,2026-07-06T05:00:00Z,47,4.3,3.5284,2.48,meteofrance_arpege_europe
2026-07-05,2026-07-06T05:00:00Z,23,4.3,3.0604,2.48,meteofrance_arpege_europe
2026-07-04,2026-07-06T06:00:00Z,48,3.9,3.1735,1.86,meteofrance_arpege_europe
2026-07-05,2026-07-06T06:00:00Z,24,3.9,2.9637,1.86,meteofrance_arpege_europe
2026-07-05,2026-07-06T07:00:00Z,25,3.7,2.73,2.05,meteofrance_arpege_europe
2026-07-06,2026-07-06T07:00:00Z,1,3.7,2.9374,2.05,meteofrance_arpege_europe
2026-07-05,2026-07-06T08:00:00Z,26,4.8,2.9214,2.55,meteofrance_arpege_europe
2026-07-06,2026-07-06T08:00:00Z,2,4.8,3.0193,2.55,meteofrance_arpege_europe
2026-07-05,2026-07-06T09:00:00Z,27,4.2,3.0557,2.7,meteofrance_arpege_europe
2026-07-06,2026-07-06T09:00:00Z,3,4.2,2.8882,2.7,meteofrance_arpege_europe
2026-07-05,2026-07-06T10:00:00Z,28,2.2,3.2844,2.69,meteofrance_arpege_europe
2026-07-06,2026-07-06T10:00:00Z,4,2.2,2.9784,2.69,meteofrance_arpege_europe
2026-07-05,2026-07-06T11:00:00Z,29,2.8,3.1858,2.58,meteofrance_arpege_europe
2026-07-06,2026-07-06T11:00:00Z,5,2.8,2.7211,2.58,meteofrance_arpege_europe
2026-07-05,2026-07-06T12:00:00Z,30,1.6,3.8528,3.2,meteofrance_arpege_europe
2026-07-06,2026-07-06T12:00:00Z,6,1.6,3.3582,3.2,meteofrance_arpege_europe
2026-07-05,2026-07-06T13:00:00Z,31,2.8,3.9794,3.41,meteofrance_arpege_europe
2026-07-06,2026-07-06T13:00:00Z,7,2.8,3.4456,3.41,meteofrance_arpege_europe
2026-07-05,2026-07-06T14:00:00Z,32,3.9,3.9946,3.45,meteofrance_arpege_europe
2026-07-06,2026-07-06T14:00:00Z,8,3.9,3.4476,3.45,meteofrance_arpege_europe
2026-07-05,2026-07-06T15:00:00Z,33,2.3,3.9698,3.41,meteofrance_arpege_europe
2026-07-06,2026-07-06T15:00:00Z,9,2.3,3.6439,3.41,meteofrance_arpege_europe
2026-07-05,2026-07-06T16:00:00Z,34,1.2,3.6289,3.16,meteofrance_arpege_europe
2026-07-06,2026-07-06T16:00:00Z,10,1.2,3.6564,3.16,meteofrance_arpege_europe
2026-07-05,2026-07-06T17:00:00Z,35,1.8,3.3759,2.66,meteofrance_arpege_europe
2026-07-06,2026-07-06T17:00:00Z,11,1.8,3.1705,2.66,meteofrance_arpege_europe
2026-07-05,2026-07-06T18:00:00Z,36,0.9,2.652,2.5,meteofrance_arpege_europe
2026-07-06,2026-07-06T18:00:00Z,12,0.9,2.736,2.5,meteofrance_arpege_europe
2026-07-05,2026-07-06T19:00:00Z,37,1.4,2.0227,1.3,meteofrance_arpege_europe
2026-07-06,2026-07-06T19:00:00Z,13,1.4,2.0525,1.3,meteofrance_arpege_europe
2026-07-05,2026-07-06T20:00:00Z,38,0.7,2.0794,1.03,meteofrance_arpege_europe
2026-07-06,2026-07-06T20:00:00Z,14,0.7,1.9277,1.03,meteofrance_arpege_europe
2026-07-05,2026-07-06T21:00:00Z,39,2.8,2.4468,0.64,meteofrance_arpege_europe
2026-07-06,2026-07-06T21:00:00Z,15,2.8,2.6387,0.64,meteofrance_arpege_europe
2026-07-05,2026-07-06T22:00:00Z,40,3.3,2.5186,1.81,meteofrance_arpege_europe
2026-07-06,2026-07-06T22:00:00Z,16,3.3,2.9871,1.81,meteofrance_arpege_europe
2026-07-05,2026-07-06T23:00:00Z,41,3.5,2.6615,2.32,meteofrance_arpege_europe
2026-07-06,2026-07-06T23:00:00Z,17,3.5,3.2187,2.32,meteofrance_arpege_europe
2026-07-05,2026-07-07T00:00:00Z,42,3.9,2.7106,2.12,meteofrance_arpege_europe
2026-07-06,2026-07-07T00:00:00Z,18,3.9,3.3576,2.12,meteofrance_arpege_europe
2026-07-05,2026-07-07T01:00:00Z,43,3.5,2.8037,2.02,meteofrance_arpege_europe
2026-07-06,2026-07-07T01:00:00Z,19,3.5,3.3775,2.02,meteofrance_arpege_europe
2026-07-05,2026-07-07T02:00:00Z,44,3.4,2.8949,2.25,meteofrance_arpege_europe
2026-07-06,2026-07-07T02:00:00Z,20,3.4,3.3347,2.25,meteofrance_arpege_europe
2026-07-05,2026-07-07T03:00:00Z,45,2.2,2.887,3.22,meteofrance_arpege_europe
2026-07-06,2026-07-07T03:00:00Z,21,2.2,3.1853,3.22,meteofrance_arpege_europe
2026-07-05,2026-07-07T04:00:00Z,46,3.3,3.0693,2.4,meteofrance_arpege_europe
2026-07-06,2026-07-07T04:00:00Z,22,3.3,3.4116,2.4,meteofrance_arpege_europe
2026-07-05,2026-07-07T05:00:00Z,47,2.7,2.8765,2.04,meteofrance_arpege_europe
2026-07-06,2026-07-07T05:00:00Z,23,2.7,3.2684,2.04,meteofrance_arpege_europe
2026-07-05,2026-07-07T06:00:00Z,48,2.3,2.8405,1.91,meteofrance_arpege_europe
2026-07-06,2026-07-07T06:00:00Z,24,2.3,3.1026,1.91,meteofrance_arpege_europe
2026-07-06,2026-07-07T07:00:00Z,25,1.7,2.632,1.58,meteofrance_arpege_europe
2026-07-07,2026-07-07T07:00:00Z,1,1.7,2.5287,1.58,meteofrance_arpege_europe
2026-07-06,2026-07-07T08:00:00Z,26,2.5,2.5941,1.71,meteofrance_arpege_europe
2026-07-07,2026-07-07T08:00:00Z,2,2.5,2.4694,1.71,meteofrance_arpege_europe
2026-07-06,2026-07-07T09:00:00Z,27,0.8,2.9691,2.21,meteofrance_arpege_europe
2026-07-07,2026-07-07T09:00:00Z,3,0.8,2.839,2.21,meteofrance_arpege_europe
2026-07-06,2026-07-07T10:00:00Z,28,0.9,3.652,3.11,meteofrance_arpege_europe
2026-07-07,2026-07-07T10:00:00Z,4,0.9,3.5535,3.11,meteofrance_arpege_europe
2026-07-06,2026-07-07T11:00:00Z,29,3.5,4.3649,3.95,meteofrance_arpege_europe
2026-07-07,2026-07-07T11:00:00Z,5,3.5,4.5463,3.95,meteofrance_arpege_europe
2026-07-06,2026-07-07T12:00:00Z,30,5.3,4.6174,3.96,meteofrance_arpege_europe
2026-07-07,2026-07-07T12:00:00Z,6,5.3,4.8247,3.96,meteofrance_arpege_europe
2026-07-06,2026-07-07T13:00:00Z,31,5.9,4.6841,4.0,meteofrance_arpege_europe
2026-07-07,2026-07-07T13:00:00Z,7,5.9,4.9011,4.0,meteofrance_arpege_europe
2026-07-06,2026-07-07T14:00:00Z,32,4.7,4.5035,3.64,meteofrance_arpege_europe
2026-07-07,2026-07-07T14:00:00Z,8,4.7,4.4817,3.64,meteofrance_arpege_europe
2026-07-06,2026-07-07T15:00:00Z,33,3.2,4.433,3.61,meteofrance_arpege_europe
2026-07-07,2026-07-07T15:00:00Z,9,3.2,4.4825,3.61,meteofrance_arpege_europe
2026-07-06,2026-07-07T16:00:00Z,34,3.1,4.4168,3.57,meteofrance_arpege_europe
2026-07-07,2026-07-07T16:00:00Z,10,3.1,4.3845,3.57,meteofrance_arpege_europe
2026-07-06,2026-07-07T17:00:00Z,35,4.3,4.3324,3.32,meteofrance_arpege_europe
2026-07-07,2026-07-07T17:00:00Z,11,4.3,4.3313,3.32,meteofrance_arpege_europe
2026-07-06,2026-07-07T18:00:00Z,36,3.2,3.8502,3.01,meteofrance_arpege_europe
2026-07-07,2026-07-07T18:00:00Z,12,3.2,3.7137,3.01,meteofrance_arpege_europe
2026-07-06,2026-07-07T19:00:00Z,37,3.5,3.499,3.0,meteofrance_arpege_europe
2026-07-07,2026-07-07T19:00:00Z,13,3.5,3.5407,3.0,meteofrance_arpege_europe
2026-07-06,2026-07-07T20:00:00Z,38,2.2,3.1986,2.82,meteofrance_arpege_europe
2026-07-07,2026-07-07T20:00:00Z,14,2.2,3.3832,2.82,meteofrance_arpege_europe
2026-07-06,2026-07-07T21:00:00Z,39,1.4,3.125,2.61,meteofrance_arpege_europe
2026-07-07,2026-07-07T21:00:00Z,15,1.4,3.0536,2.61,meteofrance_arpege_europe
2026-07-06,2026-07-07T22:00:00Z,40,2.2,3.1184,2.7,meteofrance_arpege_europe
2026-07-07,2026-07-07T22:00:00Z,16,2.2,2.9495,2.7,meteofrance_arpege_europe
2026-07-06,2026-07-07T23:00:00Z,41,1.7,3.2668,3.01,meteofrance_arpege_europe
2026-07-07,2026-07-07T23:00:00Z,17,1.7,2.8353,3.01,meteofrance_arpege_europe
2026-07-06,2026-07-08T00:00:00Z,42,1.7,3.0321,2.42,meteofrance_arpege_europe
2026-07-07,2026-07-08T00:00:00Z,18,1.7,2.7399,2.42,meteofrance_arpege_europe
2026-07-06,2026-07-08T01:00:00Z,43,1.7,2.7449,1.96,meteofrance_arpege_europe
2026-07-07,2026-07-08T01:00:00Z,19,1.7,2.622,1.96,meteofrance_arpege_europe
2026-07-06,2026-07-08T02:00:00Z,44,2.0,2.5475,1.36,meteofrance_arpege_europe
2026-07-07,2026-07-08T02:00:00Z,20,2.0,2.1315,1.36,meteofrance_arpege_europe
2026-07-06,2026-07-08T03:00:00Z,45,1.9,2.4603,1.08,meteofrance_arpege_europe
2026-07-07,2026-07-08T03:00:00Z,21,1.9,1.8566,1.08,meteofrance_arpege_europe
2026-07-06,2026-07-08T04:00:00Z,46,1.6,2.5519,0.73,meteofrance_arpege_europe
2026-07-07,2026-07-08T04:00:00Z,22,1.6,1.782,0.73,meteofrance_arpege_europe
2026-07-06,2026-07-08T05:00:00Z,47,1.2,2.5881,0.86,meteofrance_arpege_europe
2026-07-07,2026-07-08T05:00:00Z,23,1.2,1.7251,0.86,meteofrance_arpege_europe
2026-07-06,2026-07-08T06:00:00Z,48,0.0,2.324,1.22,meteofrance_arpege_europe
2026-07-07,2026-07-08T06:00:00Z,24,0.0,1.4683,1.22,meteofrance_arpege_europe
2026-07-07,2026-07-08T07:00:00Z,25,1.7,2.1233,0.82,meteofrance_arpege_europe
2026-07-08,2026-07-08T07:00:00Z,1,1.7,1.1173,0.82,meteofrance_arpege_europe
2026-07-07,2026-07-08T08:00:00Z,26,2.2,2.0699,1.2,meteofrance_arpege_europe
2026-07-08,2026-07-08T08:00:00Z,2,2.2,1.4989,1.2,meteofrance_arpege_europe
2026-07-07,2026-07-08T09:00:00Z,27,2.1,2.4047,1.12,meteofrance_arpege_europe
2026-07-08,2026-07-08T09:00:00Z,3,2.1,2.3458,1.12,meteofrance_arpege_europe
2026-07-07,2026-07-08T10:00:00Z,28,2.5,2.9207,1.2,meteofrance_arpege_europe
2026-07-08,2026-07-08T10:00:00Z,4,2.5,2.4566,1.2,meteofrance_arpege_europe
2026-07-07,2026-07-08T11:00:00Z,29,1.8,3.417,1.61,meteofrance_arpege_europe
2026-07-08,2026-07-08T11:00:00Z,5,1.8,2.3806,1.61,meteofrance_arpege_europe
2026-07-07,2026-07-08T12:00:00Z,30,2.9,4.057,2.3,meteofrance_arpege_europe
2026-07-08,2026-07-08T12:00:00Z,6,2.9,3.4299,2.3,meteofrance_arpege_europe
2026-07-07,2026-07-08T13:00:00Z,31,2.8,3.9123,3.6,meteofrance_arpege_europe
2026-07-08,2026-07-08T13:00:00Z,7,2.8,3.1936,3.6,meteofrance_arpege_europe
2026-07-07,2026-07-08T14:00:00Z,32,2.4,3.9857,3.6,meteofrance_arpege_europe
2026-07-08,2026-07-08T14:00:00Z,8,2.4,3.2329,3.6,meteofrance_arpege_europe
2026-07-07,2026-07-08T15:00:00Z,33,2.0,3.5789,3.41,meteofrance_arpege_europe
2026-07-08,2026-07-08T15:00:00Z,9,2.0,2.442,3.41,meteofrance_arpege_europe
2026-07-07,2026-07-08T16:00:00Z,34,1.3,3.2347,3.31,meteofrance_arpege_europe
2026-07-08,2026-07-08T16:00:00Z,10,1.3,2.0386,3.31,meteofrance_arpege_europe
2026-07-07,2026-07-08T17:00:00Z,35,1.4,3.3063,3.11,meteofrance_arpege_europe
2026-07-08,2026-07-08T17:00:00Z,11,1.4,1.9481,3.11,meteofrance_arpege_europe
2026-07-07,2026-07-08T18:00:00Z,36,1.9,3.3312,2.7,meteofrance_arpege_europe
2026-07-08,2026-07-08T18:00:00Z,12,1.9,2.2697,2.7,meteofrance_arpege_europe
2026-07-07,2026-07-08T19:00:00Z,37,1.7,2.7267,2.22,meteofrance_arpege_europe
2026-07-08,2026-07-08T19:00:00Z,13,1.7,1.4251,2.22,meteofrance_arpege_europe
2026-07-07,2026-07-08T20:00:00Z,38,1.3,2.437,1.65,meteofrance_arpege_europe
2026-07-08,2026-07-08T20:00:00Z,14,1.3,1.4986,1.65,meteofrance_arpege_europe
2026-07-07,2026-07-08T21:00:00Z,39,1.1,1.9786,1.04,meteofrance_arpege_europe
2026-07-08,2026-07-08T21:00:00Z,15,1.1,1.628,1.04,meteofrance_arpege_europe
2026-07-07,2026-07-08T22:00:00Z,40,1.8,2.0099,0.82,meteofrance_arpege_europe
2026-07-08,2026-07-08T22:00:00Z,16,1.8,1.419,0.82,meteofrance_arpege_europe
2026-07-07,2026-07-08T23:00:00Z,41,2.1,2.0103,0.73,meteofrance_arpege_europe
2026-07-08,2026-07-08T23:00:00Z,17,2.1,1.4059,0.73,meteofrance_arpege_europe
2026-07-07,2026-07-09T00:00:00Z,42,1.8,1.8305,0.81,meteofrance_arpege_europe
2026-07-08,2026-07-09T00:00:00Z,18,1.8,2.0364,0.81,meteofrance_arpege_europe
2026-07-07,2026-07-09T01:00:00Z,43,1.1,1.6504,0.89,meteofrance_arpege_europe
2026-07-08,2026-07-09T01:00:00Z,19,1.1,1.8348,0.89,meteofrance_arpege_europe
2026-07-07,2026-07-09T02:00:00Z,44,2.0,1.6313,0.91,meteofrance_arpege_europe
2026-07-08,2026-07-09T02:00:00Z,20,2.0,1.5032,0.91,meteofrance_arpege_europe
2026-07-07,2026-07-09T03:00:00Z,45,0.5,1.626,1.1,meteofrance_arpege_europe
2026-07-08,2026-07-09T03:00:00Z,21,0.5,1.5655,1.1,meteofrance_arpege_europe
2026-07-07,2026-07-09T04:00:00Z,46,0.5,1.4208,1.02,meteofrance_arpege_europe
2026-07-08,2026-07-09T04:00:00Z,22,0.5,1.4336,1.02,meteofrance_arpege_europe
2026-07-07,2026-07-09T05:00:00Z,47,1.2,1.3832,1.06,meteofrance_arpege_europe
2026-07-08,2026-07-09T05:00:00Z,23,1.2,1.325,1.06,meteofrance_arpege_europe
2026-07-07,2026-07-09T06:00:00Z,48,0.0,1.8523,2.06,meteofrance_arpege_europe
2026-07-08,2026-07-09T06:00:00Z,24,0.0,1.4957,2.06,meteofrance_arpege_europe
2026-07-08,2026-07-09T07:00:00Z,25,1.5,2.6691,2.16,meteofrance_arpege_europe
2026-07-09,2026-07-09T07:00:00Z,1,1.5,1.5365,2.16,meteofrance_arpege_europe
2026-07-08,2026-07-09T08:00:00Z,26,2.4,3.3565,2.55,meteofrance_arpege_europe
2026-07-09,2026-07-09T08:00:00Z,2,2.4,2.312,2.55,meteofrance_arpege_europe
2026-07-08,2026-07-09T09:00:00Z,27,2.4,3.7279,2.82,meteofrance_arpege_europe
2026-07-09,2026-07-09T09:00:00Z,3,2.4,3.5354,2.82,meteofrance_arpege_europe
2026-07-08,2026-07-09T10:00:00Z,28,1.4,4.0166,2.82,meteofrance_arpege_europe
2026-07-09,2026-07-09T10:00:00Z,4,1.4,3.5555,2.82,meteofrance_arpege_europe
2026-07-08,2026-07-09T11:00:00Z,29,2.2,4.0901,3.11,meteofrance_arpege_europe
2026-07-09,2026-07-09T11:00:00Z,5,2.2,4.4127,3.11,meteofrance_arpege_europe
2026-07-08,2026-07-09T12:00:00Z,30,2.1,4.2946,3.36,meteofrance_arpege_europe
2026-07-09,2026-07-09T12:00:00Z,6,2.1,4.1869,3.36,meteofrance_arpege_europe
2026-07-08,2026-07-09T13:00:00Z,31,1.7,4.3287,3.85,meteofrance_arpege_europe
2026-07-09,2026-07-09T13:00:00Z,7,1.7,3.8364,3.85,meteofrance_arpege_europe
2026-07-08,2026-07-09T14:00:00Z,32,2.2,4.5224,3.8,meteofrance_arpege_europe
2026-07-09,2026-07-09T14:00:00Z,8,2.2,2.9184,3.8,meteofrance_arpege_europe
2026-07-08,2026-07-09T15:00:00Z,33,7.7,3.8432,3.67,meteofrance_arpege_europe
2026-07-09,2026-07-09T15:00:00Z,9,7.7,3.0643,3.67,meteofrance_arpege_europe
2026-07-08,2026-07-09T16:00:00Z,34,6.2,4.4282,3.94,meteofrance_arpege_europe
2026-07-09,2026-07-09T16:00:00Z,10,6.2,2.9894,3.94,meteofrance_arpege_europe
2026-07-08,2026-07-09T17:00:00Z,35,3.8,4.1179,3.68,meteofrance_arpege_europe
2026-07-09,2026-07-09T17:00:00Z,11,3.8,3.4016,3.68,meteofrance_arpege_europe
2026-07-08,2026-07-09T18:00:00Z,36,2.0,4.3495,3.96,meteofrance_arpege_europe
2026-07-09,2026-07-09T18:00:00Z,12,2.0,4.4053,3.96,meteofrance_arpege_europe
2026-07-08,2026-07-09T19:00:00Z,37,1.9,4.0196,3.79,meteofrance_arpege_europe
2026-07-09,2026-07-09T19:00:00Z,13,1.9,3.4915,3.79,meteofrance_arpege_europe
2026-07-08,2026-07-09T20:00:00Z,38,1.6,3.6422,3.69,meteofrance_arpege_europe
2026-07-09,2026-07-09T20:00:00Z,14,1.6,2.9086,3.69,meteofrance_arpege_europe
2026-07-08,2026-07-09T21:00:00Z,39,2.0,3.2078,3.24,meteofrance_arpege_europe
2026-07-09,2026-07-09T21:00:00Z,15,2.0,2.8096,3.24,meteofrance_arpege_europe
2026-07-08,2026-07-09T22:00:00Z,40,2.4,3.5485,3.31,meteofrance_arpege_europe
2026-07-09,2026-07-09T22:00:00Z,16,2.4,2.8161,3.31,meteofrance_arpege_europe
2026-07-08,2026-07-09T23:00:00Z,41,1.5,3.9569,3.81,meteofrance_arpege_europe
2026-07-09,2026-07-09T23:00:00Z,17,1.5,3.131,3.81,meteofrance_arpege_europe
2026-07-08,2026-07-10T00:00:00Z,42,2.6,4.1032,4.11,meteofrance_arpege_europe
2026-07-09,2026-07-10T00:00:00Z,18,2.6,3.0951,4.11,meteofrance_arpege_europe
2026-07-08,2026-07-10T01:00:00Z,43,1.6,4.018,3.83,meteofrance_arpege_europe
2026-07-09,2026-07-10T01:00:00Z,19,1.6,2.9452,3.83,meteofrance_arpege_europe
2026-07-08,2026-07-10T02:00:00Z,44,2.6,3.5703,3.3,meteofrance_arpege_europe
2026-07-09,2026-07-10T02:00:00Z,20,2.6,3.0489,3.3,meteofrance_arpege_europe
2026-07-08,2026-07-10T03:00:00Z,45,1.0,3.0625,2.41,meteofrance_arpege_europe
2026-07-09,2026-07-10T03:00:00Z,21,1.0,2.4063,2.41,meteofrance_arpege_europe
2026-07-08,2026-07-10T04:00:00Z,46,1.0,2.4242,2.33,meteofrance_arpege_europe
2026-07-09,2026-07-10T04:00:00Z,22,1.0,1.6951,2.33,meteofrance_arpege_europe
2026-07-08,2026-07-10T05:00:00Z,47,1.9,2.3969,1.98,meteofrance_arpege_europe
2026-07-09,2026-07-10T05:00:00Z,23,1.9,1.6065,1.98,meteofrance_arpege_europe
2026-07-08,2026-07-10T06:00:00Z,48,1.1,2.9941,2.33,meteofrance_arpege_europe
2026-07-09,2026-07-10T06:00:00Z,24,1.1,2.5053,2.33,meteofrance_arpege_europe
2026-07-09,2026-07-10T07:00:00Z,25,2.0,2.462,2.69,meteofrance_arpege_europe
2026-07-10,2026-07-10T07:00:00Z,1,2.0,1.218,2.69,meteofrance_arpege_europe
2026-07-09,2026-07-10T08:00:00Z,26,3.6,4.6293,3.36,meteofrance_arpege_europe
2026-07-10,2026-07-10T08:00:00Z,2,3.6,4.1817,3.36,meteofrance_arpege_europe
2026-07-09,2026-07-10T09:00:00Z,27,6.8,6.6275,3.98,meteofrance_arpege_europe
2026-07-10,2026-07-10T09:00:00Z,3,6.8,6.7535,3.98,meteofrance_arpege_europe
2026-07-09,2026-07-10T10:00:00Z,28,9.2,8.1867,4.97,meteofrance_arpege_europe
2026-07-10,2026-07-10T10:00:00Z,4,9.2,8.0738,4.97,meteofrance_arpege_europe
2026-07-09,2026-07-10T11:00:00Z,29,8.6,8.5809,5.59,meteofrance_arpege_europe
2026-07-10,2026-07-10T11:00:00Z,5,8.6,8.0932,5.59,meteofrance_arpege_europe
2026-07-09,2026-07-10T12:00:00Z,30,7.5,9.8195,6.22,meteofrance_arpege_europe
2026-07-10,2026-07-10T12:00:00Z,6,7.5,9.1262,6.22,meteofrance_arpege_europe
2026-07-09,2026-07-10T13:00:00Z,31,7.0,9.5616,6.23,meteofrance_arpege_europe
2026-07-10,2026-07-10T13:00:00Z,7,7.0,8.8442,6.23,meteofrance_arpege_europe
2026-07-09,2026-07-10T14:00:00Z,32,7.2,9.3756,6.11,meteofrance_arpege_europe
2026-07-10,2026-07-10T14:00:00Z,8,7.2,8.9715,6.11,meteofrance_arpege_europe
2026-07-09,2026-07-10T15:00:00Z,33,8.0,9.3769,6.0,meteofrance_arpege_europe
2026-07-10,2026-07-10T15:00:00Z,9,8.0,8.7292,6.0,meteofrance_arpege_europe
2026-07-09,2026-07-10T16:00:00Z,34,7.8,9.5484,6.1,meteofrance_arpege_europe
2026-07-10,2026-07-10T16:00:00Z,10,7.8,9.0315,6.1,meteofrance_arpege_europe
2026-07-09,2026-07-10T17:00:00Z,35,8.0,9.4379,6.0,meteofrance_arpege_europe
2026-07-10,2026-07-10T17:00:00Z,11,8.0,7.9975,6.0,meteofrance_arpege_europe
2026-07-09,2026-07-10T18:00:00Z,36,5.8,8.8575,5.87,meteofrance_arpege_europe
2026-07-10,2026-07-10T18:00:00Z,12,5.8,8.2423,5.87,meteofrance_arpege_europe
2026-07-09,2026-07-10T19:00:00Z,37,6.7,9.1172,5.99,meteofrance_arpege_europe
2026-07-10,2026-07-10T19:00:00Z,13,6.7,10.2479,5.99,meteofrance_arpege_europe
2026-07-09,2026-07-10T20:00:00Z,38,7.5,9.5648,6.26,meteofrance_arpege_europe
2026-07-10,2026-07-10T20:00:00Z,14,7.5,10.473,6.26,meteofrance_arpege_europe
2026-07-09,2026-07-10T21:00:00Z,39,8.1,10.0422,6.45,meteofrance_arpege_europe
2026-07-10,2026-07-10T21:00:00Z,15,8.1,10.6822,6.45,meteofrance_arpege_europe
2026-07-09,2026-07-10T22:00:00Z,40,7.8,9.6559,6.58,meteofrance_arpege_europe
2026-07-10,2026-07-10T22:00:00Z,16,7.8,10.9309,6.58,meteofrance_arpege_europe
2026-07-09,2026-07-10T23:00:00Z,41,8.0,9.1151,6.18,meteofrance_arpege_europe
2026-07-10,2026-07-10T23:00:00Z,17,8.0,10.0985,6.18,meteofrance_arpege_europe
2026-07-09,2026-07-11T00:00:00Z,42,6.5,8.0853,5.7,meteofrance_arpege_europe
2026-07-10,2026-07-11T00:00:00Z,18,6.5,8.2908,5.7,meteofrance_arpege_europe
2026-07-09,2026-07-11T01:00:00Z,43,6.3,7.8057,5.54,meteofrance_arpege_europe
2026-07-10,2026-07-11T01:00:00Z,19,6.3,7.8762,5.54,meteofrance_arpege_europe
2026-07-09,2026-07-11T02:00:00Z,44,6.7,7.6819,5.32,meteofrance_arpege_europe
2026-07-10,2026-07-11T02:00:00Z,20,6.7,7.6088,5.32,meteofrance_arpege_europe
2026-07-09,2026-07-11T03:00:00Z,45,6.7,7.3965,5.06,meteofrance_arpege_europe
2026-07-10,2026-07-11T03:00:00Z,21,6.7,7.5228,5.06,meteofrance_arpege_europe
2026-07-09,2026-07-11T04:00:00Z,46,6.2,7.6883,5.26,meteofrance_arpege_europe
2026-07-10,2026-07-11T04:00:00Z,22,6.2,8.2194,5.26,meteofrance_arpege_europe
2026-07-09,2026-07-11T05:00:00Z,47,5.5,8.5495,5.42,meteofrance_arpege_europe
2026-07-10,2026-07-11T05:00:00Z,23,5.5,7.6694,5.42,meteofrance_arpege_europe
2026-07-09,2026-07-11T06:00:00Z,48,6.4,8.9399,5.24,meteofrance_arpege_europe
2026-07-10,2026-07-11T06:00:00Z,24,6.4,8.1711,5.24,meteofrance_arpege_europe
2026-07-10,2026-07-11T07:00:00Z,25,7.9,8.7449,5.5,meteofrance_arpege_europe
2026-07-11,2026-07-11T07:00:00Z,1,7.9,8.6045,5.5,meteofrance_arpege_europe
2026-07-10,2026-07-11T08:00:00Z,26,8.9,9.4523,5.99,meteofrance_arpege_europe
2026-07-11,2026-07-11T08:00:00Z,2,8.9,9.5366,5.99,meteofrance_arpege_europe
2026-07-10,2026-07-11T09:00:00Z,27,9.8,9.2447,6.0,meteofrance_arpege_europe
2026-07-11,2026-07-11T09:00:00Z,3,9.8,9.9368,6.0,meteofrance_arpege_europe
2026-07-10,2026-07-11T10:00:00Z,28,9.9,10.1064,6.13,meteofrance_arpege_europe
2026-07-11,2026-07-11T10:00:00Z,4,9.9,10.6442,6.13,meteofrance_arpege_europe
2026-07-10,2026-07-11T11:00:00Z,29,9.6,10.0542,6.16,meteofrance_arpege_europe
2026-07-11,2026-07-11T11:00:00Z,5,9.6,10.1079,6.16,meteofrance_arpege_europe
2026-07-10,2026-07-11T12:00:00Z,30,8.7,10.5028,6.27,meteofrance_arpege_europe
2026-07-11,2026-07-11T12:00:00Z,6,8.7,10.3822,6.27,meteofrance_arpege_europe
2026-07-10,2026-07-11T13:00:00Z,31,8.2,11.8792,7.27,meteofrance_arpege_europe
2026-07-11,2026-07-11T13:00:00Z,7,8.2,11.6876,7.27,meteofrance_arpege_europe
2026-07-10,2026-07-11T14:00:00Z,32,7.7,12.0052,7.26,meteofrance_arpege_europe
2026-07-11,2026-07-11T14:00:00Z,8,7.7,11.7281,7.26,meteofrance_arpege_europe
2026-07-10,2026-07-11T15:00:00Z,33,9.9,12.0451,7.72,meteofrance_arpege_europe
2026-07-11,2026-07-11T15:00:00Z,9,9.9,12.16,7.72,meteofrance_arpege_europe
2026-07-10,2026-07-11T16:00:00Z,34,8.9,12.2327,7.84,meteofrance_arpege_europe
2026-07-11,2026-07-11T16:00:00Z,10,8.9,12.5175,7.84,meteofrance_arpege_europe
2026-07-10,2026-07-11T17:00:00Z,35,10.2,11.8153,7.29,meteofrance_arpege_europe
2026-07-11,2026-07-11T17:00:00Z,11,10.2,12.4786,7.29,meteofrance_arpege_europe
2026-07-10,2026-07-11T18:00:00Z,36,9.8,11.0372,6.91,meteofrance_arpege_europe
2026-07-11,2026-07-11T18:00:00Z,12,9.8,11.8518,6.91,meteofrance_arpege_europe
2026-07-10,2026-07-11T19:00:00Z,37,8.7,10.5095,6.8,meteofrance_arpege_europe
2026-07-11,2026-07-11T19:00:00Z,13,8.7,10.5178,6.8,meteofrance_arpege_europe
2026-07-10,2026-07-11T20:00:00Z,38,9.5,11.1394,6.96,meteofrance_arpege_europe
2026-07-11,2026-07-11T20:00:00Z,14,9.5,10.4846,6.96,meteofrance_arpege_europe
2026-07-10,2026-07-11T21:00:00Z,39,10.6,11.6963,7.19,meteofrance_arpege_europe
2026-07-11,2026-07-11T21:00:00Z,15,10.6,10.6702,7.19,meteofrance_arpege_europe
2026-07-10,2026-07-11T22:00:00Z,40,11.8,11.8365,7.25,meteofrance_arpege_europe
2026-07-11,2026-07-11T22:00:00Z,16,11.8,11.4256,7.25,meteofrance_arpege_europe
2026-07-10,2026-07-11T23:00:00Z,41,10.4,11.4953,7.07,meteofrance_arpege_europe
2026-07-11,2026-07-11T23:00:00Z,17,10.4,11.1609,7.07,meteofrance_arpege_europe
2026-07-10,2026-07-12T00:00:00Z,42,10.7,11.5303,6.94,meteofrance_arpege_europe
2026-07-11,2026-07-12T00:00:00Z,18,10.7,11.1718,6.94,meteofrance_arpege_europe
2026-07-10,2026-07-12T01:00:00Z,43,9.4,11.638,6.89,meteofrance_arpege_europe
2026-07-11,2026-07-12T01:00:00Z,19,9.4,11.2363,6.89,meteofrance_arpege_europe
2026-07-10,2026-07-12T02:00:00Z,44,10.0,11.483,6.93,meteofrance_arpege_europe
2026-07-11,2026-07-12T02:00:00Z,20,10.0,11.4729,6.93,meteofrance_arpege_europe
2026-07-10,2026-07-12T03:00:00Z,45,12.3,11.7252,6.93,meteofrance_arpege_europe
2026-07-11,2026-07-12T03:00:00Z,21,12.3,11.9332,6.93,meteofrance_arpege_europe
2026-07-10,2026-07-12T04:00:00Z,46,10.7,11.3078,6.93,meteofrance_arpege_europe
2026-07-11,2026-07-12T04:00:00Z,22,10.7,11.4555,6.93,meteofrance_arpege_europe
2026-07-10,2026-07-12T05:00:00Z,47,11.6,11.1167,6.75,meteofrance_arpege_europe
2026-07-11,2026-07-12T05:00:00Z,23,11.6,11.1848,6.75,meteofrance_arpege_europe
2026-07-10,2026-07-12T06:00:00Z,48,11.4,11.1201,6.8,meteofrance_arpege_europe
2026-07-11,2026-07-12T06:00:00Z,24,11.4,11.4722,6.8,meteofrance_arpege_europe
2026-07-11,2026-07-12T07:00:00Z,25,11.6,12.1551,7.03,meteofrance_arpege_europe
2026-07-12,2026-07-12T07:00:00Z,1,11.6,11.8521,7.03,meteofrance_arpege_europe
2026-07-11,2026-07-12T08:00:00Z,26,11.9,11.7354,7.49,meteofrance_arpege_europe
2026-07-12,2026-07-12T08:00:00Z,2,11.9,11.8888,7.49,meteofrance_arpege_europe
2026-07-11,2026-07-12T09:00:00Z,27,12.1,12.0734,7.82,meteofrance_arpege_europe
2026-07-12,2026-07-12T09:00:00Z,3,12.1,11.9311,7.82,meteofrance_arpege_europe
2026-07-11,2026-07-12T10:00:00Z,28,11.9,12.3936,8.22,meteofrance_arpege_europe
2026-07-12,2026-07-12T10:00:00Z,4,11.9,12.3447,8.22,meteofrance_arpege_europe
2026-07-11,2026-07-12T11:00:00Z,29,11.9,12.4246,8.39,meteofrance_arpege_europe
2026-07-12,2026-07-12T11:00:00Z,5,11.9,12.3194,8.39,meteofrance_arpege_europe
2026-07-11,2026-07-12T12:00:00Z,30,12.6,13.3168,8.42,meteofrance_arpege_europe
2026-07-12,2026-07-12T12:00:00Z,6,12.6,12.5877,8.42,meteofrance_arpege_europe
2026-07-11,2026-07-12T13:00:00Z,31,11.8,14.0383,9.13,meteofrance_arpege_europe
2026-07-12,2026-07-12T13:00:00Z,7,11.8,14.2917,9.13,meteofrance_arpege_europe
2026-07-11,2026-07-12T14:00:00Z,32,13.3,13.4027,8.45,meteofrance_arpege_europe
2026-07-12,2026-07-12T14:00:00Z,8,13.3,13.0936,8.45,meteofrance_arpege_europe
2026-07-11,2026-07-12T15:00:00Z,33,13.8,13.3738,8.68,meteofrance_arpege_europe
2026-07-12,2026-07-12T15:00:00Z,9,13.8,13.1294,8.68,meteofrance_arpege_europe
2026-07-11,2026-07-12T16:00:00Z,34,13.5,14.0028,9.0,meteofrance_arpege_europe
2026-07-12,2026-07-12T16:00:00Z,10,13.5,13.31,9.0,meteofrance_arpege_europe
2026-07-11,2026-07-12T17:00:00Z,35,13.1,13.8044,8.64,meteofrance_arpege_europe
2026-07-12,2026-07-12T17:00:00Z,11,13.1,12.9025,8.64,meteofrance_arpege_europe
2026-07-11,2026-07-12T18:00:00Z,36,13.4,14.2011,9.5,meteofrance_arpege_europe
2026-07-12,2026-07-12T18:00:00Z,12,13.4,13.7855,9.5,meteofrance_arpege_europe
2026-07-11,2026-07-12T19:00:00Z,37,14.1,15.0372,9.98,meteofrance_arpege_europe
2026-07-12,2026-07-12T19:00:00Z,13,14.1,13.7975,9.98,meteofrance_arpege_europe
2026-07-11,2026-07-12T20:00:00Z,38,14.5,16.2875,10.43,meteofrance_arpege_europe
2026-07-12,2026-07-12T20:00:00Z,14,14.5,14.1449,10.43,meteofrance_arpege_europe
2026-07-11,2026-07-12T21:00:00Z,39,15.1,16.2477,10.5,meteofrance_arpege_europe
2026-07-12,2026-07-12T21:00:00Z,15,15.1,15.4474,10.5,meteofrance_arpege_europe
2026-07-11,2026-07-12T22:00:00Z,40,15.8,15.7765,10.38,meteofrance_arpege_europe
2026-07-12,2026-07-12T22:00:00Z,16,15.8,15.0825,10.38,meteofrance_arpege_europe
2026-07-11,2026-07-12T23:00:00Z,41,15.2,15.7093,10.31,meteofrance_arpege_europe
2026-07-12,2026-07-12T23:00:00Z,17,15.2,14.9627,10.31,meteofrance_arpege_europe
2026-07-11,2026-07-13T00:00:00Z,42,14.5,16.1836,10.42,meteofrance_arpege_europe
2026-07-12,2026-07-13T00:00:00Z,18,14.5,14.6288,10.42,meteofrance_arpege_europe
2026-07-11,2026-07-13T01:00:00Z,43,15.2,15.4549,10.06,meteofrance_arpege_europe
2026-07-12,2026-07-13T01:00:00Z,19,15.2,14.4882,10.06,meteofrance_arpege_europe
2026-07-11,2026-07-13T02:00:00Z,44,14.0,16.0209,9.7,meteofrance_arpege_europe
2026-07-12,2026-07-13T02:00:00Z,20,14.0,13.8666,9.7,meteofrance_arpege_europe
2026-07-11,2026-07-13T03:00:00Z,45,14.5,16.3916,9.8,meteofrance_arpege_europe
2026-07-12,2026-07-13T03:00:00Z,21,14.5,15.45,9.8,meteofrance_arpege_europe
2026-07-11,2026-07-13T04:00:00Z,46,12.7,16.7219,10.17,meteofrance_arpege_europe
2026-07-12,2026-07-13T04:00:00Z,22,12.7,15.0805,10.17,meteofrance_arpege_europe
2026-07-11,2026-07-13T05:00:00Z,47,15.4,17.7577,10.44,meteofrance_arpege_europe
2026-07-12,2026-07-13T05:00:00Z,23,15.4,15.7684,10.44,meteofrance_arpege_europe
2026-07-11,2026-07-13T06:00:00Z,48,15.2,17.4724,10.32,meteofrance_arpege_europe
2026-07-12,2026-07-13T06:00:00Z,24,15.2,16.0796,10.32,meteofrance_arpege_europe
2026-07-12,2026-07-13T07:00:00Z,25,13.2,16.6472,10.1,meteofrance_arpege_europe
2026-07-13,2026-07-13T07:00:00Z,1,13.2,16.2112,10.1,meteofrance_arpege_europe
2026-07-12,2026-07-13T08:00:00Z,26,12.9,17.1019,10.54,meteofrance_arpege_europe
2026-07-13,2026-07-13T08:00:00Z,2,12.9,17.1069,10.54,meteofrance_arpege_europe
2026-07-12,2026-07-13T09:00:00Z,27,14.0,17.1675,10.88,meteofrance_arpege_europe
2026-07-13,2026-07-13T09:00:00Z,3,14.0,17.5225,10.88,meteofrance_arpege_europe
2026-07-12,2026-07-13T10:00:00Z,28,12.3,16.4353,10.62,meteofrance_arpege_europe
2026-07-13,2026-07-13T10:00:00Z,4,12.3,17.1636,10.62,meteofrance_arpege_europe
2026-07-12,2026-07-13T11:00:00Z,29,13.7,14.2177,9.75,meteofrance_arpege_europe
2026-07-13,2026-07-13T11:00:00Z,5,13.7,15.2994,9.75,meteofrance_arpege_europe
2026-07-12,2026-07-13T12:00:00Z,30,7.9,13.2114,9.68,meteofrance_arpege_europe
2026-07-13,2026-07-13T12:00:00Z,6,7.9,14.8615,9.68,meteofrance_arpege_europe
2026-07-12,2026-07-13T13:00:00Z,31,10.9,12.9355,9.21,meteofrance_arpege_europe
2026-07-13,2026-07-13T13:00:00Z,7,10.9,14.837,9.21,meteofrance_arpege_europe
2026-07-12,2026-07-13T14:00:00Z,32,16.4,14.7078,10.32,meteofrance_arpege_europe
2026-07-13,2026-07-13T14:00:00Z,8,16.4,15.5972,10.32,meteofrance_arpege_europe
2026-07-12,2026-07-13T15:00:00Z,33,9.5,13.1323,9.32,meteofrance_arpege_europe
2026-07-13,2026-07-13T15:00:00Z,9,9.5,15.2482,9.32,meteofrance_arpege_europe
2026-07-12,2026-07-13T16:00:00Z,34,9.3,12.4764,9.23,meteofrance_arpege_europe
2026-07-13,2026-07-13T16:00:00Z,10,9.3,14.6477,9.23,meteofrance_arpege_europe
2026-07-12,2026-07-13T17:00:00Z,35,12.4,12.9712,9.07,meteofrance_arpege_europe
2026-07-13,2026-07-13T17:00:00Z,11,12.4,14.1466,9.07,meteofrance_arpege_europe
2026-07-12,2026-07-13T18:00:00Z,36,9.9,10.8689,8.29,meteofrance_arpege_europe
2026-07-13,2026-07-13T18:00:00Z,12,9.9,12.0052,8.29,meteofrance_arpege_europe
2026-07-12,2026-07-13T19:00:00Z,37,10.3,10.6031,8.2,meteofrance_arpege_europe
2026-07-13,2026-07-13T19:00:00Z,13,10.3,12.108,8.2,meteofrance_arpege_europe
2026-07-12,2026-07-13T20:00:00Z,38,11.8,9.945,8.11,meteofrance_arpege_europe
2026-07-13,2026-07-13T20:00:00Z,14,11.8,11.7849,8.11,meteofrance_arpege_europe
2026-07-12,2026-07-13T21:00:00Z,39,11.6,10.6332,7.83,meteofrance_arpege_europe
2026-07-13,2026-07-13T21:00:00Z,15,11.6,12.462,7.83,meteofrance_arpege_europe
2026-07-12,2026-07-13T22:00:00Z,40,11.3,10.6583,7.92,meteofrance_arpege_europe
2026-07-13,2026-07-13T22:00:00Z,16,11.3,12.6214,7.92,meteofrance_arpege_europe
2026-07-12,2026-07-13T23:00:00Z,41,11.7,11.2377,8.14,meteofrance_arpege_europe
2026-07-13,2026-07-13T23:00:00Z,17,11.7,12.6905,8.14,meteofrance_arpege_europe
2026-07-12,2026-07-14T00:00:00Z,42,12.1,11.3782,8.08,meteofrance_arpege_europe
2026-07-13,2026-07-14T00:00:00Z,18,12.1,12.4737,8.08,meteofrance_arpege_europe
2026-07-12,2026-07-14T01:00:00Z,43,12.1,10.6107,7.88,meteofrance_arpege_europe
2026-07-13,2026-07-14T01:00:00Z,19,12.1,12.9971,7.88,meteofrance_arpege_europe
2026-07-12,2026-07-14T02:00:00Z,44,11.4,10.369,7.22,meteofrance_arpege_europe
2026-07-13,2026-07-14T02:00:00Z,20,11.4,12.1287,7.22,meteofrance_arpege_europe
2026-07-12,2026-07-14T03:00:00Z,45,12.4,9.8968,7.08,meteofrance_arpege_europe
2026-07-13,2026-07-14T03:00:00Z,21,12.4,11.7861,7.08,meteofrance_arpege_europe
2026-07-12,2026-07-14T04:00:00Z,46,10.7,9.97,6.94,meteofrance_arpege_europe
2026-07-13,2026-07-14T04:00:00Z,22,10.7,11.028,6.94,meteofrance_arpege_europe
2026-07-12,2026-07-14T05:00:00Z,47,11.9,9.9849,6.8,meteofrance_arpege_europe
2026-07-13,2026-07-14T05:00:00Z,23,11.9,11.0638,6.8,meteofrance_arpege_europe
2026-07-12,2026-07-14T06:00:00Z,48,11.4,10.565,6.93,meteofrance_arpege_europe
2026-07-13,2026-07-14T06:00:00Z,24,11.4,11.5674,6.93,meteofrance_arpege_europe
2026-07-13,2026-07-14T07:00:00Z,25,10.4,11.9445,6.93,meteofrance_arpege_europe
2026-07-14,2026-07-14T07:00:00Z,1,10.4,11.4993,6.93,meteofrance_arpege_europe
2026-07-13,2026-07-14T08:00:00Z,26,10.2,12.4751,7.26,meteofrance_arpege_europe
2026-07-14,2026-07-14T08:00:00Z,2,10.2,11.6785,7.26,meteofrance_arpege_europe
2026-07-13,2026-07-14T09:00:00Z,27,8.6,12.25,7.53,meteofrance_arpege_europe
2026-07-14,2026-07-14T09:00:00Z,3,8.6,11.4898,7.53,meteofrance_arpege_europe
2026-07-13,2026-07-14T10:00:00Z,28,8.2,12.0072,7.7,meteofrance_arpege_europe
2026-07-14,2026-07-14T10:00:00Z,4,8.2,11.3483,7.7,meteofrance_arpege_europe
2026-07-13,2026-07-14T11:00:00Z,29,7.7,11.9165,7.56,meteofrance_arpege_europe
2026-07-14,2026-07-14T11:00:00Z,5,7.7,11.3376,7.56,meteofrance_arpege_europe
2026-07-13,2026-07-14T12:00:00Z,30,7.3,11.1973,7.32,meteofrance_arpege_europe
2026-07-14,2026-07-14T12:00:00Z,6,7.3,11.0288,7.32,meteofrance_arpege_europe
2026-07-13,2026-07-14T13:00:00Z,31,9.1,11.0192,7.13,meteofrance_arpege_europe
2026-07-14,2026-07-14T13:00:00Z,7,9.1,10.8579,7.13,meteofrance_arpege_europe
2026-07-13,2026-07-14T14:00:00Z,32,8.3,10.6253,6.62,meteofrance_arpege_europe
2026-07-14,2026-07-14T14:00:00Z,8,8.3,10.0025,6.62,meteofrance_arpege_europe
2026-07-13,2026-07-14T15:00:00Z,33,8.2,9.8149,6.26,meteofrance_arpege_europe
2026-07-14,2026-07-14T15:00:00Z,9,8.2,9.5873,6.26,meteofrance_arpege_europe
2026-07-13,2026-07-14T16:00:00Z,34,5.3,9.1639,5.98,meteofrance_arpege_europe
2026-07-14,2026-07-14T16:00:00Z,10,5.3,8.7027,5.98,meteofrance_arpege_europe
2026-07-13,2026-07-14T17:00:00Z,35,5.9,8.6869,5.44,meteofrance_arpege_europe
2026-07-14,2026-07-14T17:00:00Z,11,5.9,7.8279,5.44,meteofrance_arpege_europe
2026-07-13,2026-07-14T18:00:00Z,36,5.2,7.9684,4.27,meteofrance_arpege_europe
2026-07-14,2026-07-14T18:00:00Z,12,5.2,7.0051,4.27,meteofrance_arpege_europe
2026-07-13,2026-07-14T19:00:00Z,37,4.5,7.5778,4.25,meteofrance_arpege_europe
2026-07-14,2026-07-14T19:00:00Z,13,4.5,6.1002,4.25,meteofrance_arpege_europe
2026-07-13,2026-07-14T20:00:00Z,38,4.0,7.9841,4.6,meteofrance_arpege_europe
2026-07-14,2026-07-14T20:00:00Z,14,4.0,7.4185,4.6,meteofrance_arpege_europe
2026-07-13,2026-07-14T21:00:00Z,39,2.8,8.2265,4.55,meteofrance_arpege_europe
2026-07-14,2026-07-14T21:00:00Z,15,2.8,7.7311,4.55,meteofrance_arpege_europe
2026-07-13,2026-07-14T22:00:00Z,40,1.5,7.9504,4.75,meteofrance_arpege_europe
2026-07-14,2026-07-14T22:00:00Z,16,1.5,8.4182,4.75,meteofrance_arpege_europe
2026-07-13,2026-07-14T23:00:00Z,41,1.0,8.4198,5.05,meteofrance_arpege_europe
2026-07-14,2026-07-14T23:00:00Z,17,1.0,9.0715,5.05,meteofrance_arpege_europe
2026-07-13,2026-07-15T00:00:00Z,42,3.2,8.9928,5.47,meteofrance_arpege_europe
2026-07-14,2026-07-15T00:00:00Z,18,3.2,9.5792,5.47,meteofrance_arpege_europe
2026-07-13,2026-07-15T01:00:00Z,43,3.9,8.8474,5.62,meteofrance_arpege_europe
2026-07-14,2026-07-15T01:00:00Z,19,3.9,9.523,5.62,meteofrance_arpege_europe
2026-07-13,2026-07-15T02:00:00Z,44,5.4,9.2343,5.22,meteofrance_arpege_europe
2026-07-14,2026-07-15T02:00:00Z,20,5.4,9.6804,5.22,meteofrance_arpege_europe
2026-07-13,2026-07-15T03:00:00Z,45,6.9,9.99,5.52,meteofrance_arpege_europe
2026-07-14,2026-07-15T03:00:00Z,21,6.9,9.549,5.52,meteofrance_arpege_europe
2026-07-13,2026-07-15T04:00:00Z,46,6.8,9.794,5.52,meteofrance_arpege_europe
2026-07-14,2026-07-15T04:00:00Z,22,6.8,9.5588,5.52,meteofrance_arpege_europe
2026-07-13,2026-07-15T05:00:00Z,47,7.9,9.5022,5.11,meteofrance_arpege_europe
2026-07-14,2026-07-15T05:00:00Z,23,7.9,9.5793,5.11,meteofrance_arpege_europe
2026-07-13,2026-07-15T06:00:00Z,48,8.3,9.4248,5.13,meteofrance_arpege_europe
2026-07-14,2026-07-15T06:00:00Z,24,8.3,9.2353,5.13,meteofrance_arpege_europe
2026-07-14,2026-07-15T07:00:00Z,25,9.1,10.1348,6.64,meteofrance_arpege_europe
2026-07-15,2026-07-15T07:00:00Z,1,9.1,10.5562,6.64,meteofrance_arpege_europe
2026-07-14,2026-07-15T08:00:00Z,26,8.8,10.5438,7.18,meteofrance_arpege_europe
2026-07-15,2026-07-15T08:00:00Z,2,8.8,11.0501,7.18,meteofrance_arpege_europe
2026-07-14,2026-07-15T09:00:00Z,27,9.9,10.1636,6.58,meteofrance_arpege_europe
2026-07-15,2026-07-15T09:00:00Z,3,9.9,10.5464,6.58,meteofrance_arpege_europe
2026-07-14,2026-07-15T10:00:00Z,28,10.6,9.8606,6.26,meteofrance_arpege_europe
2026-07-15,2026-07-15T10:00:00Z,4,10.6,9.8435,6.26,meteofrance_arpege_europe
2026-07-14,2026-07-15T11:00:00Z,29,10.4,10.4395,6.36,meteofrance_arpege_europe
2026-07-15,2026-07-15T11:00:00Z,5,10.4,10.106,6.36,meteofrance_arpege_europe
2026-07-14,2026-07-15T12:00:00Z,30,11.2,8.2662,5.15,meteofrance_arpege_europe
2026-07-15,2026-07-15T12:00:00Z,6,11.2,8.6302,5.15,meteofrance_arpege_europe
2026-07-14,2026-07-15T13:00:00Z,31,9.6,8.1801,5.22,meteofrance_arpege_europe
2026-07-15,2026-07-15T13:00:00Z,7,9.6,8.5334,5.22,meteofrance_arpege_europe
2026-07-14,2026-07-15T14:00:00Z,32,6.5,8.4993,5.35,meteofrance_arpege_europe
2026-07-15,2026-07-15T14:00:00Z,8,6.5,8.5819,5.35,meteofrance_arpege_europe
2026-07-14,2026-07-15T15:00:00Z,33,5.4,8.8605,5.72,meteofrance_arpege_europe
2026-07-15,2026-07-15T15:00:00Z,9,5.4,9.0675,5.72,meteofrance_arpege_europe
2026-07-14,2026-07-15T16:00:00Z,34,8.6,9.0674,6.51,meteofrance_arpege_europe
2026-07-15,2026-07-15T16:00:00Z,10,8.6,9.3856,6.51,meteofrance_arpege_europe
2026-07-14,2026-07-15T17:00:00Z,35,7.6,9.119,6.61,meteofrance_arpege_europe
2026-07-15,2026-07-15T17:00:00Z,11,7.6,9.3903,6.61,meteofrance_arpege_europe
2026-07-14,2026-07-15T18:00:00Z,36,6.6,7.3726,5.88,meteofrance_arpege_europe
2026-07-15,2026-07-15T18:00:00Z,12,6.6,7.918,5.88,meteofrance_arpege_europe
2026-07-14,2026-07-15T19:00:00Z,37,6.1,7.0245,5.71,meteofrance_arpege_europe
2026-07-15,2026-07-15T19:00:00Z,13,6.1,6.0069,5.71,meteofrance_arpege_europe
2026-07-14,2026-07-15T20:00:00Z,38,4.9,6.0495,5.82,meteofrance_arpege_europe
2026-07-15,2026-07-15T20:00:00Z,14,4.9,5.2417,5.82,meteofrance_arpege_europe
2026-07-14,2026-07-15T21:00:00Z,39,5.2,6.3659,5.93,meteofrance_arpege_europe
2026-07-15,2026-07-15T21:00:00Z,15,5.2,5.6394,5.93,meteofrance_arpege_europe
2026-07-14,2026-07-15T22:00:00Z,40,4.8,6.3672,6.1,meteofrance_arpege_europe
2026-07-15,2026-07-15T22:00:00Z,16,4.8,6.071,6.1,meteofrance_arpege_europe
2026-07-14,2026-07-15T23:00:00Z,41,1.7,7.4921,6.07,meteofrance_arpege_europe
2026-07-15,2026-07-15T23:00:00Z,17,1.7,7.3257,6.07,meteofrance_arpege_europe
2026-07-14,2026-07-16T00:00:00Z,42,0.9,7.0092,4.96,meteofrance_arpege_europe
2026-07-15,2026-07-16T00:00:00Z,18,0.9,6.0999,4.96,meteofrance_arpege_europe
2026-07-14,2026-07-16T01:00:00Z,43,4.1,6.4445,4.7,meteofrance_arpege_europe
2026-07-15,2026-07-16T01:00:00Z,19,4.1,5.5883,4.7,meteofrance_arpege_europe
2026-07-14,2026-07-16T02:00:00Z,44,5.6,6.6893,4.55,meteofrance_arpege_europe
2026-07-15,2026-07-16T02:00:00Z,20,5.6,6.5083,4.55,meteofrance_arpege_europe
2026-07-14,2026-07-16T03:00:00Z,45,5.1,7.5416,4.6,meteofrance_arpege_europe
2026-07-15,2026-07-16T03:00:00Z,21,5.1,6.8886,4.6,meteofrance_arpege_europe
2026-07-14,2026-07-16T04:00:00Z,46,6.0,7.7955,4.74,meteofrance_arpege_europe
2026-07-15,2026-07-16T04:00:00Z,22,6.0,6.6416,4.74,meteofrance_arpege_europe
2026-07-14,2026-07-16T05:00:00Z,47,5.1,8.1887,4.76,meteofrance_arpege_europe
2026-07-15,2026-07-16T05:00:00Z,23,5.1,7.4144,4.76,meteofrance_arpege_europe
2026-07-14,2026-07-16T06:00:00Z,48,5.4,8.39,4.41,meteofrance_arpege_europe
2026-07-15,2026-07-16T06:00:00Z,24,5.4,8.7006,4.41,meteofrance_arpege_europe
2026-07-15,2026-07-16T07:00:00Z,25,7.1,7.1303,4.52,meteofrance_arpege_europe
2026-07-16,2026-07-16T07:00:00Z,1,7.1,6.7681,4.52,meteofrance_arpege_europe
2026-07-15,2026-07-16T08:00:00Z,26,8.1,7.9911,4.88,meteofrance_arpege_europe
2026-07-16,2026-07-16T08:00:00Z,2,8.1,7.4713,4.88,meteofrance_arpege_europe
2026-07-15,2026-07-16T09:00:00Z,27,8.5,8.7898,5.08,meteofrance_arpege_europe
2026-07-16,2026-07-16T09:00:00Z,3,8.5,8.4588,5.08,meteofrance_arpege_europe
2026-07-15,2026-07-16T10:00:00Z,28,9.2,8.6702,4.96,meteofrance_arpege_europe
2026-07-16,2026-07-16T10:00:00Z,4,9.2,8.7281,4.96,meteofrance_arpege_europe
2026-07-15,2026-07-16T11:00:00Z,29,9.5,7.8504,5.14,meteofrance_arpege_europe
2026-07-16,2026-07-16T11:00:00Z,5,9.5,8.1267,5.14,meteofrance_arpege_europe
2026-07-15,2026-07-16T12:00:00Z,30,9.0,9.2456,5.91,meteofrance_arpege_europe
2026-07-16,2026-07-16T12:00:00Z,6,9.0,9.116,5.91,meteofrance_arpege_europe
2026-07-15,2026-07-16T13:00:00Z,31,10.0,9.131,6.26,meteofrance_arpege_europe
2026-07-16,2026-07-16T13:00:00Z,7,10.0,9.6096,6.26,meteofrance_arpege_europe
2026-07-15,2026-07-16T14:00:00Z,32,10.3,9.2715,6.26,meteofrance_arpege_europe
2026-07-16,2026-07-16T14:00:00Z,8,10.3,9.541,6.26,meteofrance_arpege_europe
2026-07-15,2026-07-16T15:00:00Z,33,9.1,8.832,5.71,meteofrance_arpege_europe
2026-07-16,2026-07-16T15:00:00Z,9,9.1,8.9213,5.71,meteofrance_arpege_europe
2026-07-15,2026-07-16T16:00:00Z,34,9.8,9.0189,5.67,meteofrance_arpege_europe
2026-07-16,2026-07-16T16:00:00Z,10,9.8,8.8371,5.67,meteofrance_arpege_europe
2026-07-15,2026-07-16T17:00:00Z,35,6.0,8.0599,4.75,meteofrance_arpege_europe
2026-07-16,2026-07-16T17:00:00Z,11,6.0,8.1974,4.75,meteofrance_arpege_europe
2026-07-15,2026-07-16T18:00:00Z,36,5.1,7.8978,4.28,meteofrance_arpege_europe
2026-07-16,2026-07-16T18:00:00Z,12,5.1,7.9766,4.28,meteofrance_arpege_europe
2026-07-15,2026-07-16T19:00:00Z,37,3.6,6.7036,4.42,meteofrance_arpege_europe
2026-07-16,2026-07-16T19:00:00Z,13,3.6,6.0114,4.42,meteofrance_arpege_europe
2026-07-15,2026-07-16T20:00:00Z,38,6.8,4.9181,4.8,meteofrance_arpege_europe
2026-07-16,2026-07-16T20:00:00Z,14,6.8,4.9355,4.8,meteofrance_arpege_europe
2026-07-15,2026-07-16T21:00:00Z,39,4.7,4.6008,4.81,meteofrance_arpege_europe
2026-07-16,2026-07-16T21:00:00Z,15,4.7,4.8874,4.81,meteofrance_arpege_europe
2026-07-15,2026-07-16T22:00:00Z,40,4.8,4.0458,4.8,meteofrance_arpege_europe
2026-07-16,2026-07-16T22:00:00Z,16,4.8,4.4818,4.8,meteofrance_arpege_europe
2026-07-15,2026-07-16T23:00:00Z,41,3.6,4.9697,4.83,meteofrance_arpege_europe
2026-07-16,2026-07-16T23:00:00Z,17,3.6,5.7783,4.83,meteofrance_arpege_europe
2026-07-15,2026-07-17T00:00:00Z,42,2.7,4.8825,4.06,meteofrance_arpege_europe
2026-07-16,2026-07-17T00:00:00Z,18,2.7,5.3467,4.06,meteofrance_arpege_europe
2026-07-15,2026-07-17T01:00:00Z,43,3.6,3.8374,3.18,meteofrance_arpege_europe
2026-07-16,2026-07-17T01:00:00Z,19,3.6,4.7205,3.18,meteofrance_arpege_europe
2026-07-15,2026-07-17T02:00:00Z,44,5.0,3.4035,2.98,meteofrance_arpege_europe
2026-07-16,2026-07-17T02:00:00Z,20,5.0,4.0394,2.98,meteofrance_arpege_europe
2026-07-15,2026-07-17T03:00:00Z,45,5.2,3.1638,2.38,meteofrance_arpege_europe
2026-07-16,2026-07-17T03:00:00Z,21,5.2,4.237,2.38,meteofrance_arpege_europe
2026-07-15,2026-07-17T04:00:00Z,46,5.4,2.0177,2.09,meteofrance_arpege_europe
2026-07-16,2026-07-17T04:00:00Z,22,5.4,3.5426,2.09,meteofrance_arpege_europe
2026-07-15,2026-07-17T05:00:00Z,47,4.1,1.6452,1.9,meteofrance_arpege_europe
2026-07-16,2026-07-17T05:00:00Z,23,4.1,3.1941,1.9,meteofrance_arpege_europe
2026-07-15,2026-07-17T06:00:00Z,48,2.0,3.2517,2.25,meteofrance_arpege_europe
2026-07-16,2026-07-17T06:00:00Z,24,2.0,3.655,2.25,meteofrance_arpege_europe
2026-07-16,2026-07-17T07:00:00Z,25,2.5,3.5836,2.22,meteofrance_arpege_europe
2026-07-17,2026-07-17T07:00:00Z,1,2.5,3.7652,2.22,meteofrance_arpege_europe
2026-07-16,2026-07-17T08:00:00Z,26,2.1,2.8042,1.58,meteofrance_arpege_europe
2026-07-17,2026-07-17T08:00:00Z,2,2.1,3.1736,1.58,meteofrance_arpege_europe
2026-07-16,2026-07-17T09:00:00Z,27,2.7,3.0658,1.39,meteofrance_arpege_europe
2026-07-17,2026-07-17T09:00:00Z,3,2.7,3.1037,1.39,meteofrance_arpege_europe
2026-07-16,2026-07-17T10:00:00Z,28,2.6,2.9576,2.06,meteofrance_arpege_europe
2026-07-17,2026-07-17T10:00:00Z,4,2.6,3.5027,2.06,meteofrance_arpege_europe
2026-07-16,2026-07-17T11:00:00Z,29,1.6,3.8792,3.23,meteofrance_arpege_europe
2026-07-17,2026-07-17T11:00:00Z,5,1.6,4.3134,3.23,meteofrance_arpege_europe
2026-07-16,2026-07-17T12:00:00Z,30,1.7,3.8995,3.13,meteofrance_arpege_europe
2026-07-17,2026-07-17T12:00:00Z,6,1.7,4.0092,3.13,meteofrance_arpege_europe
2026-07-16,2026-07-17T13:00:00Z,31,1.9,3.724,3.06,meteofrance_arpege_europe
2026-07-17,2026-07-17T13:00:00Z,7,1.9,4.1448,3.06,meteofrance_arpege_europe
2026-07-16,2026-07-17T14:00:00Z,32,1.7,3.5805,3.04,meteofrance_arpege_europe
2026-07-17,2026-07-17T14:00:00Z,8,1.7,3.697,3.04,meteofrance_arpege_europe
2026-07-16,2026-07-17T15:00:00Z,33,1.7,3.1237,2.8,meteofrance_arpege_europe
2026-07-17,2026-07-17T15:00:00Z,9,1.7,3.613,2.8,meteofrance_arpege_europe
2026-07-16,2026-07-17T16:00:00Z,34,1.5,2.9872,2.43,meteofrance_arpege_europe
2026-07-17,2026-07-17T16:00:00Z,10,1.5,3.374,2.43,meteofrance_arpege_europe
2026-07-16,2026-07-17T17:00:00Z,35,1.6,3.247,2.56,meteofrance_arpege_europe
2026-07-17,2026-07-17T17:00:00Z,11,1.6,3.073,2.56,meteofrance_arpege_europe
2026-07-16,2026-07-17T18:00:00Z,36,1.7,4.1068,2.52,meteofrance_arpege_europe
2026-07-17,2026-07-17T18:00:00Z,12,1.7,4.2859,2.52,meteofrance_arpege_europe
2026-07-16,2026-07-17T19:00:00Z,37,3.5,3.6712,3.1,meteofrance_arpege_europe
2026-07-17,2026-07-17T19:00:00Z,13,3.5,3.7234,3.1,meteofrance_arpege_europe
2026-07-16,2026-07-17T20:00:00Z,38,3.2,3.4694,3.4,meteofrance_arpege_europe
2026-07-17,2026-07-17T20:00:00Z,14,3.2,3.6587,3.4,meteofrance_arpege_europe
2026-07-16,2026-07-17T21:00:00Z,39,2.1,3.2336,3.11,meteofrance_arpege_europe
2026-07-17,2026-07-17T21:00:00Z,15,2.1,2.9309,3.11,meteofrance_arpege_europe
2026-07-16,2026-07-17T22:00:00Z,40,2.2,3.1467,3.03,meteofrance_arpege_europe
2026-07-17,2026-07-17T22:00:00Z,16,2.2,2.7848,3.03,meteofrance_arpege_europe
2026-07-16,2026-07-17T23:00:00Z,41,2.9,3.1502,2.69,meteofrance_arpege_europe
2026-07-17,2026-07-17T23:00:00Z,17,2.9,2.9041,2.69,meteofrance_arpege_europe
2026-07-16,2026-07-18T00:00:00Z,42,3.2,3.2996,2.66,meteofrance_arpege_europe
2026-07-17,2026-07-18T00:00:00Z,18,3.2,2.9575,2.66,meteofrance_arpege_europe
2026-07-16,2026-07-18T01:00:00Z,43,3.5,3.2609,2.69,meteofrance_arpege_europe
2026-07-17,2026-07-18T01:00:00Z,19,3.5,2.9785,2.69,meteofrance_arpege_europe
2026-07-16,2026-07-18T02:00:00Z,44,3.1,3.3768,2.78,meteofrance_arpege_europe
2026-07-17,2026-07-18T02:00:00Z,20,3.1,2.9331,2.78,meteofrance_arpege_europe
2026-07-16,2026-07-18T03:00:00Z,45,3.2,3.1687,2.51,meteofrance_arpege_europe
2026-07-17,2026-07-18T03:00:00Z,21,3.2,3.1621,2.51,meteofrance_arpege_europe
2026-07-16,2026-07-18T04:00:00Z,46,3.1,2.9882,2.08,meteofrance_arpege_europe
2026-07-17,2026-07-18T04:00:00Z,22,3.1,3.0094,2.08,meteofrance_arpege_europe
2026-07-16,2026-07-18T05:00:00Z,47,2.8,3.0763,1.72,meteofrance_arpege_europe
2026-07-17,2026-07-18T05:00:00Z,23,2.8,3.1368,1.72,meteofrance_arpege_europe
2026-07-16,2026-07-18T06:00:00Z,48,1.3,2.6996,1.28,meteofrance_arpege_europe
2026-07-17,2026-07-18T06:00:00Z,24,1.3,2.8421,1.28,meteofrance_arpege_europe
2026-07-17,2026-07-18T07:00:00Z,25,1.7,2.5107,1.1,meteofrance_arpege_europe
2026-07-18,2026-07-18T07:00:00Z,1,1.7,2.1619,1.1,meteofrance_arpege_europe
2026-07-17,2026-07-18T08:00:00Z,26,3.7,2.2745,1.64,meteofrance_arpege_europe
2026-07-18,2026-07-18T08:00:00Z,2,3.7,2.1272,1.64,meteofrance_arpege_europe
2026-07-17,2026-07-18T09:00:00Z,27,5.8,4.5787,3.42,meteofrance_arpege_europe
2026-07-18,2026-07-18T09:00:00Z,3,5.8,3.7943,3.42,meteofrance_arpege_europe
2026-07-17,2026-07-18T10:00:00Z,28,6.5,6.1227,3.24,meteofrance_arpege_europe
2026-07-18,2026-07-18T10:00:00Z,4,6.5,4.6254,3.24,meteofrance_arpege_europe
2026-07-17,2026-07-18T11:00:00Z,29,7.1,7.4844,3.58,meteofrance_arpege_europe
2026-07-18,2026-07-18T11:00:00Z,5,7.1,5.8835,3.58,meteofrance_arpege_europe
2026-07-17,2026-07-18T12:00:00Z,30,8.1,7.5724,4.47,meteofrance_arpege_europe
2026-07-18,2026-07-18T12:00:00Z,6,8.1,6.8378,4.47,meteofrance_arpege_europe
2026-07-17,2026-07-18T13:00:00Z,31,9.6,7.2639,5.4,meteofrance_arpege_europe
2026-07-18,2026-07-18T13:00:00Z,7,9.6,7.7075,5.4,meteofrance_arpege_europe
2026-07-17,2026-07-18T14:00:00Z,32,7.6,7.9886,5.69,meteofrance_arpege_europe
2026-07-18,2026-07-18T14:00:00Z,8,7.6,7.7216,5.69,meteofrance_arpege_europe
2026-07-17,2026-07-18T15:00:00Z,33,6.9,7.6183,4.88,meteofrance_arpege_europe
2026-07-18,2026-07-18T15:00:00Z,9,6.9,7.9909,4.88,meteofrance_arpege_europe
2026-07-17,2026-07-18T16:00:00Z,34,6.3,7.3608,4.36,meteofrance_arpege_europe
2026-07-18,2026-07-18T16:00:00Z,10,6.3,7.0917,4.36,meteofrance_arpege_europe
2026-07-17,2026-07-18T17:00:00Z,35,5.8,6.5185,4.0,meteofrance_arpege_europe
2026-07-18,2026-07-18T17:00:00Z,11,5.8,6.7622,4.0,meteofrance_arpege_europe
2026-07-17,2026-07-18T18:00:00Z,36,4.9,6.7612,4.07,meteofrance_arpege_europe
2026-07-18,2026-07-18T18:00:00Z,12,4.9,6.9972,4.07,meteofrance_arpege_europe
2026-07-17,2026-07-18T19:00:00Z,37,5.6,5.9986,3.71,meteofrance_arpege_europe
2026-07-18,2026-07-18T19:00:00Z,13,5.6,6.5813,3.71,meteofrance_arpege_europe
2026-07-17,2026-07-18T20:00:00Z,38,6.6,4.6314,3.61,meteofrance_arpege_europe
2026-07-18,2026-07-18T20:00:00Z,14,6.6,5.3054,3.61,meteofrance_arpege_europe
2026-07-17,2026-07-18T21:00:00Z,39,4.8,4.1011,4.43,meteofrance_arpege_europe
2026-07-18,2026-07-18T21:00:00Z,15,4.8,4.8362,4.43,meteofrance_arpege_europe
2026-07-17,2026-07-18T22:00:00Z,40,3.7,3.5202,3.81,meteofrance_arpege_europe
2026-07-18,2026-07-18T22:00:00Z,16,3.7,4.3442,3.81,meteofrance_arpege_europe
2026-07-17,2026-07-18T23:00:00Z,41,2.7,3.3998,3.4,meteofrance_arpege_europe
2026-07-18,2026-07-18T23:00:00Z,17,2.7,4.1019,3.4,meteofrance_arpege_europe
2026-07-17,2026-07-19T00:00:00Z,42,3.8,4.0946,3.86,meteofrance_arpege_europe
2026-07-18,2026-07-19T00:00:00Z,18,3.8,4.9451,3.86,meteofrance_arpege_europe
2026-07-17,2026-07-19T01:00:00Z,43,2.8,4.4665,3.24,meteofrance_arpege_europe
2026-07-18,2026-07-19T01:00:00Z,19,2.8,4.9015,3.24,meteofrance_arpege_europe
2026-07-17,2026-07-19T02:00:00Z,44,2.6,4.5005,3.28,meteofrance_arpege_europe
2026-07-18,2026-07-19T02:00:00Z,20,2.6,4.9712,3.28,meteofrance_arpege_europe
2026-07-17,2026-07-19T03:00:00Z,45,2.8,4.2192,3.2,meteofrance_arpege_europe
2026-07-18,2026-07-19T03:00:00Z,21,2.8,4.9327,3.2,meteofrance_arpege_europe
2026-07-17,2026-07-19T04:00:00Z,46,3.8,3.4728,3.06,meteofrance_arpege_europe
2026-07-18,2026-07-19T04:00:00Z,22,3.8,3.4069,3.06,meteofrance_arpege_europe
2026-07-17,2026-07-19T05:00:00Z,47,3.2,3.4594,3.57,meteofrance_arpege_europe
2026-07-18,2026-07-19T05:00:00Z,23,3.2,4.1837,3.57,meteofrance_arpege_europe
2026-07-17,2026-07-19T06:00:00Z,48,4.1,5.8032,3.81,meteofrance_arpege_europe
2026-07-18,2026-07-19T06:00:00Z,24,4.1,5.4932,3.81,meteofrance_arpege_europe
2026-07-18,2026-07-19T07:00:00Z,25,8.9,6.9652,3.98,meteofrance_arpege_europe
2026-07-19,2026-07-19T07:00:00Z,1,8.9,6.5676,3.98,meteofrance_arpege_europe
2026-07-18,2026-07-19T08:00:00Z,26,7.4,7.4074,4.25,meteofrance_arpege_europe
2026-07-19,2026-07-19T08:00:00Z,2,7.4,7.6428,4.25,meteofrance_arpege_europe
2026-07-18,2026-07-19T09:00:00Z,27,8.8,8.8068,5.1,meteofrance_arpege_europe
2026-07-19,2026-07-19T09:00:00Z,3,8.8,8.6934,5.1,meteofrance_arpege_europe
2026-07-18,2026-07-19T10:00:00Z,28,7.4,9.2186,5.47,meteofrance_arpege_europe
2026-07-19,2026-07-19T10:00:00Z,4,7.4,8.8055,5.47,meteofrance_arpege_europe
2026-07-18,2026-07-19T11:00:00Z,29,7.1,9.1458,5.45,meteofrance_arpege_europe
2026-07-19,2026-07-19T11:00:00Z,5,7.1,8.4642,5.45,meteofrance_arpege_europe
2026-07-18,2026-07-19T12:00:00Z,30,6.4,8.781,5.38,meteofrance_arpege_europe
2026-07-19,2026-07-19T12:00:00Z,6,6.4,8.0274,5.38,meteofrance_arpege_europe
2026-07-18,2026-07-19T13:00:00Z,31,7.3,9.0129,5.59,meteofrance_arpege_europe
2026-07-19,2026-07-19T13:00:00Z,7,7.3,7.7736,5.59,meteofrance_arpege_europe
2026-07-18,2026-07-19T14:00:00Z,32,5.9,7.9521,4.66,meteofrance_arpege_europe
2026-07-19,2026-07-19T14:00:00Z,8,5.9,6.8892,4.66,meteofrance_arpege_europe
2026-07-18,2026-07-19T15:00:00Z,33,5.1,6.4414,4.12,meteofrance_arpege_europe
2026-07-19,2026-07-19T15:00:00Z,9,5.1,5.5928,4.12,meteofrance_arpege_europe
2026-07-18,2026-07-19T16:00:00Z,34,4.8,6.9002,4.06,meteofrance_arpege_europe
2026-07-19,2026-07-19T16:00:00Z,10,4.8,6.697,4.06,meteofrance_arpege_europe
2026-07-18,2026-07-19T17:00:00Z,35,6.2,6.0365,3.89,meteofrance_arpege_europe
2026-07-19,2026-07-19T17:00:00Z,11,6.2,5.6034,3.89,meteofrance_arpege_europe
2026-07-18,2026-07-19T18:00:00Z,36,4.3,3.5746,3.01,meteofrance_arpege_europe
2026-07-19,2026-07-19T18:00:00Z,12,4.3,3.2517,3.01,meteofrance_arpege_europe
2026-07-18,2026-07-19T19:00:00Z,37,3.7,3.3192,2.63,meteofrance_arpege_europe
2026-07-19,2026-07-19T19:00:00Z,13,3.7,3.2795,2.63,meteofrance_arpege_europe
2026-07-18,2026-07-19T20:00:00Z,38,4.0,2.8295,2.1,meteofrance_arpege_europe
2026-07-19,2026-07-19T20:00:00Z,14,4.0,2.4024,2.1,meteofrance_arpege_europe
2026-07-18,2026-07-19T21:00:00Z,39,3.7,2.5546,1.75,meteofrance_arpege_europe
2026-07-19,2026-07-19T21:00:00Z,15,3.7,2.0195,1.75,meteofrance_arpege_europe
2026-07-18,2026-07-19T22:00:00Z,40,2.4,2.7191,1.36,meteofrance_arpege_europe
2026-07-19,2026-07-19T22:00:00Z,16,2.4,1.9806,1.36,meteofrance_arpege_europe
2026-07-18,2026-07-19T23:00:00Z,41,1.6,2.681,1.12,meteofrance_arpege_europe
2026-07-19,2026-07-19T23:00:00Z,17,1.6,2.0003,1.12,meteofrance_arpege_europe
2026-07-18,2026-07-20T00:00:00Z,42,1.5,3.2226,2.22,meteofrance_arpege_europe
2026-07-19,2026-07-20T00:00:00Z,18,1.5,2.8742,2.22,meteofrance_arpege_europe
2026-07-18,2026-07-20T01:00:00Z,43,2.1,3.0359,1.86,meteofrance_arpege_europe
2026-07-19,2026-07-20T01:00:00Z,19,2.1,2.7136,1.86,meteofrance_arpege_europe
2026-07-18,2026-07-20T02:00:00Z,44,1.2,2.9481,1.7,meteofrance_arpege_europe
2026-07-19,2026-07-20T02:00:00Z,20,1.2,2.5041,1.7,meteofrance_arpege_europe
2026-07-18,2026-07-20T03:00:00Z,45,1.6,2.4983,1.75,meteofrance_arpege_europe
2026-07-19,2026-07-20T03:00:00Z,21,1.6,2.5026,1.75,meteofrance_arpege_europe
2026-07-18,2026-07-20T04:00:00Z,46,1.4,2.6378,1.5,meteofrance_arpege_europe
2026-07-19,2026-07-20T04:00:00Z,22,1.4,2.1728,1.5,meteofrance_arpege_europe
2026-07-18,2026-07-20T05:00:00Z,47,1.8,2.7568,1.94,meteofrance_arpege_europe
2026-07-19,2026-07-20T05:00:00Z,23,1.8,2.4703,1.94,meteofrance_arpege_europe
2026-07-18,2026-07-20T06:00:00Z,48,1.6,4.4047,2.2,meteofrance_arpege_europe
2026-07-19,2026-07-20T06:00:00Z,24,1.6,3.2692,2.2,meteofrance_arpege_europe
2026-07-19,2026-07-20T07:00:00Z,25,6.2,5.6152,2.5,meteofrance_arpege_europe
2026-07-20,2026-07-20T07:00:00Z,1,6.2,4.1932,2.5,meteofrance_arpege_europe
2026-07-19,2026-07-20T08:00:00Z,26,5.9,6.5232,3.85,meteofrance_arpege_europe
2026-07-20,2026-07-20T08:00:00Z,2,5.9,5.1389,3.85,meteofrance_arpege_europe
2026-07-19,2026-07-20T09:00:00Z,27,7.4,7.4135,5.06,meteofrance_arpege_europe
2026-07-20,2026-07-20T09:00:00Z,3,7.4,5.8324,5.06,meteofrance_arpege_europe
2026-07-19,2026-07-20T10:00:00Z,28,6.5,7.7422,5.3,meteofrance_arpege_europe
2026-07-20,2026-07-20T10:00:00Z,4,6.5,6.9643,5.3,meteofrance_arpege_europe
2026-07-19,2026-07-20T11:00:00Z,29,7.5,7.6838,5.33,meteofrance_arpege_europe
2026-07-20,2026-07-20T11:00:00Z,5,7.5,6.9975,5.33,meteofrance_arpege_europe
2026-07-19,2026-07-20T12:00:00Z,30,7.3,8.3042,5.64,meteofrance_arpege_europe
2026-07-20,2026-07-20T12:00:00Z,6,7.3,7.3586,5.64,meteofrance_arpege_europe
2026-07-19,2026-07-20T13:00:00Z,31,7.0,8.4413,5.86,meteofrance_arpege_europe
2026-07-20,2026-07-20T13:00:00Z,7,7.0,7.3219,5.86,meteofrance_arpege_europe
2026-07-19,2026-07-20T14:00:00Z,32,7.7,8.5184,5.75,meteofrance_arpege_europe
2026-07-20,2026-07-20T14:00:00Z,8,7.7,7.6978,5.75,meteofrance_arpege_europe
2026-07-19,2026-07-20T15:00:00Z,33,8.1,8.305,5.91,meteofrance_arpege_europe
2026-07-20,2026-07-20T15:00:00Z,9,8.1,7.452,5.91,meteofrance_arpege_europe
2026-07-19,2026-07-20T16:00:00Z,34,7.1,7.6275,5.5,meteofrance_arpege_europe
2026-07-20,2026-07-20T16:00:00Z,10,7.1,7.2945,5.5,meteofrance_arpege_europe
2026-07-19,2026-07-20T17:00:00Z,35,7.1,8.3636,5.53,meteofrance_arpege_europe
2026-07-20,2026-07-20T17:00:00Z,11,7.1,7.1964,5.53,meteofrance_arpege_europe
2026-07-19,2026-07-20T18:00:00Z,36,7.5,7.0597,4.72,meteofrance_arpege_europe
2026-07-20,2026-07-20T18:00:00Z,12,7.5,6.7512,4.72,meteofrance_arpege_europe
2026-07-19,2026-07-20T19:00:00Z,37,6.0,6.1295,4.5,meteofrance_arpege_europe
2026-07-20,2026-07-20T19:00:00Z,13,6.0,6.3579,4.5,meteofrance_arpege_europe
2026-07-19,2026-07-20T20:00:00Z,38,4.5,5.4243,4.01,meteofrance_arpege_europe
2026-07-20,2026-07-20T20:00:00Z,14,4.5,5.1217,4.01,meteofrance_arpege_europe
2026-07-19,2026-07-20T21:00:00Z,39,4.4,3.4841,2.84,meteofrance_arpege_europe
2026-07-20,2026-07-20T21:00:00Z,15,4.4,2.693,2.84,meteofrance_arpege_europe
2026-07-19,2026-07-20T22:00:00Z,40,4.0,3.3975,2.82,meteofrance_arpege_europe
2026-07-20,2026-07-20T22:00:00Z,16,4.0,2.6513,2.82,meteofrance_arpege_europe
2026-07-19,2026-07-20T23:00:00Z,41,4.9,3.4481,2.72,meteofrance_arpege_europe
2026-07-20,2026-07-20T23:00:00Z,17,4.9,2.8579,2.72,meteofrance_arpege_europe
2026-07-19,2026-07-21T00:00:00Z,42,4.4,4.392,2.95,meteofrance_arpege_europe
2026-07-20,2026-07-21T00:00:00Z,18,4.4,3.265,2.95,meteofrance_arpege_europe
2026-07-19,2026-07-21T01:00:00Z,43,1.7,4.3313,3.04,meteofrance_arpege_europe
2026-07-20,2026-07-21T01:00:00Z,19,1.7,3.3157,3.04,meteofrance_arpege_europe
2026-07-19,2026-07-21T02:00:00Z,44,4.5,4.1027,2.94,meteofrance_arpege_europe
2026-07-20,2026-07-21T02:00:00Z,20,4.5,2.6085,2.94,meteofrance_arpege_europe
2026-07-19,2026-07-21T03:00:00Z,45,4.5,3.8721,2.5,meteofrance_arpege_europe
2026-07-20,2026-07-21T03:00:00Z,21,4.5,2.6267,2.5,meteofrance_arpege_europe
2026-07-19,2026-07-21T04:00:00Z,46,4.4,2.9145,2.19,meteofrance_arpege_europe
2026-07-20,2026-07-21T04:00:00Z,22,4.4,2.3641,2.19,meteofrance_arpege_europe
2026-07-19,2026-07-21T05:00:00Z,47,5.1,2.353,2.2,meteofrance_arpege_europe
2026-07-20,2026-07-21T05:00:00Z,23,5.1,1.9045,2.2,meteofrance_arpege_europe
2026-07-19,2026-07-21T06:00:00Z,48,1.5,2.4282,2.33,meteofrance_arpege_europe
2026-07-20,2026-07-21T06:00:00Z,24,1.5,2.3837,2.33,meteofrance_arpege_europe
2026-07-20,2026-07-21T07:00:00Z,25,4.8,4.0278,2.83,meteofrance_arpege_europe
2026-07-21,2026-07-21T07:00:00Z,1,4.8,2.9197,2.83,meteofrance_arpege_europe
2026-07-20,2026-07-21T08:00:00Z,26,6.1,5.0431,3.36,meteofrance_arpege_europe
2026-07-21,2026-07-21T08:00:00Z,2,6.1,4.4992,3.36,meteofrance_arpege_europe
2026-07-20,2026-07-21T09:00:00Z,27,6.2,5.6102,3.72,meteofrance_arpege_europe
2026-07-21,2026-07-21T09:00:00Z,3,6.2,5.4604,3.72,meteofrance_arpege_europe
2026-07-20,2026-07-21T10:00:00Z,28,6.2,6.2218,4.0,meteofrance_arpege_europe
2026-07-21,2026-07-21T10:00:00Z,4,6.2,6.3709,4.0,meteofrance_arpege_europe
2026-07-20,2026-07-21T11:00:00Z,29,6.2,6.0364,4.3,meteofrance_arpege_europe
2026-07-21,2026-07-21T11:00:00Z,5,6.2,6.0215,4.3,meteofrance_arpege_europe
2026-07-20,2026-07-21T12:00:00Z,30,4.2,5.4795,4.44,meteofrance_arpege_europe
2026-07-21,2026-07-21T12:00:00Z,6,4.2,5.597,4.44,meteofrance_arpege_europe
2026-07-20,2026-07-21T13:00:00Z,31,4.5,5.9781,4.87,meteofrance_arpege_europe
2026-07-21,2026-07-21T13:00:00Z,7,4.5,5.949,4.87,meteofrance_arpege_europe
2026-07-20,2026-07-21T14:00:00Z,32,3.9,5.0446,4.3,meteofrance_arpege_europe
2026-07-21,2026-07-21T14:00:00Z,8,3.9,5.2161,4.3,meteofrance_arpege_europe
2026-07-20,2026-07-21T15:00:00Z,33,3.0,4.0986,3.86,meteofrance_arpege_europe
2026-07-21,2026-07-21T15:00:00Z,9,3.0,4.7898,3.86,meteofrance_arpege_europe
2026-07-20,2026-07-21T16:00:00Z,34,4.0,3.6221,3.72,meteofrance_arpege_europe
2026-07-21,2026-07-21T16:00:00Z,10,4.0,4.0066,3.72,meteofrance_arpege_europe
2026-07-20,2026-07-21T17:00:00Z,35,3.6,3.528,3.49,meteofrance_arpege_europe
2026-07-21,2026-07-21T17:00:00Z,11,3.6,3.4323,3.49,meteofrance_arpege_europe
2026-07-20,2026-07-21T18:00:00Z,36,3.9,3.5885,3.05,meteofrance_arpege_europe
2026-07-21,2026-07-21T18:00:00Z,12,3.9,2.8589,3.05,meteofrance_arpege_europe
2026-07-20,2026-07-21T19:00:00Z,37,2.7,3.4402,2.56,meteofrance_arpege_europe
2026-07-21,2026-07-21T19:00:00Z,13,2.7,2.47,2.56,meteofrance_arpege_europe
2026-07-20,2026-07-21T20:00:00Z,38,3.7,2.595,1.8,meteofrance_arpege_europe
2026-07-21,2026-07-21T20:00:00Z,14,3.7,2.3353,1.8,meteofrance_arpege_europe
2026-07-20,2026-07-21T21:00:00Z,39,3.1,2.4941,1.5,meteofrance_arpege_europe
2026-07-21,2026-07-21T21:00:00Z,15,3.1,1.8123,1.5,meteofrance_arpege_europe
2026-07-20,2026-07-21T22:00:00Z,40,1.8,2.5522,1.12,meteofrance_arpege_europe
2026-07-21,2026-07-21T22:00:00Z,16,1.8,1.7139,1.12,meteofrance_arpege_europe
2026-07-20,2026-07-21T23:00:00Z,41,1.4,2.1031,1.24,meteofrance_arpege_europe
2026-07-21,2026-07-21T23:00:00Z,17,1.4,1.6693,1.24,meteofrance_arpege_europe
2026-07-20,2026-07-22T00:00:00Z,42,1.6,1.9723,0.61,meteofrance_arpege_europe
2026-07-21,2026-07-22T00:00:00Z,18,1.6,1.5666,0.61,meteofrance_arpege_europe
2026-07-20,2026-07-22T01:00:00Z,43,2.3,1.5706,0.22,meteofrance_arpege_europe
2026-07-21,2026-07-22T01:00:00Z,19,2.3,1.4306,0.22,meteofrance_arpege_europe
2026-07-20,2026-07-22T02:00:00Z,44,2.3,1.8244,0.22,meteofrance_arpege_europe
2026-07-21,2026-07-22T02:00:00Z,20,2.3,1.3489,0.22,meteofrance_arpege_europe
2026-07-20,2026-07-22T03:00:00Z,45,1.8,2.0458,0.3,meteofrance_arpege_europe
2026-07-21,2026-07-22T03:00:00Z,21,1.8,1.5139,0.3,meteofrance_arpege_europe
2026-07-20,2026-07-22T04:00:00Z,46,3.5,2.169,0.61,meteofrance_arpege_europe
2026-07-21,2026-07-22T04:00:00Z,22,3.5,1.5659,0.61,meteofrance_arpege_europe
2026-07-20,2026-07-22T05:00:00Z,47,2.0,1.9963,0.41,meteofrance_arpege_europe
2026-07-21,2026-07-22T05:00:00Z,23,2.0,1.7174,0.41,meteofrance_arpege_europe
2026-07-20,2026-07-22T06:00:00Z,48,1.2,2.3269,0.22,meteofrance_arpege_europe
2026-07-21,2026-07-22T06:00:00Z,24,1.2,1.4287,0.22,meteofrance_arpege_europe
2026-07-21,2026-07-22T07:00:00Z,25,0.0,1.7288,0.14,meteofrance_arpege_europe
2026-07-22,2026-07-22T07:00:00Z,1,0.0,1.5217,0.14,meteofrance_arpege_europe
2026-07-21,2026-07-22T08:00:00Z,26,1.2,2.134,1.13,meteofrance_arpege_europe
2026-07-22,2026-07-22T08:00:00Z,2,1.2,2.3396,1.13,meteofrance_arpege_europe
2026-07-21,2026-07-22T09:00:00Z,27,2.9,2.2319,0.72,meteofrance_arpege_europe
2026-07-22,2026-07-22T09:00:00Z,3,2.9,2.6071,0.72,meteofrance_arpege_europe
2026-07-21,2026-07-22T10:00:00Z,28,2.7,2.4382,0.45,meteofrance_arpege_europe
2026-07-22,2026-07-22T10:00:00Z,4,2.7,2.4194,0.45,meteofrance_arpege_europe
2026-07-21,2026-07-22T11:00:00Z,29,3.6,3.0356,1.1,meteofrance_arpege_europe
2026-07-22,2026-07-22T11:00:00Z,5,3.6,2.6296,1.1,meteofrance_arpege_europe
2026-07-21,2026-07-22T12:00:00Z,30,4.1,3.0431,2.7,meteofrance_arpege_europe
2026-07-22,2026-07-22T12:00:00Z,6,4.1,2.9446,2.7,meteofrance_arpege_europe
2026-07-21,2026-07-22T13:00:00Z,31,4.3,3.912,4.21,meteofrance_arpege_europe
2026-07-22,2026-07-22T13:00:00Z,7,4.3,4.1607,4.21,meteofrance_arpege_europe
2026-07-21,2026-07-22T14:00:00Z,32,4.4,4.5159,4.24,meteofrance_arpege_europe
2026-07-22,2026-07-22T14:00:00Z,8,4.4,4.5335,4.24,meteofrance_arpege_europe
2026-07-21,2026-07-22T15:00:00Z,33,3.9,3.9303,3.83,meteofrance_arpege_europe
2026-07-22,2026-07-22T15:00:00Z,9,3.9,4.0888,3.83,meteofrance_arpege_europe
2026-07-21,2026-07-22T16:00:00Z,34,2.5,3.2055,3.61,meteofrance_arpege_europe
2026-07-22,2026-07-22T16:00:00Z,10,2.5,3.1509,3.61,meteofrance_arpege_europe
2026-07-21,2026-07-22T17:00:00Z,35,1.2,2.7289,2.72,meteofrance_arpege_europe
2026-07-22,2026-07-22T17:00:00Z,11,1.2,2.5314,2.72,meteofrance_arpege_europe
2026-07-21,2026-07-22T18:00:00Z,36,1.0,2.0143,1.71,meteofrance_arpege_europe
2026-07-22,2026-07-22T18:00:00Z,12,1.0,2.0969,1.71,meteofrance_arpege_europe
2026-07-21,2026-07-22T19:00:00Z,37,2.5,1.6814,1.73,meteofrance_arpege_europe
2026-07-22,2026-07-22T19:00:00Z,13,2.5,1.7154,1.73,meteofrance_arpege_europe
2026-07-21,2026-07-22T20:00:00Z,38,1.4,2.0866,1.08,meteofrance_arpege_europe
2026-07-22,2026-07-22T20:00:00Z,14,1.4,1.644,1.08,meteofrance_arpege_europe
2026-07-21,2026-07-22T21:00:00Z,39,2.0,2.2039,0.98,meteofrance_arpege_europe
2026-07-22,2026-07-22T21:00:00Z,15,2.0,1.8469,0.98,meteofrance_arpege_europe
2026-07-21,2026-07-22T22:00:00Z,40,1.0,2.1439,0.67,meteofrance_arpege_europe
2026-07-22,2026-07-22T22:00:00Z,16,1.0,1.7719,0.67,meteofrance_arpege_europe
2026-07-21,2026-07-22T23:00:00Z,41,1.8,1.7968,0.1,meteofrance_arpege_europe
2026-07-22,2026-07-22T23:00:00Z,17,1.8,1.5509,0.1,meteofrance_arpege_europe
2026-07-21,2026-07-23T00:00:00Z,42,2.3,2.0607,0.85,meteofrance_arpege_europe
2026-07-22,2026-07-23T00:00:00Z,18,2.3,2.0325,0.85,meteofrance_arpege_europe
2026-07-21,2026-07-23T01:00:00Z,43,2.1,2.1801,0.94,meteofrance_arpege_europe
2026-07-22,2026-07-23T01:00:00Z,19,2.1,2.0896,0.94,meteofrance_arpege_europe
2026-07-21,2026-07-23T02:00:00Z,44,2.0,2.3082,1.13,meteofrance_arpege_europe
2026-07-22,2026-07-23T02:00:00Z,20,2.0,2.2849,1.13,meteofrance_arpege_europe
2026-07-21,2026-07-23T03:00:00Z,45,2.5,2.4898,2.3,meteofrance_arpege_europe
2026-07-22,2026-07-23T03:00:00Z,21,2.5,2.7334,2.3,meteofrance_arpege_europe
2026-07-21,2026-07-23T04:00:00Z,46,2.6,2.6927,2.86,meteofrance_arpege_europe
2026-07-22,2026-07-23T04:00:00Z,22,2.6,2.9823,2.86,meteofrance_arpege_europe
2026-07-21,2026-07-23T05:00:00Z,47,2.7,2.6707,2.8,meteofrance_arpege_europe
2026-07-22,2026-07-23T05:00:00Z,23,2.7,2.9631,2.8,meteofrance_arpege_europe
2026-07-21,2026-07-23T06:00:00Z,48,0.6,2.6475,2.76,meteofrance_arpege_europe
2026-07-22,2026-07-23T06:00:00Z,24,0.6,2.7846,2.76,meteofrance_arpege_europe
2026-07-22,2026-07-23T07:00:00Z,25,1.1,3.0457,3.02,meteofrance_arpege_europe
2026-07-23,2026-07-23T07:00:00Z,1,1.1,2.1202,3.02,meteofrance_arpege_europe
2026-07-22,2026-07-23T08:00:00Z,26,2.0,3.1336,2.56,meteofrance_arpege_europe
2026-07-23,2026-07-23T08:00:00Z,2,2.0,2.3675,2.56,meteofrance_arpege_europe
2026-07-22,2026-07-23T09:00:00Z,27,4.1,2.8014,1.17,meteofrance_arpege_europe
2026-07-23,2026-07-23T09:00:00Z,3,4.1,2.2336,1.17,meteofrance_arpege_europe
2026-07-22,2026-07-23T10:00:00Z,28,5.4,2.4841,0.78,meteofrance_arpege_europe
2026-07-23,2026-07-23T10:00:00Z,4,5.4,2.7799,0.78,meteofrance_arpege_europe
2026-07-22,2026-07-23T11:00:00Z,29,6.2,3.1513,1.08,meteofrance_arpege_europe
2026-07-23,2026-07-23T11:00:00Z,5,6.2,2.6803,1.08,meteofrance_arpege_europe
2026-07-22,2026-07-23T12:00:00Z,30,6.0,3.8093,3.9,meteofrance_arpege_europe
2026-07-23,2026-07-23T12:00:00Z,6,6.0,3.3287,3.9,meteofrance_arpege_europe
2026-07-22,2026-07-23T13:00:00Z,31,6.9,5.9124,5.0,meteofrance_arpege_europe
2026-07-23,2026-07-23T13:00:00Z,7,6.9,5.3004,5.0,meteofrance_arpege_europe
2026-07-22,2026-07-23T14:00:00Z,32,5.3,7.0219,4.9,meteofrance_arpege_europe
2026-07-23,2026-07-23T14:00:00Z,8,5.3,5.5022,4.9,meteofrance_arpege_europe
2026-07-22,2026-07-23T15:00:00Z,33,5.9,6.8496,4.72,meteofrance_arpege_europe
2026-07-23,2026-07-23T15:00:00Z,9,5.9,5.6977,4.72,meteofrance_arpege_europe
2026-07-22,2026-07-23T16:00:00Z,34,7.6,6.7063,4.34,meteofrance_arpege_europe
2026-07-23,2026-07-23T16:00:00Z,10,7.6,5.4631,4.34,meteofrance_arpege_europe
2026-07-22,2026-07-23T17:00:00Z,35,5.8,5.257,3.48,meteofrance_arpege_europe
2026-07-23,2026-07-23T17:00:00Z,11,5.8,4.6534,3.48,meteofrance_arpege_europe
2026-07-22,2026-07-23T18:00:00Z,36,6.0,4.2704,2.77,meteofrance_arpege_europe
2026-07-23,2026-07-23T18:00:00Z,12,6.0,4.075,2.77,meteofrance_arpege_europe
2026-07-22,2026-07-23T19:00:00Z,37,3.9,3.8449,2.37,meteofrance_arpege_europe
2026-07-23,2026-07-23T19:00:00Z,13,3.9,3.6291,2.37,meteofrance_arpege_europe
2026-07-22,2026-07-23T20:00:00Z,38,2.5,2.7149,2.21,meteofrance_arpege_europe
2026-07-23,2026-07-23T20:00:00Z,14,2.5,2.5834,2.21,meteofrance_arpege_europe
2026-07-22,2026-07-23T21:00:00Z,39,2.5,2.2951,1.97,meteofrance_arpege_europe
2026-07-23,2026-07-23T21:00:00Z,15,2.5,2.2454,1.97,meteofrance_arpege_europe
2026-07-22,2026-07-23T22:00:00Z,40,2.2,2.1561,1.42,meteofrance_arpege_europe
2026-07-23,2026-07-23T22:00:00Z,16,2.2,1.955,1.42,meteofrance_arpege_europe
2026-07-22,2026-07-23T23:00:00Z,41,1.9,2.0982,0.63,meteofrance_arpege_europe
2026-07-23,2026-07-23T23:00:00Z,17,1.9,2.0642,0.63,meteofrance_arpege_europe
2026-07-22,2026-07-24T00:00:00Z,42,1.3,1.9735,0.5,meteofrance_arpege_europe
2026-07-23,2026-07-24T00:00:00Z,18,1.3,2.1516,0.5,meteofrance_arpege_europe
2026-07-22,2026-07-24T01:00:00Z,43,1.3,1.5779,0.22,meteofrance_arpege_europe
2026-07-23,2026-07-24T01:00:00Z,19,1.3,1.7449,0.22,meteofrance_arpege_europe
2026-07-22,2026-07-24T02:00:00Z,44,1.3,1.5598,0.3,meteofrance_arpege_europe
2026-07-23,2026-07-24T02:00:00Z,20,1.3,1.7512,0.3,meteofrance_arpege_europe
2026-07-22,2026-07-24T03:00:00Z,45,2.0,1.8718,0.7,meteofrance_arpege_europe
2026-07-23,2026-07-24T03:00:00Z,21,2.0,1.7751,0.7,meteofrance_arpege_europe
2026-07-22,2026-07-24T04:00:00Z,46,1.9,1.864,0.73,meteofrance_arpege_europe
2026-07-23,2026-07-24T04:00:00Z,22,1.9,1.758,0.73,meteofrance_arpege_europe
2026-07-22,2026-07-24T05:00:00Z,47,2.6,1.7712,0.81,meteofrance_arpege_europe
2026-07-23,2026-07-24T05:00:00Z,23,2.6,1.5902,0.81,meteofrance_arpege_europe
2026-07-22,2026-07-24T06:00:00Z,48,1.2,1.7528,0.63,meteofrance_arpege_europe
2026-07-23,2026-07-24T06:00:00Z,24,1.2,1.627,0.63,meteofrance_arpege_europe
2026-07-23,2026-07-24T07:00:00Z,25,1.8,2.1467,1.24,meteofrance_arpege_europe
2026-07-24,2026-07-24T07:00:00Z,1,1.8,2.5252,1.24,meteofrance_arpege_europe
2026-07-23,2026-07-24T08:00:00Z,26,1.9,2.4839,2.2,meteofrance_arpege_europe
2026-07-24,2026-07-24T08:00:00Z,2,1.9,2.9705,2.2,meteofrance_arpege_europe
2026-07-23,2026-07-24T09:00:00Z,27,2.7,2.7576,1.77,meteofrance_arpege_europe
2026-07-24,2026-07-24T09:00:00Z,3,2.7,2.638,1.77,meteofrance_arpege_europe
2026-07-23,2026-07-24T10:00:00Z,28,4.4,2.4275,1.46,meteofrance_arpege_europe
2026-07-24,2026-07-24T10:00:00Z,4,4.4,3.4736,1.46,meteofrance_arpege_europe
2026-07-23,2026-07-24T11:00:00Z,29,5.3,2.7915,1.63,meteofrance_arpege_europe
2026-07-24,2026-07-24T11:00:00Z,5,5.3,4.2672,1.63,meteofrance_arpege_europe
2026-07-23,2026-07-24T12:00:00Z,30,4.8,3.0719,2.27,meteofrance_arpege_europe
2026-07-24,2026-07-24T12:00:00Z,6,4.8,3.9777,2.27,meteofrance_arpege_europe
2026-07-23,2026-07-24T13:00:00Z,31,5.4,4.851,3.58,meteofrance_arpege_europe
2026-07-24,2026-07-24T13:00:00Z,7,5.4,5.2117,3.58,meteofrance_arpege_europe
2026-07-23,2026-07-24T14:00:00Z,32,4.9,7.49,4.81,meteofrance_arpege_europe
2026-07-24,2026-07-24T14:00:00Z,8,4.9,7.6927,4.81,meteofrance_arpege_europe
2026-07-23,2026-07-24T15:00:00Z,33,4.8,7.3397,5.06,meteofrance_arpege_europe
2026-07-24,2026-07-24T15:00:00Z,9,4.8,8.0017,5.06,meteofrance_arpege_europe
2026-07-23,2026-07-24T16:00:00Z,34,4.8,6.831,4.88,meteofrance_arpege_europe
2026-07-24,2026-07-24T16:00:00Z,10,4.8,8.0254,4.88,meteofrance_arpege_europe
2026-07-23,2026-07-24T17:00:00Z,35,3.1,4.3065,3.85,meteofrance_arpege_europe
2026-07-24,2026-07-24T17:00:00Z,11,3.1,5.1478,3.85,meteofrance_arpege_europe
2026-07-23,2026-07-24T18:00:00Z,36,2.2,3.0769,2.51,meteofrance_arpege_europe
2026-07-24,2026-07-24T18:00:00Z,12,2.2,4.0005,2.51,meteofrance_arpege_europe
2026-07-23,2026-07-24T19:00:00Z,37,2.0,2.1353,1.9,meteofrance_arpege_europe
2026-07-24,2026-07-24T19:00:00Z,13,2.0,1.6486,1.9,meteofrance_arpege_europe
2026-07-23,2026-07-24T20:00:00Z,38,1.7,1.8852,1.43,meteofrance_arpege_europe
2026-07-24,2026-07-24T20:00:00Z,14,1.7,1.7511,1.43,meteofrance_arpege_europe
2026-07-23,2026-07-24T21:00:00Z,39,1.2,1.9586,0.98,meteofrance_arpege_europe
2026-07-24,2026-07-24T21:00:00Z,15,1.2,1.801,0.98,meteofrance_arpege_europe
2026-07-23,2026-07-24T22:00:00Z,40,1.4,2.7164,2.57,meteofrance_arpege_europe
2026-07-24,2026-07-24T22:00:00Z,16,1.4,2.4439,2.57,meteofrance_arpege_europe
2026-07-23,2026-07-24T23:00:00Z,41,0.8,2.0632,1.52,meteofrance_arpege_europe
2026-07-24,2026-07-24T23:00:00Z,17,0.8,1.5566,1.52,meteofrance_arpege_europe
2026-07-23,2026-07-25T00:00:00Z,42,1.7,2.037,1.0,meteofrance_arpege_europe
2026-07-24,2026-07-25T00:00:00Z,18,1.7,1.5161,1.0,meteofrance_arpege_europe
2026-07-23,2026-07-25T01:00:00Z,43,2.2,2.079,0.54,meteofrance_arpege_europe
2026-07-24,2026-07-25T01:00:00Z,19,2.2,2.0144,0.54,meteofrance_arpege_europe
2026-07-23,2026-07-25T02:00:00Z,44,1.8,2.0111,0.51,meteofrance_arpege_europe
2026-07-24,2026-07-25T02:00:00Z,20,1.8,1.8904,0.51,meteofrance_arpege_europe
2026-07-23,2026-07-25T03:00:00Z,45,2.1,2.1187,1.2,meteofrance_arpege_europe
2026-07-24,2026-07-25T03:00:00Z,21,2.1,2.0504,1.2,meteofrance_arpege_europe
2026-07-23,2026-07-25T04:00:00Z,46,2.1,2.1748,1.17,meteofrance_arpege_europe
2026-07-24,2026-07-25T04:00:00Z,22,2.1,2.1367,1.17,meteofrance_arpege_europe
2026-07-23,2026-07-25T05:00:00Z,47,2.2,2.3589,1.21,meteofrance_arpege_europe
2026-07-24,2026-07-25T05:00:00Z,23,2.2,2.4567,1.21,meteofrance_arpege_europe
2026-07-23,2026-07-25T06:00:00Z,48,2.3,3.1776,2.11,meteofrance_arpege_europe
2026-07-24,2026-07-25T06:00:00Z,24,2.3,3.4842,2.11,meteofrance_arpege_europe
2026-07-24,2026-07-25T07:00:00Z,25,4.6,4.3207,3.61,meteofrance_arpege_europe
2026-07-25,2026-07-25T07:00:00Z,1,4.6,4.216,3.61,meteofrance_arpege_europe
2026-07-24,2026-07-25T08:00:00Z,26,2.6,3.021,2.13,meteofrance_arpege_europe
2026-07-25,2026-07-25T08:00:00Z,2,2.6,3.6306,2.13,meteofrance_arpege_europe
2026-07-24,2026-07-25T09:00:00Z,27,5.9,3.916,2.77,meteofrance_arpege_europe
2026-07-25,2026-07-25T09:00:00Z,3,5.9,4.0772,2.77,meteofrance_arpege_europe
2026-07-24,2026-07-25T10:00:00Z,28,5.9,6.1446,5.2,meteofrance_arpege_europe
2026-07-25,2026-07-25T10:00:00Z,4,5.9,5.5718,5.2,meteofrance_arpege_europe
2026-07-24,2026-07-25T11:00:00Z,29,4.4,5.7585,5.05,meteofrance_arpege_europe
2026-07-25,2026-07-25T11:00:00Z,5,4.4,5.7762,5.05,meteofrance_arpege_europe
2026-07-24,2026-07-25T12:00:00Z,30,5.2,6.0692,5.54,meteofrance_arpege_europe
2026-07-25,2026-07-25T12:00:00Z,6,5.2,5.7803,5.54,meteofrance_arpege_europe
2026-07-24,2026-07-25T13:00:00Z,31,7.0,6.1414,5.23,meteofrance_arpege_europe
2026-07-25,2026-07-25T13:00:00Z,7,7.0,5.9303,5.23,meteofrance_arpege_europe
2026-07-24,2026-07-25T14:00:00Z,32,4.5,6.5366,5.82,meteofrance_arpege_europe
2026-07-25,2026-07-25T14:00:00Z,8,4.5,6.4642,5.82,meteofrance_arpege_europe
2026-07-24,2026-07-25T15:00:00Z,33,6.5,7.0196,5.92,meteofrance_arpege_europe
2026-07-25,2026-07-25T15:00:00Z,9,6.5,7.1506,5.92,meteofrance_arpege_europe
2026-07-24,2026-07-25T16:00:00Z,34,7.8,7.6502,6.4,meteofrance_arpege_europe
2026-07-25,2026-07-25T16:00:00Z,10,7.8,7.5298,6.4,meteofrance_arpege_europe
2026-07-24,2026-07-25T17:00:00Z,35,7.0,7.8457,6.6,meteofrance_arpege_europe
2026-07-25,2026-07-25T17:00:00Z,11,7.0,7.9926,6.6,meteofrance_arpege_europe
2026-07-24,2026-07-25T18:00:00Z,36,6.5,6.9198,5.9,meteofrance_arpege_europe
2026-07-25,2026-07-25T18:00:00Z,12,6.5,7.1923,5.9,meteofrance_arpege_europe
2026-07-24,2026-07-25T19:00:00Z,37,6.6,6.5916,6.0,meteofrance_arpege_europe
2026-07-25,2026-07-25T19:00:00Z,13,6.6,6.7721,6.0,meteofrance_arpege_europe
2026-07-24,2026-07-25T20:00:00Z,38,6.7,6.6764,6.58,meteofrance_arpege_europe
2026-07-25,2026-07-25T20:00:00Z,14,6.7,6.7602,6.58,meteofrance_arpege_europe
2026-07-24,2026-07-25T21:00:00Z,39,7.7,6.1812,6.69,meteofrance_arpege_europe
2026-07-25,2026-07-25T21:00:00Z,15,7.7,6.186,6.69,meteofrance_arpege_europe
2026-07-24,2026-07-25T22:00:00Z,40,5.8,6.0171,6.6,meteofrance_arpege_europe
2026-07-25,2026-07-25T22:00:00Z,16,5.8,5.771,6.6,meteofrance_arpege_europe
2026-07-24,2026-07-25T23:00:00Z,41,6.3,6.0734,6.82,meteofrance_arpege_europe
2026-07-25,2026-07-25T23:00:00Z,17,6.3,5.7599,6.82,meteofrance_arpege_europe
2026-07-24,2026-07-26T00:00:00Z,42,6.6,6.1042,6.92,meteofrance_arpege_europe
2026-07-25,2026-07-26T00:00:00Z,18,6.6,5.8835,6.92,meteofrance_arpege_europe
2026-07-24,2026-07-26T01:00:00Z,43,6.9,6.0842,6.48,meteofrance_arpege_europe
2026-07-25,2026-07-26T01:00:00Z,19,6.9,6.0954,6.48,meteofrance_arpege_europe
2026-07-24,2026-07-26T02:00:00Z,44,7.1,6.223,6.3,meteofrance_arpege_europe
2026-07-25,2026-07-26T02:00:00Z,20,7.1,6.1976,6.3,meteofrance_arpege_europe
2026-07-24,2026-07-26T03:00:00Z,45,6.8,6.6158,6.23,meteofrance_arpege_europe
2026-07-25,2026-07-26T03:00:00Z,21,6.8,6.864,6.23,meteofrance_arpege_europe
2026-07-24,2026-07-26T04:00:00Z,46,6.1,6.5564,6.69,meteofrance_arpege_europe
2026-07-25,2026-07-26T04:00:00Z,22,6.1,6.8337,6.69,meteofrance_arpege_europe
2026-07-24,2026-07-26T05:00:00Z,47,7.3,7.3384,7.57,meteofrance_arpege_europe
2026-07-25,2026-07-26T05:00:00Z,23,7.3,7.342,7.57,meteofrance_arpege_europe
2026-07-24,2026-07-26T06:00:00Z,48,8.4,8.0048,7.66,meteofrance_arpege_europe
2026-07-25,2026-07-26T06:00:00Z,24,8.4,8.2561,7.66,meteofrance_arpege_europe
2026-07-25,2026-07-26T07:00:00Z,25,7.9,8.2951,7.76,meteofrance_arpege_europe
2026-07-26,2026-07-26T07:00:00Z,1,7.9,8.5381,7.76,meteofrance_arpege_europe
2026-07-25,2026-07-26T08:00:00Z,26,8.5,9.0894,7.69,meteofrance_arpege_europe
2026-07-26,2026-07-26T08:00:00Z,2,8.5,8.8413,7.69,meteofrance_arpege_europe
2026-07-25,2026-07-26T09:00:00Z,27,9.0,9.1774,8.15,meteofrance_arpege_europe
2026-07-26,2026-07-26T09:00:00Z,3,9.0,9.3482,8.15,meteofrance_arpege_europe
2026-07-25,2026-07-26T10:00:00Z,28,8.8,9.6382,8.65,meteofrance_arpege_europe
2026-07-26,2026-07-26T10:00:00Z,4,8.8,9.3102,8.65,meteofrance_arpege_europe
2026-07-25,2026-07-26T11:00:00Z,29,9.1,10.1583,8.72,meteofrance_arpege_europe
2026-07-26,2026-07-26T11:00:00Z,5,9.1,10.7892,8.72,meteofrance_arpege_europe
2026-07-25,2026-07-26T12:00:00Z,30,10.6,9.6822,8.3,meteofrance_arpege_europe
2026-07-26,2026-07-26T12:00:00Z,6,10.6,9.753,8.3,meteofrance_arpege_europe
2026-07-25,2026-07-26T13:00:00Z,31,9.8,9.5866,8.2,meteofrance_arpege_europe
2026-07-26,2026-07-26T13:00:00Z,7,9.8,9.5817,8.2,meteofrance_arpege_europe
2026-07-25,2026-07-26T14:00:00Z,32,7.9,9.427,8.12,meteofrance_arpege_europe
2026-07-26,2026-07-26T14:00:00Z,8,7.9,9.6148,8.12,meteofrance_arpege_europe
2026-07-25,2026-07-26T15:00:00Z,33,7.8,9.6672,8.15,meteofrance_arpege_europe
2026-07-26,2026-07-26T15:00:00Z,9,7.8,9.4333,8.15,meteofrance_arpege_europe
2026-07-25,2026-07-26T16:00:00Z,34,8.0,8.7212,7.86,meteofrance_arpege_europe
2026-07-26,2026-07-26T16:00:00Z,10,8.0,8.7132,7.86,meteofrance_arpege_europe
2026-07-25,2026-07-26T17:00:00Z,35,7.0,7.8337,7.18,meteofrance_arpege_europe
2026-07-26,2026-07-26T17:00:00Z,11,7.0,7.9487,7.18,meteofrance_arpege_europe
2026-07-25,2026-07-26T18:00:00Z,36,8.4,7.3261,6.94,meteofrance_arpege_europe
2026-07-26,2026-07-26T18:00:00Z,12,8.4,7.2528,6.94,meteofrance_arpege_europe
2026-07-25,2026-07-26T19:00:00Z,37,7.9,6.5929,6.48,meteofrance_arpege_europe
2026-07-26,2026-07-26T19:00:00Z,13,7.9,7.2354,6.48,meteofrance_arpege_europe
2026-07-25,2026-07-26T20:00:00Z,38,6.5,6.1029,6.09,meteofrance_arpege_europe
2026-07-26,2026-07-26T20:00:00Z,14,6.5,6.4078,6.09,meteofrance_arpege_europe
2026-07-25,2026-07-26T21:00:00Z,39,7.0,5.9804,6.06,meteofrance_arpege_europe
2026-07-26,2026-07-26T21:00:00Z,15,7.0,6.0831,6.06,meteofrance_arpege_europe
2026-07-25,2026-07-26T22:00:00Z,40,4.8,6.8037,5.91,meteofrance_arpege_europe
2026-07-26,2026-07-26T22:00:00Z,16,4.8,6.5588,5.91,meteofrance_arpege_europe
2026-07-25,2026-07-26T23:00:00Z,41,4.9,7.3485,5.77,meteofrance_arpege_europe
2026-07-26,2026-07-26T23:00:00Z,17,4.9,7.2822,5.77,meteofrance_arpege_europe
2026-07-25,2026-07-27T00:00:00Z,42,6.3,6.2574,5.08,meteofrance_arpege_europe
2026-07-26,2026-07-27T00:00:00Z,18,6.3,6.0507,5.08,meteofrance_arpege_europe
2026-07-25,2026-07-27T01:00:00Z,43,6.5,5.811,4.44,meteofrance_arpege_europe
2026-07-26,2026-07-27T01:00:00Z,19,6.5,4.8563,4.44,meteofrance_arpege_europe
2026-07-25,2026-07-27T02:00:00Z,44,5.8,5.3178,4.27,meteofrance_arpege_europe
2026-07-26,2026-07-27T02:00:00Z,20,5.8,4.7959,4.27,meteofrance_arpege_europe
2026-07-25,2026-07-27T03:00:00Z,45,5.7,4.711,4.13,meteofrance_arpege_europe
2026-07-26,2026-07-27T03:00:00Z,21,5.7,4.5641,4.13,meteofrance_arpege_europe
2026-07-25,2026-07-27T04:00:00Z,46,6.1,5.056,4.22,meteofrance_arpege_europe
2026-07-26,2026-07-27T04:00:00Z,22,6.1,4.7426,4.22,meteofrance_arpege_europe
2026-07-25,2026-07-27T05:00:00Z,47,5.4,4.8651,4.08,meteofrance_arpege_europe
2026-07-26,2026-07-27T05:00:00Z,23,5.4,4.5291,4.08,meteofrance_arpege_europe
2026-07-25,2026-07-27T06:00:00Z,48,6.5,5.2569,4.06,meteofrance_arpege_europe
2026-07-26,2026-07-27T06:00:00Z,24,6.5,5.0386,4.06,meteofrance_arpege_europe
2026-07-26,2026-07-27T07:00:00Z,25,5.6,4.9107,4.08,meteofrance_arpege_europe
2026-07-27,2026-07-27T07:00:00Z,1,5.6,5.4398,4.08,meteofrance_arpege_europe
2026-07-26,2026-07-27T08:00:00Z,26,5.1,5.3155,4.12,meteofrance_arpege_europe
2026-07-27,2026-07-27T08:00:00Z,2,5.1,5.3413,4.12,meteofrance_arpege_europe
2026-07-26,2026-07-27T09:00:00Z,27,5.6,4.9875,4.06,meteofrance_arpege_europe
2026-07-27,2026-07-27T09:00:00Z,3,5.6,5.248,4.06,meteofrance_arpege_europe
2026-07-26,2026-07-27T10:00:00Z,28,6.6,4.9358,4.02,meteofrance_arpege_europe
2026-07-27,2026-07-27T10:00:00Z,4,6.6,5.0483,4.02,meteofrance_arpege_europe
2026-07-26,2026-07-27T11:00:00Z,29,7.5,4.8564,4.16,meteofrance_arpege_europe
2026-07-27,2026-07-27T11:00:00Z,5,7.5,4.9489,4.16,meteofrance_arpege_europe
2026-07-26,2026-07-27T12:00:00Z,30,6.5,4.5947,3.81,meteofrance_arpege_europe
2026-07-27,2026-07-27T12:00:00Z,6,6.5,4.8805,3.81,meteofrance_arpege_europe
2026-07-26,2026-07-27T13:00:00Z,31,6.5,4.702,3.83,meteofrance_arpege_europe
2026-07-27,2026-07-27T13:00:00Z,7,6.5,4.6235,3.83,meteofrance_arpege_europe
2026-07-26,2026-07-27T14:00:00Z,32,6.5,5.1133,4.2,meteofrance_arpege_europe
2026-07-27,2026-07-27T14:00:00Z,8,6.5,5.0333,4.2,meteofrance_arpege_europe
2026-07-26,2026-07-27T15:00:00Z,33,6.8,5.8598,4.81,meteofrance_arpege_europe
2026-07-27,2026-07-27T15:00:00Z,9,6.8,6.1626,4.81,meteofrance_arpege_europe
2026-07-26,2026-07-27T16:00:00Z,34,5.1,5.7665,4.79,meteofrance_arpege_europe
2026-07-27,2026-07-27T16:00:00Z,10,5.1,5.872,4.79,meteofrance_arpege_europe
2026-07-26,2026-07-27T17:00:00Z,35,5.3,5.9627,5.43,meteofrance_arpege_europe
2026-07-27,2026-07-27T17:00:00Z,11,5.3,5.9468,5.43,meteofrance_arpege_europe
2026-07-26,2026-07-27T18:00:00Z,36,6.0,5.2073,3.93,meteofrance_arpege_europe
2026-07-27,2026-07-27T18:00:00Z,12,6.0,4.9759,3.93,meteofrance_arpege_europe
2026-07-26,2026-07-27T19:00:00Z,37,4.7,4.711,3.81,meteofrance_arpege_europe
2026-07-27,2026-07-27T19:00:00Z,13,4.7,3.9165,3.81,meteofrance_arpege_europe
2026-07-26,2026-07-27T20:00:00Z,38,3.4,4.0053,4.0,meteofrance_arpege_europe
2026-07-27,2026-07-27T20:00:00Z,14,3.4,4.2688,4.0,meteofrance_arpege_europe
2026-07-26,2026-07-27T21:00:00Z,39,4.1,3.7788,4.21,meteofrance_arpege_europe
2026-07-27,2026-07-27T21:00:00Z,15,4.1,3.937,4.21,meteofrance_arpege_europe
2026-07-26,2026-07-27T22:00:00Z,40,3.8,3.6448,3.61,meteofrance_arpege_europe
2026-07-27,2026-07-27T22:00:00Z,16,3.8,3.7048,3.61,meteofrance_arpege_europe
2026-07-26,2026-07-27T23:00:00Z,41,2.5,3.2458,3.2,meteofrance_arpege_europe
2026-07-27,2026-07-27T23:00:00Z,17,2.5,3.2216,3.2,meteofrance_arpege_europe
2026-07-26,2026-07-28T00:00:00Z,42,0.9,2.7437,2.41,meteofrance_arpege_europe
2026-07-27,2026-07-28T00:00:00Z,18,0.9,2.879,2.41,meteofrance_arpege_europe
2026-07-26,2026-07-28T01:00:00Z,43,1.1,2.2871,1.9,meteofrance_arpege_europe
2026-07-27,2026-07-28T01:00:00Z,19,1.1,2.5838,1.9,meteofrance_arpege_europe
2026-07-26,2026-07-28T02:00:00Z,44,1.3,2.0655,1.22,meteofrance_arpege_europe
2026-07-27,2026-07-28T02:00:00Z,20,1.3,2.5196,1.22,meteofrance_arpege_europe
2026-07-26,2026-07-28T03:00:00Z,45,1.2,1.9524,0.5,meteofrance_arpege_europe
2026-07-27,2026-07-28T03:00:00Z,21,1.2,2.2748,0.5,meteofrance_arpege_europe
2026-07-26,2026-07-28T04:00:00Z,46,2.2,2.3846,1.53,meteofrance_arpege_europe
2026-07-27,2026-07-28T04:00:00Z,22,2.2,2.7458,1.53,meteofrance_arpege_europe
2026-07-26,2026-07-28T05:00:00Z,47,4.3,2.9049,2.19,meteofrance_arpege_europe
2026-07-27,2026-07-28T05:00:00Z,23,4.3,3.3091,2.19,meteofrance_arpege_europe
2026-07-26,2026-07-28T06:00:00Z,48,3.0,2.8521,1.82,meteofrance_arpege_europe
2026-07-27,2026-07-28T06:00:00Z,24,3.0,3.413,1.82,meteofrance_arpege_europe
2026-07-27,2026-07-28T07:00:00Z,25,1.4,2.9298,1.71,meteofrance_arpege_europe
2026-07-28,2026-07-28T07:00:00Z,1,1.4,2.6645,1.71,meteofrance_arpege_europe
2026-07-27,2026-07-28T08:00:00Z,26,1.3,2.8513,1.71,meteofrance_arpege_europe
2026-07-28,2026-07-28T08:00:00Z,2,1.3,2.6133,1.71,meteofrance_arpege_europe
2026-07-27,2026-07-28T09:00:00Z,27,4.0,2.7885,1.87,meteofrance_arpege_europe
2026-07-28,2026-07-28T09:00:00Z,3,4.0,2.8224,1.87,meteofrance_arpege_europe
2026-07-27,2026-07-28T10:00:00Z,28,3.7,2.7482,1.52,meteofrance_arpege_europe
2026-07-28,2026-07-28T10:00:00Z,4,3.7,2.9971,1.52,meteofrance_arpege_europe
2026-07-27,2026-07-28T11:00:00Z,29,3.8,2.7416,1.03,meteofrance_arpege_europe
2026-07-28,2026-07-28T11:00:00Z,5,3.8,2.9786,1.03,meteofrance_arpege_europe
2026-07-27,2026-07-28T12:00:00Z,30,2.7,3.0364,0.82,meteofrance_arpege_europe
2026-07-28,2026-07-28T12:00:00Z,6,2.7,3.5598,0.82,meteofrance_arpege_europe
2026-07-27,2026-07-28T13:00:00Z,31,3.2,3.2365,1.72,meteofrance_arpege_europe
2026-07-28,2026-07-28T13:00:00Z,7,3.2,3.598,1.72,meteofrance_arpege_europe
2026-07-27,2026-07-28T14:00:00Z,32,3.1,3.6604,2.02,meteofrance_arpege_europe
2026-07-28,2026-07-28T14:00:00Z,8,3.1,4.1807,2.02,meteofrance_arpege_europe
2026-07-27,2026-07-28T15:00:00Z,33,3.5,4.1549,0.92,meteofrance_arpege_europe
2026-07-28,2026-07-28T15:00:00Z,9,3.5,4.5719,0.92,meteofrance_arpege_europe
2026-07-27,2026-07-28T16:00:00Z,34,3.2,3.953,2.25,meteofrance_arpege_europe
2026-07-28,2026-07-28T16:00:00Z,10,3.2,4.6236,2.25,meteofrance_arpege_europe
2026-07-27,2026-07-28T17:00:00Z,35,6.8,3.8366,3.01,meteofrance_arpege_europe
2026-07-28,2026-07-28T17:00:00Z,11,6.8,4.6208,3.01,meteofrance_arpege_europe
2026-07-27,2026-07-28T18:00:00Z,36,5.3,5.278,2.51,meteofrance_arpege_europe
2026-07-28,2026-07-28T18:00:00Z,12,5.3,5.0181,2.51,meteofrance_arpege_europe
2026-07-27,2026-07-28T19:00:00Z,37,5.2,4.4383,2.6,meteofrance_arpege_europe
2026-07-28,2026-07-28T19:00:00Z,13,5.2,4.2502,2.6,meteofrance_arpege_europe
2026-07-27,2026-07-28T20:00:00Z,38,4.5,3.0454,2.89,meteofrance_arpege_europe
2026-07-28,2026-07-28T20:00:00Z,14,4.5,3.0596,2.89,meteofrance_arpege_europe
2026-07-27,2026-07-28T21:00:00Z,39,3.5,3.0644,2.95,meteofrance_arpege_europe
2026-07-28,2026-07-28T21:00:00Z,15,3.5,2.5366,2.95,meteofrance_arpege_europe
2026-07-27,2026-07-28T22:00:00Z,40,2.1,2.8606,2.8,meteofrance_arpege_europe
2026-07-28,2026-07-28T22:00:00Z,16,2.1,2.5258,2.8,meteofrance_arpege_europe
2026-07-27,2026-07-28T23:00:00Z,41,3.3,2.708,2.41,meteofrance_arpege_europe
2026-07-28,2026-07-28T23:00:00Z,17,3.3,2.4117,2.41,meteofrance_arpege_europe
2026-07-27,2026-07-29T00:00:00Z,42,1.9,2.9807,3.26,meteofrance_arpege_europe
2026-07-28,2026-07-29T00:00:00Z,18,1.9,3.1015,3.26,meteofrance_arpege_europe
2026-07-27,2026-07-29T01:00:00Z,43,4.5,2.2176,2.84,meteofrance_arpege_europe
2026-07-28,2026-07-29T01:00:00Z,19,4.5,2.0641,2.84,meteofrance_arpege_europe
2026-07-27,2026-07-29T02:00:00Z,44,1.0,1.8067,1.63,meteofrance_arpege_europe
2026-07-28,2026-07-29T02:00:00Z,20,1.0,1.6275,1.63,meteofrance_arpege_europe
2026-07-27,2026-07-29T03:00:00Z,45,2.0,1.8856,0.94,meteofrance_arpege_europe
2026-07-28,2026-07-29T03:00:00Z,21,2.0,1.9484,0.94,meteofrance_arpege_europe
2026-07-27,2026-07-29T04:00:00Z,46,3.2,2.4418,0.92,meteofrance_arpege_europe
2026-07-28,2026-07-29T04:00:00Z,22,3.2,2.4216,0.92,meteofrance_arpege_europe
2026-07-27,2026-07-29T05:00:00Z,47,1.6,2.9221,1.44,meteofrance_arpege_europe
2026-07-28,2026-07-29T05:00:00Z,23,1.6,2.8033,1.44,meteofrance_arpege_europe
2026-07-27,2026-07-29T06:00:00Z,48,0.9,2.839,0.78,meteofrance_arpege_europe
2026-07-28,2026-07-29T06:00:00Z,24,0.9,2.8148,0.78,meteofrance_arpege_europe
2026-07-28,2026-07-29T07:00:00Z,25,0.0,2.4969,0.54,meteofrance_arpege_europe
2026-07-29,2026-07-29T07:00:00Z,1,0.0,1.8037,0.54,meteofrance_arpege_europe
2026-07-28,2026-07-29T08:00:00Z,26,1.2,2.9176,2.82,meteofrance_arpege_europe
2026-07-29,2026-07-29T08:00:00Z,2,1.2,2.4487,2.82,meteofrance_arpege_europe
2026-07-28,2026-07-29T09:00:00Z,27,1.0,3.3187,2.56,meteofrance_arpege_europe
2026-07-29,2026-07-29T09:00:00Z,3,1.0,2.7083,2.56,meteofrance_arpege_europe
2026-07-28,2026-07-29T10:00:00Z,28,1.0,3.976,2.85,meteofrance_arpege_europe
2026-07-29,2026-07-29T10:00:00Z,4,1.0,3.7618,2.85,meteofrance_arpege_europe
2026-07-28,2026-07-29T11:00:00Z,29,4.8,4.3499,3.73,meteofrance_arpege_europe
2026-07-29,2026-07-29T11:00:00Z,5,4.8,4.0476,3.73,meteofrance_arpege_europe
2026-07-28,2026-07-29T12:00:00Z,30,4.8,4.9654,4.05,meteofrance_arpege_europe
2026-07-29,2026-07-29T12:00:00Z,6,4.8,4.5043,4.05,meteofrance_arpege_europe
2026-07-28,2026-07-29T13:00:00Z,31,5.8,5.5108,4.69,meteofrance_arpege_europe
2026-07-29,2026-07-29T13:00:00Z,7,5.8,5.186,4.69,meteofrance_arpege_europe
2026-07-28,2026-07-29T14:00:00Z,32,4.8,5.5702,4.62,meteofrance_arpege_europe
2026-07-29,2026-07-29T14:00:00Z,8,4.8,5.1911,4.62,meteofrance_arpege_europe
2026-07-28,2026-07-29T15:00:00Z,33,5.0,4.8855,3.91,meteofrance_arpege_europe
2026-07-29,2026-07-29T15:00:00Z,9,5.0,4.5772,3.91,meteofrance_arpege_europe
2026-07-28,2026-07-29T16:00:00Z,34,5.5,5.0211,4.49,meteofrance_arpege_europe
2026-07-29,2026-07-29T16:00:00Z,10,5.5,4.8741,4.49,meteofrance_arpege_europe
2026-07-28,2026-07-29T17:00:00Z,35,5.3,5.6744,4.84,meteofrance_arpege_europe
2026-07-29,2026-07-29T17:00:00Z,11,5.3,5.3421,4.84,meteofrance_arpege_europe
2026-07-28,2026-07-29T18:00:00Z,36,5.6,5.8656,4.56,meteofrance_arpege_europe
2026-07-29,2026-07-29T18:00:00Z,12,5.6,5.0711,4.56,meteofrance_arpege_europe
2026-07-28,2026-07-29T19:00:00Z,37,4.3,4.6694,4.41,meteofrance_arpege_europe
2026-07-29,2026-07-29T19:00:00Z,13,4.3,4.5032,4.41,meteofrance_arpege_europe
2026-07-28,2026-07-29T20:00:00Z,38,4.3,4.1192,4.5,meteofrance_arpege_europe
2026-07-29,2026-07-29T20:00:00Z,14,4.3,3.9152,4.5,meteofrance_arpege_europe
2026-07-28,2026-07-29T21:00:00Z,39,4.0,4.0352,4.55,meteofrance_arpege_europe
2026-07-29,2026-07-29T21:00:00Z,15,4.0,3.6661,4.55,meteofrance_arpege_europe
2026-07-28,2026-07-29T22:00:00Z,40,3.6,4.0516,4.54,meteofrance_arpege_europe
2026-07-29,2026-07-29T22:00:00Z,16,3.6,3.6493,4.54,meteofrance_arpege_europe
2026-07-28,2026-07-29T23:00:00Z,41,4.8,4.3018,4.64,meteofrance_arpege_europe
2026-07-29,2026-07-29T23:00:00Z,17,4.8,3.8745,4.64,meteofrance_arpege_europe
2026-07-28,2026-07-30T00:00:00Z,42,4.6,4.088,4.14,meteofrance_arpege_europe
2026-07-29,2026-07-30T00:00:00Z,18,4.6,3.4964,4.14,meteofrance_arpege_europe
2026-07-28,2026-07-30T01:00:00Z,43,3.8,3.6651,3.74,meteofrance_arpege_europe
2026-07-29,2026-07-30T01:00:00Z,19,3.8,3.307,3.74,meteofrance_arpege_europe
2026-07-28,2026-07-30T02:00:00Z,44,3.7,3.7872,4.14,meteofrance_arpege_europe
2026-07-29,2026-07-30T02:00:00Z,20,3.7,3.4637,4.14,meteofrance_arpege_europe
2026-07-28,2026-07-30T03:00:00Z,45,2.7,3.7434,4.01,meteofrance_arpege_europe
2026-07-29,2026-07-30T03:00:00Z,21,2.7,3.3993,4.01,meteofrance_arpege_europe
2026-07-28,2026-07-30T04:00:00Z,46,1.8,3.2648,3.32,meteofrance_arpege_europe
2026-07-29,2026-07-30T04:00:00Z,22,1.8,3.0843,3.32,meteofrance_arpege_europe
2026-07-28,2026-07-30T05:00:00Z,47,2.1,2.9491,2.75,meteofrance_arpege_europe
2026-07-29,2026-07-30T05:00:00Z,23,2.1,2.7685,2.75,meteofrance_arpege_europe
2026-07-28,2026-07-30T06:00:00Z,48,1.8,3.0178,2.72,meteofrance_arpege_europe
2026-07-29,2026-07-30T06:00:00Z,24,1.8,2.7401,2.72,meteofrance_arpege_europe
2026-07-29,2026-07-30T07:00:00Z,25,3.9,3.2408,2.84,meteofrance_arpege_europe
2026-07-30,2026-07-30T07:00:00Z,1,3.9,2.5319,2.84,meteofrance_arpege_europe
2026-07-29,2026-07-30T08:00:00Z,26,3.4,3.3728,2.73,meteofrance_arpege_europe
2026-07-30,2026-07-30T08:00:00Z,2,3.4,2.5293,2.73,meteofrance_arpege_europe
2026-07-29,2026-07-30T09:00:00Z,27,4.1,3.6613,2.82,meteofrance_arpege_europe
2026-07-30,2026-07-30T09:00:00Z,3,4.1,3.4304,2.82,meteofrance_arpege_europe
2026-07-29,2026-07-30T10:00:00Z,28,3.6,3.9828,3.42,meteofrance_arpege_europe
2026-07-30,2026-07-30T10:00:00Z,4,3.6,3.9347,3.42,meteofrance_arpege_europe
2026-07-29,2026-07-30T11:00:00Z,29,4.9,4.5795,4.34,meteofrance_arpege_europe
2026-07-30,2026-07-30T11:00:00Z,5,4.9,4.6038,4.34,meteofrance_arpege_europe
2026-07-29,2026-07-30T12:00:00Z,30,4.7,4.407,3.8,meteofrance_arpege_europe
2026-07-30,2026-07-30T12:00:00Z,6,4.7,4.4172,3.8,meteofrance_arpege_europe
2026-07-29,2026-07-30T13:00:00Z,31,5.6,4.7583,4.12,meteofrance_arpege_europe
2026-07-30,2026-07-30T13:00:00Z,7,5.6,4.8868,4.12,meteofrance_arpege_europe
2026-07-29,2026-07-30T14:00:00Z,32,4.6,5.1147,4.57,meteofrance_arpege_europe
2026-07-30,2026-07-30T14:00:00Z,8,4.6,5.3816,4.57,meteofrance_arpege_europe
2026-07-29,2026-07-30T15:00:00Z,33,4.8,4.8194,4.4,meteofrance_arpege_europe
2026-07-30,2026-07-30T15:00:00Z,9,4.8,4.9002,4.4,meteofrance_arpege_europe
2026-07-29,2026-07-30T16:00:00Z,34,4.9,5.397,4.79,meteofrance_arpege_europe
2026-07-30,2026-07-30T16:00:00Z,10,4.9,5.6524,4.79,meteofrance_arpege_europe
2026-07-29,2026-07-30T17:00:00Z,35,5.1,4.7744,4.46,meteofrance_arpege_europe
2026-07-30,2026-07-30T17:00:00Z,11,5.1,5.0012,4.46,meteofrance_arpege_europe
2026-07-29,2026-07-30T18:00:00Z,36,5.7,4.497,4.24,meteofrance_arpege_europe
2026-07-30,2026-07-30T18:00:00Z,12,5.7,4.7302,4.24,meteofrance_arpege_europe
2026-07-29,2026-07-30T19:00:00Z,37,5.2,3.9921,3.8,meteofrance_arpege_europe
2026-07-30,2026-07-30T19:00:00Z,13,5.2,4.1315,3.8,meteofrance_arpege_europe
2026-07-29,2026-07-30T20:00:00Z,38,3.0,3.8308,3.51,meteofrance_arpege_europe
2026-07-30,2026-07-30T20:00:00Z,14,3.0,3.8396,3.51,meteofrance_arpege_europe
2026-07-29,2026-07-30T21:00:00Z,39,3.3,3.6383,3.41,meteofrance_arpege_europe
2026-07-30,2026-07-30T21:00:00Z,15,3.3,3.4173,3.41,meteofrance_arpege_europe
2026-07-29,2026-07-30T22:00:00Z,40,3.0,3.6784,3.49,meteofrance_arpege_europe
2026-07-30,2026-07-30T22:00:00Z,16,3.0,3.3886,3.49,meteofrance_arpege_europe
2026-07-29,2026-07-30T23:00:00Z,41,2.7,3.678,3.44,meteofrance_arpege_europe
2026-07-30,2026-07-30T23:00:00Z,17,2.7,3.3787,3.44,meteofrance_arpege_europe
2026-07-29,2026-07-31T00:00:00Z,42,2.9,3.6378,3.86,meteofrance_arpege_europe
2026-07-30,2026-07-31T00:00:00Z,18,2.9,3.4668,3.86,meteofrance_arpege_europe
2026-07-29,2026-07-31T01:00:00Z,43,3.2,3.4424,3.41,meteofrance_arpege_europe
2026-07-30,2026-07-31T01:00:00Z,19,3.2,3.4043,3.41,meteofrance_arpege_europe
2026-07-29,2026-07-31T02:00:00Z,44,3.0,4.5643,3.35,meteofrance_arpege_europe
2026-07-30,2026-07-31T02:00:00Z,20,3.0,4.236,3.35,meteofrance_arpege_europe
2026-07-29,2026-07-31T03:00:00Z,45,5.0,5.291,3.76,meteofrance_arpege_europe
2026-07-30,2026-07-31T03:00:00Z,21,5.0,4.983,3.76,meteofrance_arpege_europe
2026-07-29,2026-07-31T04:00:00Z,46,5.3,6.2026,4.39,meteofrance_arpege_europe
2026-07-30,2026-07-31T04:00:00Z,22,5.3,6.5242,4.39,meteofrance_arpege_europe
2026-07-29,2026-07-31T05:00:00Z,47,4.9,5.1969,3.76,meteofrance_arpege_europe
2026-07-30,2026-07-31T05:00:00Z,23,4.9,5.9153,3.76,meteofrance_arpege_europe
2026-07-29,2026-07-31T06:00:00Z,48,5.2,4.3516,2.97,meteofrance_arpege_europe
2026-07-30,2026-07-31T06:00:00Z,24,5.2,4.4486,2.97,meteofrance_arpege_europe
2026-07-30,2026-07-31T07:00:00Z,25,5.7,5.4486,3.58,meteofrance_arpege_europe
2026-07-31,2026-07-31T07:00:00Z,1,5.7,5.1295,3.58,meteofrance_arpege_europe
2026-07-30,2026-07-31T08:00:00Z,26,6.2,6.5931,4.32,meteofrance_arpege_europe
2026-07-31,2026-07-31T08:00:00Z,2,6.2,5.7399,4.32,meteofrance_arpege_europe
2026-07-30,2026-07-31T09:00:00Z,27,6.7,6.861,4.78,meteofrance_arpege_europe
2026-07-31,2026-07-31T09:00:00Z,3,6.7,6.8008,4.78,meteofrance_arpege_europe
2026-07-30,2026-07-31T10:00:00Z,28,6.6,6.4198,4.85,meteofrance_arpege_europe
2026-07-31,2026-07-31T10:00:00Z,4,6.6,6.5022,4.85,meteofrance_arpege_europe
2026-07-30,2026-07-31T11:00:00Z,29,6.1,6.4193,4.83,meteofrance_arpege_europe
2026-07-31,2026-07-31T11:00:00Z,5,6.1,6.5408,4.83,meteofrance_arpege_europe
2026-07-30,2026-07-31T12:00:00Z,30,6.4,6.4417,5.03,meteofrance_arpege_europe
2026-07-31,2026-07-31T12:00:00Z,6,6.4,6.2097,5.03,meteofrance_arpege_europe
2026-07-30,2026-07-31T13:00:00Z,31,6.4,7.2379,5.48,meteofrance_arpege_europe
2026-07-31,2026-07-31T13:00:00Z,7,6.4,6.9794,5.48,meteofrance_arpege_europe
2026-07-30,2026-07-31T14:00:00Z,32,5.1,7.2407,5.72,meteofrance_arpege_europe
2026-07-31,2026-07-31T14:00:00Z,8,5.1,7.22,5.72,meteofrance_arpege_europe
2026-07-30,2026-07-31T15:00:00Z,33,5.0,6.4972,5.33,meteofrance_arpege_europe
2026-07-31,2026-07-31T15:00:00Z,9,5.0,6.5158,5.33,meteofrance_arpege_europe
2026-07-30,2026-07-31T16:00:00Z,34,5.5,6.0378,4.74,meteofrance_arpege_europe
2026-07-31,2026-07-31T16:00:00Z,10,5.5,5.6661,4.74,meteofrance_arpege_europe
2026-07-30,2026-07-31T17:00:00Z,35,5.5,5.9204,4.61,meteofrance_arpege_europe
2026-07-31,2026-07-31T17:00:00Z,11,5.5,5.5153,4.61,meteofrance_arpege_europe
2026-07-30,2026-07-31T18:00:00Z,36,6.0,5.406,3.96,meteofrance_arpege_europe
2026-07-31,2026-07-31T18:00:00Z,12,6.0,4.9194,3.96,meteofrance_arpege_europe
2026-07-30,2026-07-31T19:00:00Z,37,5.6,4.9959,4.22,meteofrance_arpege_europe
2026-07-31,2026-07-31T19:00:00Z,13,5.6,5.2702,4.22,meteofrance_arpege_europe
2026-07-30,2026-07-31T20:00:00Z,38,3.9,4.3624,4.16,meteofrance_arpege_europe
2026-07-31,2026-07-31T20:00:00Z,14,3.9,4.4737,4.16,meteofrance_arpege_europe
2026-07-30,2026-07-31T21:00:00Z,39,3.5,4.2941,4.12,meteofrance_arpege_europe
2026-07-31,2026-07-31T21:00:00Z,15,3.5,4.1867,4.12,meteofrance_arpege_europe
2026-07-30,2026-07-31T22:00:00Z,40,4.0,4.8828,3.86,meteofrance_arpege_europe
2026-07-31,2026-07-31T22:00:00Z,16,4.0,4.3551,3.86,meteofrance_arpege_europe
2026-07-30,2026-07-31T23:00:00Z,41,5.7,4.9367,3.49,meteofrance_arpege_europe
2026-07-31,2026-07-31T23:00:00Z,17,5.7,4.4833,3.49,meteofrance_arpege_europe
2026-07-30,2026-08-01T00:00:00Z,42,5.9,7.0696,4.57,meteofrance_arpege_europe
2026-07-31,2026-08-01T00:00:00Z,18,5.9,7.014,4.57,meteofrance_arpege_europe
2026-07-30,2026-08-01T01:00:00Z,43,6.1,7.8473,5.41,meteofrance_arpege_europe
2026-07-31,2026-08-01T01:00:00Z,19,6.1,7.9924,5.41,meteofrance_arpege_europe
2026-07-30,2026-08-01T02:00:00Z,44,5.5,7.7457,5.32,meteofrance_arpege_europe
2026-07-31,2026-08-01T02:00:00Z,20,5.5,7.8679,5.32,meteofrance_arpege_europe
2026-07-30,2026-08-01T03:00:00Z,45,6.8,7.6893,5.12,meteofrance_arpege_europe
2026-07-31,2026-08-01T03:00:00Z,21,6.8,7.194,5.12,meteofrance_arpege_europe
2026-07-30,2026-08-01T04:00:00Z,46,5.9,6.7264,4.44,meteofrance_arpege_europe
2026-07-31,2026-08-01T04:00:00Z,22,5.9,6.3788,4.44,meteofrance_arpege_europe
2026-07-30,2026-08-01T05:00:00Z,47,6.0,5.8864,4.12,meteofrance_arpege_europe
2026-07-31,2026-08-01T05:00:00Z,23,6.0,5.7926,4.12,meteofrance_arpege_europe
2026-07-30,2026-08-01T06:00:00Z,48,5.5,4.7566,3.61,meteofrance_arpege_europe
2026-07-31,2026-08-01T06:00:00Z,24,5.5,5.424,3.61,meteofrance_arpege_europe
2026-07-31,2026-08-01T07:00:00Z,25,5.5,4.8545,3.86,meteofrance_arpege_europe
2026-08-01,2026-08-01T07:00:00Z,1,5.5,4.7832,3.86,meteofrance_arpege_europe
2026-07-31,2026-08-01T08:00:00Z,26,3.4,5.1042,3.98,meteofrance_arpege_europe
2026-08-01,2026-08-01T08:00:00Z,2,3.4,4.9329,3.98,meteofrance_arpege_europe
2026-07-31,2026-08-01T09:00:00Z,27,3.1,4.8795,4.06,meteofrance_arpege_europe
2026-08-01,2026-08-01T09:00:00Z,3,3.1,5.3491,4.06,meteofrance_arpege_europe
2026-07-31,2026-08-01T10:00:00Z,28,3.9,4.8575,4.04,meteofrance_arpege_europe
2026-08-01,2026-08-01T10:00:00Z,4,3.9,4.558,4.04,meteofrance_arpege_europe
2026-07-31,2026-08-01T11:00:00Z,29,4.2,4.8868,4.24,meteofrance_arpege_europe
2026-08-01,2026-08-01T11:00:00Z,5,4.2,4.5507,4.24,meteofrance_arpege_europe
2026-07-31,2026-08-01T12:00:00Z,30,5.0,5.4127,4.69,meteofrance_arpege_europe
2026-08-01,2026-08-01T12:00:00Z,6,5.0,5.343,4.69,meteofrance_arpege_europe
2026-07-31,2026-08-01T13:00:00Z,31,4.7,6.0085,5.02,meteofrance_arpege_europe
2026-08-01,2026-08-01T13:00:00Z,7,4.7,5.9503,5.02,meteofrance_arpege_europe
2026-07-31,2026-08-01T14:00:00Z,32,4.9,6.1059,4.85,meteofrance_arpege_europe
2026-08-01,2026-08-01T14:00:00Z,8,4.9,6.0453,4.85,meteofrance_arpege_europe
2026-07-31,2026-08-01T15:00:00Z,33,4.9,6.3053,5.03,meteofrance_arpege_europe
2026-08-01,2026-08-01T15:00:00Z,9,4.9,6.2091,5.03,meteofrance_arpege_europe
2026-07-31,2026-08-01T16:00:00Z,34,4.9,5.6304,4.72,meteofrance_arpege_europe
2026-08-01,2026-08-01T16:00:00Z,10,4.9,5.5053,4.72,meteofrance_arpege_europe
2026-07-31,2026-08-01T17:00:00Z,35,4.7,4.0413,3.92,meteofrance_arpege_europe
2026-08-01,2026-08-01T17:00:00Z,11,4.7,4.197,3.92,meteofrance_arpege_europe
2026-07-31,2026-08-01T18:00:00Z,36,5.6,3.553,2.69,meteofrance_arpege_europe
2026-08-01,2026-08-01T18:00:00Z,12,5.6,3.0915,2.69,meteofrance_arpege_europe
2026-07-31,2026-08-01T19:00:00Z,37,4.8,3.3613,2.75,meteofrance_arpege_europe
2026-08-01,2026-08-01T19:00:00Z,13,4.8,5.2623,2.75,meteofrance_arpege_europe
2026-07-31,2026-08-01T20:00:00Z,38,4.5,3.3124,3.04,meteofrance_arpege_europe
2026-08-01,2026-08-01T20:00:00Z,14,4.5,3.6976,3.04,meteofrance_arpege_europe
2026-07-31,2026-08-01T21:00:00Z,39,4.0,4.1801,3.36,meteofrance_arpege_europe
2026-08-01,2026-08-01T21:00:00Z,15,4.0,3.9133,3.36,meteofrance_arpege_europe
2026-07-31,2026-08-01T22:00:00Z,40,3.7,3.2769,3.18,meteofrance_arpege_europe
2026-08-01,2026-08-01T22:00:00Z,16,3.7,3.0462,3.18,meteofrance_arpege_europe
2026-07-31,2026-08-01T23:00:00Z,41,2.5,2.6918,3.01,meteofrance_arpege_europe
2026-08-01,2026-08-01T23:00:00Z,17,2.5,2.3822,3.01,meteofrance_arpege_europe
2026-07-31,2026-08-02T00:00:00Z,42,2.3,2.5583,2.94,meteofrance_arpege_europe
2026-08-01,2026-08-02T00:00:00Z,18,2.3,2.2234,2.94,meteofrance_arpege_europe
2026-07-31,2026-08-02T01:00:00Z,43,1.8,2.3877,2.9,meteofrance_arpege_europe
2026-08-01,2026-08-02T01:00:00Z,19,1.8,2.1414,2.9,meteofrance_arpege_europe
2026-07-31,2026-08-02T02:00:00Z,44,1.9,2.7565,3.13,meteofrance_arpege_europe
2026-08-01,2026-08-02T02:00:00Z,20,1.9,2.2648,3.13,meteofrance_arpege_europe
2026-07-31,2026-08-02T03:00:00Z,45,1.6,3.906,3.28,meteofrance_arpege_europe
2026-08-01,2026-08-02T03:00:00Z,21,1.6,3.8012,3.28,meteofrance_arpege_europe
2026-07-31,2026-08-02T04:00:00Z,46,1.1,2.317,2.72,meteofrance_arpege_europe
2026-08-01,2026-08-02T04:00:00Z,22,1.1,2.5816,2.72,meteofrance_arpege_europe
2026-07-31,2026-08-02T05:00:00Z,47,2.5,2.374,2.64,meteofrance_arpege_europe
2026-08-01,2026-08-02T05:00:00Z,23,2.5,2.0438,2.64,meteofrance_arpege_europe
2026-07-31,2026-08-02T06:00:00Z,48,1.3,2.1853,1.92,meteofrance_arpege_europe
2026-08-01,2026-08-02T06:00:00Z,24,1.3,2.4452,1.92,meteofrance_arpege_europe
2026-08-01,2026-08-02T07:00:00Z,25,0.8,1.802,1.3,meteofrance_arpege_europe
2026-08-02,2026-08-02T07:00:00Z,1,0.8,2.0033,1.3,meteofrance_arpege_europe
2026-08-01,2026-08-02T08:00:00Z,26,1.3,2.8227,2.14,meteofrance_arpege_europe
2026-08-02,2026-08-02T08:00:00Z,2,1.3,2.8831,2.14,meteofrance_arpege_europe
2026-08-01,2026-08-02T09:00:00Z,27,4.7,5.0422,3.06,meteofrance_arpege_europe
2026-08-02,2026-08-02T09:00:00Z,3,4.7,6.839,3.06,meteofrance_arpege_europe
2026-08-01,2026-08-02T10:00:00Z,28,7.0,6.2921,3.36,meteofrance_arpege_europe
2026-08-02,2026-08-02T10:00:00Z,4,7.0,7.4328,3.36,meteofrance_arpege_europe
2026-08-01,2026-08-02T11:00:00Z,29,6.2,7.4603,3.54,meteofrance_arpege_europe
2026-08-02,2026-08-02T11:00:00Z,5,6.2,7.928,3.54,meteofrance_arpege_europe
2026-08-01,2026-08-02T12:00:00Z,30,7.0,8.039,4.04,meteofrance_arpege_europe
2026-08-02,2026-08-02T12:00:00Z,6,7.0,8.1632,4.04,meteofrance_arpege_europe
2026-08-01,2026-08-02T13:00:00Z,31,7.0,7.4833,4.6,meteofrance_arpege_europe
2026-08-02,2026-08-02T13:00:00Z,7,7.0,7.7581,4.6,meteofrance_arpege_europe
2026-08-01,2026-08-02T14:00:00Z,32,6.1,7.0445,4.2,meteofrance_arpege_europe
2026-08-02,2026-08-02T14:00:00Z,8,6.1,7.0337,4.2,meteofrance_arpege_europe
2026-08-01,2026-08-02T15:00:00Z,33,5.9,6.3391,4.22,meteofrance_arpege_europe
2026-08-02,2026-08-02T15:00:00Z,9,5.9,6.8215,4.22,meteofrance_arpege_europe
2026-08-01,2026-08-02T16:00:00Z,34,6.1,6.3533,3.86,meteofrance_arpege_europe
2026-08-02,2026-08-02T16:00:00Z,10,6.1,6.9042,3.86,meteofrance_arpege_europe
2026-08-01,2026-08-02T17:00:00Z,35,5.6,5.4057,3.96,meteofrance_arpege_europe
2026-08-02,2026-08-02T17:00:00Z,11,5.6,6.1632,3.96,meteofrance_arpege_europe
2026-08-01,2026-08-02T18:00:00Z,36,3.9,5.8631,4.05,meteofrance_arpege_europe
2026-08-02,2026-08-02T18:00:00Z,12,3.9,6.531,4.05,meteofrance_arpege_europe
2026-08-01,2026-08-02T19:00:00Z,37,3.9,5.012,4.14,meteofrance_arpege_europe
2026-08-02,2026-08-02T19:00:00Z,13,3.9,5.2886,4.14,meteofrance_arpege_europe
2026-08-01,2026-08-02T20:00:00Z,38,3.7,4.2065,4.14,meteofrance_arpege_europe
2026-08-02,2026-08-02T20:00:00Z,14,3.7,4.2422,4.14,meteofrance_arpege_europe
2026-08-01,2026-08-02T21:00:00Z,39,3.3,3.683,3.95,meteofrance_arpege_europe
2026-08-02,2026-08-02T21:00:00Z,15,3.3,3.6877,3.95,meteofrance_arpege_europe
2026-08-01,2026-08-02T22:00:00Z,40,1.7,3.4805,3.92,meteofrance_arpege_europe
2026-08-02,2026-08-02T22:00:00Z,16,1.7,3.2166,3.92,meteofrance_arpege_europe
2026-08-01,2026-08-02T23:00:00Z,41,1.8,2.3881,3.61,meteofrance_arpege_europe
2026-08-02,2026-08-02T23:00:00Z,17,1.8,2.7365,3.61,meteofrance_arpege_europe
2026-08-01,2026-08-03T00:00:00Z,42,2.7,2.699,3.81,meteofrance_arpege_europe
2026-08-02,2026-08-03T00:00:00Z,18,2.7,2.5076,3.81,meteofrance_arpege_europe
2026-08-01,2026-08-03T01:00:00Z,43,1.8,1.9607,3.1,meteofrance_arpege_europe
2026-08-02,2026-08-03T01:00:00Z,19,1.8,2.2467,3.1,meteofrance_arpege_europe
2026-08-01,2026-08-03T02:00:00Z,44,1.2,2.3559,2.44,meteofrance_arpege_europe
2026-08-02,2026-08-03T02:00:00Z,20,1.2,2.9033,2.44,meteofrance_arpege_europe
2026-08-01,2026-08-03T03:00:00Z,45,1.0,2.4641,1.56,meteofrance_arpege_europe
2026-08-02,2026-08-03T03:00:00Z,21,1.0,2.492,1.56,meteofrance_arpege_europe
2026-08-01,2026-08-03T04:00:00Z,46,1.3,2.0539,1.17,meteofrance_arpege_europe
2026-08-02,2026-08-03T04:00:00Z,22,1.3,1.8502,1.17,meteofrance_arpege_europe
2026-08-01,2026-08-03T05:00:00Z,47,2.0,1.9473,0.22,meteofrance_arpege_europe
2026-08-02,2026-08-03T05:00:00Z,23,2.0,1.9102,0.22,meteofrance_arpege_europe
2026-08-01,2026-08-03T06:00:00Z,48,1.2,2.3261,0.6,meteofrance_arpege_europe
2026-08-02,2026-08-03T06:00:00Z,24,1.2,2.131,0.6,meteofrance_arpege_europe
2026-08-02,2026-08-03T07:00:00Z,25,1.6,1.7247,0.54,meteofrance_arpege_europe
2026-08-03,2026-08-03T07:00:00Z,1,1.6,1.6158,0.54,meteofrance_arpege_europe
2026-08-02,2026-08-03T08:00:00Z,26,1.6,1.8217,0.67,meteofrance_arpege_europe
2026-08-03,2026-08-03T08:00:00Z,2,1.6,1.6376,0.67,meteofrance_arpege_europe
2026-08-02,2026-08-03T09:00:00Z,27,1.7,2.0075,0.67,meteofrance_arpege_europe
2026-08-03,2026-08-03T09:00:00Z,3,1.7,1.9096,0.67,meteofrance_arpege_europe
2026-08-02,2026-08-03T10:00:00Z,28,2.0,1.8495,1.57,meteofrance_arpege_europe
2026-08-03,2026-08-03T10:00:00Z,4,2.0,2.1351,1.57,meteofrance_arpege_europe
2026-08-02,2026-08-03T11:00:00Z,29,2.4,2.8815,2.61,meteofrance_arpege_europe
2026-08-03,2026-08-03T11:00:00Z,5,2.4,2.7936,2.61,meteofrance_arpege_europe
2026-08-02,2026-08-03T12:00:00Z,30,2.9,3.6819,2.91,meteofrance_arpege_europe
2026-08-03,2026-08-03T12:00:00Z,6,2.9,3.5672,2.91,meteofrance_arpege_europe
2026-08-02,2026-08-03T13:00:00Z,31,2.3,3.222,3.51,meteofrance_arpege_europe
2026-08-03,2026-08-03T13:00:00Z,7,2.3,3.0066,3.51,meteofrance_arpege_europe
2026-08-02,2026-08-03T14:00:00Z,32,2.8,3.2377,3.6,meteofrance_arpege_europe
2026-08-03,2026-08-03T14:00:00Z,8,2.8,2.9233,3.6,meteofrance_arpege_europe
2026-08-02,2026-08-03T15:00:00Z,33,1.8,3.1009,3.3,meteofrance_arpege_europe
2026-08-03,2026-08-03T15:00:00Z,9,1.8,2.8559,3.3,meteofrance_arpege_europe
2026-08-02,2026-08-03T16:00:00Z,34,1.0,3.2677,3.01,meteofrance_arpege_europe
2026-08-03,2026-08-03T16:00:00Z,10,1.0,2.7209,3.01,meteofrance_arpege_europe
2026-08-02,2026-08-03T17:00:00Z,35,0.8,2.6936,2.73,meteofrance_arpege_europe
2026-08-03,2026-08-03T17:00:00Z,11,0.8,2.5898,2.73,meteofrance_arpege_europe
2026-08-02,2026-08-03T18:00:00Z,36,1.4,2.7263,2.31,meteofrance_arpege_europe
2026-08-03,2026-08-03T18:00:00Z,12,1.4,2.4306,2.31,meteofrance_arpege_europe
2026-08-02,2026-08-03T19:00:00Z,37,1.8,2.3163,2.15,meteofrance_arpege_europe
2026-08-03,2026-08-03T19:00:00Z,13,1.8,1.9408,2.15,meteofrance_arpege_europe
2026-08-02,2026-08-03T20:00:00Z,38,0.9,2.1846,1.72,meteofrance_arpege_europe
2026-08-03,2026-08-03T20:00:00Z,14,0.9,1.9217,1.72,meteofrance_arpege_europe
2026-08-02,2026-08-03T21:00:00Z,39,0.6,2.0189,0.51,meteofrance_arpege_europe
2026-08-03,2026-08-03T21:00:00Z,15,0.6,1.7451,0.51,meteofrance_arpege_europe
2026-08-02,2026-08-03T22:00:00Z,40,1.0,2.058,1.0,meteofrance_arpege_europe
2026-08-03,2026-08-03T22:00:00Z,16,1.0,1.8505,1.0,meteofrance_arpege_europe
2026-08-02,2026-08-03T23:00:00Z,41,0.9,2.2017,1.41,meteofrance_arpege_europe
2026-08-03,2026-08-03T23:00:00Z,17,0.9,1.9503,1.41,meteofrance_arpege_europe
2026-08-02,2026-08-04T00:00:00Z,42,0.9,2.4191,1.71,meteofrance_arpege_europe
2026-08-03,2026-08-04T00:00:00Z,18,0.9,2.0988,1.71,meteofrance_arpege_europe
2026-08-02,2026-08-04T01:00:00Z,43,3.6,2.6418,1.55,meteofrance_arpege_europe
2026-08-03,2026-08-04T01:00:00Z,19,3.6,2.5188,1.55,meteofrance_arpege_europe
2026-08-02,2026-08-04T02:00:00Z,44,1.2,3.0052,2.51,meteofrance_arpege_europe
2026-08-03,2026-08-04T02:00:00Z,20,1.2,3.4899,2.51,meteofrance_arpege_europe
2026-08-02,2026-08-04T03:00:00Z,45,1.8,2.7412,1.43,meteofrance_arpege_europe
2026-08-03,2026-08-04T03:00:00Z,21,1.8,3.1483,1.43,meteofrance_arpege_europe
2026-08-02,2026-08-04T04:00:00Z,46,2.1,2.87,1.79,meteofrance_arpege_europe
2026-08-03,2026-08-04T04:00:00Z,22,2.1,3.1116,1.79,meteofrance_arpege_europe
2026-08-02,2026-08-04T05:00:00Z,47,2.2,3.4941,3.27,meteofrance_arpege_europe
2026-08-03,2026-08-04T05:00:00Z,23,2.2,3.6704,3.27,meteofrance_arpege_europe
2026-08-02,2026-08-04T06:00:00Z,48,3.2,3.5093,2.98,meteofrance_arpege_europe
2026-08-03,2026-08-04T06:00:00Z,24,3.2,3.6878,2.98,meteofrance_arpege_europe
2026-08-03,2026-08-04T07:00:00Z,25,3.3,5.0311,3.98,meteofrance_arpege_europe
2026-08-04,2026-08-04T07:00:00Z,1,3.3,5.1676,3.98,meteofrance_arpege_europe
2026-08-03,2026-08-04T08:00:00Z,26,6.5,6.1046,4.92,meteofrance_arpege_europe
2026-08-04,2026-08-04T08:00:00Z,2,6.5,6.0052,4.92,meteofrance_arpege_europe
2026-08-03,2026-08-04T09:00:00Z,27,5.2,6.5564,5.28,meteofrance_arpege_europe
2026-08-04,2026-08-04T09:00:00Z,3,5.2,6.4168,5.28,meteofrance_arpege_europe
2026-08-03,2026-08-04T10:00:00Z,28,6.7,7.1126,6.12,meteofrance_arpege_europe
2026-08-04,2026-08-04T10:00:00Z,4,6.7,6.9108,6.12,meteofrance_arpege_europe
2026-08-03,2026-08-04T11:00:00Z,29,8.0,6.9058,6.47,meteofrance_arpege_europe
2026-08-04,2026-08-04T11:00:00Z,5,8.0,6.7493,6.47,meteofrance_arpege_europe
2026-08-03,2026-08-04T12:00:00Z,30,8.0,7.3146,5.98,meteofrance_arpege_europe
2026-08-04,2026-08-04T12:00:00Z,6,8.0,6.7142,5.98,meteofrance_arpege_europe
2026-08-03,2026-08-04T13:00:00Z,31,7.3,6.877,5.39,meteofrance_arpege_europe
2026-08-04,2026-08-04T13:00:00Z,7,7.3,6.3076,5.39,meteofrance_arpege_europe
2026-08-03,2026-08-04T14:00:00Z,32,8.3,6.8509,5.37,meteofrance_arpege_europe
2026-08-04,2026-08-04T14:00:00Z,8,8.3,6.456,5.37,meteofrance_arpege_europe
2026-08-03,2026-08-04T15:00:00Z,33,6.8,6.6976,5.07,meteofrance_arpege_europe
2026-08-04,2026-08-04T15:00:00Z,9,6.8,6.7134,5.07,meteofrance_arpege_europe
2026-08-03,2026-08-04T16:00:00Z,34,7.1,6.2847,4.84,meteofrance_arpege_europe
2026-08-04,2026-08-04T16:00:00Z,10,7.1,6.1933,4.84,meteofrance_arpege_europe
2026-08-03,2026-08-04T17:00:00Z,35,6.8,6.1352,4.93,meteofrance_arpege_europe
2026-08-04,2026-08-04T17:00:00Z,11,6.8,6.0421,4.93,meteofrance_arpege_europe
2026-08-03,2026-08-04T18:00:00Z,36,5.1,5.994,4.62,meteofrance_arpege_europe
2026-08-04,2026-08-04T18:00:00Z,12,5.1,5.9281,4.62,meteofrance_arpege_europe
2026-08-03,2026-08-04T19:00:00Z,37,4.5,6.0409,4.74,meteofrance_arpege_europe
2026-08-04,2026-08-04T19:00:00Z,13,4.5,5.8542,4.74,meteofrance_arpege_europe
2026-08-03,2026-08-04T20:00:00Z,38,4.0,5.5075,4.74,meteofrance_arpege_europe
2026-08-04,2026-08-04T20:00:00Z,14,4.0,5.4802,4.74,meteofrance_arpege_europe
2026-08-03,2026-08-04T21:00:00Z,39,4.2,4.9845,4.24,meteofrance_arpege_europe
2026-08-04,2026-08-04T21:00:00Z,15,4.2,5.2344,4.24,meteofrance_arpege_europe
2026-08-03,2026-08-04T22:00:00Z,40,4.8,5.326,4.83,meteofrance_arpege_europe
2026-08-04,2026-08-04T22:00:00Z,16,4.8,5.3846,4.83,meteofrance_arpege_europe
2026-08-03,2026-08-04T23:00:00Z,41,5.3,5.3389,5.25,meteofrance_arpege_europe
2026-08-04,2026-08-04T23:00:00Z,17,5.3,5.3419,5.25,meteofrance_arpege_europe
2026-08-04,2026-08-05T00:00:00Z,18,5.8,6.0746,6.08,meteofrance_arpege_europe
2026-08-04,2026-08-05T01:00:00Z,19,5.3,6.6776,6.85,meteofrance_arpege_europe
2026-08-04,2026-08-05T02:00:00Z,20,7.3,6.5447,6.86,meteofrance_arpege_europe
2026-08-04,2026-08-05T03:00:00Z,21,7.4,6.472,6.77,meteofrance_arpege_europe
2026-08-04,2026-08-05T04:00:00Z,22,7.7,6.0826,6.85,meteofrance_arpege_europe
2026-08-04,2026-08-05T05:00:00Z,23,5.6,5.8067,6.83,meteofrance_arpege_europe
2026-08-04,2026-08-05T06:00:00Z,24,5.0,5.8037,5.29,meteofrance_arpege_europe
2026-08-04,2026-08-05T07:00:00Z,25,7.6,7.3471,6.18,meteofrance_arpege_europe
2026-08-05,2026-08-05T07:00:00Z,1,7.6,7.426,6.31,meteofrance_arpege_europe
2026-08-04,2026-08-05T08:00:00Z,26,7.6,6.9384,6.32,meteofrance_arpege_europe
2026-08-05,2026-08-05T08:00:00Z,2,7.1,7.8661,7.01,meteofrance_arpege_europe
2026-08-04,2026-08-05T09:00:00Z,27,7.1,6.6823,6.0,meteofrance_arpege_europe
2026-08-05,2026-08-05T09:00:00Z,3,7.4,7.5807,7.17,meteofrance_arpege_europe
2026-08-04,2026-08-05T10:00:00Z,28,7.3,7.2729,6.3,meteofrance_arpege_europe
2026-08-05,2026-08-05T10:00:00Z,4,7.3,7.4508,6.61,meteofrance_arpege_europe
2026-08-04,2026-08-05T11:00:00Z,29,7.3,7.3764,6.51,meteofrance_arpege_europe
2026-08-05,2026-08-05T11:00:00Z,5,8.1,7.3989,6.8,meteofrance_arpege_europe
2026-08-04,2026-08-05T12:00:00Z,30,8.1,7.7289,6.77,meteofrance_arpege_europe
2026-08-05,2026-08-05T12:00:00Z,6,7.7,8.6536,7.3,meteofrance_arpege_europe
2026-08-04,2026-08-05T13:00:00Z,31,7.9,8.1103,7.12,meteofrance_arpege_europe
2026-08-05,2026-08-05T13:00:00Z,7,7.9,8.8239,8.14,meteofrance_arpege_europe
2026-08-04,2026-08-05T14:00:00Z,32,8.4,8.7494,7.1,meteofrance_arpege_europe
2026-08-05,2026-08-05T14:00:00Z,8,8.4,8.9251,8.11,meteofrance_arpege_europe
2026-08-04,2026-08-05T15:00:00Z,33,8.2,8.7676,7.1,meteofrance_arpege_europe
2026-08-05,2026-08-05T15:00:00Z,9,8.2,8.881,8.21,meteofrance_arpege_europe
2026-08-04,2026-08-05T16:00:00Z,34,8.4,8.1512,6.9,meteofrance_arpege_europe
2026-08-05,2026-08-05T16:00:00Z,10,8.4,8.6988,8.1,meteofrance_arpege_europe
2026-08-04,2026-08-05T17:00:00Z,35,8.4,8.1784,6.61,meteofrance_arpege_europe
2026-08-05,2026-08-05T17:00:00Z,11,8.4,8.5608,7.5,meteofrance_arpege_europe
2026-08-04,2026-08-05T18:00:00Z,36,8.0,8.0902,6.72,meteofrance_arpege_europe
2026-08-05,2026-08-05T18:00:00Z,12,8.0,7.7882,7.2,meteofrance_arpege_europe
2026-08-04,2026-08-05T19:00:00Z,37,6.6,7.15,6.75,meteofrance_arpege_europe
2026-08-05,2026-08-05T19:00:00Z,13,6.6,7.0486,6.8,meteofrance_arpege_europe
2026-08-04,2026-08-05T20:00:00Z,38,5.9,5.8164,6.46,meteofrance_arpege_europe
2026-08-05,2026-08-05T20:00:00Z,14,5.9,5.9901,6.6,meteofrance_arpege_europe
2026-08-04,2026-08-05T21:00:00Z,39,5.2,5.2053,5.74,meteofrance_arpege_europe
2026-08-05,2026-08-05T21:00:00Z,15,5.2,5.4624,6.1,meteofrance_arpege_europe
2026-08-04,2026-08-05T22:00:00Z,40,4.4,5.1192,5.89,meteofrance_arpege_europe
2026-08-05,2026-08-05T22:00:00Z,16,4.4,5.2345,6.2,meteofrance_arpege_europe
2026-08-04,2026-08-05T23:00:00Z,41,5.2,4.9542,5.79,meteofrance_arpege_europe
2026-08-05,2026-08-05T23:00:00Z,17,5.2,5.3442,5.91,meteofrance_arpege_europe
2026-08-04,2026-08-06T00:00:00Z,42,4.8,5.1346,5.1,meteofrance_arpege_europe
2026-08-05,2026-08-06T00:00:00Z,18,4.8,4.6534,5.23,meteofrance_arpege_europe
2026-08-04,2026-08-06T01:00:00Z,43,7.1,5.3362,4.66,meteofrance_arpege_europe
2026-08-05,2026-08-06T01:00:00Z,19,7.1,5.3275,5.24,meteofrance_arpege_europe
2026-08-04,2026-08-06T02:00:00Z,44,6.9,5.0517,4.52,meteofrance_arpege_europe
2026-08-05,2026-08-06T02:00:00Z,20,6.9,4.9841,4.78,meteofrance_arpege_europe
2026-08-04,2026-08-06T03:00:00Z,45,5.9,4.7813,4.37,meteofrance_arpege_europe
2026-08-05,2026-08-06T03:00:00Z,21,5.9,4.7776,4.62,meteofrance_arpege_europe
2026-08-04,2026-08-06T04:00:00Z,46,4.6,3.9927,4.12,meteofrance_arpege_europe
2026-08-05,2026-08-06T04:00:00Z,22,4.6,4.0935,4.27,meteofrance_arpege_europe
2026-08-04,2026-08-06T05:00:00Z,47,4.2,4.0309,3.64,meteofrance_arpege_europe
2026-08-05,2026-08-06T05:00:00Z,23,4.2,4.0833,3.89,meteofrance_arpege_europe
2026-08-04,2026-08-06T06:00:00Z,48,3.8,4.3518,3.35,meteofrance_arpege_europe
2026-08-05,2026-08-06T06:00:00Z,24,3.8,4.0815,3.58,meteofrance_arpege_europe
2026-08-05,2026-08-06T07:00:00Z,25,5.8,5.0635,4.36,meteofrance_arpege_europe
2026-08-06,2026-08-06T07:00:00Z,1,5.8,4.6836,3.28,meteofrance_arpege_europe
2026-08-05,2026-08-06T08:00:00Z,26,6.2,6.2011,4.55,meteofrance_arpege_europe
2026-08-06,2026-08-06T08:00:00Z,2,6.2,5.1058,3.89,meteofrance_arpege_europe
2026-08-05,2026-08-06T09:00:00Z,27,5.6,6.403,4.83,meteofrance_arpege_europe
2026-08-06,2026-08-06T09:00:00Z,3,5.6,5.0841,4.24,meteofrance_arpege_europe
2026-08-05,2026-08-06T10:00:00Z,28,5.9,6.4765,5.35,meteofrance_arpege_europe
2026-08-06,2026-08-06T10:00:00Z,4,5.9,6.0291,5.06,meteofrance_arpege_europe
2026-08-05,2026-08-06T11:00:00Z,29,5.9,6.0838,5.22,meteofrance_arpege_europe
2026-08-06,2026-08-06T11:00:00Z,5,5.2,5.8858,5.33,meteofrance_arpege_europe
2026-08-05,2026-08-06T12:00:00Z,30,5.2,5.8263,5.13,meteofrance_arpege_europe
2026-08-06,2026-08-06T12:00:00Z,6,6.2,5.5561,5.22,meteofrance_arpege_europe
2026-08-05,2026-08-06T13:00:00Z,31,4.9,6.4717,5.59,meteofrance_arpege_europe
2026-08-06,2026-08-06T13:00:00Z,7,4.9,5.8688,5.47,meteofrance_arpege_europe
2026-08-05,2026-08-06T14:00:00Z,32,4.3,5.8886,5.3,meteofrance_arpege_europe
2026-08-06,2026-08-06T14:00:00Z,8,4.3,5.7938,5.2,meteofrance_arpege_europe
2026-08-05,2026-08-06T15:00:00Z,33,4.4,5.8372,5.1,meteofrance_arpege_europe
2026-08-06,2026-08-06T15:00:00Z,9,4.4,6.0813,4.79,meteofrance_arpege_europe
2026-08-05,2026-08-06T16:00:00Z,34,4.4,5.503,4.74,meteofrance_arpege_europe
2026-08-06,2026-08-06T16:00:00Z,10,4.4,5.0482,4.56,meteofrance_arpege_europe
2026-08-05,2026-08-06T17:00:00Z,35,5.2,4.9954,4.18,meteofrance_arpege_europe
2026-08-06,2026-08-06T17:00:00Z,11,5.2,5.0492,4.1,meteofrance_arpege_europe
2026-08-05,2026-08-06T18:00:00Z,36,4.7,5.2018,4.39,meteofrance_arpege_europe
2026-08-06,2026-08-06T18:00:00Z,12,4.7,5.1343,4.13,meteofrance_arpege_europe
2026-08-05,2026-08-06T19:00:00Z,37,4.5,4.5214,3.94,meteofrance_arpege_europe
2026-08-06,2026-08-06T19:00:00Z,13,4.5,4.3183,3.85,meteofrance_arpege_europe
2026-08-05,2026-08-06T20:00:00Z,38,4.5,3.5202,3.76,meteofrance_arpege_europe
2026-08-06,2026-08-06T20:00:00Z,14,4.5,3.7773,3.67,meteofrance_arpege_europe
2026-08-05,2026-08-06T21:00:00Z,39,2.8,3.4947,3.53,meteofrance_arpege_europe
2026-08-06,2026-08-06T21:00:00Z,15,2.8,3.5424,3.16,meteofrance_arpege_europe
2026-08-05,2026-08-06T22:00:00Z,40,2.2,3.4794,3.31,meteofrance_arpege_europe
2026-08-06,2026-08-06T22:00:00Z,16,2.2,3.2611,2.77,meteofrance_arpege_europe
2026-08-05,2026-08-06T23:00:00Z,41,2.0,3.1032,3.14,meteofrance_arpege_europe
2026-08-06,2026-08-06T23:00:00Z,17,2.0,3.2338,2.82,meteofrance_arpege_europe
2026-08-05,2026-08-07T00:00:00Z,42,1.8,2.9463,2.55,meteofrance_arpege_europe
2026-08-06,2026-08-07T00:00:00Z,18,1.8,3.2372,2.37,meteofrance_arpege_europe
2026-08-05,2026-08-07T01:00:00Z,43,1.6,2.6926,2.37,meteofrance_arpege_europe
2026-08-06,2026-08-07T01:00:00Z,19,1.6,3.1784,3.01,meteofrance_arpege_europe
2026-08-05,2026-08-07T02:00:00Z,44,4.8,2.8599,2.82,meteofrance_arpege_europe
2026-08-06,2026-08-07T02:00:00Z,20,4.8,3.8485,3.21,meteofrance_arpege_europe
2026-08-05,2026-08-07T03:00:00Z,45,2.7,3.9185,3.51,meteofrance_arpege_europe
2026-08-06,2026-08-07T03:00:00Z,21,2.7,4.287,3.41,meteofrance_arpege_europe
2026-08-05,2026-08-07T04:00:00Z,46,3.7,2.8921,3.0,meteofrance_arpege_europe
2026-08-06,2026-08-07T04:00:00Z,22,3.7,3.0438,3.03,meteofrance_arpege_europe
2026-08-05,2026-08-07T05:00:00Z,47,3.8,2.5696,2.6,meteofrance_arpege_europe
2026-08-06,2026-08-07T05:00:00Z,23,3.8,3.2471,2.96,meteofrance_arpege_europe
2026-08-05,2026-08-07T06:00:00Z,48,1.0,2.2544,2.21,meteofrance_arpege_europe
2026-08-06,2026-08-07T06:00:00Z,24,1.0,2.5023,2.73,meteofrance_arpege_europe
2026-08-06,2026-08-07T07:00:00Z,25,1.4,2.496,2.62,meteofrance_arpege_europe
2026-08-07,2026-08-07T07:00:00Z,1,1.4,2.9232,2.5,meteofrance_arpege_europe
2026-08-06,2026-08-07T08:00:00Z,26,2.2,2.3498,1.9,meteofrance_arpege_europe
2026-08-07,2026-08-07T08:00:00Z,2,2.2,2.3444,2.02,meteofrance_arpege_europe
2026-08-06,2026-08-07T09:00:00Z,27,2.2,2.4099,1.61,meteofrance_arpege_europe
2026-08-07,2026-08-07T09:00:00Z,3,3.5,2.353,2.0,meteofrance_arpege_europe
2026-08-06,2026-08-07T10:00:00Z,28,3.5,3.1095,2.67,meteofrance_arpege_europe
2026-08-07,2026-08-07T10:00:00Z,4,3.8,2.5525,2.3,meteofrance_arpege_europe
2026-08-06,2026-08-07T11:00:00Z,29,3.8,4.8037,4.44,meteofrance_arpege_europe
2026-08-07,2026-08-07T11:00:00Z,5,4.1,4.0205,4.3,meteofrance_arpege_europe
2026-08-06,2026-08-07T12:00:00Z,30,4.7,5.7219,5.06,meteofrance_arpege_europe
2026-08-07,2026-08-07T12:00:00Z,6,4.7,4.6038,4.41,meteofrance_arpege_europe
2026-08-06,2026-08-07T13:00:00Z,31,4.3,5.6187,4.77,meteofrance_arpege_europe
2026-08-07,2026-08-07T13:00:00Z,7,4.3,5.0783,4.8,meteofrance_arpege_europe
2026-08-06,2026-08-07T14:00:00Z,32,3.7,5.5671,5.0,meteofrance_arpege_europe
2026-08-07,2026-08-07T14:00:00Z,8,3.7,4.5214,4.67,meteofrance_arpege_europe
2026-08-06,2026-08-07T15:00:00Z,33,3.9,5.0668,4.6,meteofrance_arpege_europe
2026-08-07,2026-08-07T15:00:00Z,9,3.9,4.6306,4.62,meteofrance_arpege_europe
2026-08-06,2026-08-07T16:00:00Z,34,3.1,3.9325,4.21,meteofrance_arpege_europe
2026-08-07,2026-08-07T16:00:00Z,10,3.1,3.6228,4.2,meteofrance_arpege_europe
2026-08-06,2026-08-07T17:00:00Z,35,3.6,3.0139,3.51,meteofrance_arpege_europe
2026-08-07,2026-08-07T17:00:00Z,11,3.6,2.9789,3.81,meteofrance_arpege_europe
2026-08-06,2026-08-07T18:00:00Z,36,3.2,2.6257,3.1,meteofrance_arpege_europe
2026-08-07,2026-08-07T18:00:00Z,12,3.2,2.3439,3.03,meteofrance_arpege_europe
2026-08-06,2026-08-07T19:00:00Z,37,2.8,2.3648,2.83,meteofrance_arpege_europe
2026-08-07,2026-08-07T19:00:00Z,13,2.8,2.1705,2.47,meteofrance_arpege_europe
2026-08-06,2026-08-07T20:00:00Z,38,2.3,2.0876,2.35,meteofrance_arpege_europe
2026-08-07,2026-08-07T20:00:00Z,14,2.3,1.9058,2.11,meteofrance_arpege_europe
2026-08-06,2026-08-07T21:00:00Z,39,2.6,1.5941,1.52,meteofrance_arpege_europe
2026-08-07,2026-08-07T21:00:00Z,15,2.6,1.6706,1.86,meteofrance_arpege_europe
2026-08-06,2026-08-07T22:00:00Z,40,1.6,1.5928,1.66,meteofrance_arpege_europe
2026-08-07,2026-08-07T22:00:00Z,16,1.6,1.9901,1.84,meteofrance_arpege_europe
2026-08-06,2026-08-07T23:00:00Z,41,1.4,1.756,1.98,meteofrance_arpege_europe
2026-08-07,2026-08-07T23:00:00Z,17,1.4,2.0573,1.72,meteofrance_arpege_europe
2026-08-06,2026-08-08T00:00:00Z,42,2.9,1.9146,2.06,meteofrance_arpege_europe
2026-08-07,2026-08-08T00:00:00Z,18,2.9,2.2182,1.97,meteofrance_arpege_europe
2026-08-06,2026-08-08T01:00:00Z,43,2.9,1.5946,1.44,meteofrance_arpege_europe
2026-08-07,2026-08-08T01:00:00Z,19,2.9,2.1082,2.24,meteofrance_arpege_europe
2026-08-06,2026-08-08T02:00:00Z,44,2.4,1.6389,1.43,meteofrance_arpege_europe
2026-08-07,2026-08-08T02:00:00Z,20,2.4,2.0593,2.01,meteofrance_arpege_europe
2026-08-06,2026-08-08T03:00:00Z,45,2.7,1.5873,1.32,meteofrance_arpege_europe
2026-08-07,2026-08-08T03:00:00Z,21,2.7,1.931,1.8,meteofrance_arpege_europe
2026-08-06,2026-08-08T04:00:00Z,46,1.9,1.3623,1.73,meteofrance_arpege_europe
2026-08-07,2026-08-08T04:00:00Z,22,1.9,1.406,1.6,meteofrance_arpege_europe
2026-08-06,2026-08-08T05:00:00Z,47,1.6,1.3969,1.77,meteofrance_arpege_europe
2026-08-07,2026-08-08T05:00:00Z,23,1.6,1.9202,2.1,meteofrance_arpege_europe
2026-08-06,2026-08-08T06:00:00Z,48,1.3,1.8727,2.2,meteofrance_arpege_europe
2026-08-07,2026-08-08T06:00:00Z,24,1.3,2.1741,2.62,meteofrance_arpege_europe
2026-08-07,2026-08-08T07:00:00Z,25,0.5,3.0156,3.35,meteofrance_arpege_europe
2026-08-08,2026-08-08T07:00:00Z,1,0.5,2.1442,1.6,meteofrance_arpege_europe
2026-08-07,2026-08-08T08:00:00Z,26,0.8,4.0158,3.9,meteofrance_arpege_europe
2026-08-08,2026-08-08T08:00:00Z,2,0.8,4.0374,3.26,meteofrance_arpege_europe
2026-08-07,2026-08-08T09:00:00Z,27,0.8,4.5467,3.84,meteofrance_arpege_europe
2026-08-08,2026-08-08T09:00:00Z,3,2.4,4.1011,3.06,meteofrance_arpege_europe
2026-08-07,2026-08-08T10:00:00Z,28,4.3,4.2139,3.68,meteofrance_arpege_europe
2026-08-08,2026-08-08T10:00:00Z,4,4.3,3.7597,2.84,meteofrance_arpege_europe
2026-08-07,2026-08-08T11:00:00Z,29,4.3,4.5389,3.4,meteofrance_arpege_europe
2026-08-08,2026-08-08T11:00:00Z,5,6.3,3.7195,2.48,meteofrance_arpege_europe
2026-08-07,2026-08-08T12:00:00Z,30,3.9,4.7116,3.14,meteofrance_arpege_europe
2026-08-08,2026-08-08T12:00:00Z,6,3.9,3.8337,2.39,meteofrance_arpege_europe
2026-08-07,2026-08-08T13:00:00Z,31,7.9,6.4286,3.88,meteofrance_arpege_europe
2026-08-08,2026-08-08T13:00:00Z,7,7.9,5.0187,2.92,meteofrance_arpege_europe
2026-08-07,2026-08-08T14:00:00Z,32,9.1,6.4547,4.3,meteofrance_arpege_europe
2026-08-08,2026-08-08T14:00:00Z,8,9.1,6.6663,3.86,meteofrance_arpege_europe
2026-08-07,2026-08-08T15:00:00Z,33,9.3,6.2864,4.13,meteofrance_arpege_europe
2026-08-08,2026-08-08T15:00:00Z,9,9.3,6.8569,4.52,meteofrance_arpege_europe
2026-08-07,2026-08-08T16:00:00Z,34,8.3,6.7537,4.49,meteofrance_arpege_europe
2026-08-08,2026-08-08T16:00:00Z,10,8.3,7.2178,4.34,meteofrance_arpege_europe
2026-08-07,2026-08-08T17:00:00Z,35,6.9,6.5356,4.0,meteofrance_arpege_europe
2026-08-08,2026-08-08T17:00:00Z,11,6.9,6.7999,3.5,meteofrance_arpege_europe
2026-08-07,2026-08-08T18:00:00Z,36,6.6,5.1771,3.42,meteofrance_arpege_europe
2026-08-08,2026-08-08T18:00:00Z,12,6.6,5.007,2.73,meteofrance_arpege_europe
2026-08-07,2026-08-08T19:00:00Z,37,5.5,3.968,3.1,meteofrance_arpege_europe
2026-08-08,2026-08-08T19:00:00Z,13,5.5,3.4396,2.94,meteofrance_arpege_europe
2026-08-07,2026-08-08T20:00:00Z,38,4.7,3.0331,3.18,meteofrance_arpege_europe
2026-08-08,2026-08-08T20:00:00Z,14,4.7,3.2223,3.21,meteofrance_arpege_europe
2026-08-07,2026-08-08T21:00:00Z,39,4.4,3.2167,3.38,meteofrance_arpege_europe
2026-08-08,2026-08-08T21:00:00Z,15,4.4,3.1067,3.4,meteofrance_arpege_europe
2026-08-07,2026-08-08T22:00:00Z,40,0.8,3.2101,3.62,meteofrance_arpege_europe
2026-08-08,2026-08-08T22:00:00Z,16,0.8,3.0948,3.76,meteofrance_arpege_europe
2026-08-07,2026-08-08T23:00:00Z,41,0.9,3.6729,3.53,meteofrance_arpege_europe
2026-08-08,2026-08-08T23:00:00Z,17,0.9,2.88,3.9,meteofrance_arpege_europe
2026-08-07,2026-08-09T00:00:00Z,42,2.9,3.5204,3.45,meteofrance_arpege_europe
2026-08-08,2026-08-09T00:00:00Z,18,2.9,2.5655,3.53,meteofrance_arpege_europe
2026-08-07,2026-08-09T01:00:00Z,43,4.1,2.9688,3.02,meteofrance_arpege_europe
2026-08-08,2026-08-09T01:00:00Z,19,4.1,3.4642,3.45,meteofrance_arpege_europe
2026-08-07,2026-08-09T02:00:00Z,44,5.7,2.5221,2.55,meteofrance_arpege_europe
2026-08-08,2026-08-09T02:00:00Z,20,5.7,3.1336,3.36,meteofrance_arpege_europe
2026-08-07,2026-08-09T03:00:00Z,45,2.9,2.4671,1.94,meteofrance_arpege_europe
2026-08-08,2026-08-09T03:00:00Z,21,2.9,2.0897,2.91,meteofrance_arpege_europe
2026-08-07,2026-08-09T04:00:00Z,46,1.2,2.7625,1.81,meteofrance_arpege_europe
2026-08-08,2026-08-09T04:00:00Z,22,1.2,2.1785,2.83,meteofrance_arpege_europe
2026-08-07,2026-08-09T05:00:00Z,47,1.7,2.5413,2.4,meteofrance_arpege_europe
2026-08-08,2026-08-09T05:00:00Z,23,1.7,2.0213,2.11,meteofrance_arpege_europe
2026-08-07,2026-08-09T06:00:00Z,48,0.6,2.9581,2.65,meteofrance_arpege_europe
2026-08-08,2026-08-09T06:00:00Z,24,0.6,2.0228,1.48,meteofrance_arpege_europe
2026-08-08,2026-08-09T07:00:00Z,25,4.6,2.3846,0.85,meteofrance_arpege_europe
2026-08-09,2026-08-09T07:00:00Z,1,4.6,2.2881,2.34,meteofrance_arpege_europe
2026-08-08,2026-08-09T08:00:00Z,26,3.7,3.1621,1.02,meteofrance_arpege_europe
2026-08-09,2026-08-09T08:00:00Z,2,3.7,3.5176,3.84,meteofrance_arpege_europe
2026-08-08,2026-08-09T09:00:00Z,27,3.7,4.0287,2.06,meteofrance_arpege_europe
2026-08-09,2026-08-09T09:00:00Z,3,4.4,5.4698,5.15,meteofrance_arpege_europe
2026-08-08,2026-08-09T10:00:00Z,28,4.2,3.3907,1.28,meteofrance_arpege_europe
2026-08-09,2026-08-09T10:00:00Z,4,4.2,5.744,4.52,meteofrance_arpege_europe
2026-08-08,2026-08-09T11:00:00Z,29,4.2,3.6488,1.21,meteofrance_arpege_europe
2026-08-09,2026-08-09T11:00:00Z,5,5.9,5.6636,4.14,meteofrance_arpege_europe
2026-08-08,2026-08-09T12:00:00Z,30,7.0,4.0876,1.84,meteofrance_arpege_europe
2026-08-09,2026-08-09T12:00:00Z,6,7.0,6.1399,4.28,meteofrance_arpege_europe
2026-08-08,2026-08-09T13:00:00Z,31,6.0,4.357,2.2,meteofrance_arpege_europe
2026-08-09,2026-08-09T13:00:00Z,7,6.0,6.1019,4.64,meteofrance_arpege_europe
2026-08-08,2026-08-09T14:00:00Z,32,5.9,4.3951,3.5,meteofrance_arpege_europe
2026-08-09,2026-08-09T14:00:00Z,8,5.9,6.2456,4.6,meteofrance_arpege_europe
2026-08-08,2026-08-09T15:00:00Z,33,5.4,4.0175,2.42,meteofrance_arpege_europe
2026-08-09,2026-08-09T15:00:00Z,9,5.4,6.3275,4.97,meteofrance_arpege_europe
2026-08-08,2026-08-09T16:00:00Z,34,5.6,3.856,1.56,meteofrance_arpege_europe
2026-08-09,2026-08-09T16:00:00Z,10,5.6,6.212,4.78,meteofrance_arpege_europe
2026-08-08,2026-08-09T17:00:00Z,35,7.0,4.1229,1.94,meteofrance_arpege_europe
2026-08-09,2026-08-09T17:00:00Z,11,7.0,6.4651,5.22,meteofrance_arpege_europe
2026-08-08,2026-08-09T18:00:00Z,36,5.7,3.9988,2.19,meteofrance_arpege_europe
2026-08-09,2026-08-09T18:00:00Z,12,5.7,6.546,5.2,meteofrance_arpege_europe
2026-08-08,2026-08-09T19:00:00Z,37,4.2,3.6894,1.62,meteofrance_arpege_europe
2026-08-09,2026-08-09T19:00:00Z,13,4.2,5.2391,5.3,meteofrance_arpege_europe
2026-08-08,2026-08-09T20:00:00Z,38,4.3,2.9752,1.8,meteofrance_arpege_europe
2026-08-09,2026-08-09T20:00:00Z,14,4.3,4.8507,4.7,meteofrance_arpege_europe
2026-08-08,2026-08-09T21:00:00Z,39,4.6,3.1038,1.12,meteofrance_arpege_europe
2026-08-09,2026-08-09T21:00:00Z,15,4.6,4.4551,4.9,meteofrance_arpege_europe
2026-08-08,2026-08-09T22:00:00Z,40,4.4,3.2501,2.06,meteofrance_arpege_europe
2026-08-09,2026-08-09T22:00:00Z,16,4.4,4.647,5.39,meteofrance_arpege_europe
2026-08-08,2026-08-09T23:00:00Z,41,4.9,3.7056,3.75,meteofrance_arpege_europe
2026-08-09,2026-08-09T23:00:00Z,17,4.9,4.6691,4.9,meteofrance_arpege_europe
2026-08-08,2026-08-10T00:00:00Z,42,6.1,3.0366,2.2,meteofrance_arpege_europe
2026-08-09,2026-08-10T00:00:00Z,18,6.1,4.6997,4.56,meteofrance_arpege_europe
2026-08-08,2026-08-10T01:00:00Z,43,4.2,4.2407,2.72,meteofrance_arpege_europe
2026-08-09,2026-08-10T01:00:00Z,19,4.2,4.1962,3.3,meteofrance_arpege_europe
2026-08-08,2026-08-10T02:00:00Z,44,5.2,4.5032,2.55,meteofrance_arpege_europe
2026-08-09,2026-08-10T02:00:00Z,20,5.2,3.5564,3.14,meteofrance_arpege_europe
2026-08-08,2026-08-10T03:00:00Z,45,2.7,4.7087,2.2,meteofrance_arpege_europe
2026-08-09,2026-08-10T03:00:00Z,21,2.7,4.6113,3.68,meteofrance_arpege_europe
2026-08-08,2026-08-10T04:00:00Z,46,2.7,4.275,3.05,meteofrance_arpege_europe
2026-08-09,2026-08-10T04:00:00Z,22,2.7,5.1029,3.82,meteofrance_arpege_europe
2026-08-08,2026-08-10T05:00:00Z,47,3.9,4.5693,3.1,meteofrance_arpege_europe
2026-08-09,2026-08-10T05:00:00Z,23,3.9,5.6759,4.24,meteofrance_arpege_europe
2026-08-08,2026-08-10T06:00:00Z,48,5.8,5.3234,3.72,meteofrance_arpege_europe
2026-08-09,2026-08-10T06:00:00Z,24,5.8,5.2571,3.88,meteofrance_arpege_europe
2026-08-09,2026-08-10T07:00:00Z,25,4.2,4.9121,3.52,meteofrance_arpege_europe
2026-08-10,2026-08-10T07:00:00Z,1,4.2,5.1854,2.88,meteofrance_arpege_europe
2026-08-09,2026-08-10T08:00:00Z,26,3.4,4.3788,3.45,meteofrance_arpege_europe
2026-08-10,2026-08-10T08:00:00Z,2,3.4,4.737,2.78,meteofrance_arpege_europe
2026-08-09,2026-08-10T09:00:00Z,27,3.4,4.0206,3.58,meteofrance_arpege_europe
2026-08-10,2026-08-10T09:00:00Z,3,2.7,4.1797,2.86,meteofrance_arpege_europe
2026-08-09,2026-08-10T10:00:00Z,28,3.6,3.605,3.3,meteofrance_arpege_europe
2026-08-10,2026-08-10T10:00:00Z,4,3.6,5.3005,4.44,meteofrance_arpege_europe
2026-08-09,2026-08-10T11:00:00Z,29,3.6,3.5982,3.21,meteofrance_arpege_europe
2026-08-10,2026-08-10T11:00:00Z,5,3.1,4.7983,4.15,meteofrance_arpege_europe
2026-08-09,2026-08-10T12:00:00Z,30,3.0,4.2036,4.0,meteofrance_arpege_europe
2026-08-10,2026-08-10T12:00:00Z,6,3.0,4.8566,4.1,meteofrance_arpege_europe
2026-08-09,2026-08-10T13:00:00Z,31,3.2,4.33,4.2,meteofrance_arpege_europe
2026-08-10,2026-08-10T13:00:00Z,7,3.2,4.9543,4.36,meteofrance_arpege_europe
2026-08-09,2026-08-10T14:00:00Z,32,3.0,4.496,4.2,meteofrance_arpege_europe
2026-08-10,2026-08-10T14:00:00Z,8,3.0,4.7271,4.22,meteofrance_arpege_europe
2026-08-09,2026-08-10T15:00:00Z,33,3.2,4.3032,4.0,meteofrance_arpege_europe
2026-08-10,2026-08-10T15:00:00Z,9,3.2,4.8461,4.1,meteofrance_arpege_europe
2026-08-09,2026-08-10T16:00:00Z,34,2.6,3.5778,3.61,meteofrance_arpege_europe
2026-08-10,2026-08-10T16:00:00Z,10,2.6,4.3082,3.41,meteofrance_arpege_europe
2026-08-09,2026-08-10T17:00:00Z,35,1.1,3.618,3.16,meteofrance_arpege_europe
2026-08-10,2026-08-10T17:00:00Z,11,1.1,3.5442,2.73,meteofrance_arpege_europe
2026-08-09,2026-08-10T18:00:00Z,36,2.9,2.4962,2.44,meteofrance_arpege_europe
2026-08-10,2026-08-10T18:00:00Z,12,2.9,3.5757,2.83,meteofrance_arpege_europe
2026-08-09,2026-08-10T19:00:00Z,37,1.9,2.3637,1.66,meteofrance_arpege_europe
2026-08-10,2026-08-10T19:00:00Z,13,1.9,3.1515,2.32,meteofrance_arpege_europe
2026-08-09,2026-08-10T20:00:00Z,38,2.0,1.5944,1.8,meteofrance_arpege_europe
2026-08-10,2026-08-10T20:00:00Z,14,2.0,2.7031,2.11,meteofrance_arpege_europe
2026-08-09,2026-08-10T21:00:00Z,39,0.7,1.7396,1.94,meteofrance_arpege_europe
2026-08-10,2026-08-10T21:00:00Z,15,0.7,2.8032,2.01,meteofrance_arpege_europe
2026-08-09,2026-08-10T22:00:00Z,40,0.9,2.5113,2.63,meteofrance_arpege_europe
2026-08-10,2026-08-10T22:00:00Z,16,0.9,3.0488,1.87,meteofrance_arpege_europe
2026-08-09,2026-08-10T23:00:00Z,41,1.2,3.0865,3.26,meteofrance_arpege_europe
2026-08-10,2026-08-10T23:00:00Z,17,1.2,3.5202,1.93,meteofrance_arpege_europe
2026-08-09,2026-08-11T00:00:00Z,42,1.3,2.9162,3.11,meteofrance_arpege_europe
2026-08-10,2026-08-11T00:00:00Z,18,1.3,3.3534,2.42,meteofrance_arpege_europe
2026-08-09,2026-08-11T01:00:00Z,43,0.7,2.9187,3.11,meteofrance_arpege_europe
2026-08-10,2026-08-11T01:00:00Z,19,0.7,2.5954,3.02,meteofrance_arpege_europe
2026-08-09,2026-08-11T02:00:00Z,44,0.6,3.1938,3.4,meteofrance_arpege_europe
2026-08-10,2026-08-11T02:00:00Z,20,0.6,4.4313,2.77,meteofrance_arpege_europe
2026-08-09,2026-08-11T03:00:00Z,45,2.5,4.1621,4.13,meteofrance_arpege_europe
2026-08-10,2026-08-11T03:00:00Z,21,2.5,6.532,3.68,meteofrance_arpege_europe
2026-08-09,2026-08-11T04:00:00Z,46,5.0,3.8362,4.51,meteofrance_arpege_europe
2026-08-10,2026-08-11T04:00:00Z,22,5.0,6.2382,4.34,meteofrance_arpege_europe
2026-08-09,2026-08-11T05:00:00Z,47,3.8,3.9372,5.12,meteofrance_arpege_europe
2026-08-10,2026-08-11T05:00:00Z,23,3.8,5.0361,4.7,meteofrance_arpege_europe
2026-08-09,2026-08-11T06:00:00Z,48,4.4,3.6647,5.3,meteofrance_arpege_europe
2026-08-10,2026-08-11T06:00:00Z,24,4.4,4.9239,4.71,meteofrance_arpege_europe
2026-08-10,2026-08-11T07:00:00Z,25,5.7,6.0162,4.7,meteofrance_arpege_europe
2026-08-11,2026-08-11T07:00:00Z,1,5.7,6.1502,4.96,meteofrance_arpege_europe
2026-08-10,2026-08-11T08:00:00Z,26,5.9,6.7419,4.91,meteofrance_arpege_europe
2026-08-11,2026-08-11T08:00:00Z,2,5.9,6.9825,5.23,meteofrance_arpege_europe
2026-08-10,2026-08-11T09:00:00Z,27,5.9,7.1968,5.2,meteofrance_arpege_europe
2026-08-11,2026-08-11T09:00:00Z,3,6.3,6.672,5.5,meteofrance_arpege_europe
2026-08-10,2026-08-11T10:00:00Z,28,9.8,8.0083,5.3,meteofrance_arpege_europe
2026-08-11,2026-08-11T10:00:00Z,4,9.8,7.7791,5.91,meteofrance_arpege_europe
2026-08-10,2026-08-11T11:00:00Z,29,9.8,8.7612,5.67,meteofrance_arpege_europe
2026-08-11,2026-08-11T11:00:00Z,5,10.9,7.8067,6.02,meteofrance_arpege_europe
2026-08-10,2026-08-11T12:00:00Z,30,10.3,9.0982,5.94,meteofrance_arpege_europe
2026-08-11,2026-08-11T12:00:00Z,6,10.3,8.2175,5.82,meteofrance_arpege_europe
2026-08-10,2026-08-11T13:00:00Z,31,11.3,9.2991,5.79,meteofrance_arpege_europe
2026-08-11,2026-08-11T13:00:00Z,7,11.3,8.1005,5.55,meteofrance_arpege_europe
2026-08-10,2026-08-11T14:00:00Z,32,10.6,8.8457,5.32,meteofrance_arpege_europe
2026-08-11,2026-08-11T14:00:00Z,8,10.6,8.3653,5.07,meteofrance_arpege_europe
2026-08-10,2026-08-11T15:00:00Z,33,10.0,8.5721,4.72,meteofrance_arpege_europe
2026-08-11,2026-08-11T15:00:00Z,9,10.0,8.3661,4.75,meteofrance_arpege_europe
2026-08-10,2026-08-11T16:00:00Z,34,8.7,8.4981,4.61,meteofrance_arpege_europe
2026-08-11,2026-08-11T16:00:00Z,10,8.7,8.2242,4.4,meteofrance_arpege_europe
2026-08-10,2026-08-11T17:00:00Z,35,7.9,8.3247,4.58,meteofrance_arpege_europe
2026-08-11,2026-08-11T17:00:00Z,11,7.9,8.0664,4.35,meteofrance_arpege_europe
2026-08-10,2026-08-11T18:00:00Z,36,6.6,7.2019,4.38,meteofrance_arpege_europe
2026-08-11,2026-08-11T18:00:00Z,12,6.6,6.6347,4.33,meteofrance_arpege_europe
2026-08-10,2026-08-11T19:00:00Z,37,4.3,6.1452,4.11,meteofrance_arpege_europe
2026-08-11,2026-08-11T19:00:00Z,13,4.3,5.2565,4.22,meteofrance_arpege_europe
2026-08-10,2026-08-11T20:00:00Z,38,4.1,4.6223,4.0,meteofrance_arpege_europe
2026-08-11,2026-08-11T20:00:00Z,14,4.1,4.5978,3.96,meteofrance_arpege_europe
2026-08-10,2026-08-11T21:00:00Z,39,4.7,3.8074,3.28,meteofrance_arpege_europe
2026-08-11,2026-08-11T21:00:00Z,15,4.7,3.7411,4.06,meteofrance_arpege_europe
2026-08-10,2026-08-11T22:00:00Z,40,4.4,3.9825,3.16,meteofrance_arpege_europe
2026-08-11,2026-08-11T22:00:00Z,16,4.4,3.3336,3.91,meteofrance_arpege_europe
2026-08-10,2026-08-11T23:00:00Z,41,3.8,3.3185,3.4,meteofrance_arpege_europe
2026-08-11,2026-08-11T23:00:00Z,17,3.8,3.2258,3.6,meteofrance_arpege_europe
2026-08-10,2026-08-12T00:00:00Z,42,1.7,2.5291,3.5,meteofrance_arpege_europe
2026-08-11,2026-08-12T00:00:00Z,18,1.7,2.7393,2.91,meteofrance_arpege_europe
2026-08-10,2026-08-12T01:00:00Z,43,2.5,2.2081,3.64,meteofrance_arpege_europe
2026-08-11,2026-08-12T01:00:00Z,19,2.5,2.7255,2.93,meteofrance_arpege_europe
2026-08-10,2026-08-12T02:00:00Z,44,0.6,3.2041,4.16,meteofrance_arpege_europe
2026-08-11,2026-08-12T02:00:00Z,20,0.6,3.0191,2.24,meteofrance_arpege_europe
2026-08-10,2026-08-12T03:00:00Z,45,0.8,4.145,4.74,meteofrance_arpege_europe
2026-08-11,2026-08-12T03:00:00Z,21,0.8,3.2578,2.75,meteofrance_arpege_europe
2026-08-10,2026-08-12T04:00:00Z,46,0.9,3.9717,3.91,meteofrance_arpege_europe
2026-08-11,2026-08-12T04:00:00Z,22,0.9,2.9492,2.95,meteofrance_arpege_europe
2026-08-10,2026-08-12T05:00:00Z,47,1.4,3.9368,3.88,meteofrance_arpege_europe
2026-08-11,2026-08-12T05:00:00Z,23,1.4,2.7902,3.13,meteofrance_arpege_europe
2026-08-10,2026-08-12T06:00:00Z,48,0.7,3.0334,3.28,meteofrance_arpege_europe
2026-08-11,2026-08-12T06:00:00Z,24,0.7,3.2477,3.26,meteofrance_arpege_europe
2026-08-11,2026-08-12T07:00:00Z,25,4.0,2.3446,3.31,meteofrance_arpege_europe
2026-08-12,2026-08-12T07:00:00Z,1,4.0,2.6595,2.69,meteofrance_arpege_europe
2026-08-11,2026-08-12T08:00:00Z,26,2.2,2.3378,2.86,meteofrance_arpege_europe
2026-08-12,2026-08-12T08:00:00Z,2,2.2,2.5868,2.44,meteofrance_arpege_europe
2026-08-11,2026-08-12T09:00:00Z,27,2.2,2.5849,2.56,meteofrance_arpege_europe
2026-08-12,2026-08-12T09:00:00Z,3,5.5,2.9071,2.01,meteofrance_arpege_europe
2026-08-11,2026-08-12T10:00:00Z,28,7.7,4.5107,2.38,meteofrance_arpege_europe
2026-08-12,2026-08-12T10:00:00Z,4,7.7,3.7883,1.92,meteofrance_arpege_europe
2026-08-11,2026-08-12T11:00:00Z,29,7.7,5.9237,3.28,meteofrance_arpege_europe
2026-08-12,2026-08-12T11:00:00Z,5,9.5,5.7673,2.75,meteofrance_arpege_europe
2026-08-11,2026-08-12T12:00:00Z,30,9.3,7.3422,4.52,meteofrance_arpege_europe
2026-08-12,2026-08-12T12:00:00Z,6,9.3,7.1594,3.75,meteofrance_arpege_europe
2026-08-11,2026-08-12T13:00:00Z,31,8.9,7.4991,4.75,meteofrance_arpege_europe
2026-08-12,2026-08-12T13:00:00Z,7,8.9,7.7271,4.14,meteofrance_arpege_europe
2026-08-11,2026-08-12T14:00:00Z,32,8.7,8.1097,4.73,meteofrance_arpege_europe
2026-08-12,2026-08-12T14:00:00Z,8,8.7,7.7108,4.06,meteofrance_arpege_europe
2026-08-11,2026-08-12T15:00:00Z,33,9.0,8.3667,4.8,meteofrance_arpege_europe
2026-08-12,2026-08-12T15:00:00Z,9,9.0,8.2894,4.3,meteofrance_arpege_europe
2026-08-11,2026-08-12T16:00:00Z,34,7.6,7.8669,4.75,meteofrance_arpege_europe
2026-08-12,2026-08-12T16:00:00Z,10,7.6,7.4494,4.2,meteofrance_arpege_europe
2026-08-11,2026-08-12T17:00:00Z,35,5.2,7.2747,4.54,meteofrance_arpege_europe
2026-08-12,2026-08-12T17:00:00Z,11,5.2,7.0026,3.73,meteofrance_arpege_europe
2026-08-11,2026-08-12T18:00:00Z,36,5.6,5.8946,4.26,meteofrance_arpege_europe
2026-08-12,2026-08-12T18:00:00Z,12,5.6,6.747,3.67,meteofrance_arpege_europe
2026-08-11,2026-08-12T19:00:00Z,37,3.2,4.4518,4.24,meteofrance_arpege_europe
2026-08-12,2026-08-12T19:00:00Z,13,3.2,5.1644,4.04,meteofrance_arpege_europe
2026-08-11,2026-08-12T20:00:00Z,38,2.5,4.7373,4.44,meteofrance_arpege_europe
2026-08-12,2026-08-12T20:00:00Z,14,2.5,4.3591,4.61,meteofrance_arpege_europe
2026-08-11,2026-08-12T21:00:00Z,39,1.3,4.8722,4.87,meteofrance_arpege_europe
2026-08-12,2026-08-12T21:00:00Z,15,1.3,3.8731,4.93,meteofrance_arpege_europe
2026-08-11,2026-08-12T22:00:00Z,40,2.6,5.6719,5.12,meteofrance_arpege_europe
2026-08-12,2026-08-12T22:00:00Z,16,2.6,4.3648,4.79,meteofrance_arpege_europe
2026-08-11,2026-08-12T23:00:00Z,41,0.9,4.5377,4.91,meteofrance_arpege_europe
2026-08-12,2026-08-12T23:00:00Z,17,0.9,3.9448,4.61,meteofrance_arpege_europe
2026-08-11,2026-08-13T00:00:00Z,42,2.2,4.176,4.43,meteofrance_arpege_europe
2026-08-12,2026-08-13T00:00:00Z,18,2.2,3.138,4.34,meteofrance_arpege_europe
2026-08-11,2026-08-13T01:00:00Z,43,4.2,3.1129,4.6,meteofrance_arpege_europe
2026-08-12,2026-08-13T01:00:00Z,19,4.2,3.137,4.39,meteofrance_arpege_europe
2026-08-11,2026-08-13T02:00:00Z,44,2.1,3.2176,4.7,meteofrance_arpege_europe
2026-08-12,2026-08-13T02:00:00Z,20,2.1,3.5248,3.48,meteofrance_arpege_europe
2026-08-11,2026-08-13T03:00:00Z,45,2.1,3.2114,4.5,meteofrance_arpege_europe
2026-08-12,2026-08-13T03:00:00Z,21,2.1,3.0865,2.82,meteofrance_arpege_europe
2026-08-11,2026-08-13T04:00:00Z,46,0.8,2.9214,3.1,meteofrance_arpege_europe
2026-08-12,2026-08-13T04:00:00Z,22,0.8,2.645,2.52,meteofrance_arpege_europe
2026-08-11,2026-08-13T05:00:00Z,47,2.7,2.4671,2.75,meteofrance_arpege_europe
2026-08-12,2026-08-13T05:00:00Z,23,2.7,2.1258,2.48,meteofrance_arpege_europe
2026-08-11,2026-08-13T06:00:00Z,48,2.0,2.5953,2.32,meteofrance_arpege_europe
2026-08-12,2026-08-13T06:00:00Z,24,2.0,2.2259,2.47,meteofrance_arpege_europe
2026-08-12,2026-08-13T07:00:00Z,25,1.8,2.4524,2.06,meteofrance_arpege_europe
2026-08-13,2026-08-13T07:00:00Z,1,1.8,3.4507,2.5,meteofrance_arpege_europe
2026-08-12,2026-08-13T08:00:00Z,26,1.6,2.3084,1.8,meteofrance_arpege_europe
2026-08-13,2026-08-13T08:00:00Z,2,1.6,3.6884,3.29,meteofrance_arpege_europe
2026-08-12,2026-08-13T09:00:00Z,27,1.6,2.9529,2.75,meteofrance_arpege_europe
2026-08-13,2026-08-13T09:00:00Z,3,5.3,3.9912,3.9,meteofrance_arpege_europe
2026-08-12,2026-08-13T10:00:00Z,28,2.0,3.0547,3.3,meteofrance_arpege_europe
2026-08-13,2026-08-13T10:00:00Z,4,2.0,4.0286,4.0,meteofrance_arpege_europe
2026-08-12,2026-08-13T11:00:00Z,29,2.0,2.8536,2.82,meteofrance_arpege_europe
2026-08-13,2026-08-13T11:00:00Z,5,4.2,2.7992,3.54,meteofrance_arpege_europe
2026-08-12,2026-08-13T12:00:00Z,30,2.2,2.5464,1.26,meteofrance_arpege_europe
2026-08-13,2026-08-13T12:00:00Z,6,2.2,2.9117,1.84,meteofrance_arpege_europe
2026-08-12,2026-08-13T13:00:00Z,31,2.0,2.5943,1.36,meteofrance_arpege_europe
2026-08-13,2026-08-13T13:00:00Z,7,2.0,3.0775,1.28,meteofrance_arpege_europe
2026-08-12,2026-08-13T14:00:00Z,32,1.1,2.4675,1.73,meteofrance_arpege_europe
2026-08-13,2026-08-13T14:00:00Z,8,1.1,2.8444,1.8,meteofrance_arpege_europe
2026-08-12,2026-08-13T15:00:00Z,33,2.6,3.3531,2.9,meteofrance_arpege_europe
2026-08-13,2026-08-13T15:00:00Z,9,2.6,2.9808,1.9,meteofrance_arpege_europe
2026-08-12,2026-08-13T16:00:00Z,34,2.8,3.4389,3.24,meteofrance_arpege_europe
2026-08-13,2026-08-13T16:00:00Z,10,2.8,3.8933,2.76,meteofrance_arpege_europe
2026-08-12,2026-08-13T17:00:00Z,35,3.1,3.1574,3.21,meteofrance_arpege_europe
2026-08-13,2026-08-13T17:00:00Z,11,3.1,3.9416,3.33,meteofrance_arpege_europe
2026-08-12,2026-08-13T18:00:00Z,36,1.0,3.112,3.0,meteofrance_arpege_europe
2026-08-13,2026-08-13T18:00:00Z,12,1.0,3.2071,2.5,meteofrance_arpege_europe
2026-08-12,2026-08-13T19:00:00Z,37,0.5,2.9675,3.2,meteofrance_arpege_europe
2026-08-13,2026-08-13T19:00:00Z,13,0.5,2.861,2.21,meteofrance_arpege_europe
2026-08-12,2026-08-13T20:00:00Z,38,1.4,3.1532,2.82,meteofrance_arpege_europe
2026-08-13,2026-08-13T20:00:00Z,14,1.4,2.5723,1.99,meteofrance_arpege_europe
2026-08-12,2026-08-13T21:00:00Z,39,0.8,3.4917,2.21,meteofrance_arpege_europe
2026-08-13,2026-08-13T21:00:00Z,15,0.8,2.698,1.8,meteofrance_arpege_europe
2026-08-12,2026-08-13T22:00:00Z,40,1.4,3.0435,2.1,meteofrance_arpege_europe
2026-08-13,2026-08-13T22:00:00Z,16,1.4,2.5255,1.53,meteofrance_arpege_europe
2026-08-12,2026-08-13T23:00:00Z,41,3.5,3.4938,2.44,meteofrance_arpege_europe
2026-08-13,2026-08-13T23:00:00Z,17,3.5,2.4871,1.1,meteofrance_arpege_europe
2026-08-12,2026-08-14T00:00:00Z,42,3.4,2.6243,2.0,meteofrance_arpege_europe
2026-08-13,2026-08-14T00:00:00Z,18,3.4,2.5694,1.92,meteofrance_arpege_europe
2026-08-12,2026-08-14T01:00:00Z,43,2.9,3.1268,2.3,meteofrance_arpege_europe
2026-08-13,2026-08-14T01:00:00Z,19,2.9,2.6103,1.98,meteofrance_arpege_europe
2026-08-12,2026-08-14T02:00:00Z,44,2.2,4.5164,3.4,meteofrance_arpege_europe
2026-08-13,2026-08-14T02:00:00Z,20,2.2,2.4376,1.57,meteofrance_arpege_europe
2026-08-12,2026-08-14T03:00:00Z,45,2.1,3.3261,2.56,meteofrance_arpege_europe
2026-08-13,2026-08-14T03:00:00Z,21,2.1,3.1681,0.82,meteofrance_arpege_europe
2026-08-12,2026-08-14T04:00:00Z,46,0.8,2.9069,1.4,meteofrance_arpege_europe
2026-08-13,2026-08-14T04:00:00Z,22,0.8,3.1957,1.2,meteofrance_arpege_europe
2026-08-12,2026-08-14T05:00:00Z,47,1.3,3.064,2.53,meteofrance_arpege_europe
2026-08-13,2026-08-14T05:00:00Z,23,1.3,2.6194,1.0,meteofrance_arpege_europe
2026-08-12,2026-08-14T06:00:00Z,48,1.9,3.4516,3.0,meteofrance_arpege_europe
2026-08-13,2026-08-14T06:00:00Z,24,1.9,2.8434,1.66,meteofrance_arpege_europe
2026-08-13,2026-08-14T07:00:00Z,25,2.3,4.1072,2.6,meteofrance_arpege_europe
2026-08-14,2026-08-14T07:00:00Z,1,2.3,2.9459,2.82,meteofrance_arpege_europe
2026-08-13,2026-08-14T08:00:00Z,26,3.2,4.0411,2.79,meteofrance_arpege_europe
2026-08-14,2026-08-14T08:00:00Z,2,3.2,4.1696,3.54,meteofrance_arpege_europe
2026-08-13,2026-08-14T09:00:00Z,27,3.2,4.3358,3.13,meteofrance_arpege_europe
2026-08-14,2026-08-14T09:00:00Z,3,3.2,4.587,3.89,meteofrance_arpege_europe
2026-08-13,2026-08-14T10:00:00Z,28,3.3,4.1922,3.49,meteofrance_arpege_europe
2026-08-14,2026-08-14T10:00:00Z,4,3.3,3.7331,3.49,meteofrance_arpege_europe
2026-08-13,2026-08-14T11:00:00Z,29,3.3,3.5185,3.01,meteofrance_arpege_europe
2026-08-14,2026-08-14T11:00:00Z,5,2.9,3.4754,3.45,meteofrance_arpege_europe
2026-08-13,2026-08-14T12:00:00Z,30,4.3,3.8018,3.03,meteofrance_arpege_europe
2026-08-14,2026-08-14T12:00:00Z,6,4.3,3.0098,3.61,meteofrance_arpege_europe
2026-08-13,2026-08-14T13:00:00Z,31,3.0,3.8235,3.57,meteofrance_arpege_europe
2026-08-14,2026-08-14T13:00:00Z,7,3.0,3.4602,4.08,meteofrance_arpege_europe
2026-08-13,2026-08-14T14:00:00Z,32,3.1,4.1528,3.86,meteofrance_arpege_europe
2026-08-14,2026-08-14T14:00:00Z,8,3.1,5.2904,4.72,meteofrance_arpege_europe
2026-08-13,2026-08-14T15:00:00Z,33,4.5,4.4686,3.45,meteofrance_arpege_europe
2026-08-14,2026-08-14T15:00:00Z,9,4.5,5.1794,4.61,meteofrance_arpege_europe
2026-08-13,2026-08-14T16:00:00Z,34,6.0,4.0355,3.28,meteofrance_arpege_europe
2026-08-14,2026-08-14T16:00:00Z,10,6.0,4.7675,4.28,meteofrance_arpege_europe
2026-08-13,2026-08-14T17:00:00Z,35,3.7,3.5621,2.77,meteofrance_arpege_europe
2026-08-14,2026-08-14T17:00:00Z,11,3.7,4.2254,4.3,meteofrance_arpege_europe
2026-08-13,2026-08-14T18:00:00Z,36,5.1,3.8554,2.87,meteofrance_arpege_europe
2026-08-14,2026-08-14T18:00:00Z,12,5.1,4.1706,4.48,meteofrance_arpege_europe
2026-08-13,2026-08-14T19:00:00Z,37,4.3,5.1053,4.11,meteofrance_arpege_europe
2026-08-14,2026-08-14T19:00:00Z,13,4.3,4.7356,4.34,meteofrance_arpege_europe
2026-08-13,2026-08-14T20:00:00Z,38,3.3,3.4273,2.68,meteofrance_arpege_europe
2026-08-14,2026-08-14T20:00:00Z,14,3.3,4.9304,3.54,meteofrance_arpege_europe
2026-08-13,2026-08-14T21:00:00Z,39,2.0,2.8264,2.16,meteofrance_arpege_europe
2026-08-14,2026-08-14T21:00:00Z,15,2.0,5.0412,3.2,meteofrance_arpege_europe
2026-08-13,2026-08-14T22:00:00Z,40,1.0,3.5306,2.24,meteofrance_arpege_europe
2026-08-14,2026-08-14T22:00:00Z,16,1.0,4.6473,3.13,meteofrance_arpege_europe
2026-08-13,2026-08-14T23:00:00Z,41,4.4,4.1042,3.02,meteofrance_arpege_europe
2026-08-14,2026-08-14T23:00:00Z,17,4.4,6.9943,3.96,meteofrance_arpege_europe
2026-08-13,2026-08-15T00:00:00Z,42,4.3,3.8674,2.38,meteofrance_arpege_europe
2026-08-14,2026-08-15T00:00:00Z,18,4.3,6.4644,3.48,meteofrance_arpege_europe
2026-08-13,2026-08-15T01:00:00Z,43,3.1,3.1854,1.41,meteofrance_arpege_europe
2026-08-14,2026-08-15T01:00:00Z,19,3.1,4.6937,3.77,meteofrance_arpege_europe
2026-08-13,2026-08-15T02:00:00Z,44,3.5,3.9492,2.02,meteofrance_arpege_europe
2026-08-14,2026-08-15T02:00:00Z,20,3.5,4.861,3.31,meteofrance_arpege_europe
2026-08-13,2026-08-15T03:00:00Z,45,2.6,3.5081,1.22,meteofrance_arpege_europe
2026-08-14,2026-08-15T03:00:00Z,21,2.6,3.7658,2.95,meteofrance_arpege_europe
2026-08-13,2026-08-15T04:00:00Z,46,3.5,3.8995,0.72,meteofrance_arpege_europe
2026-08-14,2026-08-15T04:00:00Z,22,3.5,4.1887,3.01,meteofrance_arpege_europe
2026-08-13,2026-08-15T05:00:00Z,47,2.9,4.2574,1.44,meteofrance_arpege_europe
2026-08-14,2026-08-15T05:00:00Z,23,2.9,4.2962,3.13,meteofrance_arpege_europe
2026-08-13,2026-08-15T06:00:00Z,48,4.2,4.677,1.49,meteofrance_arpege_europe
2026-08-14,2026-08-15T06:00:00Z,24,4.2,6.1224,2.92,meteofrance_arpege_europe
2026-08-14,2026-08-15T07:00:00Z,25,4.1,5.7573,3.8,meteofrance_arpege_europe
2026-08-15,2026-08-15T07:00:00Z,1,4.1,4.8994,4.47,meteofrance_arpege_europe
2026-08-14,2026-08-15T08:00:00Z,26,4.1,5.7768,4.01,meteofrance_arpege_europe
2026-08-15,2026-08-15T08:00:00Z,2,3.3,5.7357,4.42,meteofrance_arpege_europe
2026-08-14,2026-08-15T09:00:00Z,27,4.0,5.9974,4.46,meteofrance_arpege_europe
2026-08-15,2026-08-15T09:00:00Z,3,4.0,6.1334,4.79,meteofrance_arpege_europe
2026-08-14,2026-08-15T10:00:00Z,28,4.0,6.2788,4.63,meteofrance_arpege_europe
2026-08-15,2026-08-15T10:00:00Z,4,2.3,6.191,5.1,meteofrance_arpege_europe
2026-08-14,2026-08-15T11:00:00Z,29,2.0,5.7423,4.32,meteofrance_arpege_europe
2026-08-15,2026-08-15T11:00:00Z,5,2.0,6.1803,4.98,meteofrance_arpege_europe
2026-08-14,2026-08-15T12:00:00Z,30,3.9,6.281,4.74,meteofrance_arpege_europe
2026-08-15,2026-08-15T12:00:00Z,6,3.9,5.2777,4.75,meteofrance_arpege_europe
2026-08-14,2026-08-15T13:00:00Z,31,3.8,6.4125,4.82,meteofrance_arpege_europe
2026-08-15,2026-08-15T13:00:00Z,7,3.8,4.6011,4.49,meteofrance_arpege_europe
2026-08-14,2026-08-15T14:00:00Z,32,3.4,5.4046,4.1,meteofrance_arpege_europe
2026-08-15,2026-08-15T14:00:00Z,8,3.4,3.7623,4.15,meteofrance_arpege_europe
2026-08-14,2026-08-15T15:00:00Z,33,2.4,4.4596,3.86,meteofrance_arpege_europe
2026-08-15,2026-08-15T15:00:00Z,9,2.4,3.5492,3.93,meteofrance_arpege_europe
2026-08-14,2026-08-15T16:00:00Z,34,1.6,3.7167,3.6,meteofrance_arpege_europe
2026-08-15,2026-08-15T16:00:00Z,10,1.6,3.0554,3.8,meteofrance_arpege_europe
2026-08-14,2026-08-15T17:00:00Z,35,3.5,4.8782,3.96,meteofrance_arpege_europe
2026-08-15,2026-08-15T17:00:00Z,11,3.5,2.7894,3.79,meteofrance_arpege_europe
2026-08-14,2026-08-15T18:00:00Z,36,3.0,4.902,3.98,meteofrance_arpege_europe
2026-08-15,2026-08-15T18:00:00Z,12,3.0,2.8389,3.35,meteofrance_arpege_europe
2026-08-14,2026-08-15T19:00:00Z,37,1.5,4.7924,3.85,meteofrance_arpege_europe
2026-08-15,2026-08-15T19:00:00Z,13,1.5,3.617,3.18,meteofrance_arpege_europe
2026-08-14,2026-08-15T20:00:00Z,38,1.3,5.2047,3.89,meteofrance_arpege_europe
2026-08-15,2026-08-15T20:00:00Z,14,1.3,1.9875,2.73,meteofrance_arpege_europe
2026-08-14,2026-08-15T21:00:00Z,39,0.7,4.7461,3.31,meteofrance_arpege_europe
2026-08-15,2026-08-15T21:00:00Z,15,0.7,2.447,2.61,meteofrance_arpege_europe
2026-08-14,2026-08-15T22:00:00Z,40,0.9,3.6638,3.0,meteofrance_arpege_europe
2026-08-15,2026-08-15T22:00:00Z,16,0.9,2.3874,2.58,meteofrance_arpege_europe
2026-08-14,2026-08-15T23:00:00Z,41,1.0,2.475,2.33,meteofrance_arpege_europe
2026-08-15,2026-08-15T23:00:00Z,17,1.0,2.5269,3.02,meteofrance_arpege_europe
2026-08-14,2026-08-16T00:00:00Z,42,3.1,3.7083,2.97,meteofrance_arpege_europe
2026-08-15,2026-08-16T00:00:00Z,18,3.1,2.3713,2.16,meteofrance_arpege_europe
2026-08-14,2026-08-16T01:00:00Z,43,1.8,3.5287,2.6,meteofrance_arpege_europe
2026-08-15,2026-08-16T01:00:00Z,19,1.8,1.7249,1.56,meteofrance_arpege_europe
2026-08-14,2026-08-16T02:00:00Z,44,2.6,5.1587,2.92,meteofrance_arpege_europe
2026-08-15,2026-08-16T02:00:00Z,20,2.6,2.0617,0.92,meteofrance_arpege_europe
2026-08-14,2026-08-16T03:00:00Z,45,2.9,3.9472,2.69,meteofrance_arpege_europe
2026-08-15,2026-08-16T03:00:00Z,21,2.9,2.4325,1.4,meteofrance_arpege_europe
2026-08-14,2026-08-16T04:00:00Z,46,2.8,3.2268,2.84,meteofrance_arpege_europe
2026-08-15,2026-08-16T04:00:00Z,22,2.8,2.7512,2.76,meteofrance_arpege_europe
2026-08-14,2026-08-16T05:00:00Z,47,2.9,3.1377,2.92,meteofrance_arpege_europe
2026-08-15,2026-08-16T05:00:00Z,23,2.9,2.4118,2.91,meteofrance_arpege_europe
2026-08-14,2026-08-16T06:00:00Z,48,2.5,3.9872,2.84,meteofrance_arpege_europe
2026-08-15,2026-08-16T06:00:00Z,24,2.5,2.9828,3.33,meteofrance_arpege_europe
2026-08-15,2026-08-16T07:00:00Z,25,2.8,3.7374,3.33,meteofrance_arpege_europe
2026-08-16,2026-08-16T07:00:00Z,1,2.8,2.8524,2.62,meteofrance_arpege_europe
2026-08-15,2026-08-16T08:00:00Z,26,2.8,4.2729,2.64,meteofrance_arpege_europe
2026-08-16,2026-08-16T08:00:00Z,2,3.5,3.2208,2.72,meteofrance_arpege_europe
2026-08-15,2026-08-16T09:00:00Z,27,2.5,3.9921,1.9,meteofrance_arpege_europe
2026-08-16,2026-08-16T09:00:00Z,3,2.5,2.5019,1.8,meteofrance_arpege_europe
2026-08-15,2026-08-16T10:00:00Z,28,2.5,3.8381,1.7,meteofrance_arpege_europe
2026-08-16,2026-08-16T10:00:00Z,4,5.1,3.137,1.03,meteofrance_arpege_europe
2026-08-15,2026-08-16T11:00:00Z,29,4.4,4.3789,1.99,meteofrance_arpege_europe
2026-08-16,2026-08-16T11:00:00Z,5,4.4,3.6495,1.92,meteofrance_arpege_europe
2026-08-15,2026-08-16T12:00:00Z,30,2.8,4.2906,3.33,meteofrance_arpege_europe
2026-08-16,2026-08-16T12:00:00Z,6,2.8,4.1094,2.19,meteofrance_arpege_europe
2026-08-15,2026-08-16T13:00:00Z,31,3.5,5.0091,3.05,meteofrance_arpege_europe
2026-08-16,2026-08-16T13:00:00Z,7,3.5,3.7496,3.47,meteofrance_arpege_europe
2026-08-15,2026-08-16T14:00:00Z,32,3.1,4.4638,3.16,meteofrance_arpege_europe
2026-08-16,2026-08-16T14:00:00Z,8,3.1,5.3441,4.67,meteofrance_arpege_europe
2026-08-15,2026-08-16T15:00:00Z,33,3.7,4.5958,3.92,meteofrance_arpege_europe
2026-08-16,2026-08-16T15:00:00Z,9,3.7,4.0463,3.86,meteofrance_arpege_europe
2026-08-15,2026-08-16T16:00:00Z,34,2.9,4.0923,4.1,meteofrance_arpege_europe
2026-08-16,2026-08-16T16:00:00Z,10,2.9,3.0815,3.03,meteofrance_arpege_europe
2026-08-15,2026-08-16T17:00:00Z,35,2.1,3.4247,3.61,meteofrance_arpege_europe
2026-08-16,2026-08-16T17:00:00Z,11,2.1,2.2265,2.8,meteofrance_arpege_europe
2026-08-15,2026-08-16T18:00:00Z,36,2.9,2.6994,2.75,meteofrance_arpege_europe
2026-08-16,2026-08-16T18:00:00Z,12,2.9,2.2052,2.1,meteofrance_arpege_europe
2026-08-15,2026-08-16T19:00:00Z,37,2.3,2.1528,1.75,meteofrance_arpege_europe
2026-08-16,2026-08-16T19:00:00Z,13,2.3,3.1028,1.75,meteofrance_arpege_europe
2026-08-15,2026-08-16T20:00:00Z,38,2.1,1.8821,1.24,meteofrance_arpege_europe
2026-08-16,2026-08-16T20:00:00Z,14,2.1,2.3271,1.93,meteofrance_arpege_europe
2026-08-15,2026-08-16T21:00:00Z,39,3.3,2.386,2.06,meteofrance_arpege_europe
2026-08-16,2026-08-16T21:00:00Z,15,3.3,2.8961,2.55,meteofrance_arpege_europe
2026-08-15,2026-08-16T22:00:00Z,40,2.0,2.1476,1.21,meteofrance_arpege_europe
2026-08-16,2026-08-16T22:00:00Z,16,2.0,2.5773,2.83,meteofrance_arpege_europe
2026-08-15,2026-08-16T23:00:00Z,41,2.5,2.2644,1.2,meteofrance_arpege_europe
2026-08-16,2026-08-16T23:00:00Z,17,2.5,1.9013,1.73,meteofrance_arpege_europe
2026-08-15,2026-08-17T00:00:00Z,42,2.7,2.3521,1.65,meteofrance_arpege_europe
2026-08-16,2026-08-17T00:00:00Z,18,2.7,2.078,1.78,meteofrance_arpege_europe
2026-08-15,2026-08-17T01:00:00Z,43,2.7,2.3706,1.68,meteofrance_arpege_europe
2026-08-16,2026-08-17T01:00:00Z,19,2.7,2.3974,2.31,meteofrance_arpege_europe
2026-08-15,2026-08-17T02:00:00Z,44,2.0,3.7517,2.27,meteofrance_arpege_europe
2026-08-16,2026-08-17T02:00:00Z,20,2.0,3.3275,2.4,meteofrance_arpege_europe
2026-08-15,2026-08-17T03:00:00Z,45,3.3,4.4645,3.05,meteofrance_arpege_europe
2026-08-16,2026-08-17T03:00:00Z,21,3.3,3.5393,1.82,meteofrance_arpege_europe
2026-08-15,2026-08-17T04:00:00Z,46,4.6,4.9264,3.4,meteofrance_arpege_europe
2026-08-16,2026-08-17T04:00:00Z,22,4.6,4.1283,2.48,meteofrance_arpege_europe
2026-08-15,2026-08-17T05:00:00Z,47,3.9,4.9168,3.47,meteofrance_arpege_europe
2026-08-16,2026-08-17T05:00:00Z,23,3.9,4.0992,2.33,meteofrance_arpege_europe
2026-08-15,2026-08-17T06:00:00Z,48,3.5,4.7336,3.75,meteofrance_arpege_europe
2026-08-16,2026-08-17T06:00:00Z,24,3.5,4.2335,2.92,meteofrance_arpege_europe
2026-08-16,2026-08-17T07:00:00Z,25,3.8,4.5526,3.14,meteofrance_arpege_europe
2026-08-17,2026-08-17T07:00:00Z,1,3.8,3.8087,3.12,meteofrance_arpege_europe
2026-08-16,2026-08-17T08:00:00Z,26,3.9,5.1078,3.89,meteofrance_arpege_europe
2026-08-17,2026-08-17T08:00:00Z,2,3.9,3.8175,3.14,meteofrance_arpege_europe
2026-08-16,2026-08-17T09:00:00Z,27,3.9,4.7545,3.62,meteofrance_arpege_europe
2026-08-17,2026-08-17T09:00:00Z,3,3.1,4.3425,3.32,meteofrance_arpege_europe
2026-08-16,2026-08-17T10:00:00Z,28,2.5,5.0929,4.02,meteofrance_arpege_europe
2026-08-17,2026-08-17T10:00:00Z,4,2.5,4.2329,3.1,meteofrance_arpege_europe
2026-08-16,2026-08-17T11:00:00Z,29,2.5,5.649,4.26,meteofrance_arpege_europe
2026-08-17,2026-08-17T11:00:00Z,5,4.4,5.7397,4.23,meteofrance_arpege_europe
2026-08-16,2026-08-17T12:00:00Z,30,2.6,5.84,4.71,meteofrance_arpege_europe
2026-08-17,2026-08-17T12:00:00Z,6,2.6,6.0932,5.0,meteofrance_arpege_europe
2026-08-16,2026-08-17T13:00:00Z,31,5.6,6.0375,4.5,meteofrance_arpege_europe
2026-08-17,2026-08-17T13:00:00Z,7,5.6,6.3389,5.48,meteofrance_arpege_europe
2026-08-16,2026-08-17T14:00:00Z,32,6.4,6.602,4.9,meteofrance_arpege_europe
2026-08-17,2026-08-17T14:00:00Z,8,6.4,6.596,5.04,meteofrance_arpege_europe
2026-08-16,2026-08-17T15:00:00Z,33,7.0,6.8591,5.5,meteofrance_arpege_europe
2026-08-17,2026-08-17T15:00:00Z,9,7.0,6.7235,5.26,meteofrance_arpege_europe
2026-08-16,2026-08-17T16:00:00Z,34,7.8,6.9162,5.51,meteofrance_arpege_europe
2026-08-17,2026-08-17T16:00:00Z,10,7.8,6.8495,5.57,meteofrance_arpege_europe
2026-08-16,2026-08-17T17:00:00Z,35,6.7,6.3647,5.14,meteofrance_arpege_europe
2026-08-17,2026-08-17T17:00:00Z,11,6.7,7.2567,5.79,meteofrance_arpege_europe
2026-08-16,2026-08-17T18:00:00Z,36,6.5,6.3732,5.23,meteofrance_arpege_europe
2026-08-17,2026-08-17T18:00:00Z,12,6.5,6.7503,5.8,meteofrance_arpege_europe
2026-08-16,2026-08-17T19:00:00Z,37,6.0,6.3715,5.33,meteofrance_arpege_europe
2026-08-17,2026-08-17T19:00:00Z,13,6.0,5.9162,5.41,meteofrance_arpege_europe
2026-08-16,2026-08-17T20:00:00Z,38,5.4,5.817,5.2,meteofrance_arpege_europe
2026-08-17,2026-08-17T20:00:00Z,14,5.4,5.3663,4.87,meteofrance_arpege_europe
2026-08-16,2026-08-17T21:00:00Z,39,6.1,5.4525,5.4,meteofrance_arpege_europe
2026-08-17,2026-08-17T21:00:00Z,15,6.1,5.0181,5.2,meteofrance_arpege_europe
2026-08-16,2026-08-17T22:00:00Z,40,6.5,5.1628,5.12,meteofrance_arpege_europe
2026-08-17,2026-08-17T22:00:00Z,16,6.5,5.1153,5.63,meteofrance_arpege_europe
2026-08-16,2026-08-17T23:00:00Z,41,6.6,4.8952,4.3,meteofrance_arpege_europe
2026-08-17,2026-08-17T23:00:00Z,17,6.6,5.0123,5.51,meteofrance_arpege_europe
2026-08-16,2026-08-18T00:00:00Z,42,5.4,4.8977,3.88,meteofrance_arpege_europe
2026-08-17,2026-08-18T00:00:00Z,18,5.4,5.4678,5.82,meteofrance_arpege_europe
2026-08-16,2026-08-18T01:00:00Z,43,7.0,4.7531,3.9,meteofrance_arpege_europe
2026-08-17,2026-08-18T01:00:00Z,19,7.0,5.3034,5.59,meteofrance_arpege_europe
2026-08-16,2026-08-18T02:00:00Z,44,5.2,4.505,3.57,meteofrance_arpege_europe
2026-08-17,2026-08-18T02:00:00Z,20,5.2,4.7642,5.65,meteofrance_arpege_europe
2026-08-16,2026-08-18T03:00:00Z,45,5.2,4.4698,4.3,meteofrance_arpege_europe
2026-08-17,2026-08-18T03:00:00Z,21,5.2,4.9459,5.2,meteofrance_arpege_europe
2026-08-16,2026-08-18T04:00:00Z,46,5.4,5.4282,5.12,meteofrance_arpege_europe
2026-08-17,2026-08-18T04:00:00Z,22,5.4,5.202,5.5,meteofrance_arpege_europe
2026-08-16,2026-08-18T05:00:00Z,47,3.8,4.931,5.1,meteofrance_arpege_europe
2026-08-17,2026-08-18T05:00:00Z,23,3.8,5.2025,6.0,meteofrance_arpege_europe
2026-08-16,2026-08-18T06:00:00Z,48,6.9,5.6247,5.4,meteofrance_arpege_europe
2026-08-17,2026-08-18T06:00:00Z,24,6.9,5.0757,5.82,meteofrance_arpege_europe
2026-08-17,2026-08-18T07:00:00Z,25,7.0,6.0486,5.26,meteofrance_arpege_europe
2026-08-18,2026-08-18T07:00:00Z,1,7.0,6.0565,5.26,meteofrance_arpege_europe
2026-08-17,2026-08-18T08:00:00Z,26,6.7,6.3872,5.81,meteofrance_arpege_europe
2026-08-18,2026-08-18T08:00:00Z,2,6.7,6.6923,5.81,meteofrance_arpege_europe
2026-08-17,2026-08-18T09:00:00Z,27,6.7,7.2718,6.28,meteofrance_arpege_europe
2026-08-18,2026-08-18T09:00:00Z,3,7.5,7.572,6.28,meteofrance_arpege_europe
2026-08-17,2026-08-18T10:00:00Z,28,7.5,7.2177,6.4,meteofrance_arpege_europe
2026-08-18,2026-08-18T10:00:00Z,4,7.7,7.5259,6.4,meteofrance_arpege_europe
2026-08-17,2026-08-18T11:00:00Z,29,7.9,7.5052,6.33,meteofrance_arpege_europe
2026-08-18,2026-08-18T11:00:00Z,5,7.9,7.6277,6.33,meteofrance_arpege_europe
2026-08-17,2026-08-18T12:00:00Z,30,7.9,7.9809,6.46,meteofrance_arpege_europe
2026-08-18,2026-08-18T12:00:00Z,6,7.9,7.8916,6.46,meteofrance_arpege_europe
2026-08-17,2026-08-18T13:00:00Z,31,7.4,8.1132,6.14,meteofrance_arpege_europe
2026-08-18,2026-08-18T13:00:00Z,7,7.4,7.6541,6.14,meteofrance_arpege_europe
2026-08-17,2026-08-18T14:00:00Z,32,7.4,8.1921,6.84,meteofrance_arpege_europe
2026-08-18,2026-08-18T14:00:00Z,8,7.4,8.2281,6.84,meteofrance_arpege_europe
2026-08-17,2026-08-18T15:00:00Z,33,7.7,8.8723,7.42,meteofrance_arpege_europe
2026-08-18,2026-08-18T15:00:00Z,9,7.7,8.4439,7.42,meteofrance_arpege_europe
2026-08-17,2026-08-18T16:00:00Z,34,7.5,8.8075,7.1,meteofrance_arpege_europe
2026-08-18,2026-08-18T16:00:00Z,10,7.5,8.7312,7.1,meteofrance_arpege_europe
2026-08-17,2026-08-18T17:00:00Z,35,8.0,8.5335,7.3,meteofrance_arpege_europe
2026-08-18,2026-08-18T17:00:00Z,11,8.0,8.5988,7.3,meteofrance_arpege_europe
2026-08-17,2026-08-18T18:00:00Z,36,8.6,8.0518,7.2,meteofrance_arpege_europe
2026-08-18,2026-08-18T18:00:00Z,12,8.6,7.8498,7.2,meteofrance_arpege_europe
2026-08-17,2026-08-18T19:00:00Z,37,7.8,6.767,6.6,meteofrance_arpege_europe
2026-08-18,2026-08-18T19:00:00Z,13,7.8,7.0006,6.6,meteofrance_arpege_europe
2026-08-17,2026-08-18T20:00:00Z,38,7.1,6.1892,6.5,meteofrance_arpege_europe
2026-08-18,2026-08-18T20:00:00Z,14,7.1,6.6979,6.5,meteofrance_arpege_europe
2026-08-17,2026-08-18T21:00:00Z,39,6.1,5.8072,5.74,meteofrance_arpege_europe
2026-08-18,2026-08-18T21:00:00Z,15,6.1,5.8977,5.74,meteofrance_arpege_europe
2026-08-17,2026-08-18T22:00:00Z,40,6.5,5.3343,5.62,meteofrance_arpege_europe
2026-08-18,2026-08-18T22:00:00Z,16,6.5,5.4469,5.62,meteofrance_arpege_europe
2026-08-17,2026-08-18T23:00:00Z,41,4.9,5.3651,5.1,meteofrance_arpege_europe
2026-08-18,2026-08-18T23:00:00Z,17,4.9,5.2892,5.1,meteofrance_arpege_europe
2026-08-17,2026-08-19T00:00:00Z,42,3.0,5.0995,5.3,meteofrance_arpege_europe
2026-08-18,2026-08-19T00:00:00Z,18,3.0,4.9483,5.3,meteofrance_arpege_europe
2026-08-17,2026-08-19T01:00:00Z,43,4.4,5.109,5.4,meteofrance_arpege_europe
2026-08-18,2026-08-19T01:00:00Z,19,4.4,4.9749,5.4,meteofrance_arpege_europe
2026-08-17,2026-08-19T02:00:00Z,44,5.1,5.3432,5.1,meteofrance_arpege_europe
2026-08-18,2026-08-19T02:00:00Z,20,5.1,5.4228,5.1,meteofrance_arpege_europe
2026-08-17,2026-08-19T03:00:00Z,45,4.2,4.072,4.6,meteofrance_arpege_europe
2026-08-18,2026-08-19T03:00:00Z,21,4.2,4.1899,4.6,meteofrance_arpege_europe
2026-08-17,2026-08-19T04:00:00Z,46,2.8,4.0427,4.14,meteofrance_arpege_europe
2026-08-18,2026-08-19T04:00:00Z,22,2.8,4.1169,4.14,meteofrance_arpege_europe
2026-08-17,2026-08-19T05:00:00Z,47,5.3,4.0812,4.18,meteofrance_arpege_europe
2026-08-18,2026-08-19T05:00:00Z,23,5.3,4.1835,4.18,meteofrance_arpege_europe
2026-08-17,2026-08-19T06:00:00Z,48,2.7,4.2651,4.3,meteofrance_arpege_europe
2026-08-18,2026-08-19T06:00:00Z,24,2.7,4.2438,4.3,meteofrance_arpege_europe
2026-08-18,2026-08-19T07:00:00Z,25,6.5,4.8713,3.7,meteofrance_arpege_europe
2026-08-19,2026-08-19T07:00:00Z,1,6.5,4.0848,3.41,meteofrance_arpege_europe
2026-08-18,2026-08-19T08:00:00Z,26,5.7,5.2803,3.35,meteofrance_arpege_europe
2026-08-19,2026-08-19T08:00:00Z,2,5.7,3.9907,2.81,meteofrance_arpege_europe
2026-08-18,2026-08-19T09:00:00Z,27,5.7,5.2794,3.4,meteofrance_arpege_europe
2026-08-19,2026-08-19T09:00:00Z,3,8.1,4.3442,2.43,meteofrance_arpege_europe
2026-08-18,2026-08-19T10:00:00Z,28,8.1,5.7847,4.42,meteofrance_arpege_europe
2026-08-19,2026-08-19T10:00:00Z,4,4.7,4.2106,2.25,meteofrance_arpege_europe
2026-08-18,2026-08-19T11:00:00Z,29,6.4,6.5558,5.48,meteofrance_arpege_europe
2026-08-19,2026-08-19T11:00:00Z,5,6.4,3.487,1.24,meteofrance_arpege_europe
2026-08-18,2026-08-19T12:00:00Z,30,6.5,6.8856,5.58,meteofrance_arpege_europe
2026-08-19,2026-08-19T12:00:00Z,6,6.5,3.5555,0.71,meteofrance_arpege_europe
2026-08-18,2026-08-19T13:00:00Z,31,6.1,7.1088,6.16,meteofrance_arpege_europe
2026-08-19,2026-08-19T13:00:00Z,7,6.1,5.0521,1.04,meteofrance_arpege_europe
2026-08-18,2026-08-19T14:00:00Z,32,6.0,7.4379,6.35,meteofrance_arpege_europe
2026-08-19,2026-08-19T14:00:00Z,8,6.0,6.4281,2.55,meteofrance_arpege_europe
2026-08-18,2026-08-19T15:00:00Z,33,7.8,7.5424,6.26,meteofrance_arpege_europe
2026-08-19,2026-08-19T15:00:00Z,9,7.8,6.8457,4.1,meteofrance_arpege_europe
2026-08-18,2026-08-19T16:00:00Z,34,7.9,7.1744,5.95,meteofrance_arpege_europe
2026-08-19,2026-08-19T16:00:00Z,10,7.9,7.1908,5.01,meteofrance_arpege_europe
2026-08-18,2026-08-19T17:00:00Z,35,8.2,6.6668,5.47,meteofrance_arpege_europe
2026-08-19,2026-08-19T17:00:00Z,11,8.2,8.025,5.82,meteofrance_arpege_europe
2026-08-18,2026-08-19T18:00:00Z,36,8.1,6.4754,4.96,meteofrance_arpege_europe
2026-08-19,2026-08-19T18:00:00Z,12,8.1,8.1327,6.1,meteofrance_arpege_europe
2026-08-18,2026-08-19T19:00:00Z,37,8.0,5.8041,4.83,meteofrance_arpege_europe
2026-08-19,2026-08-19T19:00:00Z,13,8.0,7.0937,6.81,meteofrance_arpege_europe
2026-08-18,2026-08-19T20:00:00Z,38,6.6,4.512,4.3,meteofrance_arpege_europe
2026-08-19,2026-08-19T20:00:00Z,14,6.6,6.3679,6.38,meteofrance_arpege_europe
2026-08-18,2026-08-19T21:00:00Z,39,6.5,4.3214,4.08,meteofrance_arpege_europe
2026-08-19,2026-08-19T21:00:00Z,15,6.5,6.0418,5.98,meteofrance_arpege_europe
2026-08-18,2026-08-19T22:00:00Z,40,5.2,4.4366,3.96,meteofrance_arpege_europe
2026-08-19,2026-08-19T22:00:00Z,16,5.2,5.828,5.77,meteofrance_arpege_europe
2026-08-18,2026-08-19T23:00:00Z,41,4.8,4.6088,3.93,meteofrance_arpege_europe
2026-08-19,2026-08-19T23:00:00Z,17,4.8,6.0456,5.35,meteofrance_arpege_europe
2026-08-18,2026-08-20T00:00:00Z,42,6.5,4.382,3.85,meteofrance_arpege_europe
2026-08-19,2026-08-20T00:00:00Z,18,6.5,6.1646,6.09,meteofrance_arpege_europe
2026-08-18,2026-08-20T01:00:00Z,43,6.7,4.7216,4.16,meteofrance_arpege_europe
2026-08-19,2026-08-20T01:00:00Z,19,6.7,6.5024,6.35,meteofrance_arpege_europe
2026-08-18,2026-08-20T02:00:00Z,44,6.2,5.1272,4.27,meteofrance_arpege_europe
2026-08-19,2026-08-20T02:00:00Z,20,6.2,6.6301,6.49,meteofrance_arpege_europe
2026-08-18,2026-08-20T03:00:00Z,45,6.2,5.3539,4.55,meteofrance_arpege_europe
2026-08-19,2026-08-20T03:00:00Z,21,6.2,6.9334,6.58,meteofrance_arpege_europe
2026-08-18,2026-08-20T04:00:00Z,46,5.3,4.9714,4.52,meteofrance_arpege_europe
2026-08-19,2026-08-20T04:00:00Z,22,5.3,7.2106,6.63,meteofrance_arpege_europe
2026-08-18,2026-08-20T05:00:00Z,47,6.9,5.3828,5.32,meteofrance_arpege_europe
2026-08-19,2026-08-20T05:00:00Z,23,6.9,6.2238,6.11,meteofrance_arpege_europe
2026-08-18,2026-08-20T06:00:00Z,48,5.5,5.5219,5.46,meteofrance_arpege_europe
2026-08-19,2026-08-20T06:00:00Z,24,5.5,6.4257,6.24,meteofrance_arpege_europe
2026-08-19,2026-08-20T07:00:00Z,25,7.6,7.2608,6.06,meteofrance_arpege_europe
2026-08-20,2026-08-20T07:00:00Z,1,7.6,6.9824,6.14,meteofrance_arpege_europe
2026-08-19,2026-08-20T08:00:00Z,26,7.6,7.1069,5.98,meteofrance_arpege_europe
2026-08-20,2026-08-20T08:00:00Z,2,7.6,7.6792,6.65,meteofrance_arpege_europe
2026-08-19,2026-08-20T09:00:00Z,27,9.2,7.5162,6.13,meteofrance_arpege_europe
2026-08-20,2026-08-20T09:00:00Z,3,9.2,7.8195,6.57,meteofrance_arpege_europe
2026-08-19,2026-08-20T10:00:00Z,28,9.2,8.1824,7.18,meteofrance_arpege_europe
2026-08-20,2026-08-20T10:00:00Z,4,9.2,8.6915,7.31,meteofrance_arpege_europe
2026-08-19,2026-08-20T11:00:00Z,29,9.2,8.6525,8.14,meteofrance_arpege_europe
2026-08-20,2026-08-20T11:00:00Z,5,10.3,8.9553,7.69,meteofrance_arpege_europe
2026-08-19,2026-08-20T12:00:00Z,30,11.1,9.5067,8.0,meteofrance_arpege_europe
2026-08-20,2026-08-20T12:00:00Z,6,11.1,9.2028,7.43,meteofrance_arpege_europe
2026-08-19,2026-08-20T13:00:00Z,31,10.3,8.9734,7.5,meteofrance_arpege_europe
2026-08-20,2026-08-20T13:00:00Z,7,10.3,9.3232,7.45,meteofrance_arpege_europe
2026-08-19,2026-08-20T14:00:00Z,32,10.1,9.0561,7.56,meteofrance_arpege_europe
2026-08-20,2026-08-20T14:00:00Z,8,10.1,9.2263,7.24,meteofrance_arpege_europe
2026-08-19,2026-08-20T15:00:00Z,33,8.8,9.2375,7.52,meteofrance_arpege_europe
2026-08-20,2026-08-20T15:00:00Z,9,8.8,9.1206,7.18,meteofrance_arpege_europe
2026-08-19,2026-08-20T16:00:00Z,34,8.0,8.5438,7.33,meteofrance_arpege_europe
2026-08-20,2026-08-20T16:00:00Z,10,8.0,8.5049,7.28,meteofrance_arpege_europe
2026-08-19,2026-08-20T17:00:00Z,35,7.9,7.9789,7.3,meteofrance_arpege_europe
2026-08-20,2026-08-20T17:00:00Z,11,7.9,8.2211,7.16,meteofrance_arpege_europe
2026-08-19,2026-08-20T18:00:00Z,36,7.4,7.4275,7.16,meteofrance_arpege_europe
2026-08-20,2026-08-20T18:00:00Z,12,7.4,7.4245,6.82,meteofrance_arpege_europe
2026-08-19,2026-08-20T19:00:00Z,37,6.0,6.7026,6.63,meteofrance_arpege_europe
2026-08-20,2026-08-20T19:00:00Z,13,6.0,6.6379,6.52,meteofrance_arpege_europe
2026-08-19,2026-08-20T20:00:00Z,38,4.9,5.3981,5.93,meteofrance_arpege_europe
2026-08-20,2026-08-20T20:00:00Z,14,4.9,5.5479,5.92,meteofrance_arpege_europe
2026-08-19,2026-08-20T21:00:00Z,39,5.0,5.0539,5.61,meteofrance_arpege_europe
2026-08-20,2026-08-20T21:00:00Z,15,5.0,4.6427,5.41,meteofrance_arpege_europe
2026-08-19,2026-08-20T22:00:00Z,40,4.8,4.8528,5.31,meteofrance_arpege_europe
2026-08-20,2026-08-20T22:00:00Z,16,4.8,4.4115,5.22,meteofrance_arpege_europe
2026-08-19,2026-08-20T23:00:00Z,41,4.2,4.2488,4.7,meteofrance_arpege_europe
2026-08-20,2026-08-20T23:00:00Z,17,4.2,4.1932,4.24,meteofrance_arpege_europe
2026-08-19,2026-08-21T00:00:00Z,42,4.3,4.0451,4.3,meteofrance_arpege_europe
2026-08-20,2026-08-21T00:00:00Z,18,4.3,3.6892,3.59,meteofrance_arpege_europe
2026-08-19,2026-08-21T01:00:00Z,43,3.2,4.1494,3.6,meteofrance_arpege_europe
2026-08-20,2026-08-21T01:00:00Z,19,3.2,3.9962,4.22,meteofrance_arpege_europe
2026-08-19,2026-08-21T02:00:00Z,44,4.3,4.5608,3.51,meteofrance_arpege_europe
2026-08-20,2026-08-21T02:00:00Z,20,4.3,4.0812,4.43,meteofrance_arpege_europe
2026-08-19,2026-08-21T03:00:00Z,45,3.8,4.9248,3.6,meteofrance_arpege_europe
2026-08-20,2026-08-21T03:00:00Z,21,3.8,4.0942,4.52,meteofrance_arpege_europe
2026-08-19,2026-08-21T04:00:00Z,46,3.4,4.592,3.21,meteofrance_arpege_europe
2026-08-20,2026-08-21T04:00:00Z,22,3.4,4.5928,4.12,meteofrance_arpege_europe
2026-08-19,2026-08-21T05:00:00Z,47,5.1,5.0184,3.47,meteofrance_arpege_europe
2026-08-20,2026-08-21T05:00:00Z,23,5.1,5.4395,3.96,meteofrance_arpege_europe
2026-08-19,2026-08-21T06:00:00Z,48,6.2,6.0715,3.98,meteofrance_arpege_europe
2026-08-20,2026-08-21T06:00:00Z,24,6.2,5.1955,3.61,meteofrance_arpege_europe
2026-08-20,2026-08-21T07:00:00Z,25,6.5,6.0222,3.58,meteofrance_arpege_europe
2026-08-21,2026-08-21T07:00:00Z,1,6.5,4.9217,3.32,meteofrance_arpege_europe
2026-08-20,2026-08-21T08:00:00Z,26,7.2,6.5348,4.0,meteofrance_arpege_europe
2026-08-21,2026-08-21T08:00:00Z,2,7.2,5.0993,3.81,meteofrance_arpege_europe
2026-08-20,2026-08-21T09:00:00Z,27,7.2,6.7336,4.15,meteofrance_arpege_europe
2026-08-21,2026-08-21T09:00:00Z,3,7.1,5.1341,4.04,meteofrance_arpege_europe
2026-08-20,2026-08-21T10:00:00Z,28,6.5,6.3226,4.54,meteofrance_arpege_europe
2026-08-21,2026-08-21T10:00:00Z,4,6.5,4.9502,4.23,meteofrance_arpege_europe
2026-08-20,2026-08-21T11:00:00Z,29,6.5,5.9152,4.62,meteofrance_arpege_europe
2026-08-21,2026-08-21T11:00:00Z,5,6.0,4.8287,4.21,meteofrance_arpege_europe
2026-08-20,2026-08-21T12:00:00Z,30,5.5,6.1087,4.93,meteofrance_arpege_europe
2026-08-21,2026-08-21T12:00:00Z,6,5.5,4.8495,4.3,meteofrance_arpege_europe
2026-08-20,2026-08-21T13:00:00Z,31,5.1,6.3452,5.33,meteofrance_arpege_europe
2026-08-21,2026-08-21T13:00:00Z,7,5.1,4.8012,4.3,meteofrance_arpege_europe
2026-08-20,2026-08-21T14:00:00Z,32,5.8,6.0025,4.91,meteofrance_arpege_europe
2026-08-21,2026-08-21T14:00:00Z,8,5.8,4.568,4.31,meteofrance_arpege_europe
2026-08-20,2026-08-21T15:00:00Z,33,4.7,4.8772,4.5,meteofrance_arpege_europe
2026-08-21,2026-08-21T15:00:00Z,9,4.7,4.3183,4.03,meteofrance_arpege_europe
2026-08-20,2026-08-21T16:00:00Z,34,4.9,3.9308,3.61,meteofrance_arpege_europe
2026-08-21,2026-08-21T16:00:00Z,10,4.9,4.115,3.75,meteofrance_arpege_europe
2026-08-20,2026-08-21T17:00:00Z,35,3.9,4.302,3.52,meteofrance_arpege_europe
2026-08-21,2026-08-21T17:00:00Z,11,3.9,3.9941,3.59,meteofrance_arpege_europe
2026-08-20,2026-08-21T18:00:00Z,36,4.5,4.3765,3.67,meteofrance_arpege_europe
2026-08-21,2026-08-21T18:00:00Z,12,4.5,4.5013,3.38,meteofrance_arpege_europe
2026-08-20,2026-08-21T19:00:00Z,37,5.4,5.2543,4.08,meteofrance_arpege_europe
2026-08-21,2026-08-21T19:00:00Z,13,5.4,5.7017,3.4,meteofrance_arpege_europe
2026-08-20,2026-08-21T20:00:00Z,38,5.0,5.6257,4.33,meteofrance_arpege_europe
2026-08-21,2026-08-21T20:00:00Z,14,5.0,5.1877,3.36,meteofrance_arpege_europe
2026-08-20,2026-08-21T21:00:00Z,39,3.1,5.3872,4.22,meteofrance_arpege_europe
2026-08-21,2026-08-21T21:00:00Z,15,3.1,3.9807,3.14,meteofrance_arpege_europe
2026-08-20,2026-08-21T22:00:00Z,40,2.7,4.7508,3.88,meteofrance_arpege_europe
2026-08-21,2026-08-21T22:00:00Z,16,2.7,4.2461,3.0,meteofrance_arpege_europe
2026-08-20,2026-08-21T23:00:00Z,41,2.1,4.0126,3.49,meteofrance_arpege_europe
2026-08-21,2026-08-21T23:00:00Z,17,2.1,3.8312,2.12,meteofrance_arpege_europe
2026-08-20,2026-08-22T00:00:00Z,42,1.5,3.6053,2.45,meteofrance_arpege_europe
2026-08-21,2026-08-22T00:00:00Z,18,1.5,2.4583,0.92,meteofrance_arpege_europe
2026-08-20,2026-08-22T01:00:00Z,43,2.7,2.2572,2.4,meteofrance_arpege_europe
2026-08-21,2026-08-22T01:00:00Z,19,2.7,4.8503,0.81,meteofrance_arpege_europe
2026-08-20,2026-08-22T02:00:00Z,44,3.0,1.9844,2.63,meteofrance_arpege_europe
2026-08-21,2026-08-22T02:00:00Z,20,3.0,3.1716,0.71,meteofrance_arpege_europe
2026-08-20,2026-08-22T03:00:00Z,45,3.4,2.1766,2.53,meteofrance_arpege_europe
2026-08-21,2026-08-22T03:00:00Z,21,3.4,2.7042,1.03,meteofrance_arpege_europe
2026-08-20,2026-08-22T04:00:00Z,46,2.4,4.9233,3.7,meteofrance_arpege_europe
2026-08-21,2026-08-22T04:00:00Z,22,2.4,4.8723,1.26,meteofrance_arpege_europe
2026-08-20,2026-08-22T05:00:00Z,47,4.3,4.8133,3.76,meteofrance_arpege_europe
2026-08-21,2026-08-22T05:00:00Z,23,4.3,5.2389,1.4,meteofrance_arpege_europe
2026-08-20,2026-08-22T06:00:00Z,48,3.5,5.7217,3.97,meteofrance_arpege_europe
2026-08-21,2026-08-22T06:00:00Z,24,3.5,5.6836,3.2,meteofrance_arpege_europe
2026-08-21,2026-08-22T07:00:00Z,25,6.5,6.7817,3.83,meteofrance_arpege_europe
2026-08-22,2026-08-22T07:00:00Z,1,6.5,3.7282,2.92,meteofrance_arpege_europe
2026-08-21,2026-08-22T08:00:00Z,26,6.5,6.8709,4.24,meteofrance_arpege_europe
2026-08-22,2026-08-22T08:00:00Z,2,6.0,6.0701,3.74,meteofrance_arpege_europe
2026-08-21,2026-08-22T09:00:00Z,27,7.1,7.1573,4.18,meteofrance_arpege_europe
2026-08-22,2026-08-22T09:00:00Z,3,7.1,7.048,4.06,meteofrance_arpege_europe
2026-08-21,2026-08-22T10:00:00Z,28,7.1,7.2593,4.31,meteofrance_arpege_europe
2026-08-22,2026-08-22T10:00:00Z,4,7.3,7.5759,4.1,meteofrance_arpege_europe
2026-08-21,2026-08-22T11:00:00Z,29,7.4,7.134,4.81,meteofrance_arpege_europe
2026-08-22,2026-08-22T11:00:00Z,5,7.4,7.5412,4.39,meteofrance_arpege_europe
2026-08-21,2026-08-22T12:00:00Z,30,7.7,7.2616,5.06,meteofrance_arpege_europe
2026-08-22,2026-08-22T12:00:00Z,6,7.7,7.5199,4.56,meteofrance_arpege_europe
2026-08-21,2026-08-22T13:00:00Z,31,7.0,7.0411,5.28,meteofrance_arpege_europe
2026-08-22,2026-08-22T13:00:00Z,7,7.0,7.6574,4.91,meteofrance_arpege_europe
2026-08-21,2026-08-22T14:00:00Z,32,6.6,6.8659,5.2,meteofrance_arpege_europe
2026-08-22,2026-08-22T14:00:00Z,8,6.6,7.6139,5.22,meteofrance_arpege_europe
2026-08-21,2026-08-22T15:00:00Z,33,6.9,6.9733,5.16,meteofrance_arpege_europe
2026-08-22,2026-08-22T15:00:00Z,9,6.9,7.506,5.06,meteofrance_arpege_europe
2026-08-21,2026-08-22T16:00:00Z,34,6.1,7.0511,4.88,meteofrance_arpege_europe
2026-08-22,2026-08-22T16:00:00Z,10,6.1,7.1455,4.66,meteofrance_arpege_europe
2026-08-21,2026-08-22T17:00:00Z,35,5.0,7.1423,4.42,meteofrance_arpege_europe
2026-08-22,2026-08-22T17:00:00Z,11,5.0,6.4993,4.24,meteofrance_arpege_europe
2026-08-21,2026-08-22T18:00:00Z,36,4.2,6.3464,3.61,meteofrance_arpege_europe
2026-08-22,2026-08-22T18:00:00Z,12,4.2,6.09,3.84,meteofrance_arpege_europe
2026-08-21,2026-08-22T19:00:00Z,37,3.9,4.8602,3.36,meteofrance_arpege_europe
2026-08-22,2026-08-22T19:00:00Z,13,3.9,4.8143,3.26,meteofrance_arpege_europe
2026-08-21,2026-08-22T20:00:00Z,38,2.7,3.6407,2.86,meteofrance_arpege_europe
2026-08-22,2026-08-22T20:00:00Z,14,2.7,4.0186,2.69,meteofrance_arpege_europe
2026-08-21,2026-08-22T21:00:00Z,39,1.7,3.8575,3.05,meteofrance_arpege_europe
2026-08-22,2026-08-22T21:00:00Z,15,1.7,3.596,2.36,meteofrance_arpege_europe
2026-08-21,2026-08-22T22:00:00Z,40,2.9,3.5229,3.05,meteofrance_arpege_europe
2026-08-22,2026-08-22T22:00:00Z,16,2.9,3.5948,2.48,meteofrance_arpege_europe
2026-08-21,2026-08-22T23:00:00Z,41,3.4,4.5374,2.78,meteofrance_arpege_europe
2026-08-22,2026-08-22T23:00:00Z,17,3.4,3.7622,2.7,meteofrance_arpege_europe
2026-08-21,2026-08-23T00:00:00Z,42,2.2,3.481,3.04,meteofrance_arpege_europe
2026-08-22,2026-08-23T00:00:00Z,18,2.2,4.138,2.66,meteofrance_arpege_europe
2026-08-21,2026-08-23T01:00:00Z,43,2.5,3.2704,2.86,meteofrance_arpege_europe
2026-08-22,2026-08-23T01:00:00Z,19,2.5,5.4012,2.64,meteofrance_arpege_europe
2026-08-21,2026-08-23T02:00:00Z,44,4.7,3.5265,2.56,meteofrance_arpege_europe
2026-08-22,2026-08-23T02:00:00Z,20,4.7,5.0228,2.6,meteofrance_arpege_europe
2026-08-21,2026-08-23T03:00:00Z,45,3.8,3.7837,2.4,meteofrance_arpege_europe
2026-08-22,2026-08-23T03:00:00Z,21,3.8,4.7144,2.63,meteofrance_arpege_europe
2026-08-21,2026-08-23T04:00:00Z,46,3.9,3.4962,2.89,meteofrance_arpege_europe
2026-08-22,2026-08-23T04:00:00Z,22,3.9,4.2203,2.96,meteofrance_arpege_europe
2026-08-21,2026-08-23T05:00:00Z,47,1.7,3.0592,2.81,meteofrance_arpege_europe
2026-08-22,2026-08-23T05:00:00Z,23,1.7,3.7558,3.24,meteofrance_arpege_europe
2026-08-21,2026-08-23T06:00:00Z,48,4.0,3.0679,2.96,meteofrance_arpege_europe
2026-08-22,2026-08-23T06:00:00Z,24,4.0,3.2117,3.81,meteofrance_arpege_europe
2026-08-22,2026-08-23T07:00:00Z,25,5.2,3.5588,3.9,meteofrance_arpege_europe
2026-08-23,2026-08-23T07:00:00Z,1,5.2,5.8588,4.2,meteofrance_arpege_europe
2026-08-22,2026-08-23T08:00:00Z,26,5.2,7.2814,4.85,meteofrance_arpege_europe
2026-08-23,2026-08-23T08:00:00Z,2,7.2,7.0014,5.4,meteofrance_arpege_europe
2026-08-22,2026-08-23T09:00:00Z,27,9.3,8.0428,5.36,meteofrance_arpege_europe
2026-08-23,2026-08-23T09:00:00Z,3,9.3,7.8981,5.8,meteofrance_arpege_europe
2026-08-22,2026-08-23T10:00:00Z,28,9.3,8.5083,6.41,meteofrance_arpege_europe
2026-08-23,2026-08-23T10:00:00Z,4,9.2,8.2425,6.46,meteofrance_arpege_europe
2026-08-22,2026-08-23T11:00:00Z,29,11.1,8.9496,6.74,meteofrance_arpege_europe
2026-08-23,2026-08-23T11:00:00Z,5,11.1,8.2861,6.59,meteofrance_arpege_europe
2026-08-22,2026-08-23T12:00:00Z,30,10.6,9.366,6.6,meteofrance_arpege_europe
2026-08-23,2026-08-23T12:00:00Z,6,10.6,9.4017,6.89,meteofrance_arpege_europe
2026-08-22,2026-08-23T13:00:00Z,31,11.4,9.9617,6.23,meteofrance_arpege_europe
2026-08-23,2026-08-23T13:00:00Z,7,11.4,10.1859,7.04,meteofrance_arpege_europe
2026-08-22,2026-08-23T14:00:00Z,32,11.5,10.2983,6.2,meteofrance_arpege_europe
2026-08-23,2026-08-23T14:00:00Z,8,11.5,10.6133,6.99,meteofrance_arpege_europe
2026-08-22,2026-08-23T15:00:00Z,33,11.3,10.2555,6.11,meteofrance_arpege_europe
2026-08-23,2026-08-23T15:00:00Z,9,11.3,10.2587,6.69,meteofrance_arpege_europe
2026-08-22,2026-08-23T16:00:00Z,34,11.0,11.072,6.63,meteofrance_arpege_europe
2026-08-23,2026-08-23T16:00:00Z,10,11.0,9.7746,6.46,meteofrance_arpege_europe
2026-08-22,2026-08-23T17:00:00Z,35,10.4,10.2927,6.45,meteofrance_arpege_europe
2026-08-23,2026-08-23T17:00:00Z,11,10.4,9.7195,6.52,meteofrance_arpege_europe
2026-08-22,2026-08-23T18:00:00Z,36,9.8,9.8536,6.36,meteofrance_arpege_europe
2026-08-23,2026-08-23T18:00:00Z,12,9.8,9.0147,6.26,meteofrance_arpege_europe
2026-08-22,2026-08-23T19:00:00Z,37,8.9,8.3232,5.98,meteofrance_arpege_europe
2026-08-23,2026-08-23T19:00:00Z,13,8.9,8.9682,6.39,meteofrance_arpege_europe
2026-08-22,2026-08-23T20:00:00Z,38,8.3,7.443,6.12,meteofrance_arpege_europe
2026-08-23,2026-08-23T20:00:00Z,14,8.3,8.1988,6.38,meteofrance_arpege_europe
2026-08-22,2026-08-23T21:00:00Z,39,8.0,7.9918,6.56,meteofrance_arpege_europe
2026-08-23,2026-08-23T21:00:00Z,15,8.0,7.4518,6.48,meteofrance_arpege_europe
2026-08-22,2026-08-23T22:00:00Z,40,9.4,7.2833,6.62,meteofrance_arpege_europe
2026-08-23,2026-08-23T22:00:00Z,16,9.4,8.0684,6.68,meteofrance_arpege_europe
2026-08-22,2026-08-23T23:00:00Z,41,9.3,7.817,6.6,meteofrance_arpege_europe
2026-08-23,2026-08-23T23:00:00Z,17,9.3,7.6546,6.13,meteofrance_arpege_europe
2026-08-22,2026-08-24T00:00:00Z,42,8.4,7.55,5.83,meteofrance_arpege_europe
2026-08-23,2026-08-24T00:00:00Z,18,8.4,7.3791,6.4,meteofrance_arpege_europe
2026-08-22,2026-08-24T01:00:00Z,43,8.0,6.8668,5.91,meteofrance_arpege_europe
2026-08-23,2026-08-24T01:00:00Z,19,8.0,7.5731,6.5,meteofrance_arpege_europe
2026-08-22,2026-08-24T02:00:00Z,44,7.2,6.8337,6.0,meteofrance_arpege_europe
2026-08-23,2026-08-24T02:00:00Z,20,7.2,7.231,6.71,meteofrance_arpege_europe
2026-08-22,2026-08-24T03:00:00Z,45,6.8,6.9833,6.3,meteofrance_arpege_europe
2026-08-23,2026-08-24T03:00:00Z,21,6.8,7.4234,6.53,meteofrance_arpege_europe
2026-08-22,2026-08-24T04:00:00Z,46,7.3,7.5885,6.3,meteofrance_arpege_europe
2026-08-23,2026-08-24T04:00:00Z,22,7.3,8.3961,6.7,meteofrance_arpege_europe
2026-08-22,2026-08-24T05:00:00Z,47,10.1,8.6975,6.5,meteofrance_arpege_europe
2026-08-23,2026-08-24T05:00:00Z,23,10.1,8.5611,6.74,meteofrance_arpege_europe
2026-08-22,2026-08-24T06:00:00Z,48,10.1,9.7306,6.75,meteofrance_arpege_europe
2026-08-23,2026-08-24T06:00:00Z,24,10.1,9.4862,6.52,meteofrance_arpege_europe
2026-08-23,2026-08-24T07:00:00Z,25,10.8,10.4238,7.18,meteofrance_arpege_europe
2026-08-24,2026-08-24T07:00:00Z,1,10.8,10.3107,6.86,meteofrance_arpege_europe
2026-08-23,2026-08-24T08:00:00Z,26,11.6,10.3216,7.61,meteofrance_arpege_europe
2026-08-24,2026-08-24T08:00:00Z,2,11.6,11.1265,7.37,meteofrance_arpege_europe
2026-08-23,2026-08-24T09:00:00Z,27,11.6,10.3834,7.6,meteofrance_arpege_europe
2026-08-24,2026-08-24T09:00:00Z,3,12.0,11.1361,7.23,meteofrance_arpege_europe
2026-08-23,2026-08-24T10:00:00Z,28,11.7,10.4806,7.81,meteofrance_arpege_europe
2026-08-24,2026-08-24T10:00:00Z,4,11.7,11.4116,7.26,meteofrance_arpege_europe
2026-08-23,2026-08-24T11:00:00Z,29,11.7,12.1212,7.84,meteofrance_arpege_europe
2026-08-24,2026-08-24T11:00:00Z,5,13.6,12.2227,7.43,meteofrance_arpege_europe
2026-08-23,2026-08-24T12:00:00Z,30,13.1,12.7529,8.34,meteofrance_arpege_europe
2026-08-24,2026-08-24T12:00:00Z,6,13.1,12.8169,7.98,meteofrance_arpege_europe
2026-08-23,2026-08-24T13:00:00Z,31,13.8,12.6613,8.59,meteofrance_arpege_europe
2026-08-24,2026-08-24T13:00:00Z,7,13.8,13.7541,8.61,meteofrance_arpege_europe
2026-08-23,2026-08-24T14:00:00Z,32,14.8,13.3229,8.57,meteofrance_arpege_europe
2026-08-24,2026-08-24T14:00:00Z,8,14.8,14.6062,9.2,meteofrance_arpege_europe
2026-08-23,2026-08-24T15:00:00Z,33,14.6,13.5932,8.6,meteofrance_arpege_europe
2026-08-24,2026-08-24T15:00:00Z,9,14.6,14.62,9.19,meteofrance_arpege_europe
2026-08-23,2026-08-24T16:00:00Z,34,13.3,14.3989,9.48,meteofrance_arpege_europe
2026-08-24,2026-08-24T16:00:00Z,10,13.3,14.4626,9.04,meteofrance_arpege_europe
2026-08-23,2026-08-24T17:00:00Z,35,13.3,13.2541,9.17,meteofrance_arpege_europe
2026-08-24,2026-08-24T17:00:00Z,11,13.3,14.0345,8.99,meteofrance_arpege_europe
2026-08-23,2026-08-24T18:00:00Z,36,12.7,12.7529,7.96,meteofrance_arpege_europe
2026-08-24,2026-08-24T18:00:00Z,12,12.7,12.5377,8.62,meteofrance_arpege_europe
2026-08-23,2026-08-24T19:00:00Z,37,13.3,11.3772,7.66,meteofrance_arpege_europe
2026-08-24,2026-08-24T19:00:00Z,13,13.3,12.1856,8.38,meteofrance_arpege_europe
2026-08-23,2026-08-24T20:00:00Z,38,13.7,11.1372,7.66,meteofrance_arpege_europe
2026-08-24,2026-08-24T20:00:00Z,14,13.7,11.3539,7.95,meteofrance_arpege_europe
2026-08-23,2026-08-24T21:00:00Z,39,12.5,7.8602,8.28,meteofrance_arpege_europe
2026-08-24,2026-08-24T21:00:00Z,15,12.5,10.7924,7.35,meteofrance_arpege_europe
2026-08-23,2026-08-24T22:00:00Z,40,10.8,7.5791,7.95,meteofrance_arpege_europe
2026-08-24,2026-08-24T22:00:00Z,16,10.8,10.8154,7.15,meteofrance_arpege_europe
2026-08-23,2026-08-24T23:00:00Z,41,9.1,6.3762,7.33,meteofrance_arpege_europe
2026-08-24,2026-08-24T23:00:00Z,17,9.1,10.2914,7.31,meteofrance_arpege_europe
2026-08-23,2026-08-25T00:00:00Z,42,8.6,5.7289,6.74,meteofrance_arpege_europe
2026-08-24,2026-08-25T00:00:00Z,18,8.6,9.1199,7.32,meteofrance_arpege_europe
2026-08-23,2026-08-25T01:00:00Z,43,6.7,5.3188,6.04,meteofrance_arpege_europe
2026-08-24,2026-08-25T01:00:00Z,19,6.7,6.9384,6.33,meteofrance_arpege_europe
2026-08-23,2026-08-25T02:00:00Z,44,5.3,4.4969,5.51,meteofrance_arpege_europe
2026-08-24,2026-08-25T02:00:00Z,20,5.3,5.0196,5.28,meteofrance_arpege_europe
2026-08-23,2026-08-25T03:00:00Z,45,3.5,4.1685,4.63,meteofrance_arpege_europe
2026-08-24,2026-08-25T03:00:00Z,21,3.5,4.727,4.41,meteofrance_arpege_europe
2026-08-23,2026-08-25T04:00:00Z,46,5.0,4.3263,4.14,meteofrance_arpege_europe
2026-08-24,2026-08-25T04:00:00Z,22,5.0,3.5428,3.93,meteofrance_arpege_europe
2026-08-23,2026-08-25T05:00:00Z,47,5.5,5.0522,3.9,meteofrance_arpege_europe
2026-08-24,2026-08-25T05:00:00Z,23,5.5,2.934,4.04,meteofrance_arpege_europe
2026-08-23,2026-08-25T06:00:00Z,48,3.2,4.7183,2.84,meteofrance_arpege_europe
2026-08-24,2026-08-25T06:00:00Z,24,3.2,3.4681,4.42,meteofrance_arpege_europe
2026-08-24,2026-08-25T07:00:00Z,25,5.1,2.9983,3.8,meteofrance_arpege_europe
2026-08-25,2026-08-25T07:00:00Z,1,5.1,4.5191,3.7,meteofrance_arpege_europe
2026-08-24,2026-08-25T08:00:00Z,26,4.4,4.2493,3.95,meteofrance_arpege_europe
2026-08-25,2026-08-25T08:00:00Z,2,4.4,5.059,3.81,meteofrance_arpege_europe
2026-08-24,2026-08-25T09:00:00Z,27,4.4,6.5309,3.88,meteofrance_arpege_europe
2026-08-25,2026-08-25T09:00:00Z,3,5.0,6.387,3.6,meteofrance_arpege_europe
2026-08-24,2026-08-25T10:00:00Z,28,6.5,7.3364,3.96,meteofrance_arpege_europe
2026-08-25,2026-08-25T10:00:00Z,4,6.5,7.5677,3.81,meteofrance_arpege_europe
2026-08-24,2026-08-25T11:00:00Z,29,6.5,6.7513,3.81,meteofrance_arpege_europe
2026-08-25,2026-08-25T11:00:00Z,5,8.7,7.6116,4.4,meteofrance_arpege_europe
2026-08-24,2026-08-25T12:00:00Z,30,9.8,7.7253,4.43,meteofrance_arpege_europe
2026-08-25,2026-08-25T12:00:00Z,6,9.8,7.5938,4.46,meteofrance_arpege_europe
2026-08-24,2026-08-25T13:00:00Z,31,10.1,6.5794,4.14,meteofrance_arpege_europe
2026-08-25,2026-08-25T13:00:00Z,7,10.1,7.8189,4.14,meteofrance_arpege_europe
2026-08-24,2026-08-25T14:00:00Z,32,10.7,7.6327,3.51,meteofrance_arpege_europe
2026-08-25,2026-08-25T14:00:00Z,8,10.7,7.0275,3.35,meteofrance_arpege_europe
2026-08-24,2026-08-25T15:00:00Z,33,9.8,7.5968,3.95,meteofrance_arpege_europe
2026-08-25,2026-08-25T15:00:00Z,9,9.8,6.1675,3.4,meteofrance_arpege_europe
2026-08-24,2026-08-25T16:00:00Z,34,8.6,6.7372,3.7,meteofrance_arpege_europe
2026-08-25,2026-08-25T16:00:00Z,10,8.6,6.6186,3.89,meteofrance_arpege_europe
2026-08-24,2026-08-25T17:00:00Z,35,5.7,6.6907,3.13,meteofrance_arpege_europe
2026-08-25,2026-08-25T17:00:00Z,11,5.7,5.5099,3.61,meteofrance_arpege_europe
2026-08-24,2026-08-25T18:00:00Z,36,3.8,5.1903,3.36,meteofrance_arpege_europe
2026-08-25,2026-08-25T18:00:00Z,12,3.8,4.6394,3.47,meteofrance_arpege_europe
2026-08-24,2026-08-25T19:00:00Z,37,2.3,4.4509,3.05,meteofrance_arpege_europe
2026-08-25,2026-08-25T19:00:00Z,13,2.3,4.1975,2.7,meteofrance_arpege_europe
2026-08-24,2026-08-25T20:00:00Z,38,3.0,4.0615,2.78,meteofrance_arpege_europe
2026-08-25,2026-08-25T20:00:00Z,14,3.0,4.0381,2.34,meteofrance_arpege_europe
2026-08-24,2026-08-25T21:00:00Z,39,3.6,3.8116,2.62,meteofrance_arpege_europe
2026-08-25,2026-08-25T21:00:00Z,15,3.6,3.1156,2.31,meteofrance_arpege_europe
2026-08-24,2026-08-25T22:00:00Z,40,4.6,3.6243,3.23,meteofrance_arpege_europe
2026-08-25,2026-08-25T22:00:00Z,16,4.6,2.848,2.31,meteofrance_arpege_europe
2026-08-24,2026-08-25T23:00:00Z,41,2.6,3.2241,3.3,meteofrance_arpege_europe
2026-08-25,2026-08-25T23:00:00Z,17,2.6,2.9412,1.89,meteofrance_arpege_europe
2026-08-24,2026-08-26T00:00:00Z,42,4.6,3.5348,2.88,meteofrance_arpege_europe
2026-08-25,2026-08-26T00:00:00Z,18,4.6,3.3386,1.84,meteofrance_arpege_europe
2026-08-24,2026-08-26T01:00:00Z,43,2.2,3.8427,3.38,meteofrance_arpege_europe
2026-08-25,2026-08-26T01:00:00Z,19,2.2,3.3505,1.91,meteofrance_arpege_europe
2026-08-24,2026-08-26T02:00:00Z,44,2.3,4.1077,3.58,meteofrance_arpege_europe
2026-08-25,2026-08-26T02:00:00Z,20,2.3,3.529,2.32,meteofrance_arpege_europe
2026-08-24,2026-08-26T03:00:00Z,45,2.5,4.4404,4.02,meteofrance_arpege_europe
2026-08-25,2026-08-26T03:00:00Z,21,2.5,3.2633,2.22,meteofrance_arpege_europe
2026-08-24,2026-08-26T04:00:00Z,46,2.7,4.0801,3.24,meteofrance_arpege_europe
2026-08-25,2026-08-26T04:00:00Z,22,2.7,3.0963,2.91,meteofrance_arpege_europe
2026-08-24,2026-08-26T05:00:00Z,47,2.6,4.0126,2.51,meteofrance_arpege_europe
2026-08-25,2026-08-26T05:00:00Z,23,2.6,3.299,2.75,meteofrance_arpege_europe
2026-08-24,2026-08-26T06:00:00Z,48,1.5,4.1984,2.63,meteofrance_arpege_europe
2026-08-25,2026-08-26T06:00:00Z,24,1.5,3.3302,2.7,meteofrance_arpege_europe
2026-08-25,2026-08-26T07:00:00Z,25,1.0,3.2803,3.1,meteofrance_arpege_europe
2026-08-26,2026-08-26T07:00:00Z,1,1.0,2.9491,2.12,meteofrance_arpege_europe
2026-08-25,2026-08-26T08:00:00Z,26,4.3,3.6906,3.21,meteofrance_arpege_europe
2026-08-26,2026-08-26T08:00:00Z,2,4.3,2.9256,2.31,meteofrance_arpege_europe
2026-08-25,2026-08-26T09:00:00Z,27,4.3,3.7276,2.94,meteofrance_arpege_europe
2026-08-26,2026-08-26T09:00:00Z,3,2.7,3.4853,2.6,meteofrance_arpege_europe
2026-08-25,2026-08-26T10:00:00Z,28,2.3,3.7999,3.0,meteofrance_arpege_europe
2026-08-26,2026-08-26T10:00:00Z,4,2.3,3.6282,2.52,meteofrance_arpege_europe
2026-08-25,2026-08-26T11:00:00Z,29,2.3,3.7369,3.01,meteofrance_arpege_europe
2026-08-26,2026-08-26T11:00:00Z,5,5.7,3.2849,2.14,meteofrance_arpege_europe
2026-08-25,2026-08-26T12:00:00Z,30,5.1,3.6763,2.9,meteofrance_arpege_europe
2026-08-26,2026-08-26T12:00:00Z,6,5.1,3.0756,1.86,meteofrance_arpege_europe
2026-08-25,2026-08-26T13:00:00Z,31,1.7,4.0533,2.24,meteofrance_arpege_europe
2026-08-26,2026-08-26T13:00:00Z,7,1.7,3.4986,1.9,meteofrance_arpege_europe
2026-08-25,2026-08-26T14:00:00Z,32,1.5,3.4117,1.3,meteofrance_arpege_europe
2026-08-26,2026-08-26T14:00:00Z,8,1.5,6.1906,4.05,meteofrance_arpege_europe
2026-08-25,2026-08-26T15:00:00Z,33,6.6,5.3123,3.11,meteofrance_arpege_europe
2026-08-26,2026-08-26T15:00:00Z,9,6.6,5.2937,4.65,meteofrance_arpege_europe
2026-08-25,2026-08-26T16:00:00Z,34,8.4,6.248,4.3,meteofrance_arpege_europe
2026-08-26,2026-08-26T16:00:00Z,10,8.4,6.2947,4.3,meteofrance_arpege_europe
2026-08-25,2026-08-26T17:00:00Z,35,6.3,7.1013,5.04,meteofrance_arpege_europe
2026-08-26,2026-08-26T17:00:00Z,11,6.3,7.3578,4.51,meteofrance_arpege_europe
2026-08-25,2026-08-26T18:00:00Z,36,6.0,6.6833,6.02,meteofrance_arpege_europe
2026-08-26,2026-08-26T18:00:00Z,12,6.0,6.6574,4.85,meteofrance_arpege_europe
2026-08-25,2026-08-26T19:00:00Z,37,4.2,7.9904,5.61,meteofrance_arpege_europe
2026-08-26,2026-08-26T19:00:00Z,13,4.2,5.9846,5.55,meteofrance_arpege_europe
2026-08-25,2026-08-26T20:00:00Z,38,4.6,6.4186,4.3,meteofrance_arpege_europe
2026-08-26,2026-08-26T20:00:00Z,14,4.6,6.7713,6.17,meteofrance_arpege_europe
2026-08-25,2026-08-26T21:00:00Z,39,6.0,5.9348,3.45,meteofrance_arpege_europe
2026-08-26,2026-08-26T21:00:00Z,15,6.0,5.9932,6.0,meteofrance_arpege_europe
2026-08-25,2026-08-26T22:00:00Z,40,1.8,5.8688,4.53,meteofrance_arpege_europe
2026-08-26,2026-08-26T22:00:00Z,16,1.8,6.3305,5.6,meteofrance_arpege_europe
2026-08-25,2026-08-26T23:00:00Z,41,3.8,5.6747,6.49,meteofrance_arpege_europe
2026-08-26,2026-08-26T23:00:00Z,17,3.8,5.8647,5.67,meteofrance_arpege_europe
2026-08-25,2026-08-27T00:00:00Z,42,2.8,5.977,4.65,meteofrance_arpege_europe
2026-08-26,2026-08-27T00:00:00Z,18,2.8,6.54,5.4,meteofrance_arpege_europe
2026-08-25,2026-08-27T01:00:00Z,43,1.6,5.9801,5.87,meteofrance_arpege_europe
2026-08-26,2026-08-27T01:00:00Z,19,1.6,6.1736,5.33,meteofrance_arpege_europe
2026-08-25,2026-08-27T02:00:00Z,44,1.7,5.6757,6.28,meteofrance_arpege_europe
2026-08-26,2026-08-27T02:00:00Z,20,1.7,5.3015,4.12,meteofrance_arpege_europe
2026-08-25,2026-08-27T03:00:00Z,45,1.3,6.5765,6.3,meteofrance_arpege_europe
2026-08-26,2026-08-27T03:00:00Z,21,1.3,4.2278,3.44,meteofrance_arpege_europe
2026-08-25,2026-08-27T04:00:00Z,46,2.2,5.6167,7.42,meteofrance_arpege_europe
2026-08-26,2026-08-27T04:00:00Z,22,2.2,5.3357,2.56,meteofrance_arpege_europe
2026-08-25,2026-08-27T05:00:00Z,47,2.5,5.5874,7.04,meteofrance_arpege_europe
2026-08-26,2026-08-27T05:00:00Z,23,2.5,4.5264,4.53,meteofrance_arpege_europe
2026-08-25,2026-08-27T06:00:00Z,48,2.9,6.04,5.64,meteofrance_arpege_europe
2026-08-26,2026-08-27T06:00:00Z,24,2.9,3.6035,3.91,meteofrance_arpege_europe
2026-08-26,2026-08-27T07:00:00Z,25,2.4,4.7523,3.91,meteofrance_arpege_europe
2026-08-27,2026-08-27T07:00:00Z,1,2.4,3.8114,3.76,meteofrance_arpege_europe
2026-08-26,2026-08-27T08:00:00Z,26,4.4,4.6251,3.83,meteofrance_arpege_europe
2026-08-27,2026-08-27T08:00:00Z,2,4.4,5.1438,3.96,meteofrance_arpege_europe
2026-08-26,2026-08-27T09:00:00Z,27,5.1,5.6649,4.78,meteofrance_arpege_europe
2026-08-27,2026-08-27T09:00:00Z,3,5.1,4.3227,3.81,meteofrance_arpege_europe
2026-08-26,2026-08-27T10:00:00Z,28,3.5,5.9905,5.24,meteofrance_arpege_europe
2026-08-27,2026-08-27T10:00:00Z,4,3.5,3.7866,3.36,meteofrance_arpege_europe
2026-08-26,2026-08-27T11:00:00Z,29,4.3,6.2538,5.33,meteofrance_arpege_europe
2026-08-27,2026-08-27T11:00:00Z,5,4.3,3.687,3.11,meteofrance_arpege_europe
2026-08-26,2026-08-27T12:00:00Z,30,3.5,6.7488,6.4,meteofrance_arpege_europe
2026-08-27,2026-08-27T12:00:00Z,6,3.5,4.0847,2.97,meteofrance_arpege_europe
2026-08-26,2026-08-27T13:00:00Z,31,4.4,6.1814,5.58,meteofrance_arpege_europe
2026-08-27,2026-08-27T13:00:00Z,7,4.4,4.6405,3.97,meteofrance_arpege_europe
2026-08-26,2026-08-27T14:00:00Z,32,5.7,6.1062,6.02,meteofrance_arpege_europe
2026-08-27,2026-08-27T14:00:00Z,8,5.7,4.2898,4.11,meteofrance_arpege_europe
2026-08-26,2026-08-27T15:00:00Z,33,2.9,6.3092,5.64,meteofrance_arpege_europe
2026-08-27,2026-08-27T15:00:00Z,9,2.9,3.4951,3.94,meteofrance_arpege_europe
2026-08-26,2026-08-27T16:00:00Z,34,2.8,5.9022,5.33,meteofrance_arpege_europe
2026-08-27,2026-08-27T16:00:00Z,10,2.8,3.1289,3.27,meteofrance_arpege_europe
2026-08-26,2026-08-27T17:00:00Z,35,2.5,5.8199,5.67,meteofrance_arpege_europe
2026-08-27,2026-08-27T17:00:00Z,11,2.5,2.9651,2.82,meteofrance_arpege_europe
2026-08-26,2026-08-27T18:00:00Z,36,2.1,4.7075,4.33,meteofrance_arpege_europe
2026-08-27,2026-08-27T18:00:00Z,12,2.1,2.4129,2.31,meteofrance_arpege_europe
2026-08-26,2026-08-27T19:00:00Z,37,2.1,3.0703,2.77,meteofrance_arpege_europe
2026-08-27,2026-08-27T19:00:00Z,13,1.5,2.4307,2.22,meteofrance_arpege_europe
2026-08-26,2026-08-27T20:00:00Z,38,1.6,2.5643,2.2,meteofrance_arpege_europe
2026-08-27,2026-08-27T20:00:00Z,14,1.6,2.1079,1.8,meteofrance_arpege_europe
2026-08-26,2026-08-27T21:00:00Z,39,2.8,2.6222,1.42,meteofrance_arpege_europe
2026-08-27,2026-08-27T21:00:00Z,15,2.8,2.1479,1.44,meteofrance_arpege_europe
2026-08-26,2026-08-27T22:00:00Z,40,3.8,2.3482,1.73,meteofrance_arpege_europe
2026-08-27,2026-08-27T22:00:00Z,16,3.8,2.0885,1.4,meteofrance_arpege_europe
2026-08-26,2026-08-27T23:00:00Z,41,2.1,2.8402,2.33,meteofrance_arpege_europe
2026-08-27,2026-08-27T23:00:00Z,17,2.1,1.9906,1.08,meteofrance_arpege_europe
2026-08-26,2026-08-28T00:00:00Z,42,2.1,3.3048,2.44,meteofrance_arpege_europe
2026-08-27,2026-08-28T00:00:00Z,18,2.1,1.9894,1.56,meteofrance_arpege_europe
2026-08-26,2026-08-28T01:00:00Z,43,2.2,3.9645,4.34,meteofrance_arpege_europe
2026-08-27,2026-08-28T01:00:00Z,19,2.2,1.9315,1.87,meteofrance_arpege_europe
2026-08-26,2026-08-28T02:00:00Z,44,3.8,4.2263,4.92,meteofrance_arpege_europe
2026-08-27,2026-08-28T02:00:00Z,20,3.8,2.1637,1.84,meteofrance_arpege_europe
2026-08-26,2026-08-28T03:00:00Z,45,3.0,4.5205,5.71,meteofrance_arpege_europe
2026-08-27,2026-08-28T03:00:00Z,21,3.0,2.6012,1.99,meteofrance_arpege_europe
2026-08-26,2026-08-28T04:00:00Z,46,2.5,5.2999,5.59,meteofrance_arpege_europe
2026-08-27,2026-08-28T04:00:00Z,22,2.5,2.713,1.97,meteofrance_arpege_europe
2026-08-26,2026-08-28T05:00:00Z,47,3.3,5.143,5.55,meteofrance_arpege_europe
2026-08-27,2026-08-28T05:00:00Z,23,3.3,2.7686,2.01,meteofrance_arpege_europe
2026-08-26,2026-08-28T06:00:00Z,48,2.7,5.6777,5.92,meteofrance_arpege_europe
2026-08-27,2026-08-28T06:00:00Z,24,2.7,3.0948,2.64,meteofrance_arpege_europe
2026-08-27,2026-08-28T07:00:00Z,25,2.6,3.5522,3.54,meteofrance_arpege_europe
2026-08-28,2026-08-28T07:00:00Z,1,2.6,2.9128,2.56,meteofrance_arpege_europe
2026-08-27,2026-08-28T08:00:00Z,26,5.9,5.3769,4.83,meteofrance_arpege_europe
2026-08-28,2026-08-28T08:00:00Z,2,5.9,4.3244,3.38,meteofrance_arpege_europe
2026-08-27,2026-08-28T09:00:00Z,27,6.9,6.0969,5.25,meteofrance_arpege_europe
2026-08-28,2026-08-28T09:00:00Z,3,6.9,5.9061,4.59,meteofrance_arpege_europe
2026-08-27,2026-08-28T10:00:00Z,28,6.6,6.7764,5.98,meteofrance_arpege_europe
2026-08-28,2026-08-28T10:00:00Z,4,6.6,6.9685,5.8,meteofrance_arpege_europe
2026-08-27,2026-08-28T11:00:00Z,29,7.6,7.2564,6.36,meteofrance_arpege_europe
2026-08-28,2026-08-28T11:00:00Z,5,7.6,7.6576,6.33,meteofrance_arpege_europe
2026-08-27,2026-08-28T12:00:00Z,30,8.9,7.9442,6.95,meteofrance_arpege_europe
2026-08-28,2026-08-28T12:00:00Z,6,8.9,8.6723,7.12,meteofrance_arpege_europe
2026-08-27,2026-08-28T13:00:00Z,31,10.0,8.4382,7.41,meteofrance_arpege_europe
2026-08-28,2026-08-28T13:00:00Z,7,10.0,8.6691,7.15,meteofrance_arpege_europe
2026-08-27,2026-08-28T14:00:00Z,32,9.4,8.1926,7.43,meteofrance_arpege_europe
2026-08-28,2026-08-28T14:00:00Z,8,9.4,8.8252,7.35,meteofrance_arpege_europe
2026-08-27,2026-08-28T15:00:00Z,33,9.5,7.7189,6.71,meteofrance_arpege_europe
2026-08-28,2026-08-28T15:00:00Z,9,9.5,8.6824,7.13,meteofrance_arpege_europe
2026-08-27,2026-08-28T16:00:00Z,34,8.6,7.2432,6.07,meteofrance_arpege_europe
2026-08-28,2026-08-28T16:00:00Z,10,8.6,8.4608,6.96,meteofrance_arpege_europe
2026-08-27,2026-08-28T17:00:00Z,35,8.8,7.056,5.54,meteofrance_arpege_europe
2026-08-28,2026-08-28T17:00:00Z,11,8.8,7.8095,6.86,meteofrance_arpege_europe
2026-08-27,2026-08-28T18:00:00Z,36,5.1,5.9155,5.25,meteofrance_arpege_europe
2026-08-28,2026-08-28T18:00:00Z,12,5.1,7.0851,6.43,meteofrance_arpege_europe
2026-08-27,2026-08-28T19:00:00Z,37,4.6,5.3752,4.62,meteofrance_arpege_europe
2026-08-28,2026-08-28T19:00:00Z,13,4.6,5.8185,5.85,meteofrance_arpege_europe
2026-08-27,2026-08-28T20:00:00Z,38,4.6,4.5825,3.71,meteofrance_arpege_europe
2026-08-28,2026-08-28T20:00:00Z,14,5.1,5.522,5.44,meteofrance_arpege_europe
2026-08-27,2026-08-28T21:00:00Z,39,5.1,3.9182,3.56,meteofrance_arpege_europe
2026-08-28,2026-08-28T21:00:00Z,15,4.1,5.1165,5.14,meteofrance_arpege_europe
2026-08-27,2026-08-28T22:00:00Z,40,3.4,4.7511,3.85,meteofrance_arpege_europe
2026-08-28,2026-08-28T22:00:00Z,16,3.4,4.4456,4.48,meteofrance_arpege_europe
2026-08-27,2026-08-28T23:00:00Z,41,3.7,4.466,3.61,meteofrance_arpege_europe
2026-08-28,2026-08-28T23:00:00Z,17,3.7,4.2586,4.21,meteofrance_arpege_europe
2026-08-27,2026-08-29T00:00:00Z,42,4.0,4.0674,3.04,meteofrance_arpege_europe
2026-08-28,2026-08-29T00:00:00Z,18,4.0,4.1382,4.07,meteofrance_arpege_europe
2026-08-27,2026-08-29T01:00:00Z,43,2.2,3.951,2.6,meteofrance_arpege_europe
2026-08-28,2026-08-29T01:00:00Z,19,2.2,4.3168,3.27,meteofrance_arpege_europe
2026-08-27,2026-08-29T02:00:00Z,44,2.9,3.7594,2.12,meteofrance_arpege_europe
2026-08-28,2026-08-29T02:00:00Z,20,2.9,4.23,3.01,meteofrance_arpege_europe
2026-08-27,2026-08-29T03:00:00Z,45,4.4,3.9671,2.19,meteofrance_arpege_europe
2026-08-28,2026-08-29T03:00:00Z,21,4.4,4.6013,3.53,meteofrance_arpege_europe
2026-08-27,2026-08-29T04:00:00Z,46,5.2,4.0838,2.55,meteofrance_arpege_europe
2026-08-28,2026-08-29T04:00:00Z,22,5.2,4.9349,3.81,meteofrance_arpege_europe
2026-08-27,2026-08-29T05:00:00Z,47,5.1,4.3472,3.1,meteofrance_arpege_europe
2026-08-28,2026-08-29T05:00:00Z,23,5.1,6.0222,5.44,meteofrance_arpege_europe
2026-08-27,2026-08-29T06:00:00Z,48,4.7,5.8115,4.72,meteofrance_arpege_europe
2026-08-28,2026-08-29T06:00:00Z,24,4.7,6.9434,6.12,meteofrance_arpege_europe
2026-08-28,2026-08-29T07:00:00Z,25,7.1,9.2538,7.6,meteofrance_arpege_europe
2026-08-29,2026-08-29T07:00:00Z,1,7.1,6.9623,7.91,meteofrance_arpege_europe
2026-08-28,2026-08-29T08:00:00Z,26,8.1,10.1204,9.32,meteofrance_arpege_europe
2026-08-29,2026-08-29T08:00:00Z,2,8.1,8.4535,9.31,meteofrance_arpege_europe
2026-08-28,2026-08-29T09:00:00Z,27,9.0,11.6075,9.81,meteofrance_arpege_europe
2026-08-29,2026-08-29T09:00:00Z,3,9.0,10.1901,10.0,meteofrance_arpege_europe
2026-08-28,2026-08-29T10:00:00Z,28,9.5,11.0418,9.26,meteofrance_arpege_europe
2026-08-29,2026-08-29T10:00:00Z,4,9.5,10.1741,9.27,meteofrance_arpege_europe
2026-08-28,2026-08-29T11:00:00Z,29,11.7,10.5808,10.05,meteofrance_arpege_europe
2026-08-29,2026-08-29T11:00:00Z,5,11.7,11.2848,10.36,meteofrance_arpege_europe
2026-08-28,2026-08-29T12:00:00Z,30,12.2,11.7139,10.99,meteofrance_arpege_europe
2026-08-29,2026-08-29T12:00:00Z,6,12.2,12.4689,10.95,meteofrance_arpege_europe
2026-08-28,2026-08-29T13:00:00Z,31,13.3,13.0949,12.53,meteofrance_arpege_europe
2026-08-29,2026-08-29T13:00:00Z,7,13.3,14.4674,12.71,meteofrance_arpege_europe
2026-08-28,2026-08-29T14:00:00Z,32,13.3,15.1952,13.18,meteofrance_arpege_europe
2026-08-29,2026-08-29T14:00:00Z,8,14.5,13.195,12.84,meteofrance_arpege_europe
2026-08-28,2026-08-29T15:00:00Z,33,14.5,15.3386,13.09,meteofrance_arpege_europe
2026-08-29,2026-08-29T15:00:00Z,9,13.7,13.1664,12.78,meteofrance_arpege_europe
2026-08-28,2026-08-29T16:00:00Z,34,12.7,13.6475,12.97,meteofrance_arpege_europe
2026-08-29,2026-08-29T16:00:00Z,10,12.7,13.2298,12.35,meteofrance_arpege_europe
2026-08-28,2026-08-29T17:00:00Z,35,11.5,12.8682,12.21,meteofrance_arpege_europe
2026-08-29,2026-08-29T17:00:00Z,11,11.5,12.0417,11.9,meteofrance_arpege_europe
2026-08-28,2026-08-29T18:00:00Z,36,12.2,12.1046,11.19,meteofrance_arpege_europe
2026-08-29,2026-08-29T18:00:00Z,12,12.2,11.2076,11.09,meteofrance_arpege_europe
2026-08-28,2026-08-29T19:00:00Z,37,11.8,10.5561,10.12,meteofrance_arpege_europe
2026-08-29,2026-08-29T19:00:00Z,13,11.8,10.8126,10.29,meteofrance_arpege_europe
2026-08-28,2026-08-29T20:00:00Z,38,11.0,9.9768,9.24,meteofrance_arpege_europe
2026-08-29,2026-08-29T20:00:00Z,14,11.0,10.2289,9.92,meteofrance_arpege_europe
2026-08-28,2026-08-29T21:00:00Z,39,9.0,8.7481,8.6,meteofrance_arpege_europe
2026-08-29,2026-08-29T21:00:00Z,15,9.0,9.2298,9.27,meteofrance_arpege_europe
2026-08-28,2026-08-29T22:00:00Z,40,9.2,8.5307,8.54,meteofrance_arpege_europe
2026-08-29,2026-08-29T22:00:00Z,16,9.2,8.5243,8.1,meteofrance_arpege_europe
2026-08-28,2026-08-29T23:00:00Z,41,7.6,7.9247,7.87,meteofrance_arpege_europe
2026-08-29,2026-08-29T23:00:00Z,17,7.6,7.3049,7.28,meteofrance_arpege_europe
2026-08-28,2026-08-30T00:00:00Z,42,7.6,6.7838,6.96,meteofrance_arpege_europe
2026-08-29,2026-08-30T00:00:00Z,18,7.6,6.9176,6.77,meteofrance_arpege_europe
2026-08-28,2026-08-30T01:00:00Z,43,6.5,6.028,6.32,meteofrance_arpege_europe
2026-08-29,2026-08-30T01:00:00Z,19,6.5,5.9094,6.13,meteofrance_arpege_europe
2026-08-28,2026-08-30T02:00:00Z,44,6.4,5.6248,5.95,meteofrance_arpege_europe
2026-08-29,2026-08-30T02:00:00Z,20,6.4,5.2818,5.77,meteofrance_arpege_europe
2026-08-28,2026-08-30T03:00:00Z,45,4.5,5.0807,5.06,meteofrance_arpege_europe
2026-08-29,2026-08-30T03:00:00Z,21,4.5,4.8768,5.5,meteofrance_arpege_europe
2026-08-28,2026-08-30T04:00:00Z,46,3.7,4.6317,4.94,meteofrance_arpege_europe
2026-08-29,2026-08-30T04:00:00Z,22,3.7,4.4862,4.88,meteofrance_arpege_europe
2026-08-28,2026-08-30T05:00:00Z,47,3.8,4.4685,4.47,meteofrance_arpege_europe
2026-08-29,2026-08-30T05:00:00Z,23,3.8,4.3321,4.81,meteofrance_arpege_europe
2026-08-28,2026-08-30T06:00:00Z,48,3.1,4.8154,4.22,meteofrance_arpege_europe
2026-08-29,2026-08-30T06:00:00Z,24,3.1,4.391,4.19,meteofrance_arpege_europe
2026-08-29,2026-08-30T07:00:00Z,25,3.0,5.6622,4.8,meteofrance_arpege_europe
2026-08-30,2026-08-30T07:00:00Z,1,3.0,4.9591,4.25,meteofrance_arpege_europe
2026-08-29,2026-08-30T08:00:00Z,26,5.3,6.4779,5.22,meteofrance_arpege_europe
2026-08-30,2026-08-30T08:00:00Z,2,5.3,5.9248,4.88,meteofrance_arpege_europe
2026-08-29,2026-08-30T09:00:00Z,27,6.6,6.921,5.35,meteofrance_arpege_europe
2026-08-30,2026-08-30T09:00:00Z,3,6.6,6.8807,5.97,meteofrance_arpege_europe
2026-08-29,2026-08-30T10:00:00Z,28,6.4,7.7779,6.41,meteofrance_arpege_europe
2026-08-30,2026-08-30T10:00:00Z,4,6.4,7.4972,6.3,meteofrance_arpege_europe
2026-08-29,2026-08-30T11:00:00Z,29,6.4,7.9976,6.36,meteofrance_arpege_europe
2026-08-30,2026-08-30T11:00:00Z,5,6.4,7.8572,6.86,meteofrance_arpege_europe
2026-08-29,2026-08-30T12:00:00Z,30,7.5,7.9373,6.52,meteofrance_arpege_europe
2026-08-30,2026-08-30T12:00:00Z,6,7.5,7.9659,6.88,meteofrance_arpege_europe
2026-08-29,2026-08-30T13:00:00Z,31,6.9,8.0656,6.8,meteofrance_arpege_europe
2026-08-30,2026-08-30T13:00:00Z,7,6.9,8.4273,7.32,meteofrance_arpege_europe
2026-08-29,2026-08-30T14:00:00Z,32,6.9,8.2197,6.98,meteofrance_arpege_europe
2026-08-30,2026-08-30T14:00:00Z,8,7.3,8.0075,6.6,meteofrance_arpege_europe
2026-08-29,2026-08-30T15:00:00Z,33,7.3,8.8656,7.29,meteofrance_arpege_europe
2026-08-30,2026-08-30T15:00:00Z,9,6.7,7.6701,6.41,meteofrance_arpege_europe
2026-08-29,2026-08-30T16:00:00Z,34,5.8,8.362,7.72,meteofrance_arpege_europe
2026-08-30,2026-08-30T16:00:00Z,10,5.8,7.6899,5.88,meteofrance_arpege_europe
2026-08-29,2026-08-30T17:00:00Z,35,4.5,6.8719,5.17,meteofrance_arpege_europe
2026-08-30,2026-08-30T17:00:00Z,11,4.5,6.4696,5.29,meteofrance_arpege_europe
2026-08-29,2026-08-30T18:00:00Z,36,9.9,7.2565,5.04,meteofrance_arpege_europe
2026-08-30,2026-08-30T18:00:00Z,12,9.9,8.0792,6.67,meteofrance_arpege_europe
2026-08-29,2026-08-30T19:00:00Z,37,7.3,7.6648,6.89,meteofrance_arpege_europe
2026-08-30,2026-08-30T19:00:00Z,13,7.3,7.5106,6.66,meteofrance_arpege_europe
2026-08-29,2026-08-30T20:00:00Z,38,7.2,8.0451,7.21,meteofrance_arpege_europe
2026-08-30,2026-08-30T20:00:00Z,14,7.2,7.3328,6.88,meteofrance_arpege_europe
2026-08-29,2026-08-30T21:00:00Z,39,6.7,8.1067,6.45,meteofrance_arpege_europe
2026-08-30,2026-08-30T21:00:00Z,15,6.7,8.7049,6.5,meteofrance_arpege_europe
2026-08-29,2026-08-30T22:00:00Z,40,6.8,9.5255,8.63,meteofrance_arpege_europe
2026-08-30,2026-08-30T22:00:00Z,16,6.8,9.4637,8.72,meteofrance_arpege_europe
2026-08-29,2026-08-30T23:00:00Z,41,9.7,9.914,9.48,meteofrance_arpege_europe
2026-08-30,2026-08-30T23:00:00Z,17,9.7,10.2225,9.85,meteofrance_arpege_europe
2026-08-29,2026-08-31T00:00:00Z,42,8.4,9.959,9.63,meteofrance_arpege_europe
2026-08-30,2026-08-31T00:00:00Z,18,8.4,10.6655,10.63,meteofrance_arpege_europe
2026-08-29,2026-08-31T01:00:00Z,43,10.2,9.8128,10.59,meteofrance_arpege_europe
2026-08-30,2026-08-31T01:00:00Z,19,10.2,9.86,10.64,meteofrance_arpege_europe
2026-08-29,2026-08-31T02:00:00Z,44,8.0,9.0622,9.71,meteofrance_arpege_europe
2026-08-30,2026-08-31T02:00:00Z,20,8.0,8.6225,9.14,meteofrance_arpege_europe
2026-08-29,2026-08-31T03:00:00Z,45,6.9,9.0432,9.43,meteofrance_arpege_europe
2026-08-30,2026-08-31T03:00:00Z,21,6.9,8.3019,9.49,meteofrance_arpege_europe
2026-08-29,2026-08-31T04:00:00Z,46,8.7,8.4627,8.73,meteofrance_arpege_europe
2026-08-30,2026-08-31T04:00:00Z,22,8.7,7.5735,8.82,meteofrance_arpege_europe
2026-08-29,2026-08-31T05:00:00Z,47,8.4,7.8832,7.34,meteofrance_arpege_europe
2026-08-30,2026-08-31T05:00:00Z,23,8.4,7.2328,8.45,meteofrance_arpege_europe
2026-08-29,2026-08-31T06:00:00Z,48,8.2,7.217,6.52,meteofrance_arpege_europe
2026-08-30,2026-08-31T06:00:00Z,24,8.2,7.1853,7.48,meteofrance_arpege_europe
2026-08-30,2026-08-31T07:00:00Z,25,7.3,7.3621,6.79,meteofrance_arpege_europe
2026-08-31,2026-08-31T07:00:00Z,1,7.3,7.4598,7.0,meteofrance_arpege_europe
2026-08-30,2026-08-31T08:00:00Z,26,8.2,7.2354,6.8,meteofrance_arpege_europe
2026-08-31,2026-08-31T08:00:00Z,2,8.2,7.5305,7.1,meteofrance_arpege_europe
2026-08-30,2026-08-31T09:00:00Z,27,7.3,7.738,7.01,meteofrance_arpege_europe
2026-08-31,2026-08-31T09:00:00Z,3,7.3,7.7529,7.31,meteofrance_arpege_europe
2026-08-30,2026-08-31T10:00:00Z,28,8.6,8.3507,8.0,meteofrance_arpege_europe
2026-08-31,2026-08-31T10:00:00Z,4,8.6,8.2874,7.2,meteofrance_arpege_europe
2026-08-30,2026-08-31T11:00:00Z,29,9.5,8.1062,7.62,meteofrance_arpege_europe
2026-08-31,2026-08-31T11:00:00Z,5,9.5,8.179,7.4,meteofrance_arpege_europe
2026-08-30,2026-08-31T12:00:00Z,30,8.8,8.1002,7.13,meteofrance_arpege_europe
2026-08-31,2026-08-31T12:00:00Z,6,8.8,7.994,7.03,meteofrance_arpege_europe
2026-08-30,2026-08-31T13:00:00Z,31,8.7,8.3812,7.31,meteofrance_arpege_europe
2026-08-31,2026-08-31T13:00:00Z,7,8.7,7.8971,7.21,meteofrance_arpege_europe
2026-08-30,2026-08-31T14:00:00Z,32,8.4,8.0273,7.42,meteofrance_arpege_europe
2026-08-31,2026-08-31T14:00:00Z,8,8.4,7.9541,7.0,meteofrance_arpege_europe
2026-08-30,2026-08-31T15:00:00Z,33,7.2,8.0702,7.11,meteofrance_arpege_europe
2026-08-31,2026-08-31T15:00:00Z,9,7.2,7.9994,6.9,meteofrance_arpege_europe
2026-08-30,2026-08-31T16:00:00Z,34,7.2,7.263,6.9,meteofrance_arpege_europe
2026-08-31,2026-08-31T16:00:00Z,10,8.7,7.782,6.6,meteofrance_arpege_europe
2026-08-30,2026-08-31T17:00:00Z,35,7.5,6.9035,6.92,meteofrance_arpege_europe
2026-08-31,2026-08-31T17:00:00Z,11,7.5,7.1386,6.41,meteofrance_arpege_europe
2026-08-30,2026-08-31T18:00:00Z,36,7.5,6.3729,6.44,meteofrance_arpege_europe
2026-08-31,2026-08-31T18:00:00Z,12,7.2,6.3959,6.14,meteofrance_arpege_europe
2026-08-30,2026-08-31T19:00:00Z,37,5.8,5.1049,5.66,meteofrance_arpege_europe
2026-08-31,2026-08-31T19:00:00Z,13,5.8,5.9034,5.62,meteofrance_arpege_europe
2026-08-30,2026-08-31T20:00:00Z,38,5.5,4.8534,5.28,meteofrance_arpege_europe
2026-08-31,2026-08-31T20:00:00Z,14,5.5,5.1701,5.51,meteofrance_arpege_europe
2026-08-30,2026-08-31T21:00:00Z,39,4.8,4.8886,4.88,meteofrance_arpege_europe
2026-08-31,2026-08-31T21:00:00Z,15,4.8,5.2404,5.45,meteofrance_arpege_europe
2026-08-30,2026-08-31T22:00:00Z,40,5.4,4.5677,4.73,meteofrance_arpege_europe
2026-08-31,2026-08-31T22:00:00Z,16,5.4,5.0719,5.0,meteofrance_arpege_europe
2026-08-30,2026-08-31T23:00:00Z,41,4.4,4.1439,4.28,meteofrance_arpege_europe
2026-08-31,2026-08-31T23:00:00Z,17,4.4,4.6189,4.27,meteofrance_arpege_europe
2026-08-30,2026-09-01T00:00:00Z,42,4.6,4.2733,3.98,meteofrance_arpege_europe
2026-08-31,2026-09-01T00:00:00Z,18,4.6,3.8889,3.86,meteofrance_arpege_europe
2026-08-30,2026-09-01T01:00:00Z,43,4.5,3.3747,3.27,meteofrance_arpege_europe
2026-08-31,2026-09-01T01:00:00Z,19,4.5,3.5889,3.54,meteofrance_arpege_europe
2026-08-30,2026-09-01T02:00:00Z,44,2.8,2.8057,2.64,meteofrance_arpege_europe
2026-08-31,2026-09-01T02:00:00Z,20,2.8,3.707,3.14,meteofrance_arpege_europe
2026-08-30,2026-09-01T03:00:00Z,45,3.8,2.5968,2.02,meteofrance_arpege_europe
2026-08-31,2026-09-01T03:00:00Z,21,3.8,3.6636,3.0,meteofrance_arpege_europe
2026-08-30,2026-09-01T04:00:00Z,46,3.1,2.6447,1.84,meteofrance_arpege_europe
2026-08-31,2026-09-01T04:00:00Z,22,3.1,3.7793,2.77,meteofrance_arpege_europe
2026-08-30,2026-09-01T05:00:00Z,47,3.1,2.4801,1.3,meteofrance_arpege_europe
2026-08-31,2026-09-01T05:00:00Z,23,3.1,3.1101,2.06,meteofrance_arpege_europe
2026-08-30,2026-09-01T06:00:00Z,48,3.3,2.5334,1.12,meteofrance_arpege_europe
2026-08-31,2026-09-01T06:00:00Z,24,3.3,2.7792,1.21,meteofrance_arpege_europe
2026-08-31,2026-09-01T07:00:00Z,25,3.2,2.4645,1.36,meteofrance_arpege_europe
2026-09-01,2026-09-01T07:00:00Z,1,3.2,2.7549,1.53,meteofrance_arpege_europe
2026-08-31,2026-09-01T08:00:00Z,26,3.6,2.4392,1.2,meteofrance_arpege_europe
2026-09-01,2026-09-01T08:00:00Z,2,3.6,2.5778,1.2,meteofrance_arpege_europe
2026-08-31,2026-09-01T09:00:00Z,27,4.1,2.9647,2.12,meteofrance_arpege_europe
2026-09-01,2026-09-01T09:00:00Z,3,4.1,3.4541,2.27,meteofrance_arpege_europe
2026-08-31,2026-09-01T10:00:00Z,28,3.6,3.7549,3.01,meteofrance_arpege_europe
2026-09-01,2026-09-01T10:00:00Z,4,3.6,4.0975,3.1,meteofrance_arpege_europe
2026-08-31,2026-09-01T11:00:00Z,29,4.0,3.867,2.91,meteofrance_arpege_europe
2026-09-01,2026-09-01T11:00:00Z,5,4.0,4.3916,3.58,meteofrance_arpege_europe
2026-08-31,2026-09-01T12:00:00Z,30,4.2,3.8817,3.37,meteofrance_arpege_europe
2026-09-01,2026-09-01T12:00:00Z,6,4.2,5.1636,4.65,meteofrance_arpege_europe
2026-08-31,2026-09-01T13:00:00Z,31,4.2,4.2716,4.11,meteofrance_arpege_europe
2026-09-01,2026-09-01T13:00:00Z,7,4.7,5.0355,4.61,meteofrance_arpege_europe
2026-08-31,2026-09-01T14:00:00Z,32,5.3,4.7264,4.4,meteofrance_arpege_europe
2026-09-01,2026-09-01T14:00:00Z,8,5.3,5.0767,4.42,meteofrance_arpege_europe
2026-08-31,2026-09-01T15:00:00Z,33,5.3,4.6243,4.3,meteofrance_arpege_europe
2026-09-01,2026-09-01T15:00:00Z,9,5.7,5.08,4.46,meteofrance_arpege_europe
2026-08-31,2026-09-01T16:00:00Z,34,4.9,4.4196,3.93,meteofrance_arpege_europe
2026-09-01,2026-09-01T16:00:00Z,10,4.9,4.3208,3.71,meteofrance_arpege_europe
2026-08-31,2026-09-01T17:00:00Z,35,4.2,4.0465,3.4,meteofrance_arpege_europe
2026-09-01,2026-09-01T17:00:00Z,11,4.2,4.0713,3.41,meteofrance_arpege_europe
2026-08-31,2026-09-01T18:00:00Z,36,4.4,2.9175,2.38,meteofrance_arpege_europe
2026-09-01,2026-09-01T18:00:00Z,12,4.4,3.5826,2.92,meteofrance_arpege_europe
2026-08-31,2026-09-01T19:00:00Z,37,3.3,2.5422,1.75,meteofrance_arpege_europe
2026-09-01,2026-09-01T19:00:00Z,13,3.3,2.8634,2.7,meteofrance_arpege_europe
2026-08-31,2026-09-01T20:00:00Z,38,2.9,2.4384,1.25,meteofrance_arpege_europe
2026-09-01,2026-09-01T20:00:00Z,14,2.9,2.6935,1.8,meteofrance_arpege_europe
2026-08-31,2026-09-01T21:00:00Z,39,2.2,2.4917,1.0,meteofrance_arpege_europe
2026-09-01,2026-09-01T21:00:00Z,15,2.2,2.7281,1.42,meteofrance_arpege_europe
2026-08-31,2026-09-01T22:00:00Z,40,3.2,2.625,1.26,meteofrance_arpege_europe
2026-09-01,2026-09-01T22:00:00Z,16,3.2,2.8284,1.39,meteofrance_arpege_europe
2026-08-31,2026-09-01T23:00:00Z,41,3.6,2.5716,1.39,meteofrance_arpege_europe
2026-09-01,2026-09-01T23:00:00Z,17,3.6,3.1848,1.84,meteofrance_arpege_europe
2026-08-31,2026-09-02T00:00:00Z,42,4.1,2.7042,1.7,meteofrance_arpege_europe
2026-09-01,2026-09-02T00:00:00Z,18,4.1,3.2871,1.9,meteofrance_arpege_europe
2026-08-31,2026-09-02T01:00:00Z,43,3.8,2.7041,1.63,meteofrance_arpege_europe
2026-09-01,2026-09-02T01:00:00Z,19,3.8,3.4935,1.92,meteofrance_arpege_europe
2026-08-31,2026-09-02T02:00:00Z,44,4.1,2.5801,1.3,meteofrance_arpege_europe
2026-09-01,2026-09-02T02:00:00Z,20,4.1,3.2645,2.48,meteofrance_arpege_europe
2026-08-31,2026-09-02T03:00:00Z,45,3.6,2.6843,1.28,meteofrance_arpege_europe
2026-09-01,2026-09-02T03:00:00Z,21,3.6,3.4234,2.62,meteofrance_arpege_europe
2026-08-31,2026-09-02T04:00:00Z,46,3.6,2.8474,2.06,meteofrance_arpege_europe
2026-09-01,2026-09-02T04:00:00Z,22,3.6,3.4537,2.62,meteofrance_arpege_europe
2026-08-31,2026-09-02T05:00:00Z,47,3.4,2.8342,2.06,meteofrance_arpege_europe
2026-09-01,2026-09-02T05:00:00Z,23,3.4,3.6838,2.58,meteofrance_arpege_europe
2026-08-31,2026-09-02T06:00:00Z,48,3.5,3.2239,2.06,meteofrance_arpege_europe
2026-09-01,2026-09-02T06:00:00Z,24,3.5,3.7605,2.33,meteofrance_arpege_europe
2026-09-01,2026-09-02T07:00:00Z,25,5.2,3.425,2.55,meteofrance_arpege_europe
2026-09-01,2026-09-02T08:00:00Z,26,4.6,3.6236,2.56,meteofrance_arpege_europe
2026-09-01,2026-09-02T09:00:00Z,27,5.2,4.5337,3.48,meteofrance_arpege_europe
2026-09-01,2026-09-02T10:00:00Z,28,7.0,5.3984,4.34,meteofrance_arpege_europe
2026-09-01,2026-09-02T11:00:00Z,29,8.1,6.2706,5.38,meteofrance_arpege_europe
2026-09-01,2026-09-02T12:00:00Z,30,8.1,6.8476,6.18,meteofrance_arpege_europe
2026-09-01,2026-09-02T13:00:00Z,31,8.1,7.0851,6.03,meteofrance_arpege_europe
2026-09-01,2026-09-02T14:00:00Z,32,7.6,6.5772,5.73,meteofrance_arpege_europe
