date,t,lead_h,obs,ia,baseline,baseline_model
2026-07-10,2026-07-10T07:00:00Z,1,0.4,0.4101,0.56,ewam
2026-07-10,2026-07-10T08:00:00Z,2,0.4,0.4141,0.58,ewam
2026-07-10,2026-07-10T09:00:00Z,3,0.4,0.4321,0.6,ewam
2026-07-10,2026-07-10T10:00:00Z,4,0.4,0.4367,0.6,ewam
2026-07-10,2026-07-10T11:00:00Z,5,0.4,0.4083,0.6,ewam
2026-07-10,2026-07-10T12:00:00Z,6,0.4,0.4161,0.56,ewam
2026-07-10,2026-07-10T13:00:00Z,7,0.4,0.4155,0.58,ewam
2026-07-10,2026-07-10T14:00:00Z,8,0.4,0.4427,0.6,ewam
2026-07-10,2026-07-10T15:00:00Z,9,0.4,0.4586,0.6,ewam
2026-07-10,2026-07-10T16:00:00Z,10,0.4,0.4863,0.62,ewam
2026-07-10,2026-07-10T17:00:00Z,11,0.4,0.4969,0.64,ewam
2026-07-10,2026-07-10T18:00:00Z,12,0.5,0.5052,0.66,ewam
2026-07-10,2026-07-10T19:00:00Z,13,0.5,0.5183,0.7,ewam
2026-07-10,2026-07-10T20:00:00Z,14,0.5,0.4948,0.74,ewam
2026-07-10,2026-07-10T21:00:00Z,15,0.5,0.5004,0.74,ewam
2026-07-10,2026-07-10T22:00:00Z,16,0.5,0.4877,0.74,ewam
2026-07-10,2026-07-10T23:00:00Z,17,0.4,0.5028,0.74,ewam
2026-07-10,2026-07-11T00:00:00Z,18,0.5,0.5078,0.76,ewam
2026-07-10,2026-07-11T01:00:00Z,19,0.5,0.5054,0.76,ewam
2026-07-10,2026-07-11T02:00:00Z,20,0.5,0.4764,0.74,ewam
2026-07-10,2026-07-11T03:00:00Z,21,0.5,0.4979,0.74,ewam
2026-07-10,2026-07-11T04:00:00Z,22,0.5,0.4762,0.72,ewam
2026-07-10,2026-07-11T05:00:00Z,23,0.5,0.4467,0.72,ewam
2026-07-10,2026-07-11T06:00:00Z,24,0.5,0.4785,0.7,ewam
2026-07-10,2026-07-11T07:00:00Z,25,0.5,0.4862,0.7,ewam
2026-07-11,2026-07-11T07:00:00Z,1,0.5,0.461,0.7,ewam
2026-07-10,2026-07-11T08:00:00Z,26,0.5,0.4742,0.7,ewam
2026-07-11,2026-07-11T08:00:00Z,2,0.5,0.4599,0.7,ewam
2026-07-10,2026-07-11T09:00:00Z,27,0.6,0.4536,0.68,ewam
2026-07-11,2026-07-11T09:00:00Z,3,0.6,0.4567,0.68,ewam
2026-07-10,2026-07-11T10:00:00Z,28,0.6,0.4618,0.66,ewam
2026-07-11,2026-07-11T10:00:00Z,4,0.6,0.4275,0.66,ewam
2026-07-10,2026-07-11T11:00:00Z,29,0.6,0.4496,0.64,ewam
2026-07-11,2026-07-11T11:00:00Z,5,0.6,0.4364,0.64,ewam
2026-07-10,2026-07-11T12:00:00Z,30,0.5,0.4357,0.64,ewam
2026-07-11,2026-07-11T12:00:00Z,6,0.5,0.4247,0.64,ewam
2026-07-10,2026-07-11T13:00:00Z,31,0.5,0.4848,0.62,ewam
2026-07-11,2026-07-11T13:00:00Z,7,0.5,0.4488,0.62,ewam
2026-07-10,2026-07-11T14:00:00Z,32,0.5,0.5035,0.6,ewam
2026-07-11,2026-07-11T14:00:00Z,8,0.5,0.4653,0.6,ewam
2026-07-10,2026-07-11T15:00:00Z,33,0.4,0.4906,0.58,ewam
2026-07-11,2026-07-11T15:00:00Z,9,0.4,0.4623,0.58,ewam
2026-07-10,2026-07-11T16:00:00Z,34,0.5,0.5165,0.58,ewam
2026-07-11,2026-07-11T16:00:00Z,10,0.5,0.4457,0.58,ewam
2026-07-10,2026-07-11T17:00:00Z,35,0.5,0.5143,0.56,ewam
2026-07-11,2026-07-11T17:00:00Z,11,0.5,0.4599,0.56,ewam
2026-07-10,2026-07-11T18:00:00Z,36,0.5,0.4901,0.54,ewam
2026-07-11,2026-07-11T18:00:00Z,12,0.5,0.4466,0.54,ewam
2026-07-10,2026-07-11T19:00:00Z,37,0.5,0.4645,0.54,ewam
2026-07-11,2026-07-11T19:00:00Z,13,0.5,0.4247,0.54,ewam
2026-07-10,2026-07-11T20:00:00Z,38,0.5,0.4608,0.52,ewam
2026-07-11,2026-07-11T20:00:00Z,14,0.5,0.3704,0.52,ewam
2026-07-10,2026-07-11T21:00:00Z,39,0.5,0.4434,0.52,ewam
2026-07-11,2026-07-11T21:00:00Z,15,0.5,0.3658,0.52,ewam
2026-07-10,2026-07-11T22:00:00Z,40,0.6,0.3952,0.5,ewam
2026-07-11,2026-07-11T22:00:00Z,16,0.6,0.3261,0.5,ewam
2026-07-10,2026-07-11T23:00:00Z,41,0.5,0.3901,0.5,ewam
2026-07-11,2026-07-11T23:00:00Z,17,0.5,0.3129,0.5,ewam
2026-07-10,2026-07-12T00:00:00Z,42,0.5,0.3548,0.52,ewam
2026-07-11,2026-07-12T00:00:00Z,18,0.5,0.2571,0.52,ewam
2026-07-10,2026-07-12T01:00:00Z,43,0.4,0.3561,0.52,ewam
2026-07-11,2026-07-12T01:00:00Z,19,0.4,0.2738,0.52,ewam
2026-07-10,2026-07-12T02:00:00Z,44,0.4,0.3811,0.54,ewam
2026-07-11,2026-07-12T02:00:00Z,20,0.4,0.337,0.54,ewam
2026-07-10,2026-07-12T03:00:00Z,45,0.4,0.4075,0.56,ewam
2026-07-11,2026-07-12T03:00:00Z,21,0.4,0.3766,0.56,ewam
2026-07-10,2026-07-12T04:00:00Z,46,0.5,0.485,0.62,ewam
2026-07-11,2026-07-12T04:00:00Z,22,0.5,0.4173,0.62,ewam
2026-07-10,2026-07-12T05:00:00Z,47,0.5,0.4752,0.68,ewam
2026-07-11,2026-07-12T05:00:00Z,23,0.5,0.4607,0.68,ewam
2026-07-10,2026-07-12T06:00:00Z,48,0.5,0.5085,0.7,ewam
2026-07-11,2026-07-12T06:00:00Z,24,0.5,0.4977,0.7,ewam
2026-07-11,2026-07-12T07:00:00Z,25,0.5,0.5757,0.7,ewam
2026-07-12,2026-07-12T07:00:00Z,1,0.5,0.5492,0.7,ewam
2026-07-11,2026-07-12T08:00:00Z,26,0.5,0.5717,0.7,ewam
2026-07-12,2026-07-12T08:00:00Z,2,0.5,0.5563,0.7,ewam
2026-07-11,2026-07-12T09:00:00Z,27,0.6,0.5484,0.68,ewam
2026-07-12,2026-07-12T09:00:00Z,3,0.6,0.5412,0.68,ewam
2026-07-11,2026-07-12T10:00:00Z,28,0.5,0.5157,0.64,ewam
2026-07-12,2026-07-12T10:00:00Z,4,0.5,0.5114,0.64,ewam
2026-07-11,2026-07-12T11:00:00Z,29,0.5,0.4965,0.6,ewam
2026-07-12,2026-07-12T11:00:00Z,5,0.5,0.4803,0.6,ewam
2026-07-11,2026-07-12T12:00:00Z,30,0.5,0.4235,0.5,ewam
2026-07-12,2026-07-12T12:00:00Z,6,0.5,0.4595,0.5,ewam
2026-07-11,2026-07-12T13:00:00Z,31,0.5,0.4141,0.46,ewam
2026-07-12,2026-07-12T13:00:00Z,7,0.5,0.4045,0.46,ewam
2026-07-11,2026-07-12T14:00:00Z,32,0.4,0.4094,0.42,ewam
2026-07-12,2026-07-12T14:00:00Z,8,0.4,0.4098,0.42,ewam
2026-07-11,2026-07-12T15:00:00Z,33,0.4,0.3716,0.38,ewam
2026-07-12,2026-07-12T15:00:00Z,9,0.4,0.3597,0.38,ewam
2026-07-11,2026-07-12T16:00:00Z,34,0.4,0.381,0.36,ewam
2026-07-12,2026-07-12T16:00:00Z,10,0.4,0.3592,0.36,ewam
2026-07-11,2026-07-12T17:00:00Z,35,0.4,0.4243,0.36,ewam
2026-07-12,2026-07-12T17:00:00Z,11,0.4,0.3901,0.36,ewam
2026-07-11,2026-07-12T18:00:00Z,36,0.4,0.4336,0.34,ewam
2026-07-12,2026-07-12T18:00:00Z,12,0.4,0.4099,0.34,ewam
2026-07-11,2026-07-12T19:00:00Z,37,0.4,0.4543,0.36,ewam
2026-07-12,2026-07-12T19:00:00Z,13,0.4,0.4045,0.36,ewam
2026-07-11,2026-07-12T20:00:00Z,38,0.4,0.4709,0.36,ewam
2026-07-12,2026-07-12T20:00:00Z,14,0.4,0.4612,0.36,ewam
2026-07-11,2026-07-12T21:00:00Z,39,0.4,0.4772,0.38,ewam
2026-07-12,2026-07-12T21:00:00Z,15,0.4,0.5052,0.38,ewam
2026-07-11,2026-07-12T22:00:00Z,40,0.4,0.5153,0.44,ewam
2026-07-12,2026-07-12T22:00:00Z,16,0.4,0.4986,0.44,ewam
2026-07-11,2026-07-12T23:00:00Z,41,0.6,0.5732,0.5,ewam
2026-07-12,2026-07-12T23:00:00Z,17,0.6,0.539,0.5,ewam
2026-07-11,2026-07-13T00:00:00Z,42,0.6,0.637,0.68,ewam
2026-07-12,2026-07-13T00:00:00Z,18,0.6,0.6099,0.68,ewam
2026-07-11,2026-07-13T01:00:00Z,43,0.6,0.6072,0.74,ewam
2026-07-12,2026-07-13T01:00:00Z,19,0.6,0.5521,0.74,ewam
2026-07-11,2026-07-13T02:00:00Z,44,0.6,0.6017,0.78,ewam
2026-07-12,2026-07-13T02:00:00Z,20,0.6,0.5337,0.78,ewam
2026-07-11,2026-07-13T03:00:00Z,45,1.0,0.6309,0.64,ewam
2026-07-12,2026-07-13T03:00:00Z,21,1.0,0.6409,0.64,ewam
2026-07-11,2026-07-13T04:00:00Z,46,1.1,0.6106,0.58,ewam
2026-07-12,2026-07-13T04:00:00Z,22,1.1,0.7189,0.58,ewam
2026-07-11,2026-07-13T05:00:00Z,47,1.2,0.5421,0.76,ewam
2026-07-12,2026-07-13T05:00:00Z,23,1.2,0.5488,0.76,ewam
2026-07-11,2026-07-13T06:00:00Z,48,1.0,0.5839,1.0,ewam
2026-07-12,2026-07-13T06:00:00Z,24,1.0,0.557,1.0,ewam
2026-07-12,2026-07-13T07:00:00Z,25,0.9,0.5696,0.96,ewam
2026-07-13,2026-07-13T07:00:00Z,1,0.9,0.7255,0.96,ewam
2026-07-12,2026-07-13T08:00:00Z,26,0.7,0.4664,0.84,ewam
2026-07-13,2026-07-13T08:00:00Z,2,0.7,0.6691,0.84,ewam
2026-07-12,2026-07-13T09:00:00Z,27,0.6,0.4699,0.74,ewam
2026-07-13,2026-07-13T09:00:00Z,3,0.6,0.6272,0.74,ewam
2026-07-12,2026-07-13T10:00:00Z,28,0.5,0.4309,0.66,ewam
2026-07-13,2026-07-13T10:00:00Z,4,0.5,0.5721,0.66,ewam
2026-07-12,2026-07-13T11:00:00Z,29,0.4,0.4151,0.6,ewam
2026-07-13,2026-07-13T11:00:00Z,5,0.4,0.5311,0.6,ewam
2026-07-12,2026-07-13T12:00:00Z,30,0.4,0.3708,0.5,ewam
2026-07-13,2026-07-13T12:00:00Z,6,0.4,0.514,0.5,ewam
2026-07-12,2026-07-13T13:00:00Z,31,0.4,0.3611,0.46,ewam
2026-07-13,2026-07-13T13:00:00Z,7,0.4,0.4832,0.46,ewam
2026-07-12,2026-07-13T14:00:00Z,32,0.4,0.3636,0.46,ewam
2026-07-13,2026-07-13T14:00:00Z,8,0.4,0.4828,0.46,ewam
2026-07-12,2026-07-13T15:00:00Z,33,0.4,0.4027,0.44,ewam
2026-07-13,2026-07-13T15:00:00Z,9,0.4,0.5021,0.44,ewam
2026-07-12,2026-07-13T16:00:00Z,34,0.5,0.4261,0.44,ewam
2026-07-13,2026-07-13T16:00:00Z,10,0.5,0.4994,0.44,ewam
2026-07-12,2026-07-13T17:00:00Z,35,0.6,0.4351,0.44,ewam
2026-07-13,2026-07-13T17:00:00Z,11,0.6,0.4959,0.44,ewam
2026-07-12,2026-07-13T18:00:00Z,36,0.6,0.4199,0.5,ewam
2026-07-13,2026-07-13T18:00:00Z,12,0.6,0.5199,0.5,ewam
2026-07-12,2026-07-13T19:00:00Z,37,0.6,0.4946,0.54,ewam
2026-07-13,2026-07-13T19:00:00Z,13,0.6,0.5336,0.54,ewam
2026-07-12,2026-07-13T20:00:00Z,38,0.6,0.4677,0.56,ewam
2026-07-13,2026-07-13T20:00:00Z,14,0.6,0.5251,0.56,ewam
2026-07-12,2026-07-13T21:00:00Z,39,0.5,0.4932,0.58,ewam
2026-07-13,2026-07-13T21:00:00Z,15,0.5,0.5285,0.58,ewam
2026-07-12,2026-07-13T22:00:00Z,40,0.5,0.4997,0.62,ewam
2026-07-13,2026-07-13T22:00:00Z,16,0.5,0.5142,0.62,ewam
2026-07-12,2026-07-13T23:00:00Z,41,0.5,0.4878,0.64,ewam
2026-07-13,2026-07-13T23:00:00Z,17,0.5,0.5297,0.64,ewam
2026-07-12,2026-07-14T00:00:00Z,42,0.5,0.535,0.62,ewam
2026-07-13,2026-07-14T00:00:00Z,18,0.5,0.5335,0.62,ewam
2026-07-12,2026-07-14T01:00:00Z,43,0.5,0.5361,0.6,ewam
2026-07-13,2026-07-14T01:00:00Z,19,0.5,0.5176,0.6,ewam
2026-07-12,2026-07-14T02:00:00Z,44,0.5,0.5006,0.58,ewam
2026-07-13,2026-07-14T02:00:00Z,20,0.5,0.5116,0.58,ewam
2026-07-12,2026-07-14T03:00:00Z,45,0.5,0.4973,0.58,ewam
2026-07-13,2026-07-14T03:00:00Z,21,0.5,0.516,0.58,ewam
2026-07-12,2026-07-14T04:00:00Z,46,0.5,0.4616,0.56,ewam
2026-07-13,2026-07-14T04:00:00Z,22,0.5,0.5195,0.56,ewam
2026-07-12,2026-07-14T05:00:00Z,47,0.5,0.4705,0.56,ewam
2026-07-13,2026-07-14T05:00:00Z,23,0.5,0.5221,0.56,ewam
2026-07-12,2026-07-14T06:00:00Z,48,0.5,0.4609,0.54,ewam
2026-07-13,2026-07-14T06:00:00Z,24,0.5,0.5097,0.54,ewam
2026-07-13,2026-07-14T07:00:00Z,25,0.5,0.4966,0.54,ewam
2026-07-14,2026-07-14T07:00:00Z,1,0.5,0.4751,0.54,ewam
2026-07-13,2026-07-14T08:00:00Z,26,0.5,0.4793,0.52,ewam
2026-07-14,2026-07-14T08:00:00Z,2,0.5,0.4868,0.52,ewam
2026-07-13,2026-07-14T09:00:00Z,27,0.5,0.4843,0.52,ewam
2026-07-14,2026-07-14T09:00:00Z,3,0.5,0.4797,0.52,ewam
2026-07-13,2026-07-14T10:00:00Z,28,0.5,0.4328,0.5,ewam
2026-07-14,2026-07-14T10:00:00Z,4,0.5,0.4499,0.5,ewam
2026-07-13,2026-07-14T11:00:00Z,29,0.5,0.4329,0.5,ewam
2026-07-14,2026-07-14T11:00:00Z,5,0.5,0.4569,0.5,ewam
2026-07-13,2026-07-14T12:00:00Z,30,0.4,0.395,0.46,ewam
2026-07-14,2026-07-14T12:00:00Z,6,0.4,0.3717,0.46,ewam
2026-07-13,2026-07-14T13:00:00Z,31,0.5,0.3841,0.46,ewam
2026-07-14,2026-07-14T13:00:00Z,7,0.5,0.3636,0.46,ewam
2026-07-13,2026-07-14T14:00:00Z,32,0.5,0.3981,0.46,ewam
2026-07-14,2026-07-14T14:00:00Z,8,0.5,0.4128,0.46,ewam
2026-07-13,2026-07-14T15:00:00Z,33,0.4,0.4418,0.46,ewam
2026-07-14,2026-07-14T15:00:00Z,9,0.4,0.424,0.46,ewam
2026-07-13,2026-07-14T16:00:00Z,34,0.4,0.4252,0.46,ewam
2026-07-14,2026-07-14T16:00:00Z,10,0.4,0.4227,0.46,ewam
2026-07-13,2026-07-14T17:00:00Z,35,0.4,0.4533,0.46,ewam
2026-07-14,2026-07-14T17:00:00Z,11,0.4,0.4448,0.46,ewam
2026-07-13,2026-07-14T18:00:00Z,36,0.4,0.4316,0.48,ewam
2026-07-14,2026-07-14T18:00:00Z,12,0.4,0.4412,0.48,ewam
2026-07-13,2026-07-14T19:00:00Z,37,0.4,0.4347,0.48,ewam
2026-07-14,2026-07-14T19:00:00Z,13,0.4,0.4049,0.48,ewam
2026-07-13,2026-07-14T20:00:00Z,38,0.4,0.4224,0.48,ewam
2026-07-14,2026-07-14T20:00:00Z,14,0.4,0.3977,0.48,ewam
2026-07-13,2026-07-14T21:00:00Z,39,0.4,0.4218,0.48,ewam
2026-07-14,2026-07-14T21:00:00Z,15,0.4,0.3775,0.48,ewam
2026-07-13,2026-07-14T22:00:00Z,40,0.5,0.4337,0.5,ewam
2026-07-14,2026-07-14T22:00:00Z,16,0.5,0.3756,0.5,ewam
2026-07-13,2026-07-14T23:00:00Z,41,0.5,0.4273,0.5,ewam
2026-07-14,2026-07-14T23:00:00Z,17,0.5,0.3864,0.5,ewam
2026-07-13,2026-07-15T00:00:00Z,42,0.4,0.4164,0.5,ewam
2026-07-14,2026-07-15T00:00:00Z,18,0.4,0.3791,0.5,ewam
2026-07-13,2026-07-15T01:00:00Z,43,0.4,0.4129,0.5,ewam
2026-07-14,2026-07-15T01:00:00Z,19,0.4,0.3678,0.5,ewam
2026-07-13,2026-07-15T02:00:00Z,44,0.5,0.3902,0.5,ewam
2026-07-14,2026-07-15T02:00:00Z,20,0.5,0.3668,0.5,ewam
2026-07-13,2026-07-15T03:00:00Z,45,0.4,0.3746,0.5,ewam
2026-07-14,2026-07-15T03:00:00Z,21,0.4,0.3695,0.5,ewam
2026-07-13,2026-07-15T04:00:00Z,46,0.5,0.3387,0.5,ewam
2026-07-14,2026-07-15T04:00:00Z,22,0.5,0.3724,0.5,ewam
2026-07-13,2026-07-15T05:00:00Z,47,0.4,0.3329,0.5,ewam
2026-07-14,2026-07-15T05:00:00Z,23,0.4,0.3747,0.5,ewam
2026-07-13,2026-07-15T06:00:00Z,48,0.4,0.3239,0.5,ewam
2026-07-14,2026-07-15T06:00:00Z,24,0.4,0.3622,0.5,ewam
2026-07-14,2026-07-15T07:00:00Z,25,0.4,0.3121,0.48,ewam
2026-07-15,2026-07-15T07:00:00Z,1,0.4,0.3628,0.48,ewam
2026-07-14,2026-07-15T08:00:00Z,26,0.4,0.3359,0.48,ewam
2026-07-15,2026-07-15T08:00:00Z,2,0.4,0.3755,0.48,ewam
2026-07-14,2026-07-15T09:00:00Z,27,0.4,0.341,0.48,ewam
2026-07-15,2026-07-15T09:00:00Z,3,0.4,0.3709,0.48,ewam
2026-07-14,2026-07-15T10:00:00Z,28,0.4,0.3489,0.48,ewam
2026-07-15,2026-07-15T10:00:00Z,4,0.4,0.385,0.48,ewam
2026-07-14,2026-07-15T11:00:00Z,29,0.4,0.429,0.5,ewam
2026-07-15,2026-07-15T11:00:00Z,5,0.4,0.4521,0.5,ewam
2026-07-14,2026-07-15T12:00:00Z,30,0.4,0.4813,0.54,ewam
2026-07-15,2026-07-15T12:00:00Z,6,0.4,0.4592,0.54,ewam
2026-07-14,2026-07-15T13:00:00Z,31,0.4,0.464,0.56,ewam
2026-07-15,2026-07-15T13:00:00Z,7,0.4,0.4814,0.56,ewam
2026-07-14,2026-07-15T14:00:00Z,32,0.4,0.4636,0.58,ewam
2026-07-15,2026-07-15T14:00:00Z,8,0.4,0.4812,0.58,ewam
2026-07-14,2026-07-15T15:00:00Z,33,0.5,0.4438,0.58,ewam
2026-07-15,2026-07-15T15:00:00Z,9,0.5,0.4808,0.58,ewam
2026-07-14,2026-07-15T16:00:00Z,34,0.5,0.4813,0.6,ewam
2026-07-15,2026-07-15T16:00:00Z,10,0.5,0.5051,0.6,ewam
2026-07-14,2026-07-15T17:00:00Z,35,0.6,0.4763,0.6,ewam
2026-07-15,2026-07-15T17:00:00Z,11,0.6,0.5097,0.6,ewam
2026-07-14,2026-07-15T18:00:00Z,36,0.6,0.4689,0.6,ewam
2026-07-15,2026-07-15T18:00:00Z,12,0.6,0.4996,0.6,ewam
2026-07-14,2026-07-15T19:00:00Z,37,0.7,0.4815,0.6,ewam
2026-07-15,2026-07-15T19:00:00Z,13,0.7,0.5039,0.6,ewam
2026-07-14,2026-07-15T20:00:00Z,38,0.6,0.4467,0.6,ewam
2026-07-15,2026-07-15T20:00:00Z,14,0.6,0.5035,0.6,ewam
2026-07-14,2026-07-15T21:00:00Z,39,0.6,0.4338,0.6,ewam
2026-07-15,2026-07-15T21:00:00Z,15,0.6,0.5014,0.6,ewam
2026-07-14,2026-07-15T22:00:00Z,40,0.7,0.4363,0.6,ewam
2026-07-15,2026-07-15T22:00:00Z,16,0.7,0.4993,0.6,ewam
2026-07-14,2026-07-15T23:00:00Z,41,0.6,0.4379,0.6,ewam
2026-07-15,2026-07-15T23:00:00Z,17,0.6,0.5006,0.6,ewam
2026-07-14,2026-07-16T00:00:00Z,42,0.6,0.439,0.62,ewam
2026-07-15,2026-07-16T00:00:00Z,18,0.6,0.4871,0.62,ewam
2026-07-14,2026-07-16T01:00:00Z,43,0.6,0.4474,0.62,ewam
2026-07-15,2026-07-16T01:00:00Z,19,0.6,0.4899,0.62,ewam
2026-07-14,2026-07-16T02:00:00Z,44,0.5,0.4438,0.6,ewam
2026-07-15,2026-07-16T02:00:00Z,20,0.5,0.4787,0.6,ewam
2026-07-14,2026-07-16T03:00:00Z,45,0.5,0.4326,0.6,ewam
2026-07-15,2026-07-16T03:00:00Z,21,0.5,0.4862,0.6,ewam
2026-07-14,2026-07-16T04:00:00Z,46,0.5,0.4265,0.58,ewam
2026-07-15,2026-07-16T04:00:00Z,22,0.5,0.4867,0.58,ewam
2026-07-14,2026-07-16T05:00:00Z,47,0.5,0.4295,0.58,ewam
2026-07-15,2026-07-16T05:00:00Z,23,0.5,0.5014,0.58,ewam
2026-07-14,2026-07-16T06:00:00Z,48,0.5,0.3774,0.56,ewam
2026-07-15,2026-07-16T06:00:00Z,24,0.5,0.4995,0.56,ewam
2026-07-15,2026-07-16T07:00:00Z,25,0.5,0.3807,0.56,ewam
2026-07-16,2026-07-16T07:00:00Z,1,0.5,0.4292,0.56,ewam
2026-07-15,2026-07-16T08:00:00Z,26,0.4,0.381,0.56,ewam
2026-07-16,2026-07-16T08:00:00Z,2,0.4,0.4069,0.56,ewam
2026-07-15,2026-07-16T09:00:00Z,27,0.4,0.4117,0.56,ewam
2026-07-16,2026-07-16T09:00:00Z,3,0.4,0.4197,0.56,ewam
2026-07-15,2026-07-16T10:00:00Z,28,0.4,0.4221,0.56,ewam
2026-07-16,2026-07-16T10:00:00Z,4,0.4,0.4228,0.56,ewam
2026-07-15,2026-07-16T11:00:00Z,29,0.4,0.4175,0.56,ewam
2026-07-16,2026-07-16T11:00:00Z,5,0.4,0.4162,0.56,ewam
2026-07-15,2026-07-16T12:00:00Z,30,0.4,0.4169,0.52,ewam
2026-07-16,2026-07-16T12:00:00Z,6,0.4,0.4202,0.52,ewam
2026-07-15,2026-07-16T13:00:00Z,31,0.4,0.4258,0.52,ewam
2026-07-16,2026-07-16T13:00:00Z,7,0.4,0.4074,0.52,ewam
2026-07-15,2026-07-16T14:00:00Z,32,0.5,0.4392,0.56,ewam
2026-07-16,2026-07-16T14:00:00Z,8,0.5,0.4534,0.56,ewam
2026-07-15,2026-07-16T15:00:00Z,33,0.5,0.4927,0.66,ewam
2026-07-16,2026-07-16T15:00:00Z,9,0.5,0.4669,0.66,ewam
2026-07-15,2026-07-16T16:00:00Z,34,0.6,0.5505,0.68,ewam
2026-07-16,2026-07-16T16:00:00Z,10,0.6,0.5513,0.68,ewam
2026-07-15,2026-07-16T17:00:00Z,35,0.6,0.5433,0.66,ewam
2026-07-16,2026-07-16T17:00:00Z,11,0.6,0.5545,0.66,ewam
2026-07-15,2026-07-16T18:00:00Z,36,0.5,0.5433,0.64,ewam
2026-07-16,2026-07-16T18:00:00Z,12,0.5,0.5438,0.64,ewam
2026-07-15,2026-07-16T19:00:00Z,37,0.5,0.5142,0.62,ewam
2026-07-16,2026-07-16T19:00:00Z,13,0.5,0.5126,0.62,ewam
2026-07-15,2026-07-16T20:00:00Z,38,0.5,0.5104,0.6,ewam
2026-07-16,2026-07-16T20:00:00Z,14,0.5,0.4945,0.6,ewam
2026-07-15,2026-07-16T21:00:00Z,39,0.5,0.4478,0.58,ewam
2026-07-16,2026-07-16T21:00:00Z,15,0.5,0.4763,0.58,ewam
2026-07-15,2026-07-16T22:00:00Z,40,0.5,0.4487,0.58,ewam
2026-07-16,2026-07-16T22:00:00Z,16,0.5,0.4701,0.58,ewam
2026-07-15,2026-07-16T23:00:00Z,41,0.5,0.4607,0.58,ewam
2026-07-16,2026-07-16T23:00:00Z,17,0.5,0.4858,0.58,ewam
2026-07-15,2026-07-17T00:00:00Z,42,0.4,0.4598,0.54,ewam
2026-07-16,2026-07-17T00:00:00Z,18,0.4,0.4746,0.54,ewam
2026-07-15,2026-07-17T01:00:00Z,43,0.4,0.4348,0.54,ewam
2026-07-16,2026-07-17T01:00:00Z,19,0.4,0.4829,0.54,ewam
2026-07-15,2026-07-17T02:00:00Z,44,0.4,0.4326,0.54,ewam
2026-07-16,2026-07-17T02:00:00Z,20,0.4,0.4829,0.54,ewam
2026-07-15,2026-07-17T03:00:00Z,45,0.4,0.4445,0.54,ewam
2026-07-16,2026-07-17T03:00:00Z,21,0.4,0.4895,0.54,ewam
2026-07-15,2026-07-17T04:00:00Z,46,0.4,0.4322,0.56,ewam
2026-07-16,2026-07-17T04:00:00Z,22,0.4,0.5061,0.56,ewam
2026-07-15,2026-07-17T05:00:00Z,47,0.5,0.4257,0.56,ewam
2026-07-16,2026-07-17T05:00:00Z,23,0.5,0.5117,0.56,ewam
2026-07-15,2026-07-17T06:00:00Z,48,0.5,0.4204,0.56,ewam
2026-07-16,2026-07-17T06:00:00Z,24,0.5,0.5071,0.56,ewam
2026-07-16,2026-07-17T07:00:00Z,25,0.5,0.4229,0.56,ewam
2026-07-17,2026-07-17T07:00:00Z,1,0.5,0.3775,0.56,ewam
2026-07-16,2026-07-17T08:00:00Z,26,0.5,0.4229,0.56,ewam
2026-07-17,2026-07-17T08:00:00Z,2,0.5,0.3762,0.56,ewam
2026-07-16,2026-07-17T09:00:00Z,27,0.5,0.4351,0.56,ewam
2026-07-17,2026-07-17T09:00:00Z,3,0.5,0.3725,0.56,ewam
2026-07-16,2026-07-17T10:00:00Z,28,0.4,0.4149,0.54,ewam
2026-07-17,2026-07-17T10:00:00Z,4,0.4,0.3606,0.54,ewam
2026-07-16,2026-07-17T11:00:00Z,29,0.4,0.4199,0.54,ewam
2026-07-17,2026-07-17T11:00:00Z,5,0.4,0.3734,0.54,ewam
2026-07-16,2026-07-17T12:00:00Z,30,0.4,0.4282,0.52,ewam
2026-07-17,2026-07-17T12:00:00Z,6,0.4,0.404,0.52,ewam
2026-07-16,2026-07-17T13:00:00Z,31,0.4,0.4464,0.52,ewam
2026-07-17,2026-07-17T13:00:00Z,7,0.4,0.408,0.52,ewam
2026-07-16,2026-07-17T14:00:00Z,32,0.4,0.4442,0.52,ewam
2026-07-17,2026-07-17T14:00:00Z,8,0.4,0.4097,0.52,ewam
2026-07-16,2026-07-17T15:00:00Z,33,0.4,0.4346,0.52,ewam
2026-07-17,2026-07-17T15:00:00Z,9,0.4,0.4309,0.52,ewam
2026-07-16,2026-07-17T16:00:00Z,34,0.4,0.4457,0.54,ewam
2026-07-17,2026-07-17T16:00:00Z,10,0.4,0.4292,0.54,ewam
2026-07-16,2026-07-17T17:00:00Z,35,0.5,0.4628,0.58,ewam
2026-07-17,2026-07-17T17:00:00Z,11,0.5,0.4586,0.58,ewam
2026-07-16,2026-07-17T18:00:00Z,36,0.5,0.4647,0.6,ewam
2026-07-17,2026-07-17T18:00:00Z,12,0.5,0.4713,0.6,ewam
2026-07-16,2026-07-17T19:00:00Z,37,0.5,0.4789,0.6,ewam
2026-07-17,2026-07-17T19:00:00Z,13,0.5,0.4761,0.6,ewam
2026-07-16,2026-07-17T20:00:00Z,38,0.6,0.4563,0.58,ewam
2026-07-17,2026-07-17T20:00:00Z,14,0.6,0.4893,0.58,ewam
2026-07-16,2026-07-17T21:00:00Z,39,0.5,0.415,0.58,ewam
2026-07-17,2026-07-17T21:00:00Z,15,0.5,0.4894,0.58,ewam
2026-07-16,2026-07-17T22:00:00Z,40,0.5,0.4342,0.56,ewam
2026-07-17,2026-07-17T22:00:00Z,16,0.5,0.4747,0.56,ewam
2026-07-16,2026-07-17T23:00:00Z,41,0.4,0.4106,0.54,ewam
2026-07-17,2026-07-17T23:00:00Z,17,0.4,0.4718,0.54,ewam
2026-07-16,2026-07-18T00:00:00Z,42,0.4,0.3301,0.48,ewam
2026-07-17,2026-07-18T00:00:00Z,18,0.4,0.3708,0.48,ewam
2026-07-16,2026-07-18T01:00:00Z,43,0.3,0.318,0.46,ewam
2026-07-17,2026-07-18T01:00:00Z,19,0.3,0.3683,0.46,ewam
2026-07-16,2026-07-18T02:00:00Z,44,0.3,0.3036,0.46,ewam
2026-07-17,2026-07-18T02:00:00Z,20,0.3,0.3602,0.46,ewam
2026-07-16,2026-07-18T03:00:00Z,45,0.3,0.3102,0.44,ewam
2026-07-17,2026-07-18T03:00:00Z,21,0.3,0.3603,0.44,ewam
2026-07-16,2026-07-18T04:00:00Z,46,0.3,0.309,0.44,ewam
2026-07-17,2026-07-18T04:00:00Z,22,0.3,0.3633,0.44,ewam
2026-07-16,2026-07-18T05:00:00Z,47,0.3,0.2988,0.42,ewam
2026-07-17,2026-07-18T05:00:00Z,23,0.3,0.36,0.42,ewam
2026-07-16,2026-07-18T06:00:00Z,48,0.3,0.2956,0.4,ewam
2026-07-17,2026-07-18T06:00:00Z,24,0.3,0.3611,0.4,ewam
2026-07-17,2026-07-18T07:00:00Z,25,0.3,0.32,0.4,ewam
2026-07-18,2026-07-18T07:00:00Z,1,0.3,0.313,0.4,ewam
2026-07-17,2026-07-18T08:00:00Z,26,0.2,0.3245,0.38,ewam
2026-07-18,2026-07-18T08:00:00Z,2,0.2,0.3218,0.38,ewam
2026-07-17,2026-07-18T09:00:00Z,27,0.2,0.323,0.38,ewam
2026-07-18,2026-07-18T09:00:00Z,3,0.2,0.3358,0.38,ewam
2026-07-17,2026-07-18T10:00:00Z,28,0.2,0.3268,0.36,ewam
2026-07-18,2026-07-18T10:00:00Z,4,0.2,0.3342,0.36,ewam
2026-07-17,2026-07-18T11:00:00Z,29,0.2,0.3167,0.36,ewam
2026-07-18,2026-07-18T11:00:00Z,5,0.2,0.3309,0.36,ewam
2026-07-17,2026-07-18T12:00:00Z,30,0.2,0.3277,0.34,ewam
2026-07-18,2026-07-18T12:00:00Z,6,0.2,0.3734,0.34,ewam
2026-07-17,2026-07-18T13:00:00Z,31,0.2,0.3523,0.34,ewam
2026-07-18,2026-07-18T13:00:00Z,7,0.2,0.3893,0.34,ewam
2026-07-17,2026-07-18T14:00:00Z,32,0.3,0.3725,0.36,ewam
2026-07-18,2026-07-18T14:00:00Z,8,0.3,0.3962,0.36,ewam
2026-07-17,2026-07-18T15:00:00Z,33,0.3,0.379,0.4,ewam
2026-07-18,2026-07-18T15:00:00Z,9,0.3,0.4062,0.4,ewam
2026-07-17,2026-07-18T16:00:00Z,34,0.4,0.3946,0.48,ewam
2026-07-18,2026-07-18T16:00:00Z,10,0.4,0.428,0.48,ewam
2026-07-17,2026-07-18T17:00:00Z,35,0.5,0.4605,0.6,ewam
2026-07-18,2026-07-18T17:00:00Z,11,0.5,0.452,0.6,ewam
2026-07-17,2026-07-18T18:00:00Z,36,0.5,0.4931,0.72,ewam
2026-07-18,2026-07-18T18:00:00Z,12,0.5,0.5043,0.72,ewam
2026-07-17,2026-07-18T19:00:00Z,37,0.6,0.5748,0.82,ewam
2026-07-18,2026-07-18T19:00:00Z,13,0.6,0.5332,0.82,ewam
2026-07-17,2026-07-18T20:00:00Z,38,0.6,0.5027,0.82,ewam
2026-07-18,2026-07-18T20:00:00Z,14,0.6,0.5139,0.82,ewam
2026-07-17,2026-07-18T21:00:00Z,39,0.6,0.4982,0.76,ewam
2026-07-18,2026-07-18T21:00:00Z,15,0.6,0.5219,0.76,ewam
2026-07-17,2026-07-18T22:00:00Z,40,0.6,0.4618,0.72,ewam
2026-07-18,2026-07-18T22:00:00Z,16,0.6,0.5033,0.72,ewam
2026-07-17,2026-07-18T23:00:00Z,41,0.6,0.4569,0.72,ewam
2026-07-18,2026-07-18T23:00:00Z,17,0.6,0.5057,0.72,ewam
2026-07-17,2026-07-19T00:00:00Z,42,0.5,0.4181,0.68,ewam
2026-07-18,2026-07-19T00:00:00Z,18,0.5,0.4992,0.68,ewam
2026-07-17,2026-07-19T01:00:00Z,43,0.5,0.4313,0.68,ewam
2026-07-18,2026-07-19T01:00:00Z,19,0.5,0.4783,0.68,ewam
2026-07-17,2026-07-19T02:00:00Z,44,0.5,0.4475,0.68,ewam
2026-07-18,2026-07-19T02:00:00Z,20,0.5,0.5123,0.68,ewam
2026-07-17,2026-07-19T03:00:00Z,45,0.5,0.4847,0.68,ewam
2026-07-18,2026-07-19T03:00:00Z,21,0.5,0.5474,0.68,ewam
2026-07-17,2026-07-19T04:00:00Z,46,0.5,0.5359,0.7,ewam
2026-07-18,2026-07-19T04:00:00Z,22,0.5,0.559,0.7,ewam
2026-07-17,2026-07-19T05:00:00Z,47,0.6,0.5134,0.72,ewam
2026-07-18,2026-07-19T05:00:00Z,23,0.6,0.6056,0.72,ewam
2026-07-17,2026-07-19T06:00:00Z,48,0.6,0.5477,0.76,ewam
2026-07-18,2026-07-19T06:00:00Z,24,0.6,0.6271,0.76,ewam
2026-07-18,2026-07-19T07:00:00Z,25,0.6,0.6262,0.82,ewam
2026-07-19,2026-07-19T07:00:00Z,1,0.6,0.6715,0.82,ewam
2026-07-18,2026-07-19T08:00:00Z,26,0.7,0.6351,0.86,ewam
2026-07-19,2026-07-19T08:00:00Z,2,0.7,0.6807,0.86,ewam
2026-07-18,2026-07-19T09:00:00Z,27,0.6,0.644,0.88,ewam
2026-07-19,2026-07-19T09:00:00Z,3,0.6,0.6638,0.88,ewam
2026-07-18,2026-07-19T10:00:00Z,28,0.6,0.6176,0.84,ewam
2026-07-19,2026-07-19T10:00:00Z,4,0.6,0.6536,0.84,ewam
2026-07-18,2026-07-19T11:00:00Z,29,0.5,0.6069,0.78,ewam
2026-07-19,2026-07-19T11:00:00Z,5,0.5,0.6165,0.78,ewam
2026-07-18,2026-07-19T12:00:00Z,30,0.5,0.5701,0.64,ewam
2026-07-19,2026-07-19T12:00:00Z,6,0.5,0.5536,0.64,ewam
2026-07-18,2026-07-19T13:00:00Z,31,0.5,0.5297,0.6,ewam
2026-07-19,2026-07-19T13:00:00Z,7,0.5,0.4817,0.6,ewam
2026-07-18,2026-07-19T14:00:00Z,32,0.5,0.4608,0.56,ewam
2026-07-19,2026-07-19T14:00:00Z,8,0.5,0.4575,0.56,ewam
2026-07-18,2026-07-19T15:00:00Z,33,0.5,0.4275,0.52,ewam
2026-07-19,2026-07-19T15:00:00Z,9,0.5,0.435,0.52,ewam
2026-07-18,2026-07-19T16:00:00Z,34,0.5,0.3769,0.48,ewam
2026-07-19,2026-07-19T16:00:00Z,10,0.5,0.4098,0.48,ewam
2026-07-18,2026-07-19T17:00:00Z,35,0.4,0.4262,0.54,ewam
2026-07-19,2026-07-19T17:00:00Z,11,0.4,0.4226,0.54,ewam
2026-07-18,2026-07-19T18:00:00Z,36,0.4,0.4517,0.72,ewam
2026-07-19,2026-07-19T18:00:00Z,12,0.4,0.4855,0.72,ewam
2026-07-18,2026-07-19T19:00:00Z,37,0.5,0.5334,0.84,ewam
2026-07-19,2026-07-19T19:00:00Z,13,0.5,0.469,0.84,ewam
2026-07-18,2026-07-19T20:00:00Z,38,0.6,0.6063,0.88,ewam
2026-07-19,2026-07-19T20:00:00Z,14,0.6,0.5779,0.88,ewam
2026-07-18,2026-07-19T21:00:00Z,39,0.7,0.6515,0.88,ewam
2026-07-19,2026-07-19T21:00:00Z,15,0.7,0.6079,0.88,ewam
2026-07-18,2026-07-19T22:00:00Z,40,0.7,0.638,0.86,ewam
2026-07-19,2026-07-19T22:00:00Z,16,0.7,0.5904,0.86,ewam
2026-07-18,2026-07-19T23:00:00Z,41,0.6,0.6553,0.84,ewam
2026-07-19,2026-07-19T23:00:00Z,17,0.6,0.5752,0.84,ewam
2026-07-18,2026-07-20T00:00:00Z,42,0.6,0.6684,0.76,ewam
2026-07-19,2026-07-20T00:00:00Z,18,0.6,0.5983,0.76,ewam
2026-07-18,2026-07-20T01:00:00Z,43,0.6,0.6935,0.76,ewam
2026-07-19,2026-07-20T01:00:00Z,19,0.6,0.575,0.76,ewam
2026-07-18,2026-07-20T02:00:00Z,44,0.6,0.6933,0.78,ewam
2026-07-19,2026-07-20T02:00:00Z,20,0.6,0.607,0.78,ewam
2026-07-18,2026-07-20T03:00:00Z,45,0.6,0.6801,0.78,ewam
2026-07-19,2026-07-20T03:00:00Z,21,0.6,0.6118,0.78,ewam
2026-07-18,2026-07-20T04:00:00Z,46,0.6,0.6867,0.8,ewam
2026-07-19,2026-07-20T04:00:00Z,22,0.6,0.625,0.8,ewam
2026-07-18,2026-07-20T05:00:00Z,47,0.6,0.676,0.8,ewam
2026-07-19,2026-07-20T05:00:00Z,23,0.6,0.6317,0.8,ewam
2026-07-18,2026-07-20T06:00:00Z,48,0.6,0.6697,0.8,ewam
2026-07-19,2026-07-20T06:00:00Z,24,0.6,0.6427,0.8,ewam
2026-07-19,2026-07-20T07:00:00Z,25,0.7,0.6418,0.78,ewam
2026-07-20,2026-07-20T07:00:00Z,1,0.7,0.5709,0.78,ewam
2026-07-19,2026-07-20T08:00:00Z,26,0.7,0.6302,0.76,ewam
2026-07-20,2026-07-20T08:00:00Z,2,0.7,0.5638,0.76,ewam
2026-07-19,2026-07-20T09:00:00Z,27,0.6,0.5919,0.74,ewam
2026-07-20,2026-07-20T09:00:00Z,3,0.6,0.549,0.74,ewam
2026-07-19,2026-07-20T10:00:00Z,28,0.5,0.5359,0.72,ewam
2026-07-20,2026-07-20T10:00:00Z,4,0.5,0.5133,0.72,ewam
2026-07-19,2026-07-20T11:00:00Z,29,0.5,0.5158,0.68,ewam
2026-07-20,2026-07-20T11:00:00Z,5,0.5,0.5254,0.68,ewam
2026-07-19,2026-07-20T12:00:00Z,30,0.4,0.4746,0.54,ewam
2026-07-20,2026-07-20T12:00:00Z,6,0.4,0.4492,0.54,ewam
2026-07-19,2026-07-20T13:00:00Z,31,0.5,0.3929,0.5,ewam
2026-07-20,2026-07-20T13:00:00Z,7,0.5,0.4181,0.5,ewam
2026-07-19,2026-07-20T14:00:00Z,32,0.4,0.3871,0.46,ewam
2026-07-20,2026-07-20T14:00:00Z,8,0.4,0.3777,0.46,ewam
2026-07-19,2026-07-20T15:00:00Z,33,0.4,0.3432,0.42,ewam
2026-07-20,2026-07-20T15:00:00Z,9,0.4,0.3532,0.42,ewam
2026-07-19,2026-07-20T16:00:00Z,34,0.4,0.3428,0.46,ewam
2026-07-20,2026-07-20T16:00:00Z,10,0.4,0.361,0.46,ewam
2026-07-19,2026-07-20T17:00:00Z,35,0.4,0.3921,0.6,ewam
2026-07-20,2026-07-20T17:00:00Z,11,0.4,0.3819,0.6,ewam
2026-07-19,2026-07-20T18:00:00Z,36,0.5,0.3983,0.7,ewam
2026-07-20,2026-07-20T18:00:00Z,12,0.5,0.4137,0.7,ewam
2026-07-19,2026-07-20T19:00:00Z,37,0.5,0.4519,0.76,ewam
2026-07-20,2026-07-20T19:00:00Z,13,0.5,0.4394,0.76,ewam
2026-07-19,2026-07-20T20:00:00Z,38,0.5,0.5213,0.84,ewam
2026-07-20,2026-07-20T20:00:00Z,14,0.5,0.4845,0.84,ewam
2026-07-19,2026-07-20T21:00:00Z,39,0.5,0.5801,0.9,ewam
2026-07-20,2026-07-20T21:00:00Z,15,0.5,0.5803,0.9,ewam
2026-07-19,2026-07-20T22:00:00Z,40,0.7,0.5749,0.94,ewam
2026-07-20,2026-07-20T22:00:00Z,16,0.7,0.5941,0.94,ewam
2026-07-19,2026-07-20T23:00:00Z,41,0.6,0.5604,0.9,ewam
2026-07-20,2026-07-20T23:00:00Z,17,0.6,0.5873,0.9,ewam
2026-07-19,2026-07-21T00:00:00Z,42,0.6,0.5214,0.8,ewam
2026-07-20,2026-07-21T00:00:00Z,18,0.6,0.524,0.8,ewam
2026-07-19,2026-07-21T01:00:00Z,43,0.5,0.5166,0.74,ewam
2026-07-20,2026-07-21T01:00:00Z,19,0.5,0.5256,0.74,ewam
2026-07-19,2026-07-21T02:00:00Z,44,0.5,0.4924,0.66,ewam
2026-07-20,2026-07-21T02:00:00Z,20,0.5,0.5051,0.66,ewam
2026-07-19,2026-07-21T03:00:00Z,45,0.4,0.5125,0.6,ewam
2026-07-20,2026-07-21T03:00:00Z,21,0.4,0.5056,0.6,ewam
2026-07-19,2026-07-21T04:00:00Z,46,0.4,0.51,0.56,ewam
2026-07-20,2026-07-21T04:00:00Z,22,0.4,0.5149,0.56,ewam
2026-07-19,2026-07-21T05:00:00Z,47,0.4,0.5153,0.56,ewam
2026-07-20,2026-07-21T05:00:00Z,23,0.4,0.5152,0.56,ewam
2026-07-19,2026-07-21T06:00:00Z,48,0.5,0.4969,0.6,ewam
2026-07-20,2026-07-21T06:00:00Z,24,0.5,0.5236,0.6,ewam
2026-07-20,2026-07-21T07:00:00Z,25,0.5,0.4818,0.64,ewam
2026-07-21,2026-07-21T07:00:00Z,1,0.5,0.5087,0.64,ewam
2026-07-20,2026-07-21T08:00:00Z,26,0.5,0.4661,0.64,ewam
2026-07-21,2026-07-21T08:00:00Z,2,0.5,0.5087,0.64,ewam
2026-07-20,2026-07-21T09:00:00Z,27,0.5,0.4573,0.62,ewam
2026-07-21,2026-07-21T09:00:00Z,3,0.5,0.5217,0.62,ewam
2026-07-20,2026-07-21T10:00:00Z,28,0.5,0.4121,0.58,ewam
2026-07-21,2026-07-21T10:00:00Z,4,0.5,0.4839,0.58,ewam
2026-07-20,2026-07-21T11:00:00Z,29,0.4,0.4019,0.52,ewam
2026-07-21,2026-07-21T11:00:00Z,5,0.4,0.486,0.52,ewam
2026-07-20,2026-07-21T12:00:00Z,30,0.4,0.3809,0.46,ewam
2026-07-21,2026-07-21T12:00:00Z,6,0.4,0.4508,0.46,ewam
2026-07-20,2026-07-21T13:00:00Z,31,0.4,0.3487,0.44,ewam
2026-07-21,2026-07-21T13:00:00Z,7,0.4,0.4045,0.44,ewam
2026-07-20,2026-07-21T14:00:00Z,32,0.4,0.3592,0.42,ewam
2026-07-21,2026-07-21T14:00:00Z,8,0.4,0.3806,0.42,ewam
2026-07-20,2026-07-21T15:00:00Z,33,0.3,0.3465,0.4,ewam
2026-07-21,2026-07-21T15:00:00Z,9,0.3,0.3844,0.4,ewam
2026-07-20,2026-07-21T16:00:00Z,34,0.3,0.34,0.4,ewam
2026-07-21,2026-07-21T16:00:00Z,10,0.3,0.3766,0.4,ewam
2026-07-20,2026-07-21T17:00:00Z,35,0.3,0.3511,0.42,ewam
2026-07-21,2026-07-21T17:00:00Z,11,0.3,0.3792,0.42,ewam
2026-07-20,2026-07-21T18:00:00Z,36,0.4,0.3371,0.46,ewam
2026-07-21,2026-07-21T18:00:00Z,12,0.4,0.3724,0.46,ewam
2026-07-20,2026-07-21T19:00:00Z,37,0.3,0.3526,0.52,ewam
2026-07-21,2026-07-21T19:00:00Z,13,0.3,0.3693,0.52,ewam
2026-07-20,2026-07-21T20:00:00Z,38,0.4,0.3893,0.58,ewam
2026-07-21,2026-07-21T20:00:00Z,14,0.4,0.4236,0.58,ewam
2026-07-20,2026-07-21T21:00:00Z,39,0.4,0.4488,0.64,ewam
2026-07-21,2026-07-21T21:00:00Z,15,0.4,0.429,0.64,ewam
2026-07-20,2026-07-21T22:00:00Z,40,0.4,0.4472,0.66,ewam
2026-07-21,2026-07-21T22:00:00Z,16,0.4,0.4506,0.66,ewam
2026-07-20,2026-07-21T23:00:00Z,41,0.4,0.4627,0.66,ewam
2026-07-21,2026-07-21T23:00:00Z,17,0.4,0.4633,0.66,ewam
2026-07-20,2026-07-22T00:00:00Z,42,0.5,0.4422,0.62,ewam
2026-07-21,2026-07-22T00:00:00Z,18,0.5,0.4592,0.62,ewam
2026-07-20,2026-07-22T01:00:00Z,43,0.5,0.4483,0.62,ewam
2026-07-21,2026-07-22T01:00:00Z,19,0.5,0.4848,0.62,ewam
2026-07-20,2026-07-22T02:00:00Z,44,0.5,0.4516,0.6,ewam
2026-07-21,2026-07-22T02:00:00Z,20,0.5,0.4713,0.6,ewam
2026-07-20,2026-07-22T03:00:00Z,45,0.4,0.4488,0.56,ewam
2026-07-21,2026-07-22T03:00:00Z,21,0.4,0.468,0.56,ewam
2026-07-20,2026-07-22T04:00:00Z,46,0.4,0.4352,0.52,ewam
2026-07-21,2026-07-22T04:00:00Z,22,0.4,0.4055,0.52,ewam
2026-07-20,2026-07-22T05:00:00Z,47,0.4,0.4106,0.52,ewam
2026-07-21,2026-07-22T05:00:00Z,23,0.4,0.3734,0.52,ewam
2026-07-20,2026-07-22T06:00:00Z,48,0.4,0.4156,0.52,ewam
2026-07-21,2026-07-22T06:00:00Z,24,0.4,0.3689,0.52,ewam
2026-07-21,2026-07-22T07:00:00Z,25,0.4,0.4175,0.52,ewam
2026-07-22,2026-07-22T07:00:00Z,1,0.4,0.4569,0.52,ewam
2026-07-21,2026-07-22T08:00:00Z,26,0.5,0.4261,0.52,ewam
2026-07-22,2026-07-22T08:00:00Z,2,0.5,0.4551,0.52,ewam
2026-07-21,2026-07-22T09:00:00Z,27,0.5,0.3822,0.5,ewam
2026-07-22,2026-07-22T09:00:00Z,3,0.5,0.4463,0.5,ewam
2026-07-21,2026-07-22T10:00:00Z,28,0.4,0.343,0.46,ewam
2026-07-22,2026-07-22T10:00:00Z,4,0.4,0.3817,0.46,ewam
2026-07-21,2026-07-22T11:00:00Z,29,0.3,0.3437,0.42,ewam
2026-07-22,2026-07-22T11:00:00Z,5,0.3,0.3551,0.42,ewam
2026-07-21,2026-07-22T12:00:00Z,30,0.3,0.3496,0.36,ewam
2026-07-22,2026-07-22T12:00:00Z,6,0.3,0.3396,0.36,ewam
2026-07-21,2026-07-22T13:00:00Z,31,0.3,0.3102,0.34,ewam
2026-07-22,2026-07-22T13:00:00Z,7,0.3,0.3356,0.34,ewam
2026-07-21,2026-07-22T14:00:00Z,32,0.3,0.312,0.32,ewam
2026-07-22,2026-07-22T14:00:00Z,8,0.3,0.3254,0.32,ewam
2026-07-21,2026-07-22T15:00:00Z,33,0.3,0.3206,0.32,ewam
2026-07-22,2026-07-22T15:00:00Z,9,0.3,0.3261,0.32,ewam
2026-07-21,2026-07-22T16:00:00Z,34,0.3,0.3325,0.3,ewam
2026-07-22,2026-07-22T16:00:00Z,10,0.3,0.3626,0.3,ewam
2026-07-21,2026-07-22T17:00:00Z,35,0.3,0.3651,0.34,ewam
2026-07-22,2026-07-22T17:00:00Z,11,0.3,0.3765,0.34,ewam
2026-07-21,2026-07-22T18:00:00Z,36,0.3,0.3853,0.4,ewam
2026-07-22,2026-07-22T18:00:00Z,12,0.3,0.3794,0.4,ewam
2026-07-21,2026-07-22T19:00:00Z,37,0.4,0.3577,0.42,ewam
2026-07-22,2026-07-22T19:00:00Z,13,0.4,0.3738,0.42,ewam
2026-07-21,2026-07-22T20:00:00Z,38,0.4,0.3429,0.4,ewam
2026-07-22,2026-07-22T20:00:00Z,14,0.4,0.3432,0.4,ewam
2026-07-21,2026-07-22T21:00:00Z,39,0.4,0.3055,0.38,ewam
2026-07-22,2026-07-22T21:00:00Z,15,0.4,0.3021,0.38,ewam
2026-07-21,2026-07-22T22:00:00Z,40,0.4,0.3155,0.42,ewam
2026-07-22,2026-07-22T22:00:00Z,16,0.4,0.3244,0.42,ewam
2026-07-21,2026-07-22T23:00:00Z,41,0.4,0.3363,0.5,ewam
2026-07-22,2026-07-22T23:00:00Z,17,0.4,0.312,0.5,ewam
2026-07-21,2026-07-23T00:00:00Z,42,0.4,0.3571,0.52,ewam
2026-07-22,2026-07-23T00:00:00Z,18,0.4,0.3124,0.52,ewam
2026-07-21,2026-07-23T01:00:00Z,43,0.4,0.3616,0.54,ewam
2026-07-22,2026-07-23T01:00:00Z,19,0.4,0.3514,0.54,ewam
2026-07-21,2026-07-23T02:00:00Z,44,0.4,0.3451,0.52,ewam
2026-07-22,2026-07-23T02:00:00Z,20,0.4,0.3085,0.52,ewam
2026-07-21,2026-07-23T03:00:00Z,45,0.4,0.3314,0.5,ewam
2026-07-22,2026-07-23T03:00:00Z,21,0.4,0.2973,0.5,ewam
2026-07-21,2026-07-23T04:00:00Z,46,0.4,0.332,0.48,ewam
2026-07-22,2026-07-23T04:00:00Z,22,0.4,0.3177,0.48,ewam
2026-07-21,2026-07-23T05:00:00Z,47,0.4,0.3413,0.48,ewam
2026-07-22,2026-07-23T05:00:00Z,23,0.4,0.3174,0.48,ewam
2026-07-21,2026-07-23T06:00:00Z,48,0.4,0.3712,0.48,ewam
2026-07-22,2026-07-23T06:00:00Z,24,0.4,0.3412,0.48,ewam
2026-07-22,2026-07-23T07:00:00Z,25,0.4,0.3257,0.48,ewam
2026-07-23,2026-07-23T07:00:00Z,1,0.4,0.4128,0.48,ewam
2026-07-22,2026-07-23T08:00:00Z,26,0.4,0.3233,0.48,ewam
2026-07-23,2026-07-23T08:00:00Z,2,0.4,0.3987,0.48,ewam
2026-07-22,2026-07-23T09:00:00Z,27,0.4,0.3183,0.48,ewam
2026-07-23,2026-07-23T09:00:00Z,3,0.4,0.3983,0.48,ewam
2026-07-22,2026-07-23T10:00:00Z,28,0.4,0.315,0.44,ewam
2026-07-23,2026-07-23T10:00:00Z,4,0.4,0.3679,0.44,ewam
2026-07-22,2026-07-23T11:00:00Z,29,0.3,0.3107,0.4,ewam
2026-07-23,2026-07-23T11:00:00Z,5,0.3,0.3503,0.4,ewam
2026-07-22,2026-07-23T12:00:00Z,30,0.3,0.3402,0.34,ewam
2026-07-23,2026-07-23T12:00:00Z,6,0.3,0.3483,0.34,ewam
2026-07-22,2026-07-23T13:00:00Z,31,0.3,0.3041,0.32,ewam
2026-07-23,2026-07-23T13:00:00Z,7,0.3,0.3232,0.32,ewam
2026-07-22,2026-07-23T14:00:00Z,32,0.3,0.3039,0.3,ewam
2026-07-23,2026-07-23T14:00:00Z,8,0.3,0.3148,0.3,ewam
2026-07-22,2026-07-23T15:00:00Z,33,0.2,0.3007,0.3,ewam
2026-07-23,2026-07-23T15:00:00Z,9,0.2,0.327,0.3,ewam
2026-07-22,2026-07-23T16:00:00Z,34,0.2,0.3201,0.3,ewam
2026-07-23,2026-07-23T16:00:00Z,10,0.2,0.352,0.3,ewam
2026-07-22,2026-07-23T17:00:00Z,35,0.2,0.3317,0.3,ewam
2026-07-23,2026-07-23T17:00:00Z,11,0.2,0.3748,0.3,ewam
2026-07-22,2026-07-23T18:00:00Z,36,0.4,0.3377,0.42,ewam
2026-07-23,2026-07-23T18:00:00Z,12,0.4,0.4071,0.42,ewam
2026-07-22,2026-07-23T19:00:00Z,37,0.4,0.3363,0.46,ewam
2026-07-23,2026-07-23T19:00:00Z,13,0.4,0.3947,0.46,ewam
2026-07-22,2026-07-23T20:00:00Z,38,0.4,0.3807,0.48,ewam
2026-07-23,2026-07-23T20:00:00Z,14,0.4,0.4209,0.48,ewam
2026-07-22,2026-07-23T21:00:00Z,39,0.4,0.3904,0.46,ewam
2026-07-23,2026-07-23T21:00:00Z,15,0.4,0.4089,0.46,ewam
2026-07-22,2026-07-23T22:00:00Z,40,0.4,0.3518,0.44,ewam
2026-07-23,2026-07-23T22:00:00Z,16,0.4,0.3861,0.44,ewam
2026-07-22,2026-07-23T23:00:00Z,41,0.4,0.3019,0.42,ewam
2026-07-23,2026-07-23T23:00:00Z,17,0.4,0.3642,0.42,ewam
2026-07-22,2026-07-24T00:00:00Z,42,0.3,0.3006,0.42,ewam
2026-07-23,2026-07-24T00:00:00Z,18,0.3,0.3138,0.42,ewam
2026-07-22,2026-07-24T01:00:00Z,43,0.3,0.2954,0.42,ewam
2026-07-23,2026-07-24T01:00:00Z,19,0.3,0.2998,0.42,ewam
2026-07-22,2026-07-24T02:00:00Z,44,0.3,0.3202,0.42,ewam
2026-07-23,2026-07-24T02:00:00Z,20,0.3,0.3171,0.42,ewam
2026-07-22,2026-07-24T03:00:00Z,45,0.3,0.3201,0.42,ewam
2026-07-23,2026-07-24T03:00:00Z,21,0.3,0.3357,0.42,ewam
2026-07-22,2026-07-24T04:00:00Z,46,0.3,0.3264,0.42,ewam
2026-07-23,2026-07-24T04:00:00Z,22,0.3,0.3424,0.42,ewam
2026-07-22,2026-07-24T05:00:00Z,47,0.3,0.3307,0.4,ewam
2026-07-23,2026-07-24T05:00:00Z,23,0.3,0.3321,0.4,ewam
2026-07-22,2026-07-24T06:00:00Z,48,0.3,0.3248,0.4,ewam
2026-07-23,2026-07-24T06:00:00Z,24,0.3,0.3503,0.4,ewam
2026-07-23,2026-07-24T07:00:00Z,25,0.3,0.3212,0.4,ewam
2026-07-24,2026-07-24T07:00:00Z,1,0.3,0.385,0.4,ewam
2026-07-23,2026-07-24T08:00:00Z,26,0.3,0.3257,0.42,ewam
2026-07-24,2026-07-24T08:00:00Z,2,0.3,0.3864,0.42,ewam
2026-07-23,2026-07-24T09:00:00Z,27,0.3,0.3257,0.44,ewam
2026-07-24,2026-07-24T09:00:00Z,3,0.3,0.3715,0.44,ewam
2026-07-23,2026-07-24T10:00:00Z,28,0.4,0.3343,0.44,ewam
2026-07-24,2026-07-24T10:00:00Z,4,0.4,0.367,0.44,ewam
2026-07-23,2026-07-24T11:00:00Z,29,0.4,0.3374,0.42,ewam
2026-07-24,2026-07-24T11:00:00Z,5,0.4,0.3797,0.42,ewam
2026-07-23,2026-07-24T12:00:00Z,30,0.3,0.332,0.38,ewam
2026-07-24,2026-07-24T12:00:00Z,6,0.3,0.3242,0.38,ewam
2026-07-23,2026-07-24T13:00:00Z,31,0.3,0.3365,0.36,ewam
2026-07-24,2026-07-24T13:00:00Z,7,0.3,0.338,0.36,ewam
2026-07-23,2026-07-24T14:00:00Z,32,0.3,0.3483,0.32,ewam
2026-07-24,2026-07-24T14:00:00Z,8,0.3,0.3409,0.32,ewam
2026-07-23,2026-07-24T15:00:00Z,33,0.3,0.3646,0.3,ewam
2026-07-24,2026-07-24T15:00:00Z,9,0.3,0.3506,0.3,ewam
2026-07-23,2026-07-24T16:00:00Z,34,0.3,0.379,0.34,ewam
2026-07-24,2026-07-24T16:00:00Z,10,0.3,0.3816,0.34,ewam
2026-07-23,2026-07-24T17:00:00Z,35,0.4,0.4888,0.48,ewam
2026-07-24,2026-07-24T17:00:00Z,11,0.4,0.4239,0.48,ewam
2026-07-23,2026-07-24T18:00:00Z,36,0.5,0.4867,0.52,ewam
2026-07-24,2026-07-24T18:00:00Z,12,0.5,0.4477,0.52,ewam
2026-07-23,2026-07-24T19:00:00Z,37,0.4,0.4286,0.48,ewam
2026-07-24,2026-07-24T19:00:00Z,13,0.4,0.4069,0.48,ewam
2026-07-23,2026-07-24T20:00:00Z,38,0.4,0.3951,0.46,ewam
2026-07-24,2026-07-24T20:00:00Z,14,0.4,0.3885,0.46,ewam
2026-07-23,2026-07-24T21:00:00Z,39,0.4,0.3911,0.5,ewam
2026-07-24,2026-07-24T21:00:00Z,15,0.4,0.3549,0.5,ewam
2026-07-23,2026-07-24T22:00:00Z,40,0.5,0.4375,0.62,ewam
2026-07-24,2026-07-24T22:00:00Z,16,0.5,0.4425,0.62,ewam
2026-07-23,2026-07-24T23:00:00Z,41,0.5,0.5068,0.72,ewam
2026-07-24,2026-07-24T23:00:00Z,17,0.5,0.4546,0.72,ewam
2026-07-23,2026-07-25T00:00:00Z,42,0.5,0.5814,0.68,ewam
2026-07-24,2026-07-25T00:00:00Z,18,0.5,0.4774,0.68,ewam
2026-07-23,2026-07-25T01:00:00Z,43,0.4,0.5935,0.7,ewam
2026-07-24,2026-07-25T01:00:00Z,19,0.4,0.5091,0.7,ewam
2026-07-23,2026-07-25T02:00:00Z,44,0.4,0.6531,0.74,ewam
2026-07-24,2026-07-25T02:00:00Z,20,0.4,0.537,0.74,ewam
2026-07-23,2026-07-25T03:00:00Z,45,0.5,0.6155,0.74,ewam
2026-07-24,2026-07-25T03:00:00Z,21,0.5,0.5494,0.74,ewam
2026-07-23,2026-07-25T04:00:00Z,46,0.6,0.5908,0.74,ewam
2026-07-24,2026-07-25T04:00:00Z,22,0.6,0.5739,0.74,ewam
2026-07-23,2026-07-25T05:00:00Z,47,0.6,0.6018,0.74,ewam
2026-07-24,2026-07-25T05:00:00Z,23,0.6,0.5925,0.74,ewam
2026-07-23,2026-07-25T06:00:00Z,48,0.6,0.6224,0.7,ewam
2026-07-24,2026-07-25T06:00:00Z,24,0.6,0.5909,0.7,ewam
2026-07-24,2026-07-25T07:00:00Z,25,0.6,0.6175,0.7,ewam
2026-07-25,2026-07-25T07:00:00Z,1,0.6,0.5942,0.7,ewam
2026-07-24,2026-07-25T08:00:00Z,26,0.7,0.6432,0.7,ewam
2026-07-25,2026-07-25T08:00:00Z,2,0.7,0.6059,0.7,ewam
2026-07-24,2026-07-25T09:00:00Z,27,0.8,0.6831,0.72,ewam
2026-07-25,2026-07-25T09:00:00Z,3,0.8,0.6677,0.72,ewam
2026-07-24,2026-07-25T10:00:00Z,28,0.9,0.7163,0.74,ewam
2026-07-25,2026-07-25T10:00:00Z,4,0.9,0.6764,0.74,ewam
2026-07-24,2026-07-25T11:00:00Z,29,0.8,0.7761,0.8,ewam
2026-07-25,2026-07-25T11:00:00Z,5,0.8,0.7284,0.8,ewam
2026-07-24,2026-07-25T12:00:00Z,30,0.9,0.8586,0.98,ewam
2026-07-25,2026-07-25T12:00:00Z,6,0.9,0.8322,0.98,ewam
2026-07-24,2026-07-25T13:00:00Z,31,0.9,0.9081,1.08,ewam
2026-07-25,2026-07-25T13:00:00Z,7,0.9,0.9,1.08,ewam
2026-07-24,2026-07-25T14:00:00Z,32,1.0,0.9314,1.2,ewam
2026-07-25,2026-07-25T14:00:00Z,8,1.0,0.8933,1.2,ewam
2026-07-24,2026-07-25T15:00:00Z,33,1.1,1.0678,1.3,ewam
2026-07-25,2026-07-25T15:00:00Z,9,1.1,1.0298,1.3,ewam
2026-07-24,2026-07-25T16:00:00Z,34,1.1,1.1638,1.4,ewam
2026-07-25,2026-07-25T16:00:00Z,10,1.1,1.0981,1.4,ewam
2026-07-24,2026-07-25T17:00:00Z,35,1.2,1.2364,1.52,ewam
2026-07-25,2026-07-25T17:00:00Z,11,1.2,1.1637,1.52,ewam
2026-07-24,2026-07-25T18:00:00Z,36,1.4,1.2778,1.68,ewam
2026-07-25,2026-07-25T18:00:00Z,12,1.4,1.1908,1.68,ewam
2026-07-24,2026-07-25T19:00:00Z,37,1.6,1.3492,1.8,ewam
2026-07-25,2026-07-25T19:00:00Z,13,1.6,1.3814,1.8,ewam
2026-07-24,2026-07-25T20:00:00Z,38,1.5,1.307,1.76,ewam
2026-07-25,2026-07-25T20:00:00Z,14,1.5,1.2815,1.76,ewam
2026-07-24,2026-07-25T21:00:00Z,39,1.6,1.3482,1.62,ewam
2026-07-25,2026-07-25T21:00:00Z,15,1.6,1.3784,1.62,ewam
2026-07-24,2026-07-25T22:00:00Z,40,1.4,1.1366,1.46,ewam
2026-07-25,2026-07-25T22:00:00Z,16,1.4,1.0883,1.46,ewam
2026-07-24,2026-07-25T23:00:00Z,41,1.3,1.1446,1.36,ewam
2026-07-25,2026-07-25T23:00:00Z,17,1.3,1.1159,1.36,ewam
2026-07-24,2026-07-26T00:00:00Z,42,1.3,1.0604,1.2,ewam
2026-07-25,2026-07-26T00:00:00Z,18,1.3,1.0566,1.2,ewam
2026-07-24,2026-07-26T01:00:00Z,43,1.1,1.0954,1.12,ewam
2026-07-25,2026-07-26T01:00:00Z,19,1.1,1.0689,1.12,ewam
2026-07-24,2026-07-26T02:00:00Z,44,1.1,1.0806,1.12,ewam
2026-07-25,2026-07-26T02:00:00Z,20,1.1,1.0723,1.12,ewam
2026-07-24,2026-07-26T03:00:00Z,45,1.0,1.0866,1.12,ewam
2026-07-25,2026-07-26T03:00:00Z,21,1.0,1.0538,1.12,ewam
2026-07-24,2026-07-26T04:00:00Z,46,1.0,1.1081,1.14,ewam
2026-07-25,2026-07-26T04:00:00Z,22,1.0,1.0623,1.14,ewam
2026-07-24,2026-07-26T05:00:00Z,47,0.9,1.1073,1.14,ewam
2026-07-25,2026-07-26T05:00:00Z,23,0.9,1.0656,1.14,ewam
2026-07-24,2026-07-26T06:00:00Z,48,1.0,1.114,1.14,ewam
2026-07-25,2026-07-26T06:00:00Z,24,1.0,1.0737,1.14,ewam
2026-07-25,2026-07-26T07:00:00Z,25,1.1,1.0663,1.2,ewam
2026-07-26,2026-07-26T07:00:00Z,1,1.1,1.0678,1.2,ewam
2026-07-25,2026-07-26T08:00:00Z,26,1.2,1.0985,1.24,ewam
2026-07-26,2026-07-26T08:00:00Z,2,1.2,1.0861,1.24,ewam
2026-07-25,2026-07-26T09:00:00Z,27,1.2,1.1619,1.28,ewam
2026-07-26,2026-07-26T09:00:00Z,3,1.2,1.093,1.28,ewam
2026-07-25,2026-07-26T10:00:00Z,28,1.1,1.1939,1.32,ewam
2026-07-26,2026-07-26T10:00:00Z,4,1.1,1.1843,1.32,ewam
2026-07-25,2026-07-26T11:00:00Z,29,1.2,1.2522,1.36,ewam
2026-07-26,2026-07-26T11:00:00Z,5,1.2,1.2002,1.36,ewam
2026-07-25,2026-07-26T12:00:00Z,30,1.2,1.2779,1.48,ewam
2026-07-26,2026-07-26T12:00:00Z,6,1.2,1.2136,1.48,ewam
2026-07-25,2026-07-26T13:00:00Z,31,1.2,1.3123,1.52,ewam
2026-07-26,2026-07-26T13:00:00Z,7,1.2,1.2854,1.52,ewam
2026-07-25,2026-07-26T14:00:00Z,32,1.2,1.414,1.56,ewam
2026-07-26,2026-07-26T14:00:00Z,8,1.2,1.344,1.56,ewam
2026-07-25,2026-07-26T15:00:00Z,33,1.3,1.4166,1.6,ewam
2026-07-26,2026-07-26T15:00:00Z,9,1.3,1.355,1.6,ewam
2026-07-25,2026-07-26T16:00:00Z,34,1.4,1.4379,1.62,ewam
2026-07-26,2026-07-26T16:00:00Z,10,1.4,1.4238,1.62,ewam
2026-07-25,2026-07-26T17:00:00Z,35,1.4,1.4664,1.66,ewam
2026-07-26,2026-07-26T17:00:00Z,11,1.4,1.4871,1.66,ewam
2026-07-25,2026-07-26T18:00:00Z,36,1.3,1.4645,1.7,ewam
2026-07-26,2026-07-26T18:00:00Z,12,1.3,1.4989,1.7,ewam
2026-07-25,2026-07-26T19:00:00Z,37,1.3,1.4431,1.68,ewam
2026-07-26,2026-07-26T19:00:00Z,13,1.3,1.3801,1.68,ewam
2026-07-25,2026-07-26T20:00:00Z,38,1.3,1.4231,1.66,ewam
2026-07-26,2026-07-26T20:00:00Z,14,1.3,1.4204,1.66,ewam
2026-07-25,2026-07-26T21:00:00Z,39,1.3,1.4527,1.6,ewam
2026-07-26,2026-07-26T21:00:00Z,15,1.3,1.4308,1.6,ewam
2026-07-25,2026-07-26T22:00:00Z,40,1.4,1.4096,1.52,ewam
2026-07-26,2026-07-26T22:00:00Z,16,1.4,1.3757,1.52,ewam
2026-07-25,2026-07-26T23:00:00Z,41,1.4,1.3629,1.44,ewam
2026-07-26,2026-07-26T23:00:00Z,17,1.4,1.2995,1.44,ewam
2026-07-25,2026-07-27T00:00:00Z,42,1.4,1.3395,1.42,ewam
2026-07-26,2026-07-27T00:00:00Z,18,1.4,1.2917,1.42,ewam
2026-07-25,2026-07-27T01:00:00Z,43,1.4,1.3331,1.38,ewam
2026-07-26,2026-07-27T01:00:00Z,19,1.4,1.2541,1.38,ewam
2026-07-25,2026-07-27T02:00:00Z,44,1.4,1.3185,1.36,ewam
2026-07-26,2026-07-27T02:00:00Z,20,1.4,1.2743,1.36,ewam
2026-07-25,2026-07-27T03:00:00Z,45,1.3,1.2474,1.38,ewam
2026-07-26,2026-07-27T03:00:00Z,21,1.3,1.1903,1.38,ewam
2026-07-25,2026-07-27T04:00:00Z,46,1.3,1.2649,1.4,ewam
2026-07-26,2026-07-27T04:00:00Z,22,1.3,1.2043,1.4,ewam
2026-07-25,2026-07-27T05:00:00Z,47,1.1,1.2451,1.42,ewam
2026-07-26,2026-07-27T05:00:00Z,23,1.1,1.2237,1.42,ewam
2026-07-25,2026-07-27T06:00:00Z,48,1.0,1.241,1.44,ewam
2026-07-26,2026-07-27T06:00:00Z,24,1.0,1.2203,1.44,ewam
2026-07-26,2026-07-27T07:00:00Z,25,1.0,1.1912,1.42,ewam
2026-07-27,2026-07-27T07:00:00Z,1,1.0,1.1452,1.42,ewam
2026-07-26,2026-07-27T08:00:00Z,26,1.0,1.1514,1.38,ewam
2026-07-27,2026-07-27T08:00:00Z,2,1.0,1.0872,1.38,ewam
2026-07-26,2026-07-27T09:00:00Z,27,0.9,1.1268,1.32,ewam
2026-07-27,2026-07-27T09:00:00Z,3,0.9,1.0792,1.32,ewam
2026-07-26,2026-07-27T10:00:00Z,28,1.0,1.1137,1.26,ewam
2026-07-27,2026-07-27T10:00:00Z,4,1.0,1.0518,1.26,ewam
2026-07-26,2026-07-27T11:00:00Z,29,1.0,1.1084,1.2,ewam
2026-07-27,2026-07-27T11:00:00Z,5,1.0,1.0375,1.2,ewam
2026-07-26,2026-07-27T12:00:00Z,30,1.1,1.0845,1.16,ewam
2026-07-27,2026-07-27T12:00:00Z,6,1.1,1.0481,1.16,ewam
2026-07-26,2026-07-27T13:00:00Z,31,1.1,1.086,1.14,ewam
2026-07-27,2026-07-27T13:00:00Z,7,1.1,1.0149,1.14,ewam
2026-07-26,2026-07-27T14:00:00Z,32,1.1,1.0926,1.1,ewam
2026-07-27,2026-07-27T14:00:00Z,8,1.1,1.056,1.1,ewam
2026-07-26,2026-07-27T15:00:00Z,33,1.2,1.0414,1.08,ewam
2026-07-27,2026-07-27T15:00:00Z,9,1.2,1.0459,1.08,ewam
2026-07-26,2026-07-27T16:00:00Z,34,1.1,1.0421,1.06,ewam
2026-07-27,2026-07-27T16:00:00Z,10,1.1,1.044,1.06,ewam
2026-07-26,2026-07-27T17:00:00Z,35,0.9,1.0444,1.06,ewam
2026-07-27,2026-07-27T17:00:00Z,11,0.9,1.0189,1.06,ewam
2026-07-26,2026-07-27T18:00:00Z,36,1.0,1.0331,1.04,ewam
2026-07-27,2026-07-27T18:00:00Z,12,1.0,1.0041,1.04,ewam
2026-07-26,2026-07-27T19:00:00Z,37,1.0,0.9488,1.02,ewam
2026-07-27,2026-07-27T19:00:00Z,13,1.0,0.9363,1.02,ewam
2026-07-26,2026-07-27T20:00:00Z,38,0.9,0.9096,1.02,ewam
2026-07-27,2026-07-27T20:00:00Z,14,0.9,0.9084,1.02,ewam
2026-07-26,2026-07-27T21:00:00Z,39,0.9,0.9094,1.0,ewam
2026-07-27,2026-07-27T21:00:00Z,15,0.9,0.9038,1.0,ewam
2026-07-26,2026-07-27T22:00:00Z,40,0.9,0.8986,1.0,ewam
2026-07-27,2026-07-27T22:00:00Z,16,0.9,0.9018,1.0,ewam
2026-07-26,2026-07-27T23:00:00Z,41,0.9,0.7031,0.98,ewam
2026-07-27,2026-07-27T23:00:00Z,17,0.9,0.7315,0.98,ewam
2026-07-26,2026-07-28T00:00:00Z,42,0.9,0.6318,0.98,ewam
2026-07-27,2026-07-28T00:00:00Z,18,0.9,0.5776,0.98,ewam
2026-07-26,2026-07-28T01:00:00Z,43,0.9,0.65,0.98,ewam
2026-07-27,2026-07-28T01:00:00Z,19,0.9,0.5966,0.98,ewam
2026-07-26,2026-07-28T02:00:00Z,44,0.9,0.6715,0.96,ewam
2026-07-27,2026-07-28T02:00:00Z,20,0.9,0.6716,0.96,ewam
2026-07-26,2026-07-28T03:00:00Z,45,1.0,0.6563,0.92,ewam
2026-07-27,2026-07-28T03:00:00Z,21,1.0,0.6909,0.92,ewam
2026-07-26,2026-07-28T04:00:00Z,46,0.9,0.6426,0.88,ewam
2026-07-27,2026-07-28T04:00:00Z,22,0.9,0.6719,0.88,ewam
2026-07-26,2026-07-28T05:00:00Z,47,0.9,0.6329,0.86,ewam
2026-07-27,2026-07-28T05:00:00Z,23,0.9,0.657,0.86,ewam
2026-07-26,2026-07-28T06:00:00Z,48,0.8,0.6287,0.84,ewam
2026-07-27,2026-07-28T06:00:00Z,24,0.8,0.6715,0.84,ewam
2026-07-27,2026-07-28T07:00:00Z,25,0.7,0.6207,0.82,ewam
2026-07-28,2026-07-28T07:00:00Z,1,0.7,0.6659,0.82,ewam
2026-07-27,2026-07-28T08:00:00Z,26,0.6,0.5826,0.8,ewam
2026-07-28,2026-07-28T08:00:00Z,2,0.6,0.6432,0.8,ewam
2026-07-27,2026-07-28T09:00:00Z,27,0.6,0.5831,0.78,ewam
2026-07-28,2026-07-28T09:00:00Z,3,0.6,0.6321,0.78,ewam
2026-07-27,2026-07-28T10:00:00Z,28,0.6,0.5708,0.76,ewam
2026-07-28,2026-07-28T10:00:00Z,4,0.6,0.6169,0.76,ewam
2026-07-27,2026-07-28T11:00:00Z,29,0.6,0.6018,0.72,ewam
2026-07-28,2026-07-28T11:00:00Z,5,0.6,0.6164,0.72,ewam
2026-07-27,2026-07-28T12:00:00Z,30,0.7,0.6142,0.7,ewam
2026-07-28,2026-07-28T12:00:00Z,6,0.7,0.6391,0.7,ewam
2026-07-27,2026-07-28T13:00:00Z,31,0.7,0.5645,0.68,ewam
2026-07-28,2026-07-28T13:00:00Z,7,0.7,0.5943,0.68,ewam
2026-07-27,2026-07-28T14:00:00Z,32,0.6,0.5482,0.68,ewam
2026-07-28,2026-07-28T14:00:00Z,8,0.6,0.5905,0.68,ewam
2026-07-27,2026-07-28T15:00:00Z,33,0.6,0.5105,0.66,ewam
2026-07-28,2026-07-28T15:00:00Z,9,0.6,0.5151,0.66,ewam
2026-07-27,2026-07-28T16:00:00Z,34,0.5,0.5252,0.66,ewam
2026-07-28,2026-07-28T16:00:00Z,10,0.5,0.537,0.66,ewam
2026-07-27,2026-07-28T17:00:00Z,35,0.5,0.5253,0.64,ewam
2026-07-28,2026-07-28T17:00:00Z,11,0.5,0.5511,0.64,ewam
2026-07-27,2026-07-28T18:00:00Z,36,0.5,0.4999,0.64,ewam
2026-07-28,2026-07-28T18:00:00Z,12,0.5,0.5375,0.64,ewam
2026-07-27,2026-07-28T19:00:00Z,37,0.5,0.477,0.62,ewam
2026-07-28,2026-07-28T19:00:00Z,13,0.5,0.5366,0.62,ewam
2026-07-27,2026-07-28T20:00:00Z,38,0.5,0.4766,0.62,ewam
2026-07-28,2026-07-28T20:00:00Z,14,0.5,0.5323,0.62,ewam
2026-07-27,2026-07-28T21:00:00Z,39,0.4,0.4623,0.6,ewam
2026-07-28,2026-07-28T21:00:00Z,15,0.4,0.5236,0.6,ewam
2026-07-27,2026-07-28T22:00:00Z,40,0.5,0.4658,0.6,ewam
2026-07-28,2026-07-28T22:00:00Z,16,0.5,0.5248,0.6,ewam
2026-07-27,2026-07-28T23:00:00Z,41,0.5,0.4649,0.58,ewam
2026-07-28,2026-07-28T23:00:00Z,17,0.5,0.5409,0.58,ewam
2026-07-27,2026-07-29T00:00:00Z,42,0.5,0.4674,0.58,ewam
2026-07-28,2026-07-29T00:00:00Z,18,0.5,0.5266,0.58,ewam
2026-07-27,2026-07-29T01:00:00Z,43,0.6,0.4605,0.56,ewam
2026-07-28,2026-07-29T01:00:00Z,19,0.6,0.5265,0.56,ewam
2026-07-27,2026-07-29T02:00:00Z,44,0.5,0.4322,0.56,ewam
2026-07-28,2026-07-29T02:00:00Z,20,0.5,0.5109,0.56,ewam
2026-07-27,2026-07-29T03:00:00Z,45,0.5,0.4368,0.54,ewam
2026-07-28,2026-07-29T03:00:00Z,21,0.5,0.5005,0.54,ewam
2026-07-27,2026-07-29T04:00:00Z,46,0.5,0.4379,0.54,ewam
2026-07-28,2026-07-29T04:00:00Z,22,0.5,0.5095,0.54,ewam
2026-07-27,2026-07-29T05:00:00Z,47,0.4,0.42,0.52,ewam
2026-07-28,2026-07-29T05:00:00Z,23,0.4,0.4486,0.52,ewam
2026-07-27,2026-07-29T06:00:00Z,48,0.4,0.4211,0.52,ewam
2026-07-28,2026-07-29T06:00:00Z,24,0.4,0.4507,0.52,ewam
2026-07-28,2026-07-29T07:00:00Z,25,0.4,0.4189,0.52,ewam
2026-07-29,2026-07-29T07:00:00Z,1,0.4,0.3938,0.52,ewam
2026-07-28,2026-07-29T08:00:00Z,26,0.4,0.4152,0.52,ewam
2026-07-29,2026-07-29T08:00:00Z,2,0.4,0.391,0.52,ewam
2026-07-28,2026-07-29T09:00:00Z,27,0.4,0.3798,0.5,ewam
2026-07-29,2026-07-29T09:00:00Z,3,0.4,0.3883,0.5,ewam
2026-07-28,2026-07-29T10:00:00Z,28,0.4,0.4069,0.5,ewam
2026-07-29,2026-07-29T10:00:00Z,4,0.4,0.404,0.5,ewam
2026-07-28,2026-07-29T11:00:00Z,29,0.4,0.4076,0.5,ewam
2026-07-29,2026-07-29T11:00:00Z,5,0.4,0.4098,0.5,ewam
2026-07-28,2026-07-29T12:00:00Z,30,0.4,0.4714,0.66,ewam
2026-07-29,2026-07-29T12:00:00Z,6,0.4,0.4299,0.66,ewam
2026-07-28,2026-07-29T13:00:00Z,31,0.4,0.4787,0.64,ewam
2026-07-29,2026-07-29T13:00:00Z,7,0.4,0.4278,0.64,ewam
2026-07-28,2026-07-29T14:00:00Z,32,0.4,0.4887,0.62,ewam
2026-07-29,2026-07-29T14:00:00Z,8,0.4,0.4362,0.62,ewam
2026-07-28,2026-07-29T15:00:00Z,33,0.5,0.4751,0.62,ewam
2026-07-29,2026-07-29T15:00:00Z,9,0.5,0.4308,0.62,ewam
2026-07-28,2026-07-29T16:00:00Z,34,0.5,0.4701,0.6,ewam
2026-07-29,2026-07-29T16:00:00Z,10,0.5,0.4278,0.6,ewam
2026-07-28,2026-07-29T17:00:00Z,35,0.4,0.4818,0.6,ewam
2026-07-29,2026-07-29T17:00:00Z,11,0.4,0.4447,0.6,ewam
2026-07-28,2026-07-29T18:00:00Z,36,0.5,0.5004,0.6,ewam
2026-07-29,2026-07-29T18:00:00Z,12,0.5,0.4367,0.6,ewam
2026-07-28,2026-07-29T19:00:00Z,37,0.5,0.4976,0.6,ewam
2026-07-29,2026-07-29T19:00:00Z,13,0.5,0.4853,0.6,ewam
2026-07-28,2026-07-29T20:00:00Z,38,0.4,0.4686,0.62,ewam
2026-07-29,2026-07-29T20:00:00Z,14,0.4,0.4647,0.62,ewam
2026-07-28,2026-07-29T21:00:00Z,39,0.5,0.4847,0.66,ewam
2026-07-29,2026-07-29T21:00:00Z,15,0.5,0.4791,0.66,ewam
2026-07-28,2026-07-29T22:00:00Z,40,0.6,0.5063,0.7,ewam
2026-07-29,2026-07-29T22:00:00Z,16,0.6,0.496,0.7,ewam
2026-07-28,2026-07-29T23:00:00Z,41,0.6,0.5513,0.7,ewam
2026-07-29,2026-07-29T23:00:00Z,17,0.6,0.504,0.7,ewam
2026-07-28,2026-07-30T00:00:00Z,42,0.7,0.5922,0.72,ewam
2026-07-29,2026-07-30T00:00:00Z,18,0.7,0.5236,0.72,ewam
2026-07-28,2026-07-30T01:00:00Z,43,0.6,0.5718,0.72,ewam
2026-07-29,2026-07-30T01:00:00Z,19,0.6,0.5158,0.72,ewam
2026-07-28,2026-07-30T02:00:00Z,44,0.6,0.5499,0.72,ewam
2026-07-29,2026-07-30T02:00:00Z,20,0.6,0.5058,0.72,ewam
2026-07-28,2026-07-30T03:00:00Z,45,0.5,0.5453,0.7,ewam
2026-07-29,2026-07-30T03:00:00Z,21,0.5,0.5125,0.7,ewam
2026-07-28,2026-07-30T04:00:00Z,46,0.5,0.4965,0.66,ewam
2026-07-29,2026-07-30T04:00:00Z,22,0.5,0.4781,0.66,ewam
2026-07-28,2026-07-30T05:00:00Z,47,0.5,0.504,0.64,ewam
2026-07-29,2026-07-30T05:00:00Z,23,0.5,0.4622,0.64,ewam
2026-07-28,2026-07-30T06:00:00Z,48,0.5,0.4675,0.62,ewam
2026-07-29,2026-07-30T06:00:00Z,24,0.5,0.4656,0.62,ewam
2026-07-29,2026-07-30T07:00:00Z,25,0.5,0.4129,0.6,ewam
2026-07-30,2026-07-30T07:00:00Z,1,0.5,0.4314,0.6,ewam
2026-07-29,2026-07-30T08:00:00Z,26,0.5,0.4192,0.58,ewam
2026-07-30,2026-07-30T08:00:00Z,2,0.5,0.4126,0.58,ewam
2026-07-29,2026-07-30T09:00:00Z,27,0.5,0.4195,0.56,ewam
2026-07-30,2026-07-30T09:00:00Z,3,0.5,0.4261,0.56,ewam
2026-07-29,2026-07-30T10:00:00Z,28,0.4,0.42,0.56,ewam
2026-07-30,2026-07-30T10:00:00Z,4,0.4,0.4354,0.56,ewam
2026-07-29,2026-07-30T11:00:00Z,29,0.4,0.418,0.54,ewam
2026-07-30,2026-07-30T11:00:00Z,5,0.4,0.4385,0.54,ewam
2026-07-29,2026-07-30T12:00:00Z,30,0.5,0.4652,0.54,ewam
2026-07-30,2026-07-30T12:00:00Z,6,0.5,0.4546,0.54,ewam
2026-07-29,2026-07-30T13:00:00Z,31,0.5,0.4656,0.54,ewam
2026-07-30,2026-07-30T13:00:00Z,7,0.5,0.4445,0.54,ewam
2026-07-29,2026-07-30T14:00:00Z,32,0.5,0.4651,0.54,ewam
2026-07-30,2026-07-30T14:00:00Z,8,0.5,0.441,0.54,ewam
2026-07-29,2026-07-30T15:00:00Z,33,0.5,0.5037,0.56,ewam
2026-07-30,2026-07-30T15:00:00Z,9,0.5,0.4647,0.56,ewam
2026-07-29,2026-07-30T16:00:00Z,34,0.5,0.5322,0.62,ewam
2026-07-30,2026-07-30T16:00:00Z,10,0.5,0.4788,0.62,ewam
2026-07-29,2026-07-30T17:00:00Z,35,0.5,0.5077,0.66,ewam
2026-07-30,2026-07-30T17:00:00Z,11,0.5,0.4855,0.66,ewam
2026-07-29,2026-07-30T18:00:00Z,36,0.5,0.508,0.74,ewam
2026-07-30,2026-07-30T18:00:00Z,12,0.5,0.4979,0.74,ewam
2026-07-29,2026-07-30T19:00:00Z,37,0.5,0.5617,0.8,ewam
2026-07-30,2026-07-30T19:00:00Z,13,0.5,0.5479,0.8,ewam
2026-07-29,2026-07-30T20:00:00Z,38,0.6,0.5816,0.84,ewam
2026-07-30,2026-07-30T20:00:00Z,14,0.6,0.6183,0.84,ewam
2026-07-29,2026-07-30T21:00:00Z,39,0.7,0.6079,0.88,ewam
2026-07-30,2026-07-30T21:00:00Z,15,0.7,0.6368,0.88,ewam
2026-07-29,2026-07-30T22:00:00Z,40,0.8,0.6257,0.86,ewam
2026-07-30,2026-07-30T22:00:00Z,16,0.8,0.6084,0.86,ewam
2026-07-29,2026-07-30T23:00:00Z,41,0.7,0.6433,0.82,ewam
2026-07-30,2026-07-30T23:00:00Z,17,0.7,0.6075,0.82,ewam
2026-07-29,2026-07-31T00:00:00Z,42,0.6,0.6239,0.74,ewam
2026-07-30,2026-07-31T00:00:00Z,18,0.6,0.5709,0.74,ewam
2026-07-29,2026-07-31T01:00:00Z,43,0.6,0.6159,0.72,ewam
2026-07-30,2026-07-31T01:00:00Z,19,0.6,0.5719,0.72,ewam
2026-07-29,2026-07-31T02:00:00Z,44,0.6,0.6201,0.7,ewam
2026-07-30,2026-07-31T02:00:00Z,20,0.6,0.5239,0.7,ewam
2026-07-29,2026-07-31T03:00:00Z,45,0.6,0.6046,0.7,ewam
2026-07-30,2026-07-31T03:00:00Z,21,0.6,0.542,0.7,ewam
2026-07-29,2026-07-31T04:00:00Z,46,0.6,0.6562,0.7,ewam
2026-07-30,2026-07-31T04:00:00Z,22,0.6,0.5586,0.7,ewam
2026-07-29,2026-07-31T05:00:00Z,47,0.6,0.7021,0.7,ewam
2026-07-30,2026-07-31T05:00:00Z,23,0.6,0.6326,0.7,ewam
2026-07-29,2026-07-31T06:00:00Z,48,0.6,0.6796,0.72,ewam
2026-07-30,2026-07-31T06:00:00Z,24,0.6,0.6374,0.72,ewam
2026-07-30,2026-07-31T07:00:00Z,25,0.6,0.6526,0.74,ewam
2026-07-31,2026-07-31T07:00:00Z,1,0.6,0.5936,0.74,ewam
2026-07-30,2026-07-31T08:00:00Z,26,0.7,0.6802,0.74,ewam
2026-07-31,2026-07-31T08:00:00Z,2,0.7,0.6032,0.74,ewam
2026-07-30,2026-07-31T09:00:00Z,27,0.6,0.6959,0.72,ewam
2026-07-31,2026-07-31T09:00:00Z,3,0.6,0.5992,0.72,ewam
2026-07-30,2026-07-31T10:00:00Z,28,0.5,0.6316,0.68,ewam
2026-07-31,2026-07-31T10:00:00Z,4,0.5,0.572,0.68,ewam
2026-07-30,2026-07-31T11:00:00Z,29,0.5,0.608,0.66,ewam
2026-07-31,2026-07-31T11:00:00Z,5,0.5,0.5558,0.66,ewam
2026-07-30,2026-07-31T12:00:00Z,30,0.6,0.6152,0.64,ewam
2026-07-31,2026-07-31T12:00:00Z,6,0.6,0.5638,0.64,ewam
2026-07-30,2026-07-31T13:00:00Z,31,0.6,0.5951,0.64,ewam
2026-07-31,2026-07-31T13:00:00Z,7,0.6,0.5496,0.64,ewam
2026-07-30,2026-07-31T14:00:00Z,32,0.6,0.6074,0.64,ewam
2026-07-31,2026-07-31T14:00:00Z,8,0.6,0.5506,0.64,ewam
2026-07-30,2026-07-31T15:00:00Z,33,0.7,0.6166,0.74,ewam
2026-07-31,2026-07-31T15:00:00Z,9,0.7,0.5999,0.74,ewam
2026-07-30,2026-07-31T16:00:00Z,34,0.8,0.6306,0.86,ewam
2026-07-31,2026-07-31T16:00:00Z,10,0.8,0.6397,0.86,ewam
2026-07-30,2026-07-31T17:00:00Z,35,0.9,0.6191,0.94,ewam
2026-07-31,2026-07-31T17:00:00Z,11,0.9,0.6757,0.94,ewam
2026-07-30,2026-07-31T18:00:00Z,36,0.9,0.6926,0.96,ewam
2026-07-31,2026-07-31T18:00:00Z,12,0.9,0.7073,0.96,ewam
2026-07-30,2026-07-31T19:00:00Z,37,0.9,0.6799,0.94,ewam
2026-07-31,2026-07-31T19:00:00Z,13,0.9,0.6555,0.94,ewam
2026-07-30,2026-07-31T20:00:00Z,38,0.8,0.6396,0.92,ewam
2026-07-31,2026-07-31T20:00:00Z,14,0.8,0.6251,0.92,ewam
2026-07-30,2026-07-31T21:00:00Z,39,0.7,0.588,0.94,ewam
2026-07-31,2026-07-31T21:00:00Z,15,0.7,0.6249,0.94,ewam
2026-07-30,2026-07-31T22:00:00Z,40,0.6,0.6349,0.98,ewam
2026-07-31,2026-07-31T22:00:00Z,16,0.6,0.6356,0.98,ewam
2026-07-30,2026-07-31T23:00:00Z,41,0.8,0.7184,0.98,ewam
2026-07-31,2026-07-31T23:00:00Z,17,0.8,0.7023,0.98,ewam
2026-07-30,2026-08-01T00:00:00Z,42,0.8,0.6977,0.92,ewam
2026-07-31,2026-08-01T00:00:00Z,18,0.8,0.6657,0.92,ewam
2026-07-30,2026-08-01T01:00:00Z,43,0.8,0.7109,0.86,ewam
2026-07-31,2026-08-01T01:00:00Z,19,0.8,0.6617,0.86,ewam
2026-07-30,2026-08-01T02:00:00Z,44,0.7,0.68,0.8,ewam
2026-07-31,2026-08-01T02:00:00Z,20,0.7,0.6182,0.8,ewam
2026-07-30,2026-08-01T03:00:00Z,45,0.7,0.6308,0.76,ewam
2026-07-31,2026-08-01T03:00:00Z,21,0.7,0.608,0.76,ewam
2026-07-30,2026-08-01T04:00:00Z,46,0.6,0.6083,0.72,ewam
2026-07-31,2026-08-01T04:00:00Z,22,0.6,0.5513,0.72,ewam
2026-07-30,2026-08-01T05:00:00Z,47,0.6,0.6132,0.72,ewam
2026-07-31,2026-08-01T05:00:00Z,23,0.6,0.571,0.72,ewam
2026-07-30,2026-08-01T06:00:00Z,48,0.6,0.6068,0.7,ewam
2026-07-31,2026-08-01T06:00:00Z,24,0.6,0.5134,0.7,ewam
2026-07-31,2026-08-01T07:00:00Z,25,0.5,0.6052,0.72,ewam
2026-08-01,2026-08-01T07:00:00Z,1,0.5,0.6047,0.72,ewam
2026-07-31,2026-08-01T08:00:00Z,26,0.5,0.5907,0.72,ewam
2026-08-01,2026-08-01T08:00:00Z,2,0.5,0.6173,0.72,ewam
2026-07-31,2026-08-01T09:00:00Z,27,0.5,0.5869,0.7,ewam
2026-08-01,2026-08-01T09:00:00Z,3,0.5,0.5941,0.7,ewam
2026-07-31,2026-08-01T10:00:00Z,28,0.5,0.5299,0.68,ewam
2026-08-01,2026-08-01T10:00:00Z,4,0.5,0.5595,0.68,ewam
2026-07-31,2026-08-01T11:00:00Z,29,0.5,0.512,0.64,ewam
2026-08-01,2026-08-01T11:00:00Z,5,0.5,0.5252,0.64,ewam
2026-07-31,2026-08-01T12:00:00Z,30,0.5,0.4708,0.62,ewam
2026-08-01,2026-08-01T12:00:00Z,6,0.5,0.4996,0.62,ewam
2026-07-31,2026-08-01T13:00:00Z,31,0.5,0.4719,0.62,ewam
2026-08-01,2026-08-01T13:00:00Z,7,0.5,0.4954,0.62,ewam
2026-07-31,2026-08-01T14:00:00Z,32,0.4,0.467,0.6,ewam
2026-08-01,2026-08-01T14:00:00Z,8,0.4,0.4802,0.6,ewam
2026-07-31,2026-08-01T15:00:00Z,33,0.4,0.4764,0.62,ewam
2026-08-01,2026-08-01T15:00:00Z,9,0.4,0.5021,0.62,ewam
2026-07-31,2026-08-01T16:00:00Z,34,0.5,0.5123,0.64,ewam
2026-08-01,2026-08-01T16:00:00Z,10,0.5,0.4914,0.64,ewam
2026-07-31,2026-08-01T17:00:00Z,35,0.5,0.5063,0.66,ewam
2026-08-01,2026-08-01T17:00:00Z,11,0.5,0.5371,0.66,ewam
2026-07-31,2026-08-01T18:00:00Z,36,0.5,0.5281,0.68,ewam
2026-08-01,2026-08-01T18:00:00Z,12,0.5,0.5428,0.68,ewam
2026-07-31,2026-08-01T19:00:00Z,37,0.5,0.5177,0.68,ewam
2026-08-01,2026-08-01T19:00:00Z,13,0.5,0.5286,0.68,ewam
2026-07-31,2026-08-01T20:00:00Z,38,0.5,0.4959,0.68,ewam
2026-08-01,2026-08-01T20:00:00Z,14,0.5,0.5149,0.68,ewam
2026-07-31,2026-08-01T21:00:00Z,39,0.5,0.4249,0.74,ewam
2026-08-01,2026-08-01T21:00:00Z,15,0.5,0.4655,0.74,ewam
2026-07-31,2026-08-01T22:00:00Z,40,0.5,0.4688,0.84,ewam
2026-08-01,2026-08-01T22:00:00Z,16,0.5,0.4799,0.84,ewam
2026-07-31,2026-08-01T23:00:00Z,41,0.6,0.5111,0.86,ewam
2026-08-01,2026-08-01T23:00:00Z,17,0.6,0.5091,0.86,ewam
2026-07-31,2026-08-02T00:00:00Z,42,0.5,0.5314,0.8,ewam
2026-08-01,2026-08-02T00:00:00Z,18,0.5,0.5648,0.8,ewam
2026-07-31,2026-08-02T01:00:00Z,43,0.6,0.5104,0.78,ewam
2026-08-01,2026-08-02T01:00:00Z,19,0.6,0.5619,0.78,ewam
2026-07-31,2026-08-02T02:00:00Z,44,0.6,0.504,0.74,ewam
2026-08-01,2026-08-02T02:00:00Z,20,0.6,0.5528,0.74,ewam
2026-07-31,2026-08-02T03:00:00Z,45,0.5,0.514,0.7,ewam
2026-08-01,2026-08-02T03:00:00Z,21,0.5,0.5418,0.7,ewam
2026-07-31,2026-08-02T04:00:00Z,46,0.5,0.4768,0.66,ewam
2026-08-01,2026-08-02T04:00:00Z,22,0.5,0.5286,0.66,ewam
2026-07-31,2026-08-02T05:00:00Z,47,0.5,0.4801,0.64,ewam
2026-08-01,2026-08-02T05:00:00Z,23,0.5,0.4881,0.64,ewam
2026-07-31,2026-08-02T06:00:00Z,48,0.4,0.4563,0.6,ewam
2026-08-01,2026-08-02T06:00:00Z,24,0.4,0.4852,0.6,ewam
2026-08-01,2026-08-02T07:00:00Z,25,0.4,0.4334,0.58,ewam
2026-08-02,2026-08-02T07:00:00Z,1,0.4,0.4227,0.58,ewam
2026-08-01,2026-08-02T08:00:00Z,26,0.4,0.4469,0.56,ewam
2026-08-02,2026-08-02T08:00:00Z,2,0.4,0.4171,0.56,ewam
2026-08-01,2026-08-02T09:00:00Z,27,0.4,0.4462,0.54,ewam
2026-08-02,2026-08-02T09:00:00Z,3,0.4,0.4093,0.54,ewam
2026-08-01,2026-08-02T10:00:00Z,28,0.3,0.4175,0.52,ewam
2026-08-02,2026-08-02T10:00:00Z,4,0.3,0.3783,0.52,ewam
2026-08-01,2026-08-02T11:00:00Z,29,0.3,0.3896,0.5,ewam
2026-08-02,2026-08-02T11:00:00Z,5,0.3,0.3868,0.5,ewam
2026-08-01,2026-08-02T12:00:00Z,30,0.3,0.3867,0.48,ewam
2026-08-02,2026-08-02T12:00:00Z,6,0.3,0.3536,0.48,ewam
2026-08-01,2026-08-02T13:00:00Z,31,0.3,0.3667,0.46,ewam
2026-08-02,2026-08-02T13:00:00Z,7,0.3,0.3286,0.46,ewam
2026-08-01,2026-08-02T14:00:00Z,32,0.3,0.3585,0.46,ewam
2026-08-02,2026-08-02T14:00:00Z,8,0.3,0.3185,0.46,ewam
2026-08-01,2026-08-02T15:00:00Z,33,0.3,0.3616,0.46,ewam
2026-08-02,2026-08-02T15:00:00Z,9,0.3,0.3232,0.46,ewam
2026-08-01,2026-08-02T16:00:00Z,34,0.4,0.3738,0.44,ewam
2026-08-02,2026-08-02T16:00:00Z,10,0.4,0.3302,0.44,ewam
2026-08-01,2026-08-02T17:00:00Z,35,0.4,0.3752,0.44,ewam
2026-08-02,2026-08-02T17:00:00Z,11,0.4,0.3207,0.44,ewam
2026-08-01,2026-08-02T18:00:00Z,36,0.4,0.3355,0.44,ewam
2026-08-02,2026-08-02T18:00:00Z,12,0.4,0.3167,0.44,ewam
2026-08-01,2026-08-02T19:00:00Z,37,0.3,0.3789,0.46,ewam
2026-08-02,2026-08-02T19:00:00Z,13,0.3,0.3219,0.46,ewam
2026-08-01,2026-08-02T20:00:00Z,38,0.4,0.3948,0.46,ewam
2026-08-02,2026-08-02T20:00:00Z,14,0.4,0.34,0.46,ewam
2026-08-01,2026-08-02T21:00:00Z,39,0.4,0.3858,0.48,ewam
2026-08-02,2026-08-02T21:00:00Z,15,0.4,0.3363,0.48,ewam
2026-08-01,2026-08-02T22:00:00Z,40,0.3,0.4018,0.5,ewam
2026-08-02,2026-08-02T22:00:00Z,16,0.3,0.3206,0.5,ewam
2026-08-01,2026-08-02T23:00:00Z,41,0.3,0.3957,0.5,ewam
2026-08-02,2026-08-02T23:00:00Z,17,0.3,0.3204,0.5,ewam
2026-08-01,2026-08-03T00:00:00Z,42,0.4,0.3528,0.5,ewam
2026-08-02,2026-08-03T00:00:00Z,18,0.4,0.3172,0.5,ewam
2026-08-01,2026-08-03T01:00:00Z,43,0.4,0.4125,0.52,ewam
2026-08-02,2026-08-03T01:00:00Z,19,0.4,0.3469,0.52,ewam
2026-08-01,2026-08-03T02:00:00Z,44,0.4,0.4023,0.52,ewam
2026-08-02,2026-08-03T02:00:00Z,20,0.4,0.3491,0.52,ewam
2026-08-01,2026-08-03T03:00:00Z,45,0.5,0.4223,0.52,ewam
2026-08-02,2026-08-03T03:00:00Z,21,0.5,0.3579,0.52,ewam
2026-08-01,2026-08-03T04:00:00Z,46,0.6,0.424,0.52,ewam
2026-08-02,2026-08-03T04:00:00Z,22,0.6,0.3703,0.52,ewam
2026-08-01,2026-08-03T05:00:00Z,47,0.5,0.4375,0.52,ewam
2026-08-02,2026-08-03T05:00:00Z,23,0.5,0.3895,0.52,ewam
2026-08-01,2026-08-03T06:00:00Z,48,0.6,0.4416,0.52,ewam
2026-08-02,2026-08-03T06:00:00Z,24,0.6,0.3895,0.52,ewam
2026-08-02,2026-08-03T07:00:00Z,25,0.6,0.4305,0.54,ewam
2026-08-03,2026-08-03T07:00:00Z,1,0.6,0.5737,0.54,ewam
2026-08-02,2026-08-03T08:00:00Z,26,0.6,0.4573,0.54,ewam
2026-08-03,2026-08-03T08:00:00Z,2,0.6,0.6002,0.54,ewam
2026-08-02,2026-08-03T09:00:00Z,27,0.6,0.4621,0.54,ewam
2026-08-03,2026-08-03T09:00:00Z,3,0.6,0.5864,0.54,ewam
2026-08-02,2026-08-03T10:00:00Z,28,0.6,0.4811,0.54,ewam
2026-08-03,2026-08-03T10:00:00Z,4,0.6,0.5745,0.54,ewam
2026-08-02,2026-08-03T11:00:00Z,29,0.5,0.4933,0.54,ewam
2026-08-03,2026-08-03T11:00:00Z,5,0.5,0.596,0.54,ewam
2026-08-02,2026-08-03T12:00:00Z,30,0.5,0.5124,0.54,ewam
2026-08-03,2026-08-03T12:00:00Z,6,0.5,0.6083,0.54,ewam
2026-08-02,2026-08-03T13:00:00Z,31,0.5,0.5197,0.56,ewam
2026-08-03,2026-08-03T13:00:00Z,7,0.5,0.6067,0.56,ewam
2026-08-02,2026-08-03T14:00:00Z,32,0.5,0.523,0.56,ewam
2026-08-03,2026-08-03T14:00:00Z,8,0.5,0.6275,0.56,ewam
2026-08-02,2026-08-03T15:00:00Z,33,0.6,0.5459,0.58,ewam
2026-08-03,2026-08-03T15:00:00Z,9,0.6,0.5839,0.58,ewam
2026-08-02,2026-08-03T16:00:00Z,34,0.6,0.5105,0.6,ewam
2026-08-03,2026-08-03T16:00:00Z,10,0.6,0.6281,0.6,ewam
2026-08-02,2026-08-03T17:00:00Z,35,0.7,0.567,0.64,ewam
2026-08-03,2026-08-03T17:00:00Z,11,0.7,0.6516,0.64,ewam
2026-08-02,2026-08-03T18:00:00Z,36,0.8,0.5703,0.66,ewam
2026-08-03,2026-08-03T18:00:00Z,12,0.8,0.6804,0.66,ewam
2026-08-02,2026-08-03T19:00:00Z,37,0.9,0.609,0.7,ewam
2026-08-03,2026-08-03T19:00:00Z,13,0.9,0.6479,0.7,ewam
2026-08-02,2026-08-03T20:00:00Z,38,0.9,0.6297,0.7,ewam
2026-08-03,2026-08-03T20:00:00Z,14,0.9,0.6312,0.7,ewam
2026-08-02,2026-08-03T21:00:00Z,39,0.8,0.6248,0.7,ewam
2026-08-03,2026-08-03T21:00:00Z,15,0.8,0.6721,0.7,ewam
2026-08-02,2026-08-03T22:00:00Z,40,0.7,0.6037,0.68,ewam
2026-08-03,2026-08-03T22:00:00Z,16,0.7,0.6775,0.68,ewam
2026-08-02,2026-08-03T23:00:00Z,41,0.7,0.5889,0.66,ewam
2026-08-03,2026-08-03T23:00:00Z,17,0.7,0.6383,0.66,ewam
2026-08-02,2026-08-04T00:00:00Z,42,0.7,0.6047,0.68,ewam
2026-08-03,2026-08-04T00:00:00Z,18,0.7,0.6391,0.66,ewam
2026-08-02,2026-08-04T01:00:00Z,43,0.7,0.6058,0.68,ewam
2026-08-03,2026-08-04T01:00:00Z,19,0.7,0.64,0.66,ewam
2026-08-02,2026-08-04T02:00:00Z,44,0.7,0.5975,0.68,ewam
2026-08-03,2026-08-04T02:00:00Z,20,0.7,0.7076,0.68,ewam
2026-08-02,2026-08-04T03:00:00Z,45,0.7,0.6511,0.7,ewam
2026-08-03,2026-08-04T03:00:00Z,21,0.7,0.7462,0.7,ewam
2026-08-02,2026-08-04T04:00:00Z,46,0.7,0.6924,0.76,ewam
2026-08-03,2026-08-04T04:00:00Z,22,0.7,0.837,0.76,ewam
2026-08-02,2026-08-04T05:00:00Z,47,0.7,0.742,0.82,ewam
2026-08-03,2026-08-04T05:00:00Z,23,0.7,0.8597,0.82,ewam
2026-08-02,2026-08-04T06:00:00Z,48,0.8,0.7813,0.94,ewam
2026-08-03,2026-08-04T06:00:00Z,24,0.8,0.8702,0.92,ewam
2026-08-03,2026-08-04T07:00:00Z,25,0.8,0.9894,1.0,ewam
2026-08-04,2026-08-04T07:00:00Z,1,0.8,0.8886,1.06,ewam
2026-08-03,2026-08-04T08:00:00Z,26,0.9,1.1493,1.1,ewam
2026-08-04,2026-08-04T08:00:00Z,2,0.9,0.9397,1.16,ewam
2026-08-03,2026-08-04T09:00:00Z,27,0.9,1.1458,1.14,ewam
2026-08-04,2026-08-04T09:00:00Z,3,0.9,1.0712,1.18,ewam
2026-08-03,2026-08-04T10:00:00Z,28,1.0,1.1267,1.14,ewam
2026-08-04,2026-08-04T10:00:00Z,4,1.0,1.1,1.18,ewam
2026-08-03,2026-08-04T11:00:00Z,29,1.0,1.1458,1.14,ewam
2026-08-04,2026-08-04T11:00:00Z,5,0.9,1.131,1.16,ewam
2026-08-03,2026-08-04T12:00:00Z,30,1.0,1.1477,1.14,ewam
2026-08-04,2026-08-04T12:00:00Z,6,1.0,1.1201,1.14,ewam
2026-08-03,2026-08-04T13:00:00Z,31,1.0,1.1512,1.14,ewam
2026-08-04,2026-08-04T13:00:00Z,7,1.0,1.0889,1.14,ewam
2026-08-03,2026-08-04T14:00:00Z,32,1.0,1.1455,1.12,ewam
2026-08-04,2026-08-04T14:00:00Z,8,1.0,1.0723,1.12,ewam
2026-08-03,2026-08-04T15:00:00Z,33,1.1,1.1438,1.12,ewam
2026-08-04,2026-08-04T15:00:00Z,9,1.1,1.0702,1.14,ewam
2026-08-03,2026-08-04T16:00:00Z,34,1.1,1.1479,1.12,ewam
2026-08-04,2026-08-04T16:00:00Z,10,1.1,1.0679,1.14,ewam
2026-08-03,2026-08-04T17:00:00Z,35,1.2,1.164,1.1,ewam
2026-08-04,2026-08-04T17:00:00Z,11,1.2,1.085,1.14,ewam
2026-08-03,2026-08-04T18:00:00Z,36,1.2,1.1348,1.12,ewam
2026-08-04,2026-08-04T18:00:00Z,12,1.2,1.1012,1.14,ewam
2026-08-03,2026-08-04T19:00:00Z,37,1.2,1.1125,1.14,ewam
2026-08-04,2026-08-04T19:00:00Z,13,1.2,1.1616,1.18,ewam
2026-08-03,2026-08-04T20:00:00Z,38,1.2,1.1148,1.16,ewam
2026-08-04,2026-08-04T20:00:00Z,14,1.2,1.1497,1.18,ewam
2026-08-03,2026-08-04T21:00:00Z,39,1.3,1.1196,1.16,ewam
2026-08-04,2026-08-04T21:00:00Z,15,1.3,1.1699,1.2,ewam
2026-08-03,2026-08-04T22:00:00Z,40,1.2,1.1254,1.14,ewam
2026-08-04,2026-08-04T22:00:00Z,16,1.2,1.157,1.18,ewam
2026-08-03,2026-08-04T23:00:00Z,41,1.2,1.1067,1.14,ewam
2026-08-04,2026-08-04T23:00:00Z,17,1.2,1.1553,1.2,ewam
2026-08-03,2026-08-05T00:00:00Z,42,1.1,1.0999,1.14,ewam
2026-08-04,2026-08-05T00:00:00Z,18,1.1,1.1445,1.2,ewam
2026-08-03,2026-08-05T01:00:00Z,43,1.1,1.0861,1.16,ewam
2026-08-04,2026-08-05T01:00:00Z,19,1.1,1.141,1.22,ewam
2026-08-03,2026-08-05T02:00:00Z,44,1.2,1.0868,1.18,ewam
2026-08-04,2026-08-05T02:00:00Z,20,1.2,1.1445,1.22,ewam
2026-08-03,2026-08-05T03:00:00Z,45,1.2,1.0897,1.16,ewam
2026-08-04,2026-08-05T03:00:00Z,21,1.2,1.1372,1.24,ewam
2026-08-03,2026-08-05T04:00:00Z,46,1.2,1.0966,1.14,ewam
2026-08-04,2026-08-05T04:00:00Z,22,1.2,1.1424,1.22,ewam
2026-08-03,2026-08-05T05:00:00Z,47,1.3,1.1091,1.14,ewam
2026-08-04,2026-08-05T05:00:00Z,23,1.3,1.2073,1.2,ewam
2026-08-03,2026-08-05T06:00:00Z,48,1.2,1.0893,1.14,ewam
2026-08-04,2026-08-05T06:00:00Z,24,1.2,1.2028,1.2,ewam
2026-08-04,2026-08-05T07:00:00Z,25,1.2,1.1374,1.2,ewam
2026-08-05,2026-08-05T07:00:00Z,1,1.2,1.2929,1.24,ewam
2026-08-04,2026-08-05T08:00:00Z,26,1.2,1.1421,1.18,ewam
2026-08-05,2026-08-05T08:00:00Z,2,1.2,1.2692,1.22,ewam
2026-08-04,2026-08-05T09:00:00Z,27,1.2,1.1444,1.16,ewam
2026-08-05,2026-08-05T09:00:00Z,3,1.2,1.2728,1.22,ewam
2026-08-04,2026-08-05T10:00:00Z,28,1.2,1.1262,1.14,ewam
2026-08-05,2026-08-05T10:00:00Z,4,1.3,1.2857,1.2,ewam
2026-08-04,2026-08-05T11:00:00Z,29,1.3,1.129,1.14,ewam
2026-08-05,2026-08-05T11:00:00Z,5,1.3,1.2609,1.2,ewam
2026-08-04,2026-08-05T12:00:00Z,30,1.2,1.1088,1.14,ewam
2026-08-05,2026-08-05T12:00:00Z,6,1.2,1.2059,1.2,ewam
2026-08-04,2026-08-05T13:00:00Z,31,1.2,1.1145,1.14,ewam
2026-08-05,2026-08-05T13:00:00Z,7,1.2,1.2215,1.2,ewam
2026-08-04,2026-08-05T14:00:00Z,32,1.2,1.0787,1.14,ewam
2026-08-05,2026-08-05T14:00:00Z,8,1.2,1.1832,1.22,ewam
2026-08-04,2026-08-05T15:00:00Z,33,1.1,1.0685,1.2,ewam
2026-08-05,2026-08-05T15:00:00Z,9,1.1,1.1549,1.26,ewam
2026-08-04,2026-08-05T16:00:00Z,34,1.3,1.1128,1.28,ewam
2026-08-05,2026-08-05T16:00:00Z,10,1.3,1.216,1.32,ewam
2026-08-04,2026-08-05T17:00:00Z,35,1.3,1.112,1.36,ewam
2026-08-05,2026-08-05T17:00:00Z,11,1.3,1.2666,1.36,ewam
2026-08-04,2026-08-05T18:00:00Z,36,1.3,1.1791,1.4,ewam
2026-08-05,2026-08-05T18:00:00Z,12,1.3,1.305,1.4,ewam
2026-08-04,2026-08-05T19:00:00Z,37,1.4,1.19,1.44,ewam
2026-08-05,2026-08-05T19:00:00Z,13,1.4,1.2043,1.4,ewam
2026-08-04,2026-08-05T20:00:00Z,38,1.5,1.1773,1.44,ewam
2026-08-05,2026-08-05T20:00:00Z,14,1.5,1.2069,1.4,ewam
2026-08-04,2026-08-05T21:00:00Z,39,1.5,1.156,1.4,ewam
2026-08-05,2026-08-05T21:00:00Z,15,1.5,1.1592,1.36,ewam
2026-08-04,2026-08-05T22:00:00Z,40,1.4,1.1006,1.34,ewam
2026-08-05,2026-08-05T22:00:00Z,16,1.4,1.1376,1.32,ewam
2026-08-04,2026-08-05T23:00:00Z,41,1.3,1.0242,1.26,ewam
2026-08-05,2026-08-05T23:00:00Z,17,1.3,1.1132,1.26,ewam
2026-08-04,2026-08-06T00:00:00Z,42,1.2,1.0603,1.18,ewam
2026-08-05,2026-08-06T00:00:00Z,18,1.2,1.1477,1.18,ewam
2026-08-04,2026-08-06T01:00:00Z,43,1.1,1.0611,1.08,ewam
2026-08-05,2026-08-06T01:00:00Z,19,1.1,1.0382,1.08,ewam
2026-08-04,2026-08-06T02:00:00Z,44,0.9,0.9435,1.02,ewam
2026-08-05,2026-08-06T02:00:00Z,20,0.9,0.9937,1.02,ewam
2026-08-04,2026-08-06T03:00:00Z,45,0.8,0.8935,0.96,ewam
2026-08-05,2026-08-06T03:00:00Z,21,0.8,0.9436,0.98,ewam
2026-08-04,2026-08-06T04:00:00Z,46,0.8,0.8567,0.92,ewam
2026-08-05,2026-08-06T04:00:00Z,22,0.8,0.9331,0.94,ewam
2026-08-04,2026-08-06T05:00:00Z,47,0.8,0.8272,0.88,ewam
2026-08-05,2026-08-06T05:00:00Z,23,0.8,0.8887,0.9,ewam
2026-08-04,2026-08-06T06:00:00Z,48,0.8,0.756,0.86,ewam
2026-08-05,2026-08-06T06:00:00Z,24,0.8,0.8744,0.86,ewam
2026-08-05,2026-08-06T07:00:00Z,25,0.8,0.7752,0.82,ewam
2026-08-06,2026-08-06T07:00:00Z,1,0.8,0.7445,0.84,ewam
2026-08-05,2026-08-06T08:00:00Z,26,0.8,0.71,0.8,ewam
2026-08-06,2026-08-06T08:00:00Z,2,0.8,0.7307,0.82,ewam
2026-08-05,2026-08-06T09:00:00Z,27,0.8,0.6779,0.78,ewam
2026-08-06,2026-08-06T09:00:00Z,3,0.8,0.6743,0.8,ewam
2026-08-05,2026-08-06T10:00:00Z,28,0.7,0.6467,0.76,ewam
2026-08-06,2026-08-06T10:00:00Z,4,0.7,0.66,0.78,ewam
2026-08-05,2026-08-06T11:00:00Z,29,0.7,0.6296,0.74,ewam
2026-08-06,2026-08-06T11:00:00Z,5,0.7,0.6419,0.76,ewam
2026-08-05,2026-08-06T12:00:00Z,30,0.6,0.6372,0.72,ewam
2026-08-06,2026-08-06T12:00:00Z,6,0.6,0.6202,0.74,ewam
2026-08-05,2026-08-06T13:00:00Z,31,0.5,0.6334,0.72,ewam
2026-08-06,2026-08-06T13:00:00Z,7,0.5,0.631,0.72,ewam
2026-08-05,2026-08-06T14:00:00Z,32,0.5,0.6008,0.7,ewam
2026-08-06,2026-08-06T14:00:00Z,8,0.5,0.6022,0.72,ewam
2026-08-05,2026-08-06T15:00:00Z,33,0.5,0.6182,0.7,ewam
2026-08-06,2026-08-06T15:00:00Z,9,0.5,0.5805,0.72,ewam
2026-08-05,2026-08-06T16:00:00Z,34,0.5,0.6304,0.72,ewam
2026-08-06,2026-08-06T16:00:00Z,10,0.5,0.6299,0.74,ewam
2026-08-05,2026-08-06T17:00:00Z,35,0.5,0.6985,0.76,ewam
2026-08-06,2026-08-06T17:00:00Z,11,0.5,0.6963,0.84,ewam
2026-08-05,2026-08-06T18:00:00Z,36,0.7,0.7881,0.84,ewam
2026-08-06,2026-08-06T18:00:00Z,12,0.7,0.7726,0.94,ewam
2026-08-05,2026-08-06T19:00:00Z,37,0.8,0.8223,0.9,ewam
2026-08-06,2026-08-06T19:00:00Z,13,0.8,0.8102,0.98,ewam
2026-08-05,2026-08-06T20:00:00Z,38,0.9,0.7859,0.92,ewam
2026-08-06,2026-08-06T20:00:00Z,14,0.9,0.7917,0.98,ewam
2026-08-05,2026-08-06T21:00:00Z,39,0.9,0.8175,0.9,ewam
2026-08-06,2026-08-06T21:00:00Z,15,0.9,0.6496,0.96,ewam
2026-08-05,2026-08-06T22:00:00Z,40,0.8,0.6787,0.86,ewam
2026-08-06,2026-08-06T22:00:00Z,16,0.8,0.6186,0.92,ewam
2026-08-05,2026-08-06T23:00:00Z,41,0.6,0.6233,0.84,ewam
2026-08-06,2026-08-06T23:00:00Z,17,0.6,0.6074,0.92,ewam
2026-08-05,2026-08-07T00:00:00Z,42,0.6,0.5569,0.8,ewam
2026-08-06,2026-08-07T00:00:00Z,18,0.6,0.6034,0.88,ewam
2026-08-05,2026-08-07T01:00:00Z,43,0.5,0.5469,0.76,ewam
2026-08-06,2026-08-07T01:00:00Z,19,0.5,0.5764,0.82,ewam
2026-08-05,2026-08-07T02:00:00Z,44,0.5,0.514,0.72,ewam
2026-08-06,2026-08-07T02:00:00Z,20,0.5,0.5471,0.76,ewam
2026-08-05,2026-08-07T03:00:00Z,45,0.4,0.491,0.68,ewam
2026-08-06,2026-08-07T03:00:00Z,21,0.4,0.4976,0.72,ewam
2026-08-05,2026-08-07T04:00:00Z,46,0.4,0.5001,0.66,ewam
2026-08-06,2026-08-07T04:00:00Z,22,0.4,0.4905,0.68,ewam
2026-08-05,2026-08-07T05:00:00Z,47,0.5,0.5084,0.66,ewam
2026-08-06,2026-08-07T05:00:00Z,23,0.5,0.481,0.64,ewam
2026-08-05,2026-08-07T06:00:00Z,48,0.4,0.4948,0.66,ewam
2026-08-06,2026-08-07T06:00:00Z,24,0.4,0.4578,0.62,ewam
2026-08-06,2026-08-07T07:00:00Z,25,0.4,0.4283,0.6,ewam
2026-08-07,2026-08-07T07:00:00Z,1,0.4,0.4626,0.64,ewam
2026-08-06,2026-08-07T08:00:00Z,26,0.5,0.4244,0.6,ewam
2026-08-07,2026-08-07T08:00:00Z,2,0.5,0.4458,0.64,ewam
2026-08-06,2026-08-07T09:00:00Z,27,0.5,0.4047,0.58,ewam
2026-08-07,2026-08-07T09:00:00Z,3,0.5,0.4297,0.62,ewam
2026-08-06,2026-08-07T10:00:00Z,28,0.5,0.379,0.56,ewam
2026-08-07,2026-08-07T10:00:00Z,4,0.5,0.3955,0.58,ewam
2026-08-06,2026-08-07T11:00:00Z,29,0.5,0.39,0.52,ewam
2026-08-07,2026-08-07T11:00:00Z,5,0.4,0.3799,0.54,ewam
2026-08-06,2026-08-07T12:00:00Z,30,0.4,0.3679,0.5,ewam
2026-08-07,2026-08-07T12:00:00Z,6,0.4,0.3691,0.5,ewam
2026-08-06,2026-08-07T13:00:00Z,31,0.3,0.3642,0.46,ewam
2026-08-07,2026-08-07T13:00:00Z,7,0.3,0.3276,0.48,ewam
2026-08-06,2026-08-07T14:00:00Z,32,0.3,0.358,0.44,ewam
2026-08-07,2026-08-07T14:00:00Z,8,0.3,0.3311,0.46,ewam
2026-08-06,2026-08-07T15:00:00Z,33,0.3,0.3641,0.44,ewam
2026-08-07,2026-08-07T15:00:00Z,9,0.3,0.3116,0.44,ewam
2026-08-06,2026-08-07T16:00:00Z,34,0.2,0.3517,0.42,ewam
2026-08-07,2026-08-07T16:00:00Z,10,0.2,0.3219,0.42,ewam
2026-08-06,2026-08-07T17:00:00Z,35,0.2,0.3579,0.4,ewam
2026-08-07,2026-08-07T17:00:00Z,11,0.2,0.3315,0.4,ewam
2026-08-06,2026-08-07T18:00:00Z,36,0.2,0.3219,0.4,ewam
2026-08-07,2026-08-07T18:00:00Z,12,0.2,0.3037,0.4,ewam
2026-08-06,2026-08-07T19:00:00Z,37,0.3,0.3207,0.38,ewam
2026-08-07,2026-08-07T19:00:00Z,13,0.3,0.3243,0.38,ewam
2026-08-06,2026-08-07T20:00:00Z,38,0.3,0.3214,0.42,ewam
2026-08-07,2026-08-07T20:00:00Z,14,0.3,0.3246,0.4,ewam
2026-08-06,2026-08-07T21:00:00Z,39,0.4,0.3154,0.42,ewam
2026-08-07,2026-08-07T21:00:00Z,15,0.4,0.3128,0.42,ewam
2026-08-06,2026-08-07T22:00:00Z,40,0.4,0.3191,0.42,ewam
2026-08-07,2026-08-07T22:00:00Z,16,0.4,0.3434,0.42,ewam
2026-08-06,2026-08-07T23:00:00Z,41,0.4,0.3027,0.44,ewam
2026-08-07,2026-08-07T23:00:00Z,17,0.4,0.3188,0.44,ewam
2026-08-06,2026-08-08T00:00:00Z,42,0.4,0.3055,0.48,ewam
2026-08-07,2026-08-08T00:00:00Z,18,0.4,0.2836,0.46,ewam
2026-08-06,2026-08-08T01:00:00Z,43,0.4,0.3065,0.5,ewam
2026-08-07,2026-08-08T01:00:00Z,19,0.4,0.2819,0.48,ewam
2026-08-06,2026-08-08T02:00:00Z,44,0.5,0.3222,0.5,ewam
2026-08-07,2026-08-08T02:00:00Z,20,0.5,0.2822,0.48,ewam
2026-08-06,2026-08-08T03:00:00Z,45,0.4,0.3035,0.48,ewam
2026-08-07,2026-08-08T03:00:00Z,21,0.4,0.2785,0.46,ewam
2026-08-06,2026-08-08T04:00:00Z,46,0.4,0.3211,0.46,ewam
2026-08-07,2026-08-08T04:00:00Z,22,0.4,0.2899,0.44,ewam
2026-08-06,2026-08-08T05:00:00Z,47,0.4,0.3298,0.44,ewam
2026-08-07,2026-08-08T05:00:00Z,23,0.4,0.2884,0.44,ewam
2026-08-06,2026-08-08T06:00:00Z,48,0.4,0.3283,0.42,ewam
2026-08-07,2026-08-08T06:00:00Z,24,0.4,0.2955,0.44,ewam
2026-08-07,2026-08-08T07:00:00Z,25,0.4,0.3131,0.44,ewam
2026-08-08,2026-08-08T07:00:00Z,1,0.4,0.4369,0.42,ewam
2026-08-07,2026-08-08T08:00:00Z,26,0.4,0.3274,0.46,ewam
2026-08-08,2026-08-08T08:00:00Z,2,0.4,0.4374,0.44,ewam
2026-08-07,2026-08-08T09:00:00Z,27,0.4,0.3224,0.46,ewam
2026-08-08,2026-08-08T09:00:00Z,3,0.4,0.4227,0.42,ewam
2026-08-07,2026-08-08T10:00:00Z,28,0.4,0.3355,0.44,ewam
2026-08-08,2026-08-08T10:00:00Z,4,0.4,0.4129,0.42,ewam
2026-08-07,2026-08-08T11:00:00Z,29,0.3,0.3235,0.42,ewam
2026-08-08,2026-08-08T11:00:00Z,5,0.3,0.3948,0.4,ewam
2026-08-07,2026-08-08T12:00:00Z,30,0.3,0.3524,0.4,ewam
2026-08-08,2026-08-08T12:00:00Z,6,0.3,0.3799,0.38,ewam
2026-08-07,2026-08-08T13:00:00Z,31,0.3,0.3632,0.38,ewam
2026-08-08,2026-08-08T13:00:00Z,7,0.3,0.3858,0.38,ewam
2026-08-07,2026-08-08T14:00:00Z,32,0.3,0.3627,0.38,ewam
2026-08-08,2026-08-08T14:00:00Z,8,0.3,0.3914,0.38,ewam
2026-08-07,2026-08-08T15:00:00Z,33,0.3,0.3312,0.38,ewam
2026-08-08,2026-08-08T15:00:00Z,9,0.3,0.3952,0.38,ewam
2026-08-07,2026-08-08T16:00:00Z,34,0.2,0.3344,0.38,ewam
2026-08-08,2026-08-08T16:00:00Z,10,0.2,0.3996,0.38,ewam
2026-08-07,2026-08-08T17:00:00Z,35,0.3,0.3324,0.38,ewam
2026-08-08,2026-08-08T17:00:00Z,11,0.3,0.4231,0.4,ewam
2026-08-07,2026-08-08T18:00:00Z,36,0.3,0.318,0.4,ewam
2026-08-08,2026-08-08T18:00:00Z,12,0.3,0.4143,0.4,ewam
2026-08-07,2026-08-08T19:00:00Z,37,0.3,0.326,0.4,ewam
2026-08-08,2026-08-08T19:00:00Z,13,0.3,0.4206,0.42,ewam
2026-08-07,2026-08-08T20:00:00Z,38,0.3,0.3154,0.4,ewam
2026-08-08,2026-08-08T20:00:00Z,14,0.3,0.4188,0.42,ewam
2026-08-07,2026-08-08T21:00:00Z,39,0.3,0.3201,0.4,ewam
2026-08-08,2026-08-08T21:00:00Z,15,0.3,0.3994,0.42,ewam
2026-08-07,2026-08-08T22:00:00Z,40,0.3,0.3283,0.4,ewam
2026-08-08,2026-08-08T22:00:00Z,16,0.3,0.4038,0.44,ewam
2026-08-07,2026-08-08T23:00:00Z,41,0.3,0.3295,0.42,ewam
2026-08-08,2026-08-08T23:00:00Z,17,0.3,0.4026,0.44,ewam
2026-08-07,2026-08-09T00:00:00Z,42,0.4,0.3307,0.42,ewam
2026-08-08,2026-08-09T00:00:00Z,18,0.4,0.4031,0.44,ewam
2026-08-07,2026-08-09T01:00:00Z,43,0.3,0.3176,0.42,ewam
2026-08-08,2026-08-09T01:00:00Z,19,0.3,0.3928,0.44,ewam
2026-08-07,2026-08-09T02:00:00Z,44,0.3,0.3246,0.42,ewam
2026-08-08,2026-08-09T02:00:00Z,20,0.3,0.3833,0.44,ewam
2026-08-07,2026-08-09T03:00:00Z,45,0.3,0.3256,0.44,ewam
2026-08-08,2026-08-09T03:00:00Z,21,0.3,0.3838,0.44,ewam
2026-08-07,2026-08-09T04:00:00Z,46,0.3,0.3341,0.44,ewam
2026-08-08,2026-08-09T04:00:00Z,22,0.3,0.3834,0.44,ewam
2026-08-07,2026-08-09T05:00:00Z,47,0.3,0.3789,0.46,ewam
2026-08-08,2026-08-09T05:00:00Z,23,0.3,0.3911,0.46,ewam
2026-08-07,2026-08-09T06:00:00Z,48,0.3,0.3831,0.5,ewam
2026-08-08,2026-08-09T06:00:00Z,24,0.3,0.4013,0.46,ewam
2026-08-08,2026-08-09T07:00:00Z,25,0.3,0.3896,0.46,ewam
2026-08-09,2026-08-09T07:00:00Z,1,0.3,0.3846,0.54,ewam
2026-08-08,2026-08-09T08:00:00Z,26,0.3,0.4029,0.46,ewam
2026-08-09,2026-08-09T08:00:00Z,2,0.3,0.3805,0.54,ewam
2026-08-08,2026-08-09T09:00:00Z,27,0.3,0.4037,0.46,ewam
2026-08-09,2026-08-09T09:00:00Z,3,0.3,0.3769,0.54,ewam
2026-08-08,2026-08-09T10:00:00Z,28,0.4,0.4074,0.46,ewam
2026-08-09,2026-08-09T10:00:00Z,4,0.4,0.388,0.54,ewam
2026-08-08,2026-08-09T11:00:00Z,29,0.4,0.3958,0.48,ewam
2026-08-09,2026-08-09T11:00:00Z,5,0.4,0.3939,0.54,ewam
2026-08-08,2026-08-09T12:00:00Z,30,0.4,0.4127,0.48,ewam
2026-08-09,2026-08-09T12:00:00Z,6,0.4,0.4196,0.56,ewam
2026-08-08,2026-08-09T13:00:00Z,31,0.4,0.4348,0.48,ewam
2026-08-09,2026-08-09T13:00:00Z,7,0.4,0.4122,0.58,ewam
2026-08-08,2026-08-09T14:00:00Z,32,0.4,0.4726,0.5,ewam
2026-08-09,2026-08-09T14:00:00Z,8,0.4,0.475,0.62,ewam
2026-08-08,2026-08-09T15:00:00Z,33,0.3,0.4923,0.52,ewam
2026-08-09,2026-08-09T15:00:00Z,9,0.3,0.4816,0.66,ewam
2026-08-08,2026-08-09T16:00:00Z,34,0.3,0.5464,0.56,ewam
2026-08-09,2026-08-09T16:00:00Z,10,0.3,0.5274,0.72,ewam
2026-08-08,2026-08-09T17:00:00Z,35,0.4,0.6071,0.62,ewam
2026-08-09,2026-08-09T17:00:00Z,11,0.4,0.5697,0.78,ewam
2026-08-08,2026-08-09T18:00:00Z,36,0.5,0.6276,0.72,ewam
2026-08-09,2026-08-09T18:00:00Z,12,0.5,0.5985,0.82,ewam
2026-08-08,2026-08-09T19:00:00Z,37,0.5,0.6525,0.82,ewam
2026-08-09,2026-08-09T19:00:00Z,13,0.5,0.6387,0.86,ewam
2026-08-08,2026-08-09T20:00:00Z,38,0.7,0.6692,0.88,ewam
2026-08-09,2026-08-09T20:00:00Z,14,0.7,0.6798,0.9,ewam
2026-08-08,2026-08-09T21:00:00Z,39,0.8,0.7663,0.88,ewam
2026-08-09,2026-08-09T21:00:00Z,15,0.8,0.7373,0.94,ewam
2026-08-08,2026-08-09T22:00:00Z,40,0.8,0.7219,0.84,ewam
2026-08-09,2026-08-09T22:00:00Z,16,0.8,0.6878,0.92,ewam
2026-08-08,2026-08-09T23:00:00Z,41,0.8,0.6841,0.78,ewam
2026-08-09,2026-08-09T23:00:00Z,17,0.8,0.6914,0.86,ewam
2026-08-08,2026-08-10T00:00:00Z,42,0.8,0.6649,0.76,ewam
2026-08-09,2026-08-10T00:00:00Z,18,0.8,0.7045,0.82,ewam
2026-08-08,2026-08-10T01:00:00Z,43,0.7,0.6044,0.72,ewam
2026-08-09,2026-08-10T01:00:00Z,19,0.7,0.6719,0.78,ewam
2026-08-08,2026-08-10T02:00:00Z,44,0.7,0.6089,0.7,ewam
2026-08-09,2026-08-10T02:00:00Z,20,0.7,0.6782,0.76,ewam
2026-08-08,2026-08-10T03:00:00Z,45,0.6,0.6125,0.7,ewam
2026-08-09,2026-08-10T03:00:00Z,21,0.6,0.6068,0.74,ewam
2026-08-08,2026-08-10T04:00:00Z,46,0.6,0.5948,0.68,ewam
2026-08-09,2026-08-10T04:00:00Z,22,0.6,0.6045,0.72,ewam
2026-08-08,2026-08-10T05:00:00Z,47,0.6,0.6024,0.68,ewam
2026-08-09,2026-08-10T05:00:00Z,23,0.6,0.6011,0.72,ewam
2026-08-08,2026-08-10T06:00:00Z,48,0.6,0.5464,0.66,ewam
2026-08-09,2026-08-10T06:00:00Z,24,0.6,0.6012,0.72,ewam
2026-08-09,2026-08-10T07:00:00Z,25,0.5,0.5994,0.72,ewam
2026-08-10,2026-08-10T07:00:00Z,1,0.5,0.5813,0.7,ewam
2026-08-09,2026-08-10T08:00:00Z,26,0.6,0.603,0.72,ewam
2026-08-10,2026-08-10T08:00:00Z,2,0.6,0.5804,0.7,ewam
2026-08-09,2026-08-10T09:00:00Z,27,0.5,0.6072,0.7,ewam
2026-08-10,2026-08-10T09:00:00Z,3,0.5,0.5565,0.68,ewam
2026-08-09,2026-08-10T10:00:00Z,28,0.6,0.555,0.68,ewam
2026-08-10,2026-08-10T10:00:00Z,4,0.6,0.5316,0.68,ewam
2026-08-09,2026-08-10T11:00:00Z,29,0.5,0.5079,0.66,ewam
2026-08-10,2026-08-10T11:00:00Z,5,0.6,0.4988,0.66,ewam
2026-08-09,2026-08-10T12:00:00Z,30,0.6,0.5256,0.66,ewam
2026-08-10,2026-08-10T12:00:00Z,6,0.6,0.5087,0.64,ewam
2026-08-09,2026-08-10T13:00:00Z,31,0.6,0.5109,0.64,ewam
2026-08-10,2026-08-10T13:00:00Z,7,0.6,0.52,0.62,ewam
2026-08-09,2026-08-10T14:00:00Z,32,0.5,0.4843,0.64,ewam
2026-08-10,2026-08-10T14:00:00Z,8,0.5,0.5342,0.62,ewam
2026-08-09,2026-08-10T15:00:00Z,33,0.5,0.5029,0.64,ewam
2026-08-10,2026-08-10T15:00:00Z,9,0.5,0.5387,0.62,ewam
2026-08-09,2026-08-10T16:00:00Z,34,0.5,0.5144,0.64,ewam
2026-08-10,2026-08-10T16:00:00Z,10,0.5,0.5396,0.62,ewam
2026-08-09,2026-08-10T17:00:00Z,35,0.5,0.524,0.66,ewam
2026-08-10,2026-08-10T17:00:00Z,11,0.5,0.5459,0.64,ewam
2026-08-09,2026-08-10T18:00:00Z,36,0.5,0.5084,0.68,ewam
2026-08-10,2026-08-10T18:00:00Z,12,0.5,0.5186,0.64,ewam
2026-08-09,2026-08-10T19:00:00Z,37,0.5,0.512,0.7,ewam
2026-08-10,2026-08-10T19:00:00Z,13,0.5,0.4588,0.66,ewam
2026-08-09,2026-08-10T20:00:00Z,38,0.5,0.5029,0.7,ewam
2026-08-10,2026-08-10T20:00:00Z,14,0.5,0.4376,0.66,ewam
2026-08-09,2026-08-10T21:00:00Z,39,0.5,0.5042,0.7,ewam
2026-08-10,2026-08-10T21:00:00Z,15,0.5,0.4522,0.68,ewam
2026-08-09,2026-08-10T22:00:00Z,40,0.5,0.4932,0.7,ewam
2026-08-10,2026-08-10T22:00:00Z,16,0.5,0.4793,0.68,ewam
2026-08-09,2026-08-10T23:00:00Z,41,0.6,0.4513,0.7,ewam
2026-08-10,2026-08-10T23:00:00Z,17,0.6,0.4564,0.68,ewam
2026-08-09,2026-08-11T00:00:00Z,42,0.5,0.4495,0.7,ewam
2026-08-10,2026-08-11T00:00:00Z,18,0.5,0.4325,0.7,ewam
2026-08-09,2026-08-11T01:00:00Z,43,0.5,0.4481,0.7,ewam
2026-08-10,2026-08-11T01:00:00Z,19,0.5,0.3754,0.7,ewam
2026-08-09,2026-08-11T02:00:00Z,44,0.5,0.4346,0.68,ewam
2026-08-10,2026-08-11T02:00:00Z,20,0.5,0.3762,0.7,ewam
2026-08-09,2026-08-11T03:00:00Z,45,0.5,0.4306,0.64,ewam
2026-08-10,2026-08-11T03:00:00Z,21,0.5,0.3785,0.68,ewam
2026-08-09,2026-08-11T04:00:00Z,46,0.4,0.4326,0.62,ewam
2026-08-10,2026-08-11T04:00:00Z,22,0.4,0.3738,0.66,ewam
2026-08-09,2026-08-11T05:00:00Z,47,0.4,0.4316,0.6,ewam
2026-08-10,2026-08-11T05:00:00Z,23,0.4,0.3533,0.64,ewam
2026-08-09,2026-08-11T06:00:00Z,48,0.4,0.4287,0.58,ewam
2026-08-10,2026-08-11T06:00:00Z,24,0.4,0.3583,0.62,ewam
2026-08-10,2026-08-11T07:00:00Z,25,0.4,0.4435,0.6,ewam
2026-08-11,2026-08-11T07:00:00Z,1,0.4,0.4227,0.62,ewam
2026-08-10,2026-08-11T08:00:00Z,26,0.4,0.404,0.6,ewam
2026-08-11,2026-08-11T08:00:00Z,2,0.4,0.3924,0.6,ewam
2026-08-10,2026-08-11T09:00:00Z,27,0.4,0.4053,0.6,ewam
2026-08-11,2026-08-11T09:00:00Z,3,0.4,0.3893,0.58,ewam
2026-08-10,2026-08-11T10:00:00Z,28,0.4,0.4037,0.56,ewam
2026-08-11,2026-08-11T10:00:00Z,4,0.4,0.3861,0.56,ewam
2026-08-10,2026-08-11T11:00:00Z,29,0.4,0.4329,0.54,ewam
2026-08-11,2026-08-11T11:00:00Z,5,0.4,0.3763,0.54,ewam
2026-08-10,2026-08-11T12:00:00Z,30,0.4,0.396,0.52,ewam
2026-08-11,2026-08-11T12:00:00Z,6,0.4,0.3814,0.52,ewam
2026-08-10,2026-08-11T13:00:00Z,31,0.4,0.3644,0.5,ewam
2026-08-11,2026-08-11T13:00:00Z,7,0.4,0.3702,0.5,ewam
2026-08-10,2026-08-11T14:00:00Z,32,0.3,0.3465,0.48,ewam
2026-08-11,2026-08-11T14:00:00Z,8,0.3,0.3311,0.48,ewam
2026-08-10,2026-08-11T15:00:00Z,33,0.3,0.3459,0.48,ewam
2026-08-11,2026-08-11T15:00:00Z,9,0.3,0.314,0.48,ewam
2026-08-10,2026-08-11T16:00:00Z,34,0.3,0.3492,0.46,ewam
2026-08-11,2026-08-11T16:00:00Z,10,0.3,0.3257,0.46,ewam
2026-08-10,2026-08-11T17:00:00Z,35,0.3,0.3947,0.46,ewam
2026-08-11,2026-08-11T17:00:00Z,11,0.3,0.3431,0.46,ewam
2026-08-10,2026-08-11T18:00:00Z,36,0.3,0.3971,0.46,ewam
2026-08-11,2026-08-11T18:00:00Z,12,0.3,0.3631,0.44,ewam
2026-08-10,2026-08-11T19:00:00Z,37,0.3,0.3987,0.44,ewam
2026-08-11,2026-08-11T19:00:00Z,13,0.3,0.3551,0.44,ewam
2026-08-10,2026-08-11T20:00:00Z,38,0.3,0.3328,0.44,ewam
2026-08-11,2026-08-11T20:00:00Z,14,0.3,0.339,0.44,ewam
2026-08-10,2026-08-11T21:00:00Z,39,0.3,0.3123,0.46,ewam
2026-08-11,2026-08-11T21:00:00Z,15,0.3,0.3293,0.42,ewam
2026-08-10,2026-08-11T22:00:00Z,40,0.3,0.3256,0.46,ewam
2026-08-11,2026-08-11T22:00:00Z,16,0.3,0.3158,0.42,ewam
2026-08-10,2026-08-11T23:00:00Z,41,0.3,0.308,0.46,ewam
2026-08-11,2026-08-11T23:00:00Z,17,0.3,0.3191,0.42,ewam
2026-08-10,2026-08-12T00:00:00Z,42,0.3,0.2758,0.46,ewam
2026-08-11,2026-08-12T00:00:00Z,18,0.3,0.298,0.42,ewam
2026-08-10,2026-08-12T01:00:00Z,43,0.3,0.2864,0.48,ewam
2026-08-11,2026-08-12T01:00:00Z,19,0.3,0.3019,0.42,ewam
2026-08-10,2026-08-12T02:00:00Z,44,0.3,0.3277,0.5,ewam
2026-08-11,2026-08-12T02:00:00Z,20,0.3,0.3042,0.42,ewam
2026-08-10,2026-08-12T03:00:00Z,45,0.3,0.325,0.5,ewam
2026-08-11,2026-08-12T03:00:00Z,21,0.3,0.3264,0.42,ewam
2026-08-10,2026-08-12T04:00:00Z,46,0.3,0.3257,0.5,ewam
2026-08-11,2026-08-12T04:00:00Z,22,0.3,0.3316,0.42,ewam
2026-08-10,2026-08-12T05:00:00Z,47,0.3,0.3257,0.48,ewam
2026-08-11,2026-08-12T05:00:00Z,23,0.3,0.3282,0.42,ewam
2026-08-10,2026-08-12T06:00:00Z,48,0.3,0.3419,0.46,ewam
2026-08-11,2026-08-12T06:00:00Z,24,0.3,0.3289,0.44,ewam
2026-08-11,2026-08-12T07:00:00Z,25,0.3,0.3654,0.44,ewam
2026-08-12,2026-08-12T07:00:00Z,1,0.3,0.3827,0.46,ewam
2026-08-11,2026-08-12T08:00:00Z,26,0.4,0.3491,0.46,ewam
2026-08-12,2026-08-12T08:00:00Z,2,0.4,0.4066,0.46,ewam
2026-08-11,2026-08-12T09:00:00Z,27,0.5,0.3518,0.46,ewam
2026-08-12,2026-08-12T09:00:00Z,3,0.4,0.426,0.48,ewam
2026-08-11,2026-08-12T10:00:00Z,28,0.6,0.3904,0.48,ewam
2026-08-12,2026-08-12T10:00:00Z,4,0.6,0.4719,0.5,ewam
2026-08-11,2026-08-12T11:00:00Z,29,0.5,0.4431,0.5,ewam
2026-08-12,2026-08-12T11:00:00Z,5,0.6,0.5066,0.5,ewam
2026-08-11,2026-08-12T12:00:00Z,30,0.6,0.4851,0.52,ewam
2026-08-12,2026-08-12T12:00:00Z,6,0.6,0.5331,0.52,ewam
2026-08-11,2026-08-12T13:00:00Z,31,0.7,0.5075,0.54,ewam
2026-08-12,2026-08-12T13:00:00Z,7,0.7,0.5256,0.54,ewam
2026-08-11,2026-08-12T14:00:00Z,32,0.6,0.5564,0.56,ewam
2026-08-12,2026-08-12T14:00:00Z,8,0.6,0.5409,0.54,ewam
2026-08-11,2026-08-12T15:00:00Z,33,0.6,0.5602,0.58,ewam
2026-08-12,2026-08-12T15:00:00Z,9,0.6,0.5493,0.56,ewam
2026-08-11,2026-08-12T16:00:00Z,34,0.7,0.5628,0.6,ewam
2026-08-12,2026-08-12T16:00:00Z,10,0.7,0.5597,0.58,ewam
2026-08-11,2026-08-12T17:00:00Z,35,0.6,0.5821,0.62,ewam
2026-08-12,2026-08-12T17:00:00Z,11,0.6,0.5572,0.6,ewam
2026-08-11,2026-08-12T18:00:00Z,36,0.6,0.5688,0.64,ewam
2026-08-12,2026-08-12T18:00:00Z,12,0.6,0.5409,0.62,ewam
2026-08-11,2026-08-12T19:00:00Z,37,0.6,0.5806,0.66,ewam
2026-08-12,2026-08-12T19:00:00Z,13,0.6,0.5419,0.66,ewam
2026-08-11,2026-08-12T20:00:00Z,38,0.7,0.5985,0.68,ewam
2026-08-12,2026-08-12T20:00:00Z,14,0.7,0.5912,0.7,ewam
2026-08-11,2026-08-12T21:00:00Z,39,0.7,0.6054,0.7,ewam
2026-08-12,2026-08-12T21:00:00Z,15,0.7,0.6069,0.72,ewam
2026-08-11,2026-08-12T22:00:00Z,40,0.6,0.5978,0.72,ewam
2026-08-12,2026-08-12T22:00:00Z,16,0.6,0.6209,0.74,ewam
2026-08-11,2026-08-12T23:00:00Z,41,0.7,0.5964,0.74,ewam
2026-08-12,2026-08-12T23:00:00Z,17,0.7,0.6403,0.76,ewam
2026-08-11,2026-08-13T00:00:00Z,42,0.8,0.6297,0.76,ewam
2026-08-12,2026-08-13T00:00:00Z,18,0.8,0.6521,0.78,ewam
2026-08-11,2026-08-13T01:00:00Z,43,0.8,0.6548,0.78,ewam
2026-08-12,2026-08-13T01:00:00Z,19,0.8,0.6498,0.78,ewam
2026-08-11,2026-08-13T02:00:00Z,44,1.0,0.6726,0.8,ewam
2026-08-12,2026-08-13T02:00:00Z,20,1.0,0.6688,0.8,ewam
2026-08-11,2026-08-13T03:00:00Z,45,0.9,0.6977,0.82,ewam
2026-08-12,2026-08-13T03:00:00Z,21,0.9,0.6729,0.8,ewam
2026-08-11,2026-08-13T04:00:00Z,46,0.9,0.725,0.84,ewam
2026-08-12,2026-08-13T04:00:00Z,22,0.9,0.679,0.82,ewam
2026-08-11,2026-08-13T05:00:00Z,47,0.8,0.73,0.86,ewam
2026-08-12,2026-08-13T05:00:00Z,23,0.8,0.679,0.82,ewam
2026-08-11,2026-08-13T06:00:00Z,48,0.9,0.7522,0.88,ewam
2026-08-12,2026-08-13T06:00:00Z,24,0.9,0.6826,0.84,ewam
2026-08-12,2026-08-13T07:00:00Z,25,0.8,0.7312,0.86,ewam
2026-08-13,2026-08-13T07:00:00Z,1,0.8,0.8158,0.9,ewam
2026-08-12,2026-08-13T08:00:00Z,26,0.8,0.7577,0.88,ewam
2026-08-13,2026-08-13T08:00:00Z,2,0.8,0.8052,0.88,ewam
2026-08-12,2026-08-13T09:00:00Z,27,0.7,0.7923,0.9,ewam
2026-08-13,2026-08-13T09:00:00Z,3,0.8,0.81,0.88,ewam
2026-08-12,2026-08-13T10:00:00Z,28,0.8,0.7947,0.92,ewam
2026-08-13,2026-08-13T10:00:00Z,4,0.8,0.8289,0.88,ewam
2026-08-12,2026-08-13T11:00:00Z,29,0.8,0.7979,0.94,ewam
2026-08-13,2026-08-13T11:00:00Z,5,0.8,0.8335,0.88,ewam
2026-08-12,2026-08-13T12:00:00Z,30,0.9,0.8326,0.96,ewam
2026-08-13,2026-08-13T12:00:00Z,6,0.9,0.8433,0.9,ewam
2026-08-12,2026-08-13T13:00:00Z,31,0.9,0.8328,0.98,ewam
2026-08-13,2026-08-13T13:00:00Z,7,0.9,0.8905,0.92,ewam
2026-08-12,2026-08-13T14:00:00Z,32,0.9,0.8458,1.0,ewam
2026-08-13,2026-08-13T14:00:00Z,8,0.9,0.8724,0.94,ewam
2026-08-12,2026-08-13T15:00:00Z,33,1.0,0.8814,1.04,ewam
2026-08-13,2026-08-13T15:00:00Z,9,1.0,0.9187,0.96,ewam
2026-08-12,2026-08-13T16:00:00Z,34,1.1,0.8856,1.06,ewam
2026-08-13,2026-08-13T16:00:00Z,10,1.1,0.896,1.0,ewam
2026-08-12,2026-08-13T17:00:00Z,35,1.0,0.9018,1.08,ewam
2026-08-13,2026-08-13T17:00:00Z,11,1.0,0.8995,1.02,ewam
2026-08-12,2026-08-13T18:00:00Z,36,1.0,0.9097,1.1,ewam
2026-08-13,2026-08-13T18:00:00Z,12,1.0,0.9307,1.04,ewam
2026-08-12,2026-08-13T19:00:00Z,37,1.0,0.9571,1.12,ewam
2026-08-13,2026-08-13T19:00:00Z,13,1.0,0.9084,1.06,ewam
2026-08-12,2026-08-13T20:00:00Z,38,1.1,0.9551,1.14,ewam
2026-08-13,2026-08-13T20:00:00Z,14,1.1,0.9164,1.12,ewam
2026-08-12,2026-08-13T21:00:00Z,39,1.1,0.9279,1.16,ewam
2026-08-13,2026-08-13T21:00:00Z,15,1.1,0.9548,1.16,ewam
2026-08-12,2026-08-13T22:00:00Z,40,1.1,0.9375,1.16,ewam
2026-08-13,2026-08-13T22:00:00Z,16,1.1,0.9505,1.16,ewam
2026-08-12,2026-08-13T23:00:00Z,41,1.1,0.95,1.14,ewam
2026-08-13,2026-08-13T23:00:00Z,17,1.1,0.9443,1.14,ewam
2026-08-12,2026-08-14T00:00:00Z,42,1.1,0.9532,1.12,ewam
2026-08-13,2026-08-14T00:00:00Z,18,1.1,0.9423,1.1,ewam
2026-08-12,2026-08-14T01:00:00Z,43,1.1,0.9484,1.08,ewam
2026-08-13,2026-08-14T01:00:00Z,19,1.1,0.9522,1.06,ewam
2026-08-12,2026-08-14T02:00:00Z,44,0.9,0.9128,1.06,ewam
2026-08-13,2026-08-14T02:00:00Z,20,0.9,0.9199,1.04,ewam
2026-08-12,2026-08-14T03:00:00Z,45,1.1,0.899,1.04,ewam
2026-08-13,2026-08-14T03:00:00Z,21,1.1,0.9134,1.04,ewam
2026-08-12,2026-08-14T04:00:00Z,46,1.0,0.8954,1.02,ewam
2026-08-13,2026-08-14T04:00:00Z,22,1.0,0.941,1.04,ewam
2026-08-12,2026-08-14T05:00:00Z,47,0.9,0.9001,1.02,ewam
2026-08-13,2026-08-14T05:00:00Z,23,0.9,0.9586,1.06,ewam
2026-08-12,2026-08-14T06:00:00Z,48,0.9,0.8979,1.02,ewam
2026-08-13,2026-08-14T06:00:00Z,24,0.9,0.9649,1.06,ewam
2026-08-13,2026-08-14T07:00:00Z,25,1.0,0.89,1.06,ewam
2026-08-14,2026-08-14T07:00:00Z,1,1.0,0.912,1.02,ewam
2026-08-13,2026-08-14T08:00:00Z,26,0.8,0.8815,1.02,ewam
2026-08-14,2026-08-14T08:00:00Z,2,0.8,0.8886,1.0,ewam
2026-08-13,2026-08-14T09:00:00Z,27,0.9,0.8743,1.0,ewam
2026-08-14,2026-08-14T09:00:00Z,3,0.8,0.8767,0.98,ewam
2026-08-13,2026-08-14T10:00:00Z,28,0.9,0.8758,0.98,ewam
2026-08-14,2026-08-14T10:00:00Z,4,0.9,0.8897,0.98,ewam
2026-08-13,2026-08-14T11:00:00Z,29,0.9,0.89,0.96,ewam
2026-08-14,2026-08-14T11:00:00Z,5,0.9,0.9004,0.96,ewam
2026-08-13,2026-08-14T12:00:00Z,30,1.0,0.8399,0.94,ewam
2026-08-14,2026-08-14T12:00:00Z,6,1.0,0.8623,0.94,ewam
2026-08-13,2026-08-14T13:00:00Z,31,1.0,0.8396,0.94,ewam
2026-08-14,2026-08-14T13:00:00Z,7,1.0,0.8576,0.94,ewam
2026-08-13,2026-08-14T14:00:00Z,32,1.0,0.8026,0.94,ewam
2026-08-14,2026-08-14T14:00:00Z,8,1.0,0.862,0.94,ewam
2026-08-13,2026-08-14T15:00:00Z,33,0.9,0.8919,0.98,ewam
2026-08-14,2026-08-14T15:00:00Z,9,0.9,0.8951,0.96,ewam
2026-08-13,2026-08-14T16:00:00Z,34,0.9,0.9225,1.04,ewam
2026-08-14,2026-08-14T16:00:00Z,10,0.9,0.8972,1.04,ewam
2026-08-13,2026-08-14T17:00:00Z,35,0.8,0.8678,1.08,ewam
2026-08-14,2026-08-14T17:00:00Z,11,0.8,0.9062,1.14,ewam
2026-08-13,2026-08-14T18:00:00Z,36,0.8,0.8993,1.12,ewam
2026-08-14,2026-08-14T18:00:00Z,12,0.8,0.8731,1.22,ewam
2026-08-13,2026-08-14T19:00:00Z,37,0.9,0.8875,1.12,ewam
2026-08-14,2026-08-14T19:00:00Z,13,0.9,0.9179,1.24,ewam
2026-08-13,2026-08-14T20:00:00Z,38,0.8,0.845,1.12,ewam
2026-08-14,2026-08-14T20:00:00Z,14,0.8,0.8958,1.22,ewam
2026-08-13,2026-08-14T21:00:00Z,39,0.8,0.8945,1.1,ewam
2026-08-14,2026-08-14T21:00:00Z,15,0.8,0.8933,1.16,ewam
2026-08-13,2026-08-14T22:00:00Z,40,0.7,0.9047,1.08,ewam
2026-08-14,2026-08-14T22:00:00Z,16,0.7,0.9065,1.14,ewam
2026-08-13,2026-08-14T23:00:00Z,41,0.7,0.9132,1.08,ewam
2026-08-14,2026-08-14T23:00:00Z,17,0.7,0.9044,1.12,ewam
2026-08-13,2026-08-15T00:00:00Z,42,0.7,0.8534,1.04,ewam
2026-08-14,2026-08-15T00:00:00Z,18,0.7,0.9053,1.1,ewam
2026-08-13,2026-08-15T01:00:00Z,43,0.8,0.8314,1.0,ewam
2026-08-14,2026-08-15T01:00:00Z,19,0.8,0.9,1.06,ewam
2026-08-13,2026-08-15T02:00:00Z,44,0.8,0.8235,0.94,ewam
2026-08-14,2026-08-15T02:00:00Z,20,0.8,0.8754,1.02,ewam
2026-08-13,2026-08-15T03:00:00Z,45,0.9,0.8427,0.88,ewam
2026-08-14,2026-08-15T03:00:00Z,21,0.9,0.8698,0.96,ewam
2026-08-13,2026-08-15T04:00:00Z,46,0.8,0.8477,0.86,ewam
2026-08-14,2026-08-15T04:00:00Z,22,0.8,0.857,0.94,ewam
2026-08-13,2026-08-15T05:00:00Z,47,0.8,0.8472,0.84,ewam
2026-08-14,2026-08-15T05:00:00Z,23,0.8,0.8562,0.92,ewam
2026-08-13,2026-08-15T06:00:00Z,48,0.8,0.8446,0.82,ewam
2026-08-14,2026-08-15T06:00:00Z,24,0.8,0.8484,0.9,ewam
2026-08-14,2026-08-15T07:00:00Z,25,0.7,0.8057,0.92,ewam
2026-08-15,2026-08-15T07:00:00Z,1,0.7,0.7963,0.9,ewam
2026-08-14,2026-08-15T08:00:00Z,26,0.7,0.8133,0.92,ewam
2026-08-15,2026-08-15T08:00:00Z,2,0.7,0.801,0.88,ewam
2026-08-14,2026-08-15T09:00:00Z,27,0.7,0.8133,0.9,ewam
2026-08-15,2026-08-15T09:00:00Z,3,0.7,0.804,0.88,ewam
2026-08-14,2026-08-15T10:00:00Z,28,0.7,0.8148,0.88,ewam
2026-08-15,2026-08-15T10:00:00Z,4,0.7,0.8069,0.88,ewam
2026-08-14,2026-08-15T11:00:00Z,29,0.7,0.8078,0.86,ewam
2026-08-15,2026-08-15T11:00:00Z,5,0.7,0.8154,0.86,ewam
2026-08-14,2026-08-15T12:00:00Z,30,0.7,0.8281,0.84,ewam
2026-08-15,2026-08-15T12:00:00Z,6,0.7,0.8264,0.84,ewam
2026-08-14,2026-08-15T13:00:00Z,31,0.8,0.8234,0.84,ewam
2026-08-15,2026-08-15T13:00:00Z,7,0.8,0.8379,0.82,ewam
2026-08-14,2026-08-15T14:00:00Z,32,0.8,0.7947,0.84,ewam
2026-08-15,2026-08-15T14:00:00Z,8,0.8,0.8145,0.8,ewam
2026-08-14,2026-08-15T15:00:00Z,33,0.7,0.801,0.86,ewam
2026-08-15,2026-08-15T15:00:00Z,9,0.7,0.7878,0.82,ewam
2026-08-14,2026-08-15T16:00:00Z,34,0.8,0.8099,0.88,ewam
2026-08-15,2026-08-15T16:00:00Z,10,0.8,0.8298,0.86,ewam
2026-08-14,2026-08-15T17:00:00Z,35,0.8,0.8456,0.9,ewam
2026-08-15,2026-08-15T17:00:00Z,11,0.8,0.8342,0.94,ewam
2026-08-14,2026-08-15T18:00:00Z,36,0.9,0.8584,0.9,ewam
2026-08-15,2026-08-15T18:00:00Z,12,0.9,0.8533,0.98,ewam
2026-08-14,2026-08-15T19:00:00Z,37,0.9,0.8234,0.9,ewam
2026-08-15,2026-08-15T19:00:00Z,13,0.9,0.8547,0.98,ewam
2026-08-14,2026-08-15T20:00:00Z,38,0.9,0.7456,0.92,ewam
2026-08-15,2026-08-15T20:00:00Z,14,0.9,0.8318,0.96,ewam
2026-08-14,2026-08-15T21:00:00Z,39,0.9,0.7442,0.98,ewam
2026-08-15,2026-08-15T21:00:00Z,15,0.9,0.7143,0.92,ewam
2026-08-14,2026-08-15T22:00:00Z,40,0.8,0.7146,1.02,ewam
2026-08-15,2026-08-15T22:00:00Z,16,0.8,0.7076,0.9,ewam
2026-08-14,2026-08-15T23:00:00Z,41,0.8,0.7733,1.0,ewam
2026-08-15,2026-08-15T23:00:00Z,17,0.8,0.763,0.88,ewam
2026-08-14,2026-08-16T00:00:00Z,42,0.7,0.8099,0.96,ewam
2026-08-15,2026-08-16T00:00:00Z,18,0.7,0.8119,0.88,ewam
2026-08-14,2026-08-16T01:00:00Z,43,0.8,0.8396,0.9,ewam
2026-08-15,2026-08-16T01:00:00Z,19,0.8,0.7618,0.86,ewam
2026-08-14,2026-08-16T02:00:00Z,44,0.7,0.8237,0.84,ewam
2026-08-15,2026-08-16T02:00:00Z,20,0.7,0.737,0.84,ewam
2026-08-14,2026-08-16T03:00:00Z,45,0.7,0.7675,0.8,ewam
2026-08-15,2026-08-16T03:00:00Z,21,0.7,0.761,0.8,ewam
2026-08-14,2026-08-16T04:00:00Z,46,0.8,0.7487,0.78,ewam
2026-08-15,2026-08-16T04:00:00Z,22,0.8,0.7394,0.78,ewam
2026-08-14,2026-08-16T05:00:00Z,47,0.8,0.7315,0.76,ewam
2026-08-15,2026-08-16T05:00:00Z,23,0.8,0.7558,0.76,ewam
2026-08-14,2026-08-16T06:00:00Z,48,0.8,0.678,0.76,ewam
2026-08-15,2026-08-16T06:00:00Z,24,0.8,0.6908,0.74,ewam
2026-08-15,2026-08-16T07:00:00Z,25,0.8,0.701,0.72,ewam
2026-08-16,2026-08-16T07:00:00Z,1,0.8,0.7192,0.74,ewam
2026-08-15,2026-08-16T08:00:00Z,26,0.7,0.6399,0.7,ewam
2026-08-16,2026-08-16T08:00:00Z,2,0.7,0.6985,0.72,ewam
2026-08-15,2026-08-16T09:00:00Z,27,0.7,0.6157,0.68,ewam
2026-08-16,2026-08-16T09:00:00Z,3,0.7,0.6602,0.7,ewam
2026-08-15,2026-08-16T10:00:00Z,28,0.7,0.594,0.66,ewam
2026-08-16,2026-08-16T10:00:00Z,4,0.7,0.655,0.68,ewam
2026-08-15,2026-08-16T11:00:00Z,29,0.7,0.57,0.64,ewam
2026-08-16,2026-08-16T11:00:00Z,5,0.7,0.6502,0.66,ewam
2026-08-15,2026-08-16T12:00:00Z,30,0.6,0.5847,0.64,ewam
2026-08-16,2026-08-16T12:00:00Z,6,0.6,0.669,0.64,ewam
2026-08-15,2026-08-16T13:00:00Z,31,0.6,0.5863,0.64,ewam
2026-08-16,2026-08-16T13:00:00Z,7,0.6,0.6561,0.64,ewam
2026-08-15,2026-08-16T14:00:00Z,32,0.7,0.5866,0.64,ewam
2026-08-16,2026-08-16T14:00:00Z,8,0.7,0.6508,0.64,ewam
2026-08-15,2026-08-16T15:00:00Z,33,0.8,0.5882,0.68,ewam
2026-08-16,2026-08-16T15:00:00Z,9,0.8,0.6758,0.68,ewam
2026-08-15,2026-08-16T16:00:00Z,34,0.8,0.6767,0.76,ewam
2026-08-16,2026-08-16T16:00:00Z,10,0.8,0.6909,0.78,ewam
2026-08-15,2026-08-16T17:00:00Z,35,0.9,0.7378,0.84,ewam
2026-08-16,2026-08-16T17:00:00Z,11,0.9,0.7504,0.9,ewam
2026-08-15,2026-08-16T18:00:00Z,36,0.9,0.7975,0.96,ewam
2026-08-16,2026-08-16T18:00:00Z,12,0.9,0.835,1.02,ewam
2026-08-15,2026-08-16T19:00:00Z,37,0.9,0.8369,1.06,ewam
2026-08-16,2026-08-16T19:00:00Z,13,0.9,0.8994,1.12,ewam
2026-08-15,2026-08-16T20:00:00Z,38,0.8,0.8144,1.02,ewam
2026-08-16,2026-08-16T20:00:00Z,14,0.8,0.9067,1.12,ewam
2026-08-15,2026-08-16T21:00:00Z,39,0.7,0.8029,0.94,ewam
2026-08-16,2026-08-16T21:00:00Z,15,0.7,0.8716,1.04,ewam
2026-08-15,2026-08-16T22:00:00Z,40,0.7,0.7818,0.88,ewam
2026-08-16,2026-08-16T22:00:00Z,16,0.7,0.8665,0.94,ewam
2026-08-15,2026-08-16T23:00:00Z,41,0.7,0.7697,0.84,ewam
2026-08-16,2026-08-16T23:00:00Z,17,0.7,0.8586,0.9,ewam
2026-08-15,2026-08-17T00:00:00Z,42,0.7,0.7313,0.8,ewam
2026-08-16,2026-08-17T00:00:00Z,18,0.7,0.8669,0.86,ewam
2026-08-15,2026-08-17T01:00:00Z,43,0.7,0.7032,0.76,ewam
2026-08-16,2026-08-17T01:00:00Z,19,0.7,0.8409,0.82,ewam
2026-08-15,2026-08-17T02:00:00Z,44,0.7,0.6715,0.74,ewam
2026-08-16,2026-08-17T02:00:00Z,20,0.7,0.7928,0.78,ewam
2026-08-15,2026-08-17T03:00:00Z,45,0.8,0.6335,0.7,ewam
2026-08-16,2026-08-17T03:00:00Z,21,0.8,0.7315,0.74,ewam
2026-08-15,2026-08-17T04:00:00Z,46,0.7,0.6275,0.66,ewam
2026-08-16,2026-08-17T04:00:00Z,22,0.7,0.7406,0.74,ewam
2026-08-15,2026-08-17T05:00:00Z,47,0.7,0.6073,0.64,ewam
2026-08-16,2026-08-17T05:00:00Z,23,0.7,0.6938,0.74,ewam
2026-08-15,2026-08-17T06:00:00Z,48,0.7,0.5804,0.6,ewam
2026-08-16,2026-08-17T06:00:00Z,24,0.7,0.6885,0.7,ewam
2026-08-16,2026-08-17T07:00:00Z,25,0.7,0.6011,0.68,ewam
2026-08-17,2026-08-17T07:00:00Z,1,0.7,0.6539,0.68,ewam
2026-08-16,2026-08-17T08:00:00Z,26,0.6,0.5963,0.66,ewam
2026-08-17,2026-08-17T08:00:00Z,2,0.6,0.6549,0.66,ewam
2026-08-16,2026-08-17T09:00:00Z,27,0.6,0.5349,0.62,ewam
2026-08-17,2026-08-17T09:00:00Z,3,0.5,0.5685,0.64,ewam
2026-08-16,2026-08-17T10:00:00Z,28,0.5,0.4901,0.58,ewam
2026-08-17,2026-08-17T10:00:00Z,4,0.5,0.5461,0.6,ewam
2026-08-16,2026-08-17T11:00:00Z,29,0.5,0.4932,0.56,ewam
2026-08-17,2026-08-17T11:00:00Z,5,0.5,0.542,0.56,ewam
2026-08-16,2026-08-17T12:00:00Z,30,0.4,0.4833,0.54,ewam
2026-08-17,2026-08-17T12:00:00Z,6,0.4,0.5195,0.52,ewam
2026-08-16,2026-08-17T13:00:00Z,31,0.4,0.4905,0.56,ewam
2026-08-17,2026-08-17T13:00:00Z,7,0.4,0.5715,0.54,ewam
2026-08-16,2026-08-17T14:00:00Z,32,0.4,0.4752,0.68,ewam
2026-08-17,2026-08-17T14:00:00Z,8,0.4,0.5731,0.6,ewam
2026-08-16,2026-08-17T15:00:00Z,33,0.5,0.562,0.92,ewam
2026-08-17,2026-08-17T15:00:00Z,9,0.5,0.655,0.76,ewam
2026-08-16,2026-08-17T16:00:00Z,34,0.6,0.7744,1.08,ewam
2026-08-17,2026-08-17T16:00:00Z,10,0.6,0.702,0.94,ewam
2026-08-16,2026-08-17T17:00:00Z,35,0.7,0.754,1.12,ewam
2026-08-17,2026-08-17T17:00:00Z,11,0.7,0.8521,1.1,ewam
2026-08-16,2026-08-17T18:00:00Z,36,0.9,0.8306,1.16,ewam
2026-08-17,2026-08-17T18:00:00Z,12,0.9,0.8996,1.16,ewam
2026-08-16,2026-08-17T19:00:00Z,37,1.1,0.8453,1.16,ewam
2026-08-17,2026-08-17T19:00:00Z,13,1.1,0.9302,1.14,ewam
2026-08-16,2026-08-17T20:00:00Z,38,1.1,0.8872,1.16,ewam
2026-08-17,2026-08-17T20:00:00Z,14,1.1,0.949,1.1,ewam
2026-08-16,2026-08-17T21:00:00Z,39,1.2,0.9199,1.08,ewam
2026-08-17,2026-08-17T21:00:00Z,15,1.2,0.9348,1.06,ewam
2026-08-16,2026-08-17T22:00:00Z,40,1.0,0.8668,1.0,ewam
2026-08-17,2026-08-17T22:00:00Z,16,1.0,0.9234,1.02,ewam
2026-08-16,2026-08-17T23:00:00Z,41,0.9,0.7464,0.94,ewam
2026-08-17,2026-08-17T23:00:00Z,17,0.9,0.8823,0.94,ewam
2026-08-16,2026-08-18T00:00:00Z,42,0.7,0.7059,0.86,ewam
2026-08-17,2026-08-18T00:00:00Z,18,0.7,0.7976,0.86,ewam
2026-08-16,2026-08-18T01:00:00Z,43,0.6,0.6372,0.78,ewam
2026-08-17,2026-08-18T01:00:00Z,19,0.6,0.7314,0.78,ewam
2026-08-16,2026-08-18T02:00:00Z,44,0.6,0.6009,0.7,ewam
2026-08-17,2026-08-18T02:00:00Z,20,0.6,0.6649,0.72,ewam
2026-08-16,2026-08-18T03:00:00Z,45,0.6,0.5506,0.66,ewam
2026-08-17,2026-08-18T03:00:00Z,21,0.6,0.6021,0.68,ewam
2026-08-16,2026-08-18T04:00:00Z,46,0.6,0.4982,0.62,ewam
2026-08-17,2026-08-18T04:00:00Z,22,0.6,0.571,0.64,ewam
2026-08-16,2026-08-18T05:00:00Z,47,0.6,0.4712,0.6,ewam
2026-08-17,2026-08-18T05:00:00Z,23,0.6,0.5997,0.66,ewam
2026-08-16,2026-08-18T06:00:00Z,48,0.6,0.4809,0.58,ewam
2026-08-17,2026-08-18T06:00:00Z,24,0.6,0.6139,0.7,ewam
2026-08-17,2026-08-18T07:00:00Z,25,0.6,0.5523,0.7,ewam
2026-08-18,2026-08-18T07:00:00Z,1,0.6,0.5684,0.78,ewam
2026-08-17,2026-08-18T08:00:00Z,26,0.6,0.5447,0.7,ewam
2026-08-18,2026-08-18T08:00:00Z,2,0.7,0.54,0.76,ewam
2026-08-17,2026-08-18T09:00:00Z,27,0.6,0.5391,0.68,ewam
2026-08-18,2026-08-18T09:00:00Z,3,0.6,0.5312,0.74,ewam
2026-08-17,2026-08-18T10:00:00Z,28,0.6,0.5298,0.68,ewam
2026-08-18,2026-08-18T10:00:00Z,4,0.6,0.5385,0.72,ewam
2026-08-17,2026-08-18T11:00:00Z,29,0.6,0.5295,0.66,ewam
2026-08-18,2026-08-18T11:00:00Z,5,0.6,0.5394,0.7,ewam
2026-08-17,2026-08-18T12:00:00Z,30,0.5,0.5036,0.66,ewam
2026-08-18,2026-08-18T12:00:00Z,6,0.5,0.5258,0.68,ewam
2026-08-17,2026-08-18T13:00:00Z,31,0.4,0.5713,0.7,ewam
2026-08-18,2026-08-18T13:00:00Z,7,0.4,0.5481,0.68,ewam
2026-08-17,2026-08-18T14:00:00Z,32,0.5,0.579,0.74,ewam
2026-08-18,2026-08-18T14:00:00Z,8,0.5,0.536,0.68,ewam
2026-08-17,2026-08-18T15:00:00Z,33,0.5,0.6054,0.8,ewam
2026-08-18,2026-08-18T15:00:00Z,9,0.5,0.5473,0.7,ewam
2026-08-17,2026-08-18T16:00:00Z,34,0.5,0.6243,0.86,ewam
2026-08-18,2026-08-18T16:00:00Z,10,0.5,0.5642,0.74,ewam
2026-08-17,2026-08-18T17:00:00Z,35,0.5,0.611,0.9,ewam
2026-08-18,2026-08-18T17:00:00Z,11,0.5,0.6094,0.8,ewam
2026-08-17,2026-08-18T18:00:00Z,36,0.5,0.6246,0.92,ewam
2026-08-18,2026-08-18T18:00:00Z,12,0.5,0.5897,0.8,ewam
2026-08-17,2026-08-18T19:00:00Z,37,0.6,0.6164,0.88,ewam
2026-08-18,2026-08-18T19:00:00Z,13,0.6,0.5673,0.78,ewam
2026-08-17,2026-08-18T20:00:00Z,38,0.6,0.5995,0.86,ewam
2026-08-18,2026-08-18T20:00:00Z,14,0.6,0.5784,0.76,ewam
2026-08-17,2026-08-18T21:00:00Z,39,0.5,0.608,0.86,ewam
2026-08-18,2026-08-18T21:00:00Z,15,0.5,0.5687,0.74,ewam
2026-08-17,2026-08-18T22:00:00Z,40,0.6,0.6318,0.82,ewam
2026-08-18,2026-08-18T22:00:00Z,16,0.6,0.5654,0.72,ewam
2026-08-17,2026-08-18T23:00:00Z,41,0.5,0.5793,0.8,ewam
2026-08-18,2026-08-18T23:00:00Z,17,0.5,0.5629,0.7,ewam
2026-08-17,2026-08-19T00:00:00Z,42,0.5,0.5689,0.78,ewam
2026-08-18,2026-08-19T00:00:00Z,18,0.5,0.5546,0.68,ewam
2026-08-17,2026-08-19T01:00:00Z,43,0.4,0.5743,0.76,ewam
2026-08-18,2026-08-19T01:00:00Z,19,0.4,0.5328,0.68,ewam
2026-08-17,2026-08-19T02:00:00Z,44,0.4,0.5736,0.74,ewam
2026-08-18,2026-08-19T02:00:00Z,20,0.4,0.5341,0.68,ewam
2026-08-17,2026-08-19T03:00:00Z,45,0.4,0.6338,0.76,ewam
2026-08-18,2026-08-19T03:00:00Z,21,0.4,0.555,0.7,ewam
2026-08-17,2026-08-19T04:00:00Z,46,0.5,0.6562,0.76,ewam
2026-08-18,2026-08-19T04:00:00Z,22,0.5,0.5601,0.72,ewam
2026-08-17,2026-08-19T05:00:00Z,47,0.5,0.6727,0.74,ewam
2026-08-18,2026-08-19T05:00:00Z,23,0.5,0.5901,0.74,ewam
2026-08-17,2026-08-19T06:00:00Z,48,0.7,0.664,0.72,ewam
2026-08-18,2026-08-19T06:00:00Z,24,0.7,0.6633,0.76,ewam
2026-08-18,2026-08-19T07:00:00Z,25,0.8,0.6999,0.84,ewam
2026-08-19,2026-08-19T07:00:00Z,1,0.8,0.7891,1.0,ewam
2026-08-18,2026-08-19T08:00:00Z,26,0.9,0.7427,0.94,ewam
2026-08-19,2026-08-19T08:00:00Z,2,0.9,0.8459,1.12,ewam
2026-08-18,2026-08-19T09:00:00Z,27,0.9,0.8127,1.02,ewam
2026-08-19,2026-08-19T09:00:00Z,3,0.9,0.9476,1.22,ewam
2026-08-18,2026-08-19T10:00:00Z,28,1.0,0.8553,1.1,ewam
2026-08-19,2026-08-19T10:00:00Z,4,1.0,1.0101,1.3,ewam
2026-08-18,2026-08-19T11:00:00Z,29,1.1,0.8792,1.16,ewam
2026-08-19,2026-08-19T11:00:00Z,5,1.1,1.0607,1.34,ewam
2026-08-18,2026-08-19T12:00:00Z,30,1.3,0.9767,1.2,ewam
2026-08-19,2026-08-19T12:00:00Z,6,1.3,1.1046,1.36,ewam
2026-08-18,2026-08-19T13:00:00Z,31,1.3,1.0777,1.2,ewam
2026-08-19,2026-08-19T13:00:00Z,7,1.3,1.1376,1.44,ewam
2026-08-18,2026-08-19T14:00:00Z,32,1.2,1.0845,1.22,ewam
2026-08-19,2026-08-19T14:00:00Z,8,1.2,1.1368,1.48,ewam
2026-08-18,2026-08-19T15:00:00Z,33,1.1,1.1579,1.26,ewam
2026-08-19,2026-08-19T15:00:00Z,9,1.1,1.1001,1.44,ewam
2026-08-18,2026-08-19T16:00:00Z,34,1.2,1.2217,1.34,ewam
2026-08-19,2026-08-19T16:00:00Z,10,1.2,1.1648,1.48,ewam
2026-08-18,2026-08-19T17:00:00Z,35,1.2,1.1869,1.34,ewam
2026-08-19,2026-08-19T17:00:00Z,11,1.2,1.2324,1.56,ewam
2026-08-18,2026-08-19T18:00:00Z,36,1.3,1.2834,1.32,ewam
2026-08-19,2026-08-19T18:00:00Z,12,1.3,1.2717,1.58,ewam
2026-08-18,2026-08-19T19:00:00Z,37,1.3,1.2962,1.4,ewam
2026-08-19,2026-08-19T19:00:00Z,13,1.3,1.3064,1.56,ewam
2026-08-18,2026-08-19T20:00:00Z,38,1.2,1.2909,1.46,ewam
2026-08-19,2026-08-19T20:00:00Z,14,1.2,1.2044,1.52,ewam
2026-08-18,2026-08-19T21:00:00Z,39,1.3,1.2946,1.46,ewam
2026-08-19,2026-08-19T21:00:00Z,15,1.3,1.2266,1.48,ewam
2026-08-18,2026-08-19T22:00:00Z,40,1.2,1.2187,1.4,ewam
2026-08-19,2026-08-19T22:00:00Z,16,1.2,1.1689,1.42,ewam
2026-08-18,2026-08-19T23:00:00Z,41,1.3,1.139,1.32,ewam
2026-08-19,2026-08-19T23:00:00Z,17,1.3,1.1567,1.38,ewam
2026-08-18,2026-08-20T00:00:00Z,42,1.3,1.0844,1.26,ewam
2026-08-19,2026-08-20T00:00:00Z,18,1.3,1.1425,1.34,ewam
2026-08-18,2026-08-20T01:00:00Z,43,1.2,1.0961,1.22,ewam
2026-08-19,2026-08-20T01:00:00Z,19,1.2,1.2431,1.36,ewam
2026-08-18,2026-08-20T02:00:00Z,44,1.1,1.089,1.22,ewam
2026-08-19,2026-08-20T02:00:00Z,20,1.1,1.3094,1.4,ewam
2026-08-18,2026-08-20T03:00:00Z,45,1.1,1.0884,1.24,ewam
2026-08-19,2026-08-20T03:00:00Z,21,1.1,1.3105,1.46,ewam
2026-08-18,2026-08-20T04:00:00Z,46,1.2,1.1419,1.28,ewam
2026-08-19,2026-08-20T04:00:00Z,22,1.2,1.3057,1.48,ewam
2026-08-18,2026-08-20T05:00:00Z,47,1.3,1.2336,1.32,ewam
2026-08-19,2026-08-20T05:00:00Z,23,1.3,1.3574,1.5,ewam
2026-08-18,2026-08-20T06:00:00Z,48,1.3,1.2681,1.36,ewam
2026-08-19,2026-08-20T06:00:00Z,24,1.3,1.3916,1.52,ewam
2026-08-19,2026-08-20T07:00:00Z,25,1.4,1.4032,1.52,ewam
2026-08-20,2026-08-20T07:00:00Z,1,1.4,1.4231,1.62,ewam
2026-08-19,2026-08-20T08:00:00Z,26,1.4,1.4524,1.54,ewam
2026-08-20,2026-08-20T08:00:00Z,2,1.4,1.4152,1.6,ewam
2026-08-19,2026-08-20T09:00:00Z,27,1.4,1.4524,1.54,ewam
2026-08-20,2026-08-20T09:00:00Z,3,1.5,1.4211,1.58,ewam
2026-08-19,2026-08-20T10:00:00Z,28,1.5,1.4824,1.54,ewam
2026-08-20,2026-08-20T10:00:00Z,4,1.6,1.4445,1.58,ewam
2026-08-19,2026-08-20T11:00:00Z,29,1.6,1.4775,1.54,ewam
2026-08-20,2026-08-20T11:00:00Z,5,1.6,1.4358,1.58,ewam
2026-08-19,2026-08-20T12:00:00Z,30,1.5,1.4395,1.52,ewam
2026-08-20,2026-08-20T12:00:00Z,6,1.5,1.443,1.56,ewam
2026-08-19,2026-08-20T13:00:00Z,31,1.5,1.4367,1.52,ewam
2026-08-20,2026-08-20T13:00:00Z,7,1.5,1.4379,1.54,ewam
2026-08-19,2026-08-20T14:00:00Z,32,1.4,1.4327,1.52,ewam
2026-08-20,2026-08-20T14:00:00Z,8,1.4,1.4102,1.54,ewam
2026-08-19,2026-08-20T15:00:00Z,33,1.3,1.4769,1.54,ewam
2026-08-20,2026-08-20T15:00:00Z,9,1.3,1.4081,1.54,ewam
2026-08-19,2026-08-20T16:00:00Z,34,1.2,1.4719,1.58,ewam
2026-08-20,2026-08-20T16:00:00Z,10,1.2,1.4078,1.56,ewam
2026-08-19,2026-08-20T17:00:00Z,35,1.4,1.5071,1.6,ewam
2026-08-20,2026-08-20T17:00:00Z,11,1.4,1.4386,1.58,ewam
2026-08-19,2026-08-20T18:00:00Z,36,1.4,1.4962,1.62,ewam
2026-08-20,2026-08-20T18:00:00Z,12,1.4,1.429,1.58,ewam
2026-08-19,2026-08-20T19:00:00Z,37,1.6,1.4924,1.62,ewam
2026-08-20,2026-08-20T19:00:00Z,13,1.6,1.5027,1.58,ewam
2026-08-19,2026-08-20T20:00:00Z,38,1.5,1.5071,1.62,ewam
2026-08-20,2026-08-20T20:00:00Z,14,1.5,1.54,1.56,ewam
2026-08-19,2026-08-20T21:00:00Z,39,1.5,1.5245,1.6,ewam
2026-08-20,2026-08-20T21:00:00Z,15,1.5,1.5276,1.56,ewam
2026-08-19,2026-08-20T22:00:00Z,40,1.5,1.508,1.58,ewam
2026-08-20,2026-08-20T22:00:00Z,16,1.5,1.5394,1.54,ewam
2026-08-19,2026-08-20T23:00:00Z,41,1.5,1.5227,1.54,ewam
2026-08-20,2026-08-20T23:00:00Z,17,1.5,1.4262,1.52,ewam
2026-08-19,2026-08-21T00:00:00Z,42,1.5,1.4449,1.5,ewam
2026-08-20,2026-08-21T00:00:00Z,18,1.5,1.411,1.48,ewam
2026-08-19,2026-08-21T01:00:00Z,43,1.4,1.4153,1.48,ewam
2026-08-20,2026-08-21T01:00:00Z,19,1.4,1.3497,1.46,ewam
2026-08-19,2026-08-21T02:00:00Z,44,1.4,1.3385,1.46,ewam
2026-08-20,2026-08-21T02:00:00Z,20,1.4,1.3488,1.44,ewam
2026-08-19,2026-08-21T03:00:00Z,45,1.2,1.3388,1.42,ewam
2026-08-20,2026-08-21T03:00:00Z,21,1.2,1.2894,1.42,ewam
2026-08-19,2026-08-21T04:00:00Z,46,1.4,1.3192,1.4,ewam
2026-08-20,2026-08-21T04:00:00Z,22,1.4,1.2797,1.4,ewam
2026-08-19,2026-08-21T05:00:00Z,47,1.4,1.3124,1.38,ewam
2026-08-20,2026-08-21T05:00:00Z,23,1.4,1.2625,1.36,ewam
2026-08-19,2026-08-21T06:00:00Z,48,1.3,1.3208,1.36,ewam
2026-08-20,2026-08-21T06:00:00Z,24,1.3,1.2666,1.34,ewam
2026-08-20,2026-08-21T07:00:00Z,25,1.3,1.146,1.32,ewam
2026-08-21,2026-08-21T07:00:00Z,1,1.3,1.2855,1.32,ewam
2026-08-20,2026-08-21T08:00:00Z,26,1.6,1.1395,1.28,ewam
2026-08-21,2026-08-21T08:00:00Z,2,1.6,1.2917,1.3,ewam
2026-08-20,2026-08-21T09:00:00Z,27,1.6,1.1215,1.26,ewam
2026-08-21,2026-08-21T09:00:00Z,3,1.6,1.232,1.26,ewam
2026-08-20,2026-08-21T10:00:00Z,28,1.6,1.1234,1.24,ewam
2026-08-21,2026-08-21T10:00:00Z,4,1.3,1.2386,1.24,ewam
2026-08-20,2026-08-21T11:00:00Z,29,1.3,1.1204,1.22,ewam
2026-08-21,2026-08-21T11:00:00Z,5,1.3,1.2545,1.2,ewam
2026-08-20,2026-08-21T12:00:00Z,30,1.2,1.1129,1.2,ewam
2026-08-21,2026-08-21T12:00:00Z,6,1.2,1.2799,1.2,ewam
2026-08-20,2026-08-21T13:00:00Z,31,1.1,1.096,1.22,ewam
2026-08-21,2026-08-21T13:00:00Z,7,1.1,1.2106,1.2,ewam
2026-08-20,2026-08-21T14:00:00Z,32,1.1,1.1612,1.3,ewam
2026-08-21,2026-08-21T14:00:00Z,8,1.1,1.1598,1.24,ewam
2026-08-20,2026-08-21T15:00:00Z,33,1.1,1.1533,1.38,ewam
2026-08-21,2026-08-21T15:00:00Z,9,1.1,1.2547,1.32,ewam
2026-08-20,2026-08-21T16:00:00Z,34,1.1,1.1391,1.42,ewam
2026-08-21,2026-08-21T16:00:00Z,10,1.1,1.1935,1.38,ewam
2026-08-20,2026-08-21T17:00:00Z,35,1.2,1.1644,1.46,ewam
2026-08-21,2026-08-21T17:00:00Z,11,1.2,1.2128,1.42,ewam
2026-08-20,2026-08-21T18:00:00Z,36,1.1,1.1692,1.48,ewam
2026-08-21,2026-08-21T18:00:00Z,12,1.1,1.1518,1.4,ewam
2026-08-20,2026-08-21T19:00:00Z,37,1.2,1.1401,1.48,ewam
2026-08-21,2026-08-21T19:00:00Z,13,1.2,1.1538,1.34,ewam
2026-08-20,2026-08-21T20:00:00Z,38,1.2,1.1086,1.4,ewam
2026-08-21,2026-08-21T20:00:00Z,14,1.2,1.1259,1.3,ewam
2026-08-20,2026-08-21T21:00:00Z,39,1.1,1.0961,1.3,ewam
2026-08-21,2026-08-21T21:00:00Z,15,1.1,0.9853,1.24,ewam
2026-08-20,2026-08-21T22:00:00Z,40,1.0,0.9982,1.22,ewam
2026-08-21,2026-08-21T22:00:00Z,16,1.0,0.9942,1.24,ewam
2026-08-20,2026-08-21T23:00:00Z,41,1.0,0.9583,1.16,ewam
2026-08-21,2026-08-21T23:00:00Z,17,1.0,0.986,1.22,ewam
2026-08-20,2026-08-22T00:00:00Z,42,1.0,0.9296,1.1,ewam
2026-08-21,2026-08-22T00:00:00Z,18,1.0,0.9713,1.16,ewam
2026-08-20,2026-08-22T01:00:00Z,43,1.1,0.8995,1.04,ewam
2026-08-21,2026-08-22T01:00:00Z,19,1.1,0.9572,1.08,ewam
2026-08-20,2026-08-22T02:00:00Z,44,1.0,0.8533,1.0,ewam
2026-08-21,2026-08-22T02:00:00Z,20,1.0,0.8901,1.02,ewam
2026-08-20,2026-08-22T03:00:00Z,45,0.9,0.8234,0.96,ewam
2026-08-21,2026-08-22T03:00:00Z,21,0.9,0.8816,0.96,ewam
2026-08-20,2026-08-22T04:00:00Z,46,0.8,0.7893,0.9,ewam
2026-08-21,2026-08-22T04:00:00Z,22,0.8,0.8668,0.9,ewam
2026-08-20,2026-08-22T05:00:00Z,47,0.9,0.779,0.86,ewam
2026-08-21,2026-08-22T05:00:00Z,23,0.9,0.7773,0.84,ewam
2026-08-20,2026-08-22T06:00:00Z,48,0.8,0.7667,0.82,ewam
2026-08-21,2026-08-22T06:00:00Z,24,0.8,0.7623,0.8,ewam
2026-08-21,2026-08-22T07:00:00Z,25,0.7,0.6964,0.78,ewam
2026-08-22,2026-08-22T07:00:00Z,1,0.7,0.7598,0.8,ewam
2026-08-21,2026-08-22T08:00:00Z,26,0.8,0.6568,0.74,ewam
2026-08-22,2026-08-22T08:00:00Z,2,0.8,0.6858,0.78,ewam
2026-08-21,2026-08-22T09:00:00Z,27,0.7,0.5912,0.72,ewam
2026-08-22,2026-08-22T09:00:00Z,3,0.7,0.6546,0.76,ewam
2026-08-21,2026-08-22T10:00:00Z,28,0.8,0.579,0.7,ewam
2026-08-22,2026-08-22T10:00:00Z,4,0.7,0.6514,0.74,ewam
2026-08-21,2026-08-22T11:00:00Z,29,0.7,0.5186,0.7,ewam
2026-08-22,2026-08-22T11:00:00Z,5,0.7,0.6446,0.74,ewam
2026-08-21,2026-08-22T12:00:00Z,30,0.8,0.5072,0.68,ewam
2026-08-22,2026-08-22T12:00:00Z,6,0.8,0.6356,0.74,ewam
2026-08-21,2026-08-22T13:00:00Z,31,0.7,0.5338,0.66,ewam
2026-08-22,2026-08-22T13:00:00Z,7,0.7,0.6223,0.72,ewam
2026-08-21,2026-08-22T14:00:00Z,32,0.6,0.5307,0.64,ewam
2026-08-22,2026-08-22T14:00:00Z,8,0.6,0.6394,0.7,ewam
2026-08-21,2026-08-22T15:00:00Z,33,0.5,0.5113,0.62,ewam
2026-08-22,2026-08-22T15:00:00Z,9,0.5,0.5961,0.68,ewam
2026-08-21,2026-08-22T16:00:00Z,34,0.5,0.4905,0.6,ewam
2026-08-22,2026-08-22T16:00:00Z,10,0.5,0.5726,0.66,ewam
2026-08-21,2026-08-22T17:00:00Z,35,0.5,0.4911,0.6,ewam
2026-08-22,2026-08-22T17:00:00Z,11,0.5,0.5857,0.66,ewam
2026-08-21,2026-08-22T18:00:00Z,36,0.4,0.485,0.58,ewam
2026-08-22,2026-08-22T18:00:00Z,12,0.4,0.5707,0.64,ewam
2026-08-21,2026-08-22T19:00:00Z,37,0.4,0.4913,0.58,ewam
2026-08-22,2026-08-22T19:00:00Z,13,0.4,0.539,0.64,ewam
2026-08-21,2026-08-22T20:00:00Z,38,0.4,0.4943,0.6,ewam
2026-08-22,2026-08-22T20:00:00Z,14,0.4,0.4873,0.64,ewam
2026-08-21,2026-08-22T21:00:00Z,39,0.4,0.4331,0.64,ewam
2026-08-22,2026-08-22T21:00:00Z,15,0.4,0.5316,0.64,ewam
2026-08-21,2026-08-22T22:00:00Z,40,0.5,0.4563,0.7,ewam
2026-08-22,2026-08-22T22:00:00Z,16,0.5,0.55,0.68,ewam
2026-08-21,2026-08-22T23:00:00Z,41,0.5,0.4593,0.76,ewam
2026-08-22,2026-08-22T23:00:00Z,17,0.5,0.5568,0.76,ewam
2026-08-21,2026-08-23T00:00:00Z,42,0.5,0.5125,0.76,ewam
2026-08-22,2026-08-23T00:00:00Z,18,0.5,0.5575,0.78,ewam
2026-08-21,2026-08-23T01:00:00Z,43,0.5,0.5016,0.74,ewam
2026-08-22,2026-08-23T01:00:00Z,19,0.5,0.5615,0.76,ewam
2026-08-21,2026-08-23T02:00:00Z,44,0.5,0.5332,0.72,ewam
2026-08-22,2026-08-23T02:00:00Z,20,0.5,0.5749,0.72,ewam
2026-08-21,2026-08-23T03:00:00Z,45,0.5,0.5338,0.68,ewam
2026-08-22,2026-08-23T03:00:00Z,21,0.5,0.6147,0.7,ewam
2026-08-21,2026-08-23T04:00:00Z,46,0.5,0.5618,0.68,ewam
2026-08-22,2026-08-23T04:00:00Z,22,0.5,0.6576,0.7,ewam
2026-08-21,2026-08-23T05:00:00Z,47,0.4,0.5588,0.68,ewam
2026-08-22,2026-08-23T05:00:00Z,23,0.4,0.6595,0.7,ewam
2026-08-21,2026-08-23T06:00:00Z,48,0.5,0.584,0.68,ewam
2026-08-22,2026-08-23T06:00:00Z,24,0.5,0.662,0.72,ewam
2026-08-22,2026-08-23T07:00:00Z,25,0.6,0.6215,0.74,ewam
2026-08-23,2026-08-23T07:00:00Z,1,0.6,0.5509,0.74,ewam
2026-08-22,2026-08-23T08:00:00Z,26,0.6,0.6148,0.76,ewam
2026-08-23,2026-08-23T08:00:00Z,2,0.6,0.6018,0.78,ewam
2026-08-22,2026-08-23T09:00:00Z,27,0.6,0.6304,0.76,ewam
2026-08-23,2026-08-23T09:00:00Z,3,0.6,0.6199,0.78,ewam
2026-08-22,2026-08-23T10:00:00Z,28,0.7,0.6609,0.76,ewam
2026-08-23,2026-08-23T10:00:00Z,4,0.6,0.5797,0.74,ewam
2026-08-22,2026-08-23T11:00:00Z,29,0.6,0.6466,0.76,ewam
2026-08-23,2026-08-23T11:00:00Z,5,0.6,0.5604,0.7,ewam
2026-08-22,2026-08-23T12:00:00Z,30,0.6,0.6074,0.74,ewam
2026-08-23,2026-08-23T12:00:00Z,6,0.6,0.5205,0.66,ewam
2026-08-22,2026-08-23T13:00:00Z,31,0.6,0.5952,0.74,ewam
2026-08-23,2026-08-23T13:00:00Z,7,0.6,0.5003,0.62,ewam
2026-08-22,2026-08-23T14:00:00Z,32,0.6,0.5742,0.74,ewam
2026-08-23,2026-08-23T14:00:00Z,8,0.6,0.484,0.58,ewam
2026-08-22,2026-08-23T15:00:00Z,33,0.5,0.5621,0.72,ewam
2026-08-23,2026-08-23T15:00:00Z,9,0.5,0.4976,0.56,ewam
2026-08-22,2026-08-23T16:00:00Z,34,0.4,0.547,0.68,ewam
2026-08-23,2026-08-23T16:00:00Z,10,0.4,0.4918,0.56,ewam
2026-08-22,2026-08-23T17:00:00Z,35,0.4,0.5352,0.66,ewam
2026-08-23,2026-08-23T17:00:00Z,11,0.4,0.4886,0.56,ewam
2026-08-22,2026-08-23T18:00:00Z,36,0.4,0.5255,0.64,ewam
2026-08-23,2026-08-23T18:00:00Z,12,0.4,0.4818,0.58,ewam
2026-08-22,2026-08-23T19:00:00Z,37,0.4,0.5114,0.64,ewam
2026-08-23,2026-08-23T19:00:00Z,13,0.4,0.5535,0.58,ewam
2026-08-22,2026-08-23T20:00:00Z,38,0.5,0.5181,0.64,ewam
2026-08-23,2026-08-23T20:00:00Z,14,0.5,0.5526,0.56,ewam
2026-08-22,2026-08-23T21:00:00Z,39,0.5,0.5525,0.64,ewam
2026-08-23,2026-08-23T21:00:00Z,15,0.5,0.5275,0.56,ewam
2026-08-22,2026-08-23T22:00:00Z,40,0.5,0.5579,0.64,ewam
2026-08-23,2026-08-23T22:00:00Z,16,0.5,0.5488,0.58,ewam
2026-08-22,2026-08-23T23:00:00Z,41,0.5,0.5977,0.68,ewam
2026-08-23,2026-08-23T23:00:00Z,17,0.5,0.5473,0.62,ewam
2026-08-22,2026-08-24T00:00:00Z,42,0.4,0.5632,0.74,ewam
2026-08-23,2026-08-24T00:00:00Z,18,0.4,0.5397,0.66,ewam
2026-08-22,2026-08-24T01:00:00Z,43,0.5,0.6893,0.82,ewam
2026-08-23,2026-08-24T01:00:00Z,19,0.5,0.6129,0.76,ewam
2026-08-22,2026-08-24T02:00:00Z,44,0.5,0.6438,0.86,ewam
2026-08-23,2026-08-24T02:00:00Z,20,0.5,0.6725,0.86,ewam
2026-08-22,2026-08-24T03:00:00Z,45,0.6,0.6808,0.88,ewam
2026-08-23,2026-08-24T03:00:00Z,21,0.6,0.6977,0.9,ewam
2026-08-22,2026-08-24T04:00:00Z,46,0.6,0.7306,0.9,ewam
2026-08-23,2026-08-24T04:00:00Z,22,0.6,0.7125,0.94,ewam
2026-08-22,2026-08-24T05:00:00Z,47,0.7,0.7102,0.88,ewam
2026-08-23,2026-08-24T05:00:00Z,23,0.7,0.7133,0.94,ewam
2026-08-22,2026-08-24T06:00:00Z,48,0.7,0.6342,0.84,ewam
2026-08-23,2026-08-24T06:00:00Z,24,0.7,0.7428,0.94,ewam
2026-08-23,2026-08-24T07:00:00Z,25,0.6,0.7177,0.9,ewam
2026-08-24,2026-08-24T07:00:00Z,1,0.6,0.6603,0.94,ewam
2026-08-23,2026-08-24T08:00:00Z,26,0.7,0.729,0.9,ewam
2026-08-24,2026-08-24T08:00:00Z,2,0.7,0.6822,0.98,ewam
2026-08-23,2026-08-24T09:00:00Z,27,0.7,0.7183,0.88,ewam
2026-08-24,2026-08-24T09:00:00Z,3,0.7,0.6753,0.98,ewam
2026-08-23,2026-08-24T10:00:00Z,28,0.7,0.6564,0.86,ewam
2026-08-24,2026-08-24T10:00:00Z,4,0.7,0.6366,0.92,ewam
2026-08-23,2026-08-24T11:00:00Z,29,0.7,0.5944,0.84,ewam
2026-08-24,2026-08-24T11:00:00Z,5,0.6,0.6016,0.92,ewam
2026-08-23,2026-08-24T12:00:00Z,30,0.5,0.5591,0.8,ewam
2026-08-24,2026-08-24T12:00:00Z,6,0.5,0.59,0.86,ewam
2026-08-23,2026-08-24T13:00:00Z,31,0.5,0.5724,0.74,ewam
2026-08-24,2026-08-24T13:00:00Z,7,0.5,0.5706,0.82,ewam
2026-08-23,2026-08-24T14:00:00Z,32,0.5,0.5692,0.7,ewam
2026-08-24,2026-08-24T14:00:00Z,8,0.5,0.5832,0.8,ewam
2026-08-23,2026-08-24T15:00:00Z,33,0.5,0.5396,0.68,ewam
2026-08-24,2026-08-24T15:00:00Z,9,0.5,0.5527,0.78,ewam
2026-08-23,2026-08-24T16:00:00Z,34,0.4,0.503,0.64,ewam
2026-08-24,2026-08-24T16:00:00Z,10,0.4,0.5385,0.78,ewam
2026-08-23,2026-08-24T17:00:00Z,35,0.3,0.5025,0.6,ewam
2026-08-24,2026-08-24T17:00:00Z,11,0.3,0.5297,0.78,ewam
2026-08-23,2026-08-24T18:00:00Z,36,0.4,0.4486,0.58,ewam
2026-08-24,2026-08-24T18:00:00Z,12,0.4,0.5128,0.78,ewam
2026-08-23,2026-08-24T19:00:00Z,37,0.3,0.4647,0.58,ewam
2026-08-24,2026-08-24T19:00:00Z,13,0.3,0.4765,0.76,ewam
2026-08-23,2026-08-24T20:00:00Z,38,0.3,0.478,0.58,ewam
2026-08-24,2026-08-24T20:00:00Z,14,0.3,0.4595,0.76,ewam
2026-08-23,2026-08-24T21:00:00Z,39,0.4,0.4768,0.58,ewam
2026-08-24,2026-08-24T21:00:00Z,15,0.4,0.4675,0.74,ewam
2026-08-23,2026-08-24T22:00:00Z,40,0.6,0.4731,0.6,ewam
2026-08-24,2026-08-24T22:00:00Z,16,0.6,0.4702,0.74,ewam
2026-08-23,2026-08-24T23:00:00Z,41,0.8,0.4729,0.6,ewam
2026-08-24,2026-08-24T23:00:00Z,17,0.8,0.4932,0.72,ewam
2026-08-23,2026-08-25T00:00:00Z,42,0.7,0.4388,0.62,ewam
2026-08-24,2026-08-25T00:00:00Z,18,0.7,0.4846,0.72,ewam
2026-08-23,2026-08-25T01:00:00Z,43,0.7,0.4528,0.62,ewam
2026-08-24,2026-08-25T01:00:00Z,19,0.7,0.4717,0.7,ewam
2026-08-23,2026-08-25T02:00:00Z,44,0.6,0.4795,0.62,ewam
2026-08-24,2026-08-25T02:00:00Z,20,0.6,0.4717,0.7,ewam
2026-08-23,2026-08-25T03:00:00Z,45,0.6,0.4812,0.64,ewam
2026-08-24,2026-08-25T03:00:00Z,21,0.6,0.4608,0.7,ewam
2026-08-23,2026-08-25T04:00:00Z,46,0.6,0.4943,0.68,ewam
2026-08-24,2026-08-25T04:00:00Z,22,0.6,0.4655,0.68,ewam
2026-08-23,2026-08-25T05:00:00Z,47,0.6,0.4955,0.68,ewam
2026-08-24,2026-08-25T05:00:00Z,23,0.6,0.4464,0.66,ewam
2026-08-23,2026-08-25T06:00:00Z,48,0.6,0.515,0.7,ewam
2026-08-24,2026-08-25T06:00:00Z,24,0.6,0.4594,0.66,ewam
2026-08-24,2026-08-25T07:00:00Z,25,0.6,0.4665,0.64,ewam
2026-08-25,2026-08-25T07:00:00Z,1,0.6,0.5537,0.66,ewam
2026-08-24,2026-08-25T08:00:00Z,26,0.5,0.4733,0.62,ewam
2026-08-25,2026-08-25T08:00:00Z,2,0.5,0.5409,0.64,ewam
2026-08-24,2026-08-25T09:00:00Z,27,0.5,0.4726,0.62,ewam
2026-08-25,2026-08-25T09:00:00Z,3,0.5,0.4973,0.64,ewam
2026-08-24,2026-08-25T10:00:00Z,28,0.5,0.4564,0.6,ewam
2026-08-25,2026-08-25T10:00:00Z,4,0.4,0.5072,0.62,ewam
2026-08-24,2026-08-25T11:00:00Z,29,0.6,0.4474,0.58,ewam
2026-08-25,2026-08-25T11:00:00Z,5,0.6,0.5106,0.62,ewam
2026-08-24,2026-08-25T12:00:00Z,30,0.6,0.4323,0.58,ewam
2026-08-25,2026-08-25T12:00:00Z,6,0.6,0.5103,0.62,ewam
2026-08-24,2026-08-25T13:00:00Z,31,0.6,0.4456,0.56,ewam
2026-08-25,2026-08-25T13:00:00Z,7,0.6,0.5432,0.62,ewam
2026-08-24,2026-08-25T14:00:00Z,32,0.7,0.4868,0.54,ewam
2026-08-25,2026-08-25T14:00:00Z,8,0.7,0.5617,0.64,ewam
2026-08-24,2026-08-25T15:00:00Z,33,0.6,0.5133,0.54,ewam
2026-08-25,2026-08-25T15:00:00Z,9,0.6,0.5707,0.66,ewam
2026-08-24,2026-08-25T16:00:00Z,34,0.6,0.5016,0.52,ewam
2026-08-25,2026-08-25T16:00:00Z,10,0.6,0.6022,0.7,ewam
2026-08-24,2026-08-25T17:00:00Z,35,0.6,0.5073,0.52,ewam
2026-08-25,2026-08-25T17:00:00Z,11,0.6,0.5966,0.74,ewam
2026-08-24,2026-08-25T18:00:00Z,36,0.6,0.5124,0.54,ewam
2026-08-25,2026-08-25T18:00:00Z,12,0.6,0.6538,0.8,ewam
2026-08-24,2026-08-25T19:00:00Z,37,0.6,0.5336,0.56,ewam
2026-08-25,2026-08-25T19:00:00Z,13,0.6,0.5731,0.84,ewam
2026-08-24,2026-08-25T20:00:00Z,38,0.5,0.6049,0.6,ewam
2026-08-25,2026-08-25T20:00:00Z,14,0.5,0.5624,0.88,ewam
2026-08-24,2026-08-25T21:00:00Z,39,0.6,0.6089,0.68,ewam
2026-08-25,2026-08-25T21:00:00Z,15,0.6,0.5661,0.88,ewam
2026-08-24,2026-08-25T22:00:00Z,40,0.6,0.6995,0.76,ewam
2026-08-25,2026-08-25T22:00:00Z,16,0.6,0.5761,0.88,ewam
2026-08-24,2026-08-25T23:00:00Z,41,0.6,0.8053,0.84,ewam
2026-08-25,2026-08-25T23:00:00Z,17,0.6,0.5763,0.88,ewam
2026-08-24,2026-08-26T00:00:00Z,42,0.6,0.8564,0.9,ewam
2026-08-25,2026-08-26T00:00:00Z,18,0.6,0.5671,0.86,ewam
2026-08-24,2026-08-26T01:00:00Z,43,0.6,0.8632,0.94,ewam
2026-08-25,2026-08-26T01:00:00Z,19,0.6,0.5197,0.86,ewam
2026-08-24,2026-08-26T02:00:00Z,44,0.5,0.9191,0.98,ewam
2026-08-25,2026-08-26T02:00:00Z,20,0.5,0.518,0.84,ewam
2026-08-24,2026-08-26T03:00:00Z,45,0.6,0.927,0.98,ewam
2026-08-25,2026-08-26T03:00:00Z,21,0.6,0.5423,0.84,ewam
2026-08-24,2026-08-26T04:00:00Z,46,0.6,0.9079,0.96,ewam
2026-08-25,2026-08-26T04:00:00Z,22,0.6,0.5455,0.86,ewam
2026-08-24,2026-08-26T05:00:00Z,47,0.6,0.8882,0.94,ewam
2026-08-25,2026-08-26T05:00:00Z,23,0.6,0.5476,0.86,ewam
2026-08-24,2026-08-26T06:00:00Z,48,0.6,0.8842,0.92,ewam
2026-08-25,2026-08-26T06:00:00Z,24,0.6,0.5385,0.86,ewam
2026-08-25,2026-08-26T07:00:00Z,25,0.6,0.6239,0.86,ewam
2026-08-26,2026-08-26T07:00:00Z,1,0.6,0.5756,0.88,ewam
2026-08-25,2026-08-26T08:00:00Z,26,0.6,0.6213,0.86,ewam
2026-08-26,2026-08-26T08:00:00Z,2,0.6,0.5528,0.88,ewam
2026-08-25,2026-08-26T09:00:00Z,27,0.6,0.5811,0.86,ewam
2026-08-26,2026-08-26T09:00:00Z,3,0.6,0.5475,0.86,ewam
2026-08-25,2026-08-26T10:00:00Z,28,0.7,0.5655,0.86,ewam
2026-08-26,2026-08-26T10:00:00Z,4,0.7,0.509,0.86,ewam
2026-08-25,2026-08-26T11:00:00Z,29,0.7,0.574,0.86,ewam
2026-08-26,2026-08-26T11:00:00Z,5,0.7,0.5043,0.86,ewam
2026-08-25,2026-08-26T12:00:00Z,30,0.8,0.6386,0.92,ewam
2026-08-26,2026-08-26T12:00:00Z,6,0.8,0.5096,0.84,ewam
2026-08-25,2026-08-26T13:00:00Z,31,0.8,0.6622,0.96,ewam
2026-08-26,2026-08-26T13:00:00Z,7,0.8,0.5322,0.84,ewam
2026-08-25,2026-08-26T14:00:00Z,32,0.8,0.6404,0.92,ewam
2026-08-26,2026-08-26T14:00:00Z,8,0.8,0.5461,0.86,ewam
2026-08-25,2026-08-26T15:00:00Z,33,0.7,0.6006,0.84,ewam
2026-08-26,2026-08-26T15:00:00Z,9,0.7,0.5439,0.84,ewam
2026-08-25,2026-08-26T16:00:00Z,34,0.7,0.5757,0.8,ewam
2026-08-26,2026-08-26T16:00:00Z,10,0.7,0.5362,0.82,ewam
2026-08-25,2026-08-26T17:00:00Z,35,0.6,0.5637,0.76,ewam
2026-08-26,2026-08-26T17:00:00Z,11,0.6,0.5454,0.8,ewam
2026-08-25,2026-08-26T18:00:00Z,36,0.6,0.5333,0.74,ewam
2026-08-26,2026-08-26T18:00:00Z,12,0.6,0.5238,0.78,ewam
2026-08-25,2026-08-26T19:00:00Z,37,0.5,0.5643,0.76,ewam
2026-08-26,2026-08-26T19:00:00Z,13,0.5,0.6565,0.86,ewam
2026-08-25,2026-08-26T20:00:00Z,38,0.5,0.6271,0.74,ewam
2026-08-26,2026-08-26T20:00:00Z,14,0.5,0.8265,1.1,ewam
2026-08-25,2026-08-26T21:00:00Z,39,0.5,0.6215,0.7,ewam
2026-08-26,2026-08-26T21:00:00Z,15,0.5,0.8133,1.06,ewam
2026-08-25,2026-08-26T22:00:00Z,40,0.5,0.694,0.72,ewam
2026-08-26,2026-08-26T22:00:00Z,16,0.5,0.7994,0.98,ewam
2026-08-25,2026-08-26T23:00:00Z,41,0.5,0.6895,0.74,ewam
2026-08-26,2026-08-26T23:00:00Z,17,0.5,0.8766,0.94,ewam
2026-08-25,2026-08-27T00:00:00Z,42,0.5,0.7982,0.82,ewam
2026-08-26,2026-08-27T00:00:00Z,18,0.5,0.8802,0.9,ewam
2026-08-25,2026-08-27T01:00:00Z,43,0.5,0.8221,0.96,ewam
2026-08-26,2026-08-27T01:00:00Z,19,0.5,0.8883,0.92,ewam
2026-08-25,2026-08-27T02:00:00Z,44,0.6,0.9472,1.08,ewam
2026-08-26,2026-08-27T02:00:00Z,20,0.6,0.948,1.0,ewam
2026-08-25,2026-08-27T03:00:00Z,45,0.6,1.0162,1.16,ewam
2026-08-26,2026-08-27T03:00:00Z,21,0.6,1.0094,1.14,ewam
2026-08-25,2026-08-27T04:00:00Z,46,0.7,1.0188,1.2,ewam
2026-08-26,2026-08-27T04:00:00Z,22,0.7,1.0157,1.26,ewam
2026-08-25,2026-08-27T05:00:00Z,47,0.7,1.0685,1.2,ewam
2026-08-26,2026-08-27T05:00:00Z,23,0.7,1.0581,1.36,ewam
2026-08-25,2026-08-27T06:00:00Z,48,0.7,1.1242,1.22,ewam
2026-08-26,2026-08-27T06:00:00Z,24,0.7,1.0749,1.4,ewam
2026-08-26,2026-08-27T07:00:00Z,25,0.7,1.1351,1.42,ewam
2026-08-27,2026-08-27T07:00:00Z,1,0.7,0.8157,1.16,ewam
2026-08-26,2026-08-27T08:00:00Z,26,0.7,1.1564,1.46,ewam
2026-08-27,2026-08-27T08:00:00Z,2,0.7,0.8464,1.14,ewam
2026-08-26,2026-08-27T09:00:00Z,27,0.7,1.2048,1.52,ewam
2026-08-27,2026-08-27T09:00:00Z,3,0.7,0.8579,1.1,ewam
2026-08-26,2026-08-27T10:00:00Z,28,0.8,1.2534,1.6,ewam
2026-08-27,2026-08-27T10:00:00Z,4,0.8,0.8749,1.08,ewam
2026-08-26,2026-08-27T11:00:00Z,29,1.0,1.3457,1.66,ewam
2026-08-27,2026-08-27T11:00:00Z,5,1.0,0.8889,1.08,ewam
2026-08-26,2026-08-27T12:00:00Z,30,1.2,1.3429,1.66,ewam
2026-08-27,2026-08-27T12:00:00Z,6,1.2,0.8595,1.02,ewam
2026-08-26,2026-08-27T13:00:00Z,31,1.1,1.3357,1.66,ewam
2026-08-27,2026-08-27T13:00:00Z,7,1.1,0.8588,1.02,ewam
2026-08-26,2026-08-27T14:00:00Z,32,1.1,1.2682,1.62,ewam
2026-08-27,2026-08-27T14:00:00Z,8,1.1,0.8716,1.0,ewam
2026-08-26,2026-08-27T15:00:00Z,33,1.0,1.2514,1.56,ewam
2026-08-27,2026-08-27T15:00:00Z,9,1.0,0.8676,0.98,ewam
2026-08-26,2026-08-27T16:00:00Z,34,1.0,1.1906,1.52,ewam
2026-08-27,2026-08-27T16:00:00Z,10,1.0,0.8509,0.96,ewam
2026-08-26,2026-08-27T17:00:00Z,35,0.9,1.1274,1.46,ewam
2026-08-27,2026-08-27T17:00:00Z,11,0.9,0.8359,0.96,ewam
2026-08-26,2026-08-27T18:00:00Z,36,0.9,1.1125,1.44,ewam
2026-08-27,2026-08-27T18:00:00Z,12,0.9,0.768,0.94,ewam
2026-08-26,2026-08-27T19:00:00Z,37,0.9,1.095,1.42,ewam
2026-08-27,2026-08-27T19:00:00Z,13,0.9,0.8884,0.94,ewam
2026-08-26,2026-08-27T20:00:00Z,38,0.9,1.1017,1.42,ewam
2026-08-27,2026-08-27T20:00:00Z,14,0.9,0.8864,0.92,ewam
2026-08-26,2026-08-27T21:00:00Z,39,0.9,1.1335,1.4,ewam
2026-08-27,2026-08-27T21:00:00Z,15,0.9,0.8824,0.92,ewam
2026-08-26,2026-08-27T22:00:00Z,40,0.9,1.1201,1.4,ewam
2026-08-27,2026-08-27T22:00:00Z,16,0.9,0.8882,0.92,ewam
2026-08-26,2026-08-27T23:00:00Z,41,0.9,1.0906,1.38,ewam
2026-08-27,2026-08-27T23:00:00Z,17,0.9,0.9067,0.92,ewam
2026-08-26,2026-08-28T00:00:00Z,42,0.9,1.0722,1.34,ewam
2026-08-27,2026-08-28T00:00:00Z,18,0.9,0.8923,0.9,ewam
2026-08-26,2026-08-28T01:00:00Z,43,0.9,1.0559,1.3,ewam
2026-08-27,2026-08-28T01:00:00Z,19,0.9,0.8689,0.92,ewam
2026-08-26,2026-08-28T02:00:00Z,44,1.0,0.9972,1.26,ewam
2026-08-27,2026-08-28T02:00:00Z,20,1.0,0.8487,0.92,ewam
2026-08-26,2026-08-28T03:00:00Z,45,1.1,0.9821,1.24,ewam
2026-08-27,2026-08-28T03:00:00Z,21,1.1,0.8625,0.92,ewam
2026-08-26,2026-08-28T04:00:00Z,46,1.0,0.9991,1.22,ewam
2026-08-27,2026-08-28T04:00:00Z,22,1.0,0.8653,0.94,ewam
2026-08-26,2026-08-28T05:00:00Z,47,1.0,0.9966,1.22,ewam
2026-08-27,2026-08-28T05:00:00Z,23,1.0,0.8908,0.94,ewam
2026-08-26,2026-08-28T06:00:00Z,48,0.9,0.9871,1.24,ewam
2026-08-27,2026-08-28T06:00:00Z,24,0.9,0.9216,0.96,ewam
2026-08-27,2026-08-28T07:00:00Z,25,0.9,0.9171,0.96,ewam
2026-08-28,2026-08-28T07:00:00Z,1,0.9,0.9875,0.96,ewam
2026-08-27,2026-08-28T08:00:00Z,26,0.9,0.9432,0.98,ewam
2026-08-28,2026-08-28T08:00:00Z,2,0.9,0.9935,0.96,ewam
2026-08-27,2026-08-28T09:00:00Z,27,0.9,0.9443,0.98,ewam
2026-08-28,2026-08-28T09:00:00Z,3,0.9,1.0201,1.0,ewam
2026-08-27,2026-08-28T10:00:00Z,28,1.0,0.9695,1.0,ewam
2026-08-28,2026-08-28T10:00:00Z,4,1.0,1.0213,1.02,ewam
2026-08-27,2026-08-28T11:00:00Z,29,1.0,1.0476,1.04,ewam
2026-08-28,2026-08-28T11:00:00Z,5,1.0,1.0305,1.04,ewam
2026-08-27,2026-08-28T12:00:00Z,30,1.0,1.0835,1.08,ewam
2026-08-28,2026-08-28T12:00:00Z,6,1.0,1.0336,1.06,ewam
2026-08-27,2026-08-28T13:00:00Z,31,1.1,1.055,1.1,ewam
2026-08-28,2026-08-28T13:00:00Z,7,1.1,1.0958,1.1,ewam
2026-08-27,2026-08-28T14:00:00Z,32,1.0,1.0441,1.14,ewam
2026-08-28,2026-08-28T14:00:00Z,8,1.0,1.0747,1.14,ewam
2026-08-27,2026-08-28T15:00:00Z,33,1.1,1.1378,1.18,ewam
2026-08-28,2026-08-28T15:00:00Z,9,1.1,1.0444,1.2,ewam
2026-08-27,2026-08-28T16:00:00Z,34,1.2,1.1516,1.24,ewam
2026-08-28,2026-08-28T16:00:00Z,10,1.2,1.0541,1.22,ewam
2026-08-27,2026-08-28T17:00:00Z,35,1.3,1.1896,1.3,ewam
2026-08-28,2026-08-28T17:00:00Z,11,1.3,1.1166,1.24,ewam
2026-08-27,2026-08-28T18:00:00Z,36,1.5,1.1874,1.36,ewam
2026-08-28,2026-08-28T18:00:00Z,12,1.5,1.1788,1.26,ewam
2026-08-27,2026-08-28T19:00:00Z,37,1.4,1.2327,1.42,ewam
2026-08-28,2026-08-28T19:00:00Z,13,1.4,1.2852,1.3,ewam
2026-08-27,2026-08-28T20:00:00Z,38,1.4,1.262,1.48,ewam
2026-08-28,2026-08-28T20:00:00Z,14,1.4,1.296,1.34,ewam
2026-08-27,2026-08-28T21:00:00Z,39,1.4,1.3765,1.52,ewam
2026-08-28,2026-08-28T21:00:00Z,15,1.4,1.3052,1.4,ewam
2026-08-27,2026-08-28T22:00:00Z,40,1.5,1.4315,1.54,ewam
2026-08-28,2026-08-28T22:00:00Z,16,1.5,1.4078,1.44,ewam
2026-08-27,2026-08-28T23:00:00Z,41,1.4,1.4169,1.54,ewam
2026-08-28,2026-08-28T23:00:00Z,17,1.4,1.377,1.46,ewam
2026-08-27,2026-08-29T00:00:00Z,42,1.5,1.428,1.54,ewam
2026-08-28,2026-08-29T00:00:00Z,18,1.5,1.4577,1.48,ewam
2026-08-27,2026-08-29T01:00:00Z,43,1.5,1.4678,1.56,ewam
2026-08-28,2026-08-29T01:00:00Z,19,1.5,1.4458,1.5,ewam
2026-08-27,2026-08-29T02:00:00Z,44,1.7,1.4775,1.6,ewam
2026-08-28,2026-08-29T02:00:00Z,20,1.7,1.4878,1.56,ewam
2026-08-27,2026-08-29T03:00:00Z,45,1.7,1.539,1.64,ewam
2026-08-28,2026-08-29T03:00:00Z,21,1.7,1.4776,1.66,ewam
2026-08-27,2026-08-29T04:00:00Z,46,2.0,1.636,1.74,ewam
2026-08-28,2026-08-29T04:00:00Z,22,2.0,1.6547,1.76,ewam
2026-08-27,2026-08-29T05:00:00Z,47,2.1,1.8177,1.8,ewam
2026-08-28,2026-08-29T05:00:00Z,23,2.1,1.9412,1.9,ewam
2026-08-27,2026-08-29T06:00:00Z,48,2.3,1.9502,2.02,ewam
2026-08-28,2026-08-29T06:00:00Z,24,2.3,2.0577,2.18,ewam
2026-08-28,2026-08-29T07:00:00Z,25,2.4,2.2866,2.68,ewam
2026-08-29,2026-08-29T07:00:00Z,1,2.4,2.6301,2.64,ewam
2026-08-28,2026-08-29T08:00:00Z,26,2.6,2.5724,2.84,ewam
2026-08-29,2026-08-29T08:00:00Z,2,2.6,2.8505,2.8,ewam
2026-08-28,2026-08-29T09:00:00Z,27,2.7,2.7788,2.88,ewam
2026-08-29,2026-08-29T09:00:00Z,3,2.7,2.8183,2.74,ewam
2026-08-28,2026-08-29T10:00:00Z,28,2.9,2.8151,2.9,ewam
2026-08-29,2026-08-29T10:00:00Z,4,2.9,2.8294,2.72,ewam
2026-08-28,2026-08-29T11:00:00Z,29,2.7,2.7821,2.94,ewam
2026-08-29,2026-08-29T11:00:00Z,5,2.7,2.8032,2.7,ewam
2026-08-28,2026-08-29T12:00:00Z,30,2.9,2.7833,2.94,ewam
2026-08-29,2026-08-29T12:00:00Z,6,2.9,2.8074,2.7,ewam
2026-08-28,2026-08-29T13:00:00Z,31,2.8,2.7514,2.9,ewam
2026-08-29,2026-08-29T13:00:00Z,7,2.8,2.7944,2.74,ewam
2026-08-28,2026-08-29T14:00:00Z,32,2.8,2.7322,2.86,ewam
2026-08-29,2026-08-29T14:00:00Z,8,2.7,2.7471,2.74,ewam
2026-08-28,2026-08-29T15:00:00Z,33,2.7,2.7339,2.82,ewam
2026-08-29,2026-08-29T15:00:00Z,9,3.0,2.6337,2.72,ewam
2026-08-28,2026-08-29T16:00:00Z,34,2.8,2.7462,2.78,ewam
2026-08-29,2026-08-29T16:00:00Z,10,2.8,2.6487,2.7,ewam
2026-08-28,2026-08-29T17:00:00Z,35,2.9,2.6357,2.72,ewam
2026-08-29,2026-08-29T17:00:00Z,11,2.9,2.5897,2.64,ewam
2026-08-28,2026-08-29T18:00:00Z,36,2.8,2.642,2.64,ewam
2026-08-29,2026-08-29T18:00:00Z,12,2.8,2.5937,2.6,ewam
2026-08-28,2026-08-29T19:00:00Z,37,2.9,2.5438,2.56,ewam
2026-08-29,2026-08-29T19:00:00Z,13,2.9,2.3367,2.52,ewam
2026-08-28,2026-08-29T20:00:00Z,38,2.8,2.5492,2.44,ewam
2026-08-29,2026-08-29T20:00:00Z,14,2.8,2.2936,2.46,ewam
2026-08-28,2026-08-29T21:00:00Z,39,2.6,2.6076,2.34,ewam
2026-08-29,2026-08-29T21:00:00Z,15,2.6,2.2205,2.38,ewam
2026-08-28,2026-08-29T22:00:00Z,40,2.5,2.5762,2.24,ewam
2026-08-29,2026-08-29T22:00:00Z,16,2.5,2.227,2.28,ewam
2026-08-28,2026-08-29T23:00:00Z,41,2.6,2.5265,2.14,ewam
2026-08-29,2026-08-29T23:00:00Z,17,2.6,2.2034,2.18,ewam
2026-08-28,2026-08-30T00:00:00Z,42,2.5,2.3821,2.06,ewam
2026-08-29,2026-08-30T00:00:00Z,18,2.5,2.1894,2.12,ewam
2026-08-28,2026-08-30T01:00:00Z,43,2.5,2.3587,1.98,ewam
2026-08-29,2026-08-30T01:00:00Z,19,2.5,2.1568,2.06,ewam
2026-08-28,2026-08-30T02:00:00Z,44,2.4,2.2237,1.92,ewam
2026-08-29,2026-08-30T02:00:00Z,20,2.4,2.0302,2.02,ewam
2026-08-28,2026-08-30T03:00:00Z,45,2.2,2.158,1.86,ewam
2026-08-29,2026-08-30T03:00:00Z,21,2.2,1.9595,1.96,ewam
2026-08-28,2026-08-30T04:00:00Z,46,2.2,2.0309,1.82,ewam
2026-08-29,2026-08-30T04:00:00Z,22,2.2,1.9184,1.9,ewam
2026-08-28,2026-08-30T05:00:00Z,47,2.0,2.0123,1.78,ewam
2026-08-29,2026-08-30T05:00:00Z,23,2.0,1.8726,1.86,ewam
2026-08-28,2026-08-30T06:00:00Z,48,1.9,1.9229,1.74,ewam
2026-08-29,2026-08-30T06:00:00Z,24,1.9,1.8313,1.8,ewam
2026-08-29,2026-08-30T07:00:00Z,25,1.9,1.8086,1.76,ewam
2026-08-30,2026-08-30T07:00:00Z,1,1.9,1.9479,1.72,ewam
2026-08-29,2026-08-30T08:00:00Z,26,1.7,1.7308,1.72,ewam
2026-08-30,2026-08-30T08:00:00Z,2,1.7,1.8942,1.68,ewam
2026-08-29,2026-08-30T09:00:00Z,27,1.6,1.664,1.7,ewam
2026-08-30,2026-08-30T09:00:00Z,3,1.6,1.8052,1.66,ewam
2026-08-29,2026-08-30T10:00:00Z,28,1.7,1.6551,1.68,ewam
2026-08-30,2026-08-30T10:00:00Z,4,1.7,1.8127,1.66,ewam
2026-08-29,2026-08-30T11:00:00Z,29,1.7,1.6437,1.7,ewam
2026-08-30,2026-08-30T11:00:00Z,5,1.7,1.8671,1.7,ewam
2026-08-29,2026-08-30T12:00:00Z,30,1.7,1.6461,1.74,ewam
2026-08-30,2026-08-30T12:00:00Z,6,1.7,1.8931,1.72,ewam
2026-08-29,2026-08-30T13:00:00Z,31,1.8,1.6292,1.78,ewam
2026-08-30,2026-08-30T13:00:00Z,7,1.8,1.9204,1.72,ewam
2026-08-29,2026-08-30T14:00:00Z,32,1.8,1.7058,1.82,ewam
2026-08-30,2026-08-30T14:00:00Z,8,1.8,1.9744,1.74,ewam
2026-08-29,2026-08-30T15:00:00Z,33,1.8,1.8093,1.86,ewam
2026-08-30,2026-08-30T15:00:00Z,9,1.8,1.9842,1.78,ewam
2026-08-29,2026-08-30T16:00:00Z,34,2.1,1.869,1.92,ewam
2026-08-30,2026-08-30T16:00:00Z,10,2.1,2.0496,1.84,ewam
2026-08-29,2026-08-30T17:00:00Z,35,2.2,1.969,2.02,ewam
2026-08-30,2026-08-30T17:00:00Z,11,2.2,2.1454,1.9,ewam
2026-08-29,2026-08-30T18:00:00Z,36,2.2,2.0434,2.14,ewam
2026-08-30,2026-08-30T18:00:00Z,12,2.2,2.2089,2.0,ewam
2026-08-29,2026-08-30T19:00:00Z,37,2.3,2.1406,2.2,ewam
2026-08-30,2026-08-30T19:00:00Z,13,2.3,2.2765,2.14,ewam
2026-08-29,2026-08-30T20:00:00Z,38,2.2,2.1885,2.24,ewam
2026-08-30,2026-08-30T20:00:00Z,14,2.2,2.2834,2.22,ewam
2026-08-29,2026-08-30T21:00:00Z,39,2.1,2.2123,2.26,ewam
2026-08-30,2026-08-30T21:00:00Z,15,2.1,2.3593,2.28,ewam
2026-08-29,2026-08-30T22:00:00Z,40,2.4,2.3051,2.28,ewam
2026-08-30,2026-08-30T22:00:00Z,16,2.4,2.4449,2.34,ewam
2026-08-29,2026-08-30T23:00:00Z,41,2.3,2.3416,2.3,ewam
2026-08-30,2026-08-30T23:00:00Z,17,2.3,2.5262,2.4,ewam
2026-08-29,2026-08-31T00:00:00Z,42,2.4,2.3962,2.38,ewam
2026-08-30,2026-08-31T00:00:00Z,18,2.4,2.5984,2.52,ewam
2026-08-29,2026-08-31T01:00:00Z,43,2.6,2.445,2.5,ewam
2026-08-30,2026-08-31T01:00:00Z,19,2.6,2.684,2.58,ewam
2026-08-29,2026-08-31T02:00:00Z,44,2.7,2.531,2.58,ewam
2026-08-30,2026-08-31T02:00:00Z,20,2.7,2.6928,2.6,ewam
2026-08-29,2026-08-31T03:00:00Z,45,2.7,2.5065,2.6,ewam
2026-08-30,2026-08-31T03:00:00Z,21,2.7,2.6541,2.62,ewam
2026-08-29,2026-08-31T04:00:00Z,46,2.7,2.4684,2.58,ewam
2026-08-30,2026-08-31T04:00:00Z,22,2.7,2.6642,2.6,ewam
2026-08-29,2026-08-31T05:00:00Z,47,2.8,2.4131,2.52,ewam
2026-08-30,2026-08-31T05:00:00Z,23,2.8,2.5867,2.54,ewam
2026-08-29,2026-08-31T06:00:00Z,48,2.7,2.3972,2.5,ewam
2026-08-30,2026-08-31T06:00:00Z,24,2.7,2.5463,2.5,ewam
2026-08-30,2026-08-31T07:00:00Z,25,2.8,2.5481,2.46,ewam
2026-08-31,2026-08-31T07:00:00Z,1,2.8,2.6581,2.46,ewam
2026-08-30,2026-08-31T08:00:00Z,26,2.9,2.4533,2.4,ewam
2026-08-31,2026-08-31T08:00:00Z,2,2.9,2.5719,2.4,ewam
2026-08-30,2026-08-31T09:00:00Z,27,2.7,2.4356,2.34,ewam
2026-08-31,2026-08-31T09:00:00Z,3,2.7,2.5303,2.32,ewam
2026-08-30,2026-08-31T10:00:00Z,28,2.7,2.3826,2.28,ewam
2026-08-31,2026-08-31T10:00:00Z,4,2.7,2.4687,2.24,ewam
2026-08-30,2026-08-31T11:00:00Z,29,2.5,2.3299,2.22,ewam
2026-08-31,2026-08-31T11:00:00Z,5,2.5,2.4529,2.18,ewam
2026-08-30,2026-08-31T12:00:00Z,30,2.6,2.3035,2.16,ewam
2026-08-31,2026-08-31T12:00:00Z,6,2.6,2.4013,2.12,ewam
2026-08-30,2026-08-31T13:00:00Z,31,2.3,2.2315,2.1,ewam
2026-08-31,2026-08-31T13:00:00Z,7,2.3,2.2895,2.06,ewam
2026-08-30,2026-08-31T14:00:00Z,32,2.2,2.2233,2.04,ewam
2026-08-31,2026-08-31T14:00:00Z,8,2.2,2.2069,2.0,ewam
2026-08-30,2026-08-31T15:00:00Z,33,2.1,2.1217,1.98,ewam
2026-08-31,2026-08-31T15:00:00Z,9,2.1,2.1704,1.96,ewam
2026-08-30,2026-08-31T16:00:00Z,34,2.1,2.0558,1.94,ewam
2026-08-31,2026-08-31T16:00:00Z,10,2.3,2.0743,1.92,ewam
2026-08-30,2026-08-31T17:00:00Z,35,2.2,2.0308,1.92,ewam
2026-08-31,2026-08-31T17:00:00Z,11,2.2,2.0923,1.9,ewam
2026-08-30,2026-08-31T18:00:00Z,36,2.2,1.9733,1.88,ewam
2026-08-31,2026-08-31T18:00:00Z,12,2.1,1.9744,1.86,ewam
2026-08-30,2026-08-31T19:00:00Z,37,2.0,1.8952,1.84,ewam
2026-08-31,2026-08-31T19:00:00Z,13,2.0,1.8891,1.82,ewam
2026-08-30,2026-08-31T20:00:00Z,38,2.1,1.8465,1.8,ewam
2026-08-31,2026-08-31T20:00:00Z,14,2.1,1.8285,1.78,ewam
2026-08-30,2026-08-31T21:00:00Z,39,2.0,1.8564,1.76,ewam
2026-08-31,2026-08-31T21:00:00Z,15,2.0,1.8264,1.76,ewam
2026-08-30,2026-08-31T22:00:00Z,40,2.0,1.8157,1.72,ewam
2026-08-31,2026-08-31T22:00:00Z,16,2.0,1.7109,1.74,ewam
2026-08-30,2026-08-31T23:00:00Z,41,1.7,1.7515,1.68,ewam
2026-08-31,2026-08-31T23:00:00Z,17,1.7,1.6863,1.74,ewam
2026-08-30,2026-09-01T00:00:00Z,42,1.9,1.7181,1.62,ewam
2026-08-31,2026-09-01T00:00:00Z,18,1.9,1.6912,1.72,ewam
2026-08-30,2026-09-01T01:00:00Z,43,1.8,1.716,1.58,ewam
2026-08-31,2026-09-01T01:00:00Z,19,1.8,1.6796,1.7,ewam
2026-08-30,2026-09-01T02:00:00Z,44,1.6,1.6185,1.54,ewam
2026-08-31,2026-09-01T02:00:00Z,20,1.6,1.5908,1.68,ewam
2026-08-30,2026-09-01T03:00:00Z,45,1.4,1.5809,1.5,ewam
2026-08-31,2026-09-01T03:00:00Z,21,1.4,1.5928,1.66,ewam
2026-08-30,2026-09-01T04:00:00Z,46,1.6,1.5153,1.46,ewam
2026-08-31,2026-09-01T04:00:00Z,22,1.6,1.569,1.62,ewam
2026-08-30,2026-09-01T05:00:00Z,47,1.5,1.5109,1.4,ewam
2026-08-31,2026-09-01T05:00:00Z,23,1.5,1.5596,1.58,ewam
2026-08-30,2026-09-01T06:00:00Z,48,1.6,1.4964,1.36,ewam
2026-08-31,2026-09-01T06:00:00Z,24,1.6,1.5419,1.54,ewam
2026-08-31,2026-09-01T07:00:00Z,25,1.4,1.4412,1.48,ewam
2026-09-01,2026-09-01T07:00:00Z,1,1.4,1.5141,1.48,ewam
2026-08-31,2026-09-01T08:00:00Z,26,1.4,1.3243,1.44,ewam
2026-09-01,2026-09-01T08:00:00Z,2,1.4,1.4702,1.44,ewam
2026-08-31,2026-09-01T09:00:00Z,27,1.5,1.1923,1.38,ewam
2026-09-01,2026-09-01T09:00:00Z,3,1.5,1.4174,1.38,ewam
2026-08-31,2026-09-01T10:00:00Z,28,1.5,1.1932,1.32,ewam
2026-09-01,2026-09-01T10:00:00Z,4,1.5,1.3852,1.32,ewam
2026-08-31,2026-09-01T11:00:00Z,29,1.4,1.1634,1.28,ewam
2026-09-01,2026-09-01T11:00:00Z,5,1.4,1.3115,1.28,ewam
2026-08-31,2026-09-01T12:00:00Z,30,1.3,1.1371,1.22,ewam
2026-09-01,2026-09-01T12:00:00Z,6,1.3,1.2438,1.22,ewam
2026-08-31,2026-09-01T13:00:00Z,31,1.4,1.1102,1.18,ewam
2026-09-01,2026-09-01T13:00:00Z,7,1.3,1.2173,1.18,ewam
2026-08-31,2026-09-01T14:00:00Z,32,1.2,1.0355,1.14,ewam
2026-09-01,2026-09-01T14:00:00Z,8,1.2,1.144,1.14,ewam
2026-08-31,2026-09-01T15:00:00Z,33,1.2,1.026,1.1,ewam
2026-09-01,2026-09-01T15:00:00Z,9,1.2,1.1132,1.1,ewam
2026-08-31,2026-09-01T16:00:00Z,34,1.0,0.9641,1.06,ewam
2026-09-01,2026-09-01T16:00:00Z,10,1.0,1.0713,1.06,ewam
2026-08-31,2026-09-01T17:00:00Z,35,1.1,0.9495,1.02,ewam
2026-09-01,2026-09-01T17:00:00Z,11,1.1,1.0382,1.02,ewam
2026-08-31,2026-09-01T18:00:00Z,36,1.1,0.9262,0.98,ewam
2026-09-01,2026-09-01T18:00:00Z,12,1.1,1.0125,0.98,ewam
2026-08-31,2026-09-01T19:00:00Z,37,1.1,0.912,0.96,ewam
2026-09-01,2026-09-01T19:00:00Z,13,1.1,0.9311,0.96,ewam
2026-08-31,2026-09-01T20:00:00Z,38,1.0,0.9046,0.94,ewam
2026-09-01,2026-09-01T20:00:00Z,14,1.0,0.8949,0.94,ewam
2026-08-31,2026-09-01T21:00:00Z,39,0.9,0.8862,0.92,ewam
2026-09-01,2026-09-01T21:00:00Z,15,0.9,0.8617,0.92,ewam
2026-08-31,2026-09-01T22:00:00Z,40,0.9,0.8446,0.88,ewam
2026-09-01,2026-09-01T22:00:00Z,16,0.9,0.7708,0.9,ewam
2026-08-31,2026-09-01T23:00:00Z,41,0.9,0.788,0.86,ewam
2026-09-01,2026-09-01T23:00:00Z,17,0.9,0.7594,0.88,ewam
2026-08-31,2026-09-02T00:00:00Z,42,0.9,0.7721,0.84,ewam
2026-09-01,2026-09-02T00:00:00Z,18,0.9,0.6982,0.84,ewam
2026-08-31,2026-09-02T01:00:00Z,43,0.8,0.7388,0.82,ewam
2026-09-01,2026-09-02T01:00:00Z,19,0.8,0.6948,0.82,ewam
2026-08-31,2026-09-02T02:00:00Z,44,0.8,0.6677,0.8,ewam
2026-09-01,2026-09-02T02:00:00Z,20,0.8,0.6498,0.8,ewam
2026-08-31,2026-09-02T03:00:00Z,45,0.7,0.6384,0.78,ewam
2026-09-01,2026-09-02T03:00:00Z,21,0.7,0.645,0.78,ewam
2026-08-31,2026-09-02T04:00:00Z,46,0.7,0.6361,0.76,ewam
2026-09-01,2026-09-02T04:00:00Z,22,0.7,0.6383,0.76,ewam
2026-08-31,2026-09-02T05:00:00Z,47,0.7,0.6385,0.74,ewam
2026-09-01,2026-09-02T05:00:00Z,23,0.7,0.5801,0.74,ewam
2026-08-31,2026-09-02T06:00:00Z,48,0.7,0.6248,0.72,ewam
2026-09-01,2026-09-02T06:00:00Z,24,0.7,0.5934,0.72,ewam
2026-09-01,2026-09-02T07:00:00Z,25,0.7,0.595,0.7,ewam
2026-09-02,2026-09-02T07:00:00Z,1,0.7,0.6171,0.7,ewam
2026-09-01,2026-09-02T08:00:00Z,26,0.7,0.6201,0.68,ewam
2026-09-02,2026-09-02T08:00:00Z,2,0.7,0.6097,0.68,ewam
2026-09-01,2026-09-02T09:00:00Z,27,0.6,0.5694,0.66,ewam
2026-09-02,2026-09-02T09:00:00Z,3,0.6,0.598,0.66,ewam
2026-09-01,2026-09-02T10:00:00Z,28,0.6,0.5777,0.66,ewam
2026-09-02,2026-09-02T10:00:00Z,4,0.6,0.5946,0.66,ewam
2026-09-01,2026-09-02T11:00:00Z,29,0.6,0.5494,0.64,ewam
2026-09-02,2026-09-02T11:00:00Z,5,0.6,0.6058,0.64,ewam
2026-09-01,2026-09-02T12:00:00Z,30,0.5,0.5432,0.64,ewam
2026-09-02,2026-09-02T12:00:00Z,6,0.5,0.6025,0.64,ewam
2026-09-01,2026-09-02T13:00:00Z,31,0.5,0.5542,0.64,ewam
2026-09-02,2026-09-02T13:00:00Z,7,0.6,0.5946,0.66,ewam
2026-09-01,2026-09-02T14:00:00Z,32,0.5,0.5781,0.64,ewam
2026-09-02,2026-09-02T14:00:00Z,8,0.5,0.6081,0.7,ewam
2026-09-01,2026-09-02T15:00:00Z,33,0.5,0.5649,0.66,ewam
2026-09-02,2026-09-02T15:00:00Z,9,0.5,0.6434,0.74,ewam
2026-09-01,2026-09-02T16:00:00Z,34,0.5,0.662,0.7,ewam
2026-09-02,2026-09-02T16:00:00Z,10,0.5,0.6541,0.78,ewam
2026-09-01,2026-09-02T17:00:00Z,35,0.6,0.6624,0.74,ewam
2026-09-02,2026-09-02T17:00:00Z,11,0.6,0.7106,0.82,ewam
2026-09-01,2026-09-02T18:00:00Z,36,0.7,0.6593,0.74,ewam
2026-09-02,2026-09-02T18:00:00Z,12,0.7,0.716,0.86,ewam
2026-09-01,2026-09-02T19:00:00Z,37,0.7,0.6423,0.76,ewam
2026-09-02,2026-09-02T19:00:00Z,13,0.7,0.6747,0.9,ewam
2026-09-01,2026-09-02T20:00:00Z,38,0.7,0.6782,0.78,ewam
2026-09-02,2026-09-02T20:00:00Z,14,0.7,0.7339,0.96,ewam
2026-09-01,2026-09-02T21:00:00Z,39,0.8,0.6837,0.8,ewam
2026-09-02,2026-09-02T21:00:00Z,15,0.8,0.8438,1.0,ewam
2026-09-01,2026-09-02T22:00:00Z,40,0.8,0.7342,0.82,ewam
2026-09-02,2026-09-02T22:00:00Z,16,0.8,0.85,1.04,ewam
2026-09-01,2026-09-02T23:00:00Z,41,0.9,0.8018,0.86,ewam
2026-09-02,2026-09-02T23:00:00Z,17,0.9,0.899,1.08,ewam
2026-09-01,2026-09-03T00:00:00Z,42,0.9,0.8252,0.88,ewam
2026-09-02,2026-09-03T00:00:00Z,18,0.9,0.9386,1.1,ewam
2026-09-01,2026-09-03T01:00:00Z,43,1.1,0.8332,0.92,ewam
2026-09-02,2026-09-03T01:00:00Z,19,1.1,0.9399,1.12,ewam
2026-09-01,2026-09-03T02:00:00Z,44,1.2,0.8346,0.94,ewam
2026-09-02,2026-09-03T02:00:00Z,20,1.2,0.9796,1.12,ewam
2026-09-01,2026-09-03T03:00:00Z,45,1.1,0.8971,0.94,ewam
2026-09-02,2026-09-03T03:00:00Z,21,1.1,0.9741,1.1,ewam
2026-09-01,2026-09-03T04:00:00Z,46,1.0,0.9104,0.96,ewam
2026-09-02,2026-09-03T04:00:00Z,22,1.0,0.9689,1.1,ewam
2026-09-01,2026-09-03T05:00:00Z,47,1.0,0.9142,0.96,ewam
2026-09-02,2026-09-03T05:00:00Z,23,1.0,0.9634,1.08,ewam
2026-09-01,2026-09-03T06:00:00Z,48,1.0,0.893,0.94,ewam
2026-09-02,2026-09-03T06:00:00Z,24,1.0,0.9443,1.06,ewam
2026-09-02,2026-09-03T07:00:00Z,25,1.0,0.8698,1.04,ewam
2026-09-03,2026-09-03T07:00:00Z,1,1.0,0.9577,1.04,ewam
2026-09-02,2026-09-03T08:00:00Z,26,0.9,0.9038,1.02,ewam
2026-09-03,2026-09-03T08:00:00Z,2,0.9,0.9271,1.02,ewam
2026-09-02,2026-09-03T09:00:00Z,27,0.9,0.9176,1.0,ewam
2026-09-03,2026-09-03T09:00:00Z,3,0.9,0.9387,1.02,ewam
2026-09-02,2026-09-03T10:00:00Z,28,0.9,0.9262,0.98,ewam
2026-09-03,2026-09-03T10:00:00Z,4,0.9,0.9388,1.0,ewam
2026-09-02,2026-09-03T11:00:00Z,29,0.9,0.9241,0.98,ewam
2026-09-03,2026-09-03T11:00:00Z,5,0.9,0.9403,1.0,ewam
2026-09-02,2026-09-03T12:00:00Z,30,0.9,0.9169,0.98,ewam
2026-09-03,2026-09-03T12:00:00Z,6,0.9,0.9542,1.0,ewam
2026-09-02,2026-09-03T13:00:00Z,31,0.9,0.9153,0.98,ewam
2026-09-03,2026-09-03T13:00:00Z,7,0.9,0.9462,1.0,ewam
2026-09-02,2026-09-03T14:00:00Z,32,1.0,0.9085,0.98,ewam
2026-09-03,2026-09-03T14:00:00Z,8,1.0,0.9648,1.02,ewam
2026-09-02,2026-09-03T15:00:00Z,33,1.0,0.9111,0.98,ewam
2026-09-03,2026-09-03T15:00:00Z,9,1.0,0.9522,1.02,ewam
2026-09-02,2026-09-03T16:00:00Z,34,1.0,0.9205,0.98,ewam
2026-09-03,2026-09-03T16:00:00Z,10,1.0,0.9598,1.02,ewam
2026-09-02,2026-09-03T17:00:00Z,35,1.0,0.9044,1.0,ewam
2026-09-03,2026-09-03T17:00:00Z,11,1.0,0.9483,1.02,ewam
2026-09-02,2026-09-03T18:00:00Z,36,1.0,0.8953,1.0,ewam
2026-09-03,2026-09-03T18:00:00Z,12,1.0,0.9386,1.02,ewam
2026-09-02,2026-09-03T19:00:00Z,37,1.0,0.9046,1.0,ewam
2026-09-03,2026-09-03T19:00:00Z,13,1.0,0.8742,1.02,ewam
2026-09-02,2026-09-03T20:00:00Z,38,0.9,0.9041,1.0,ewam
2026-09-03,2026-09-03T20:00:00Z,14,0.9,0.8656,1.02,ewam
2026-09-02,2026-09-03T21:00:00Z,39,0.9,0.9086,1.02,ewam
2026-09-03,2026-09-03T21:00:00Z,15,0.9,0.8714,1.02,ewam
2026-09-02,2026-09-03T22:00:00Z,40,0.9,0.8793,1.02,ewam
2026-09-03,2026-09-03T22:00:00Z,16,0.9,0.8703,1.02,ewam
2026-09-02,2026-09-03T23:00:00Z,41,0.9,0.8701,1.02,ewam
2026-09-03,2026-09-03T23:00:00Z,17,0.9,0.8741,1.02,ewam
2026-09-02,2026-09-04T00:00:00Z,42,0.9,0.864,1.02,ewam
2026-09-03,2026-09-04T00:00:00Z,18,0.9,0.8639,1.02,ewam
2026-09-02,2026-09-04T01:00:00Z,43,0.8,0.8618,1.02,ewam
2026-09-03,2026-09-04T01:00:00Z,19,0.8,0.8601,1.02,ewam
2026-09-02,2026-09-04T02:00:00Z,44,0.8,0.8608,1.02,ewam
2026-09-03,2026-09-04T02:00:00Z,20,0.8,0.803,1.02,ewam
2026-09-02,2026-09-04T03:00:00Z,45,0.8,0.8405,1.02,ewam
2026-09-03,2026-09-04T03:00:00Z,21,0.8,0.7955,1.02,ewam
2026-09-02,2026-09-04T04:00:00Z,46,0.8,0.8562,1.02,ewam
2026-09-03,2026-09-04T04:00:00Z,22,0.8,0.7944,1.02,ewam
2026-09-02,2026-09-04T05:00:00Z,47,0.8,0.8801,1.0,ewam
2026-09-03,2026-09-04T05:00:00Z,23,0.8,0.8477,1.02,ewam
2026-09-02,2026-09-04T06:00:00Z,48,0.8,0.8729,1.0,ewam
2026-09-03,2026-09-04T06:00:00Z,24,0.8,0.8454,1.02,ewam
2026-09-03,2026-09-04T07:00:00Z,25,0.9,0.8374,1.02,ewam
2026-09-04,2026-09-04T07:00:00Z,1,0.9,0.8099,0.96,ewam
2026-09-03,2026-09-04T08:00:00Z,26,0.8,0.8814,1.0,ewam
2026-09-04,2026-09-04T08:00:00Z,2,0.8,0.823,0.94,ewam
2026-09-03,2026-09-04T09:00:00Z,27,0.8,0.873,1.0,ewam
2026-09-04,2026-09-04T09:00:00Z,3,0.8,0.8351,0.94,ewam
2026-09-03,2026-09-04T10:00:00Z,28,0.8,0.8841,1.0,ewam
2026-09-04,2026-09-04T10:00:00Z,4,0.8,0.8427,0.92,ewam
2026-09-03,2026-09-04T11:00:00Z,29,0.8,0.8759,0.98,ewam
2026-09-04,2026-09-04T11:00:00Z,5,0.8,0.8055,0.9,ewam
2026-09-03,2026-09-04T12:00:00Z,30,0.8,0.8708,0.98,ewam
2026-09-04,2026-09-04T12:00:00Z,6,0.8,0.7696,0.9,ewam
2026-09-03,2026-09-04T13:00:00Z,31,0.8,0.8808,0.98,ewam
2026-09-04,2026-09-04T13:00:00Z,7,0.8,0.7976,0.9,ewam
2026-09-03,2026-09-04T14:00:00Z,32,0.8,0.8603,1.0,ewam
2026-09-04,2026-09-04T14:00:00Z,8,0.8,0.8056,0.92,ewam
2026-09-03,2026-09-04T15:00:00Z,33,0.8,0.8533,1.0,ewam
2026-09-04,2026-09-04T15:00:00Z,9,0.8,0.7969,0.94,ewam
2026-09-03,2026-09-04T16:00:00Z,34,0.8,0.8691,1.02,ewam
2026-09-04,2026-09-04T16:00:00Z,10,0.8,0.8502,0.96,ewam
2026-09-03,2026-09-04T17:00:00Z,35,0.8,0.8709,1.02,ewam
2026-09-04,2026-09-04T17:00:00Z,11,0.8,0.842,0.98,ewam
2026-09-03,2026-09-04T18:00:00Z,36,0.9,0.9008,1.04,ewam
2026-09-04,2026-09-04T18:00:00Z,12,0.9,0.866,1.0,ewam
2026-09-03,2026-09-04T19:00:00Z,37,0.9,0.9446,1.06,ewam
2026-09-04,2026-09-04T19:00:00Z,13,0.9,0.9213,1.02,ewam
2026-09-03,2026-09-04T20:00:00Z,38,1.0,1.0001,1.08,ewam
2026-09-04,2026-09-04T20:00:00Z,14,1.0,0.9803,1.04,ewam
2026-09-03,2026-09-04T21:00:00Z,39,1.1,1.0396,1.1,ewam
2026-09-04,2026-09-04T21:00:00Z,15,1.1,1.0709,1.08,ewam
2026-09-03,2026-09-04T22:00:00Z,40,1.1,1.0908,1.12,ewam
2026-09-04,2026-09-04T22:00:00Z,16,1.1,1.0527,1.1,ewam
2026-09-03,2026-09-04T23:00:00Z,41,1.2,1.1061,1.14,ewam
2026-09-04,2026-09-04T23:00:00Z,17,1.2,1.0749,1.14,ewam
2026-09-03,2026-09-05T00:00:00Z,42,1.1,1.1316,1.16,ewam
2026-09-04,2026-09-05T00:00:00Z,18,1.1,1.0855,1.16,ewam
2026-09-03,2026-09-05T01:00:00Z,43,1.0,1.1329,1.16,ewam
2026-09-04,2026-09-05T01:00:00Z,19,1.0,1.069,1.18,ewam
2026-09-03,2026-09-05T02:00:00Z,44,0.9,1.0978,1.18,ewam
2026-09-04,2026-09-05T02:00:00Z,20,0.9,1.0808,1.18,ewam
2026-09-03,2026-09-05T03:00:00Z,45,0.9,1.116,1.2,ewam
2026-09-04,2026-09-05T03:00:00Z,21,0.9,1.0765,1.2,ewam
2026-09-03,2026-09-05T04:00:00Z,46,1.0,1.1415,1.2,ewam
2026-09-04,2026-09-05T04:00:00Z,22,1.0,1.1095,1.2,ewam
2026-09-03,2026-09-05T05:00:00Z,47,0.9,1.1518,1.22,ewam
2026-09-04,2026-09-05T05:00:00Z,23,0.9,1.1206,1.22,ewam
2026-09-03,2026-09-05T06:00:00Z,48,1.0,1.1556,1.22,ewam
2026-09-04,2026-09-05T06:00:00Z,24,1.0,1.1442,1.22,ewam
2026-09-04,2026-09-05T07:00:00Z,25,1.2,1.1188,1.22,ewam
2026-09-05,2026-09-05T07:00:00Z,1,1.2,1.1329,1.24,ewam
2026-09-04,2026-09-05T08:00:00Z,26,1.4,1.1261,1.22,ewam
2026-09-05,2026-09-05T08:00:00Z,2,1.4,1.1605,1.26,ewam
2026-09-04,2026-09-05T09:00:00Z,27,1.5,1.1052,1.22,ewam
2026-09-05,2026-09-05T09:00:00Z,3,1.5,1.1975,1.26,ewam
2026-09-04,2026-09-05T10:00:00Z,28,1.6,1.121,1.22,ewam
2026-09-05,2026-09-05T10:00:00Z,4,1.6,1.2175,1.26,ewam
2026-09-04,2026-09-05T11:00:00Z,29,1.6,1.1537,1.22,ewam
2026-09-05,2026-09-05T11:00:00Z,5,1.6,1.2232,1.26,ewam
2026-09-04,2026-09-05T12:00:00Z,30,1.6,1.1709,1.22,ewam
2026-09-05,2026-09-05T12:00:00Z,6,1.5,1.2304,1.24,ewam
2026-09-04,2026-09-05T13:00:00Z,31,1.4,1.1613,1.22,ewam
2026-09-05,2026-09-05T13:00:00Z,7,1.2,1.2581,1.24,ewam
2026-09-04,2026-09-05T14:00:00Z,32,1.2,1.1476,1.2,ewam
2026-09-05,2026-09-05T14:00:00Z,8,1.2,1.2149,1.24,ewam
2026-09-04,2026-09-05T15:00:00Z,33,1.1,1.1725,1.2,ewam
2026-09-05,2026-09-05T15:00:00Z,9,1.1,1.1967,1.22,ewam
2026-09-04,2026-09-05T16:00:00Z,34,1.0,1.1328,1.18,ewam
2026-09-05,2026-09-05T16:00:00Z,10,1.0,1.1702,1.2,ewam
2026-09-04,2026-09-05T17:00:00Z,35,1.2,1.1031,1.18,ewam
2026-09-05,2026-09-05T17:00:00Z,11,1.2,1.1643,1.2,ewam
2026-09-04,2026-09-05T18:00:00Z,36,1.0,1.088,1.16,ewam
2026-09-05,2026-09-05T18:00:00Z,12,1.0,1.1615,1.18,ewam
2026-09-04,2026-09-05T19:00:00Z,37,1.2,1.0667,1.14,ewam
2026-09-05,2026-09-05T19:00:00Z,13,1.2,1.153,1.16,ewam
2026-09-04,2026-09-05T20:00:00Z,38,1.3,1.0598,1.14,ewam
2026-09-05,2026-09-05T20:00:00Z,14,1.3,1.0727,1.14,ewam
2026-09-04,2026-09-05T21:00:00Z,39,1.4,1.0429,1.12,ewam
2026-09-05,2026-09-05T21:00:00Z,15,1.4,1.0616,1.12,ewam
2026-09-04,2026-09-05T22:00:00Z,40,1.3,1.0433,1.1,ewam
2026-09-05,2026-09-05T22:00:00Z,16,1.3,1.046,1.12,ewam
2026-09-04,2026-09-05T23:00:00Z,41,1.2,0.8683,1.1,ewam
2026-09-05,2026-09-05T23:00:00Z,17,1.2,0.9159,1.1,ewam
2026-09-04,2026-09-06T00:00:00Z,42,1.1,0.9112,1.08,ewam
2026-09-05,2026-09-06T00:00:00Z,18,1.1,0.8665,1.1,ewam
2026-09-04,2026-09-06T01:00:00Z,43,1.1,0.9113,1.08,ewam
2026-09-05,2026-09-06T01:00:00Z,19,1.1,0.8272,1.1,ewam
2026-09-04,2026-09-06T02:00:00Z,44,1.0,0.8765,1.08,ewam
2026-09-05,2026-09-06T02:00:00Z,20,1.0,0.9102,1.12,ewam
2026-09-04,2026-09-06T03:00:00Z,45,0.9,0.8979,1.08,ewam
2026-09-05,2026-09-06T03:00:00Z,21,0.9,0.9102,1.1,ewam
2026-09-04,2026-09-06T04:00:00Z,46,0.8,0.8946,1.08,ewam
2026-09-05,2026-09-06T04:00:00Z,22,0.8,0.9043,1.08,ewam
2026-09-04,2026-09-06T05:00:00Z,47,0.9,0.8522,1.08,ewam
2026-09-05,2026-09-06T05:00:00Z,23,0.9,0.8842,1.06,ewam
2026-09-04,2026-09-06T06:00:00Z,48,0.8,0.7697,1.06,ewam
2026-09-05,2026-09-06T06:00:00Z,24,0.8,0.8151,1.04,ewam
2026-09-05,2026-09-06T07:00:00Z,25,0.8,0.7693,1.02,ewam
2026-09-06,2026-09-06T07:00:00Z,1,0.8,0.7536,1.02,ewam
2026-09-05,2026-09-06T08:00:00Z,26,0.8,0.7298,1.02,ewam
2026-09-06,2026-09-06T08:00:00Z,2,0.8,0.6653,1.0,ewam
2026-09-05,2026-09-06T09:00:00Z,27,0.8,0.739,1.0,ewam
2026-09-06,2026-09-06T09:00:00Z,3,0.8,0.668,0.98,ewam
2026-09-05,2026-09-06T10:00:00Z,28,0.8,0.7512,0.98,ewam
2026-09-06,2026-09-06T10:00:00Z,4,0.8,0.7358,0.96,ewam
2026-09-05,2026-09-06T11:00:00Z,29,0.6,0.7734,0.94,ewam
2026-09-06,2026-09-06T11:00:00Z,5,0.6,0.7276,0.96,ewam
2026-09-05,2026-09-06T12:00:00Z,30,0.7,0.7644,0.92,ewam
2026-09-06,2026-09-06T12:00:00Z,6,0.6,0.684,0.94,ewam
2026-09-05,2026-09-06T13:00:00Z,31,0.7,0.7202,0.9,ewam
2026-09-06,2026-09-06T13:00:00Z,7,0.7,0.6739,0.94,ewam
2026-09-05,2026-09-06T14:00:00Z,32,0.6,0.7824,0.86,ewam
2026-09-06,2026-09-06T14:00:00Z,8,0.6,0.639,0.92,ewam
2026-09-05,2026-09-06T15:00:00Z,33,0.6,0.7291,0.86,ewam
2026-09-06,2026-09-06T15:00:00Z,9,0.6,0.6284,0.92,ewam
2026-09-05,2026-09-06T16:00:00Z,34,0.5,0.7519,0.84,ewam
2026-09-06,2026-09-06T16:00:00Z,10,0.5,0.6308,0.92,ewam
2026-09-05,2026-09-06T17:00:00Z,35,0.5,0.7623,0.84,ewam
2026-09-06,2026-09-06T17:00:00Z,11,0.5,0.6124,0.92,ewam
2026-09-05,2026-09-06T18:00:00Z,36,0.6,0.756,0.86,ewam
2026-09-06,2026-09-06T18:00:00Z,12,0.6,0.6129,0.92,ewam
2026-09-05,2026-09-06T19:00:00Z,37,0.6,0.7714,0.9,ewam
2026-09-06,2026-09-06T19:00:00Z,13,0.6,0.6018,0.94,ewam
2026-09-05,2026-09-06T20:00:00Z,38,0.7,0.7833,0.94,ewam
2026-09-06,2026-09-06T20:00:00Z,14,0.7,0.6325,0.94,ewam
2026-09-05,2026-09-06T21:00:00Z,39,0.7,0.833,0.96,ewam
2026-09-06,2026-09-06T21:00:00Z,15,0.7,0.6859,0.96,ewam
2026-09-05,2026-09-06T22:00:00Z,40,0.6,0.8601,1.02,ewam
2026-09-06,2026-09-06T22:00:00Z,16,0.6,0.736,0.96,ewam
2026-09-05,2026-09-06T23:00:00Z,41,0.6,0.8823,1.06,ewam
2026-09-06,2026-09-06T23:00:00Z,17,0.6,0.8335,0.98,ewam
2026-09-05,2026-09-07T00:00:00Z,42,0.7,0.904,1.08,ewam
2026-09-06,2026-09-07T00:00:00Z,18,0.7,0.8789,1.02,ewam
2026-09-05,2026-09-07T01:00:00Z,43,0.7,0.9401,1.08,ewam
2026-09-06,2026-09-07T01:00:00Z,19,0.7,0.9407,1.08,ewam
2026-09-05,2026-09-07T02:00:00Z,44,0.7,1.0086,1.08,ewam
2026-09-06,2026-09-07T02:00:00Z,20,0.7,0.9502,1.1,ewam
2026-09-05,2026-09-07T03:00:00Z,45,0.7,1.0457,1.08,ewam
2026-09-06,2026-09-07T03:00:00Z,21,0.7,0.9519,1.12,ewam
2026-09-05,2026-09-07T04:00:00Z,46,0.8,1.0765,1.1,ewam
2026-09-06,2026-09-07T04:00:00Z,22,0.8,0.999,1.14,ewam
2026-09-05,2026-09-07T05:00:00Z,47,0.9,1.0958,1.18,ewam
2026-09-06,2026-09-07T05:00:00Z,23,0.9,1.033,1.16,ewam
2026-09-05,2026-09-07T06:00:00Z,48,1.1,1.1076,1.26,ewam
2026-09-06,2026-09-07T06:00:00Z,24,1.1,1.0615,1.2,ewam
2026-09-06,2026-09-07T07:00:00Z,25,1.1,1.0804,1.24,ewam
2026-09-06,2026-09-07T08:00:00Z,26,1.3,1.1286,1.28,ewam
2026-09-06,2026-09-07T09:00:00Z,27,1.4,1.202,1.3,ewam
2026-09-06,2026-09-07T10:00:00Z,28,1.7,1.2957,1.34,ewam
2026-09-06,2026-09-07T11:00:00Z,29,1.5,1.4041,1.38,ewam
2026-09-06,2026-09-07T12:00:00Z,30,1.5,1.412,1.4,ewam
2026-09-06,2026-09-07T13:00:00Z,31,1.4,1.4037,1.44,ewam
2026-09-06,2026-09-07T14:00:00Z,32,1.3,1.3832,1.46,ewam
2026-09-06,2026-09-07T15:00:00Z,33,1.3,1.3992,1.48,ewam
2026-09-06,2026-09-07T16:00:00Z,34,1.3,1.4007,1.52,ewam
2026-09-06,2026-09-07T23:00:00Z,41,1.7,1.5252,1.52,ewam
2026-09-07,2026-09-07T23:00:00Z,17,1.7,1.3311,1.52,ewam
2026-09-06,2026-09-08T00:00:00Z,42,1.7,1.5431,1.5,ewam
2026-09-07,2026-09-08T00:00:00Z,18,1.7,1.4057,1.54,ewam
2026-09-06,2026-09-08T01:00:00Z,43,1.7,1.5374,1.5,ewam
2026-09-07,2026-09-08T01:00:00Z,19,1.7,1.3807,1.56,ewam
2026-09-06,2026-09-08T02:00:00Z,44,1.6,1.5494,1.5,ewam
2026-09-07,2026-09-08T02:00:00Z,20,1.6,1.382,1.58,ewam
2026-09-06,2026-09-08T03:00:00Z,45,1.6,1.5269,1.5,ewam
2026-09-07,2026-09-08T03:00:00Z,21,1.6,1.368,1.6,ewam
2026-09-06,2026-09-08T04:00:00Z,46,1.7,1.5337,1.48,ewam
2026-09-07,2026-09-08T04:00:00Z,22,1.7,1.3461,1.64,ewam
2026-09-06,2026-09-08T05:00:00Z,47,1.7,1.472,1.46,ewam
2026-09-07,2026-09-08T05:00:00Z,23,1.7,1.4742,1.68,ewam
2026-09-06,2026-09-08T06:00:00Z,48,1.6,1.471,1.44,ewam
2026-09-07,2026-09-08T06:00:00Z,24,1.6,1.4691,1.76,ewam
2026-09-07,2026-09-08T07:00:00Z,25,1.8,1.5837,1.86,ewam
2026-09-07,2026-09-08T08:00:00Z,26,2.2,1.6652,2.1,ewam
2026-09-07,2026-09-08T09:00:00Z,27,2.5,1.8732,2.42,ewam
2026-09-07,2026-09-08T10:00:00Z,28,2.7,1.9866,2.68,ewam
2026-09-07,2026-09-08T11:00:00Z,29,2.6,2.1015,2.7,ewam
2026-09-07,2026-09-08T12:00:00Z,30,2.8,2.208,2.58,ewam
2026-09-07,2026-09-08T13:00:00Z,31,2.8,2.217,2.44,ewam
2026-09-12,2026-09-14T06:00:00Z,48,1.0,0.8353,0.94,ewam
2026-09-16,2026-09-16T07:00:00Z,1,1.5,1.2916,1.48,ewam
2026-09-16,2026-09-16T08:00:00Z,2,1.6,1.3204,1.52,ewam
2026-09-16,2026-09-16T09:00:00Z,3,1.6,1.3828,1.56,ewam
2026-09-16,2026-09-16T10:00:00Z,4,1.9,1.4194,1.58,ewam
2026-09-16,2026-09-16T11:00:00Z,5,1.7,1.4368,1.58,ewam
2026-09-16,2026-09-16T12:00:00Z,6,1.8,1.4549,1.58,ewam
2026-09-16,2026-09-16T13:00:00Z,7,1.6,1.4907,1.58,ewam
2026-09-16,2026-09-16T14:00:00Z,8,1.4,1.5394,1.6,ewam
2026-09-16,2026-09-16T15:00:00Z,9,1.3,1.5358,1.64,ewam
2026-09-16,2026-09-16T16:00:00Z,10,1.3,1.5786,1.74,ewam
2026-09-16,2026-09-16T17:00:00Z,11,1.4,1.6456,1.82,ewam
2026-09-16,2026-09-16T18:00:00Z,12,1.6,1.661,1.86,ewam
2026-09-16,2026-09-16T19:00:00Z,13,1.8,1.6553,1.88,ewam
2026-09-16,2026-09-16T20:00:00Z,14,1.9,1.6366,1.84,ewam
2026-09-16,2026-09-16T21:00:00Z,15,2.1,1.6475,1.76,ewam
2026-09-16,2026-09-16T22:00:00Z,16,1.9,1.6518,1.68,ewam
2026-09-16,2026-09-16T23:00:00Z,17,2.0,1.6145,1.62,ewam
2026-09-16,2026-09-17T00:00:00Z,18,2.0,1.5334,1.56,ewam
2026-09-16,2026-09-17T01:00:00Z,19,1.7,1.4768,1.5,ewam
2026-09-16,2026-09-17T02:00:00Z,20,1.6,1.4097,1.46,ewam
2026-09-16,2026-09-17T03:00:00Z,21,1.3,1.3506,1.42,ewam
2026-09-16,2026-09-17T04:00:00Z,22,1.2,1.3294,1.38,ewam
2026-09-16,2026-09-17T05:00:00Z,23,1.2,1.3116,1.38,ewam
2026-09-16,2026-09-17T06:00:00Z,24,1.2,1.3103,1.4,ewam
2026-09-16,2026-09-17T07:00:00Z,25,1.3,1.3213,1.44,ewam
2026-09-17,2026-09-17T07:00:00Z,1,1.3,1.3449,1.48,ewam
2026-09-16,2026-09-17T08:00:00Z,26,1.4,1.3198,1.44,ewam
2026-09-17,2026-09-17T08:00:00Z,2,1.4,1.3386,1.48,ewam
2026-09-16,2026-09-17T09:00:00Z,27,1.4,1.2737,1.42,ewam
2026-09-17,2026-09-17T09:00:00Z,3,1.4,1.3038,1.44,ewam
2026-09-16,2026-09-17T10:00:00Z,28,1.5,1.2753,1.38,ewam
2026-09-17,2026-09-17T10:00:00Z,4,1.5,1.3216,1.44,ewam
2026-09-16,2026-09-17T11:00:00Z,29,1.6,1.2873,1.38,ewam
2026-09-17,2026-09-17T11:00:00Z,5,1.6,1.3232,1.48,ewam
2026-09-16,2026-09-17T12:00:00Z,30,1.6,1.3241,1.42,ewam
2026-09-17,2026-09-17T12:00:00Z,6,1.6,1.3945,1.56,ewam
2026-09-16,2026-09-17T13:00:00Z,31,1.6,1.3058,1.46,ewam
2026-09-17,2026-09-17T13:00:00Z,7,1.7,1.4247,1.64,ewam
2026-09-16,2026-09-17T14:00:00Z,32,1.7,1.3356,1.48,ewam
2026-09-17,2026-09-17T14:00:00Z,8,1.7,1.438,1.66,ewam
2026-09-16,2026-09-17T15:00:00Z,33,1.7,1.4096,1.48,ewam
2026-09-17,2026-09-17T15:00:00Z,9,1.6,1.4317,1.66,ewam
2026-09-16,2026-09-17T16:00:00Z,34,1.3,1.4318,1.44,ewam
2026-09-17,2026-09-17T16:00:00Z,10,1.3,1.4037,1.62,ewam
2026-09-16,2026-09-17T17:00:00Z,35,1.3,1.4021,1.42,ewam
2026-09-17,2026-09-17T17:00:00Z,11,1.3,1.3761,1.58,ewam
2026-09-16,2026-09-17T18:00:00Z,36,1.3,1.3863,1.4,ewam
2026-09-17,2026-09-17T18:00:00Z,12,1.3,1.3925,1.56,ewam
2026-09-16,2026-09-17T19:00:00Z,37,1.3,1.3755,1.4,ewam
2026-09-17,2026-09-17T19:00:00Z,13,1.3,1.4086,1.58,ewam
2026-09-16,2026-09-17T20:00:00Z,38,1.3,1.3717,1.4,ewam
2026-09-17,2026-09-17T20:00:00Z,14,1.3,1.415,1.58,ewam
2026-09-16,2026-09-17T21:00:00Z,39,1.4,1.3878,1.4,ewam
2026-09-17,2026-09-17T21:00:00Z,15,1.4,1.4348,1.6,ewam
2026-09-16,2026-09-17T22:00:00Z,40,1.5,1.355,1.38,ewam
2026-09-17,2026-09-17T22:00:00Z,16,1.5,1.4233,1.6,ewam
2026-09-16,2026-09-17T23:00:00Z,41,1.5,1.3874,1.34,ewam
2026-09-17,2026-09-17T23:00:00Z,17,1.5,1.4372,1.58,ewam
2026-09-16,2026-09-18T00:00:00Z,42,1.5,1.3372,1.32,ewam
2026-09-17,2026-09-18T00:00:00Z,18,1.5,1.4212,1.54,ewam
2026-09-16,2026-09-18T01:00:00Z,43,1.4,1.3466,1.3,ewam
2026-09-17,2026-09-18T01:00:00Z,19,1.4,1.4228,1.54,ewam
2026-09-16,2026-09-18T02:00:00Z,44,1.3,1.3714,1.28,ewam
2026-09-17,2026-09-18T02:00:00Z,20,1.3,1.4084,1.52,ewam
2026-09-16,2026-09-18T03:00:00Z,45,1.3,1.3666,1.28,ewam
2026-09-17,2026-09-18T03:00:00Z,21,1.3,1.4194,1.5,ewam
2026-09-16,2026-09-18T04:00:00Z,46,1.2,1.3939,1.28,ewam
2026-09-17,2026-09-18T04:00:00Z,22,1.2,1.4592,1.5,ewam
2026-09-16,2026-09-18T05:00:00Z,47,1.3,1.4172,1.28,ewam
2026-09-17,2026-09-18T05:00:00Z,23,1.3,1.4695,1.48,ewam
2026-09-16,2026-09-18T06:00:00Z,48,1.3,1.4548,1.28,ewam
2026-09-17,2026-09-18T06:00:00Z,24,1.3,1.4956,1.48,ewam
2026-09-17,2026-09-18T07:00:00Z,25,1.3,1.501,1.48,ewam
2026-09-18,2026-09-18T07:00:00Z,1,1.3,1.4868,1.46,ewam
2026-09-17,2026-09-18T08:00:00Z,26,1.4,1.4914,1.46,ewam
2026-09-18,2026-09-18T08:00:00Z,2,1.4,1.5323,1.46,ewam
2026-09-17,2026-09-18T09:00:00Z,27,1.6,1.5827,1.46,ewam
2026-09-18,2026-09-18T09:00:00Z,3,1.6,1.5405,1.46,ewam
2026-09-17,2026-09-18T10:00:00Z,28,1.7,1.5972,1.46,ewam
2026-09-18,2026-09-18T10:00:00Z,4,1.7,1.5731,1.46,ewam
2026-09-17,2026-09-18T11:00:00Z,29,1.7,1.5991,1.48,ewam
2026-09-18,2026-09-18T11:00:00Z,5,1.7,1.5829,1.46,ewam
2026-09-17,2026-09-18T12:00:00Z,30,1.7,1.6055,1.48,ewam
2026-09-18,2026-09-18T12:00:00Z,6,1.7,1.5919,1.46,ewam
2026-09-17,2026-09-18T13:00:00Z,31,1.7,1.5997,1.48,ewam
2026-09-18,2026-09-18T13:00:00Z,7,1.7,1.5751,1.46,ewam
2026-09-17,2026-09-18T14:00:00Z,32,1.7,1.5733,1.48,ewam
2026-09-18,2026-09-18T14:00:00Z,8,1.6,1.5527,1.46,ewam
2026-09-17,2026-09-18T15:00:00Z,33,1.4,1.5314,1.48,ewam
2026-09-18,2026-09-18T15:00:00Z,9,1.4,1.534,1.46,ewam
2026-09-17,2026-09-18T16:00:00Z,34,1.4,1.5242,1.48,ewam
2026-09-18,2026-09-18T16:00:00Z,10,1.4,1.4926,1.46,ewam
2026-09-17,2026-09-18T17:00:00Z,35,1.5,1.4765,1.5,ewam
2026-09-18,2026-09-18T17:00:00Z,11,1.5,1.4896,1.44,ewam
2026-09-17,2026-09-18T18:00:00Z,36,1.4,1.4644,1.48,ewam
2026-09-18,2026-09-18T18:00:00Z,12,1.4,1.488,1.44,ewam
2026-09-17,2026-09-18T19:00:00Z,37,1.4,1.4429,1.48,ewam
2026-09-18,2026-09-18T19:00:00Z,13,1.4,1.4424,1.42,ewam
2026-09-17,2026-09-18T20:00:00Z,38,1.6,1.4221,1.48,ewam
2026-09-18,2026-09-18T20:00:00Z,14,1.6,1.4176,1.4,ewam
2026-09-17,2026-09-18T21:00:00Z,39,1.6,1.4553,1.44,ewam
2026-09-18,2026-09-18T21:00:00Z,15,1.6,1.4209,1.38,ewam
2026-09-17,2026-09-18T22:00:00Z,40,1.6,1.4513,1.4,ewam
2026-09-18,2026-09-18T22:00:00Z,16,1.6,1.4543,1.36,ewam
2026-09-17,2026-09-18T23:00:00Z,41,1.5,1.4454,1.36,ewam
2026-09-18,2026-09-18T23:00:00Z,17,1.5,1.39,1.34,ewam
2026-09-17,2026-09-19T00:00:00Z,42,1.6,1.3947,1.34,ewam
2026-09-18,2026-09-19T00:00:00Z,18,1.6,1.3513,1.32,ewam
2026-09-17,2026-09-19T01:00:00Z,43,1.5,1.3427,1.3,ewam
2026-09-18,2026-09-19T01:00:00Z,19,1.5,1.3479,1.3,ewam
2026-09-17,2026-09-19T02:00:00Z,44,1.6,1.3163,1.3,ewam
2026-09-18,2026-09-19T02:00:00Z,20,1.6,1.3097,1.3,ewam
2026-09-17,2026-09-19T03:00:00Z,45,1.6,1.3148,1.28,ewam
2026-09-18,2026-09-19T03:00:00Z,21,1.6,1.3097,1.28,ewam
2026-09-17,2026-09-19T04:00:00Z,46,1.4,1.2935,1.28,ewam
2026-09-18,2026-09-19T04:00:00Z,22,1.4,1.3153,1.28,ewam
2026-09-17,2026-09-19T05:00:00Z,47,1.3,1.2782,1.26,ewam
2026-09-18,2026-09-19T05:00:00Z,23,1.3,1.273,1.26,ewam
2026-09-17,2026-09-19T06:00:00Z,48,1.2,1.2577,1.26,ewam
2026-09-18,2026-09-19T06:00:00Z,24,1.2,1.2655,1.26,ewam
2026-09-18,2026-09-19T07:00:00Z,25,1.3,1.2777,1.26,ewam
2026-09-19,2026-09-19T07:00:00Z,1,1.3,1.4744,1.38,ewam
2026-09-18,2026-09-19T08:00:00Z,26,1.2,1.2554,1.26,ewam
2026-09-19,2026-09-19T08:00:00Z,2,1.2,1.5039,1.38,ewam
2026-09-18,2026-09-19T09:00:00Z,27,1.2,1.2529,1.26,ewam
2026-09-19,2026-09-19T09:00:00Z,3,1.2,1.5001,1.38,ewam
2026-09-18,2026-09-19T10:00:00Z,28,1.2,1.2514,1.24,ewam
2026-09-19,2026-09-19T10:00:00Z,4,1.2,1.4404,1.38,ewam
2026-09-18,2026-09-19T11:00:00Z,29,1.2,1.233,1.24,ewam
2026-09-19,2026-09-19T11:00:00Z,5,1.2,1.4574,1.38,ewam
2026-09-18,2026-09-19T12:00:00Z,30,1.3,1.2559,1.24,ewam
2026-09-19,2026-09-19T12:00:00Z,6,1.4,1.4651,1.38,ewam
2026-09-18,2026-09-19T13:00:00Z,31,1.4,1.2452,1.24,ewam
2026-09-19,2026-09-19T13:00:00Z,7,1.4,1.4378,1.36,ewam
2026-09-18,2026-09-19T14:00:00Z,32,1.4,1.2317,1.22,ewam
2026-09-19,2026-09-19T14:00:00Z,8,1.4,1.4229,1.36,ewam
2026-09-18,2026-09-19T15:00:00Z,33,1.4,1.2238,1.22,ewam
2026-09-19,2026-09-19T15:00:00Z,9,1.4,1.3969,1.34,ewam
2026-09-18,2026-09-19T16:00:00Z,34,1.3,1.2234,1.22,ewam
2026-09-19,2026-09-19T16:00:00Z,10,1.3,1.3768,1.32,ewam
2026-09-18,2026-09-19T17:00:00Z,35,1.4,1.2274,1.22,ewam
2026-09-19,2026-09-19T17:00:00Z,11,1.4,1.373,1.32,ewam
2026-09-18,2026-09-19T18:00:00Z,36,1.3,1.2274,1.22,ewam
2026-09-19,2026-09-19T18:00:00Z,12,1.3,1.3407,1.3,ewam
2026-09-18,2026-09-19T19:00:00Z,37,1.2,1.2252,1.22,ewam
2026-09-19,2026-09-19T19:00:00Z,13,1.2,1.3374,1.3,ewam
2026-09-18,2026-09-19T20:00:00Z,38,1.2,1.2114,1.22,ewam
2026-09-19,2026-09-19T20:00:00Z,14,1.2,1.349,1.28,ewam
2026-09-18,2026-09-19T21:00:00Z,39,1.1,1.2094,1.22,ewam
2026-09-19,2026-09-19T21:00:00Z,15,1.1,1.3182,1.26,ewam
2026-09-18,2026-09-19T22:00:00Z,40,1.1,1.2087,1.22,ewam
2026-09-19,2026-09-19T22:00:00Z,16,1.1,1.3203,1.26,ewam
2026-09-18,2026-09-19T23:00:00Z,41,1.1,1.2227,1.22,ewam
2026-09-19,2026-09-19T23:00:00Z,17,1.1,1.3149,1.26,ewam
2026-09-18,2026-09-20T00:00:00Z,42,1.3,1.2227,1.22,ewam
2026-09-19,2026-09-20T00:00:00Z,18,1.3,1.281,1.24,ewam
2026-09-18,2026-09-20T01:00:00Z,43,1.3,1.2227,1.22,ewam
2026-09-19,2026-09-20T01:00:00Z,19,1.3,1.2701,1.24,ewam
2026-09-18,2026-09-20T02:00:00Z,44,1.4,1.2163,1.2,ewam
2026-09-19,2026-09-20T02:00:00Z,20,1.4,1.2713,1.24,ewam
2026-09-18,2026-09-20T03:00:00Z,45,1.4,1.2156,1.2,ewam
2026-09-19,2026-09-20T03:00:00Z,21,1.4,1.2863,1.24,ewam
2026-09-18,2026-09-20T04:00:00Z,46,1.3,1.2144,1.2,ewam
2026-09-19,2026-09-20T04:00:00Z,22,1.3,1.2665,1.22,ewam
2026-09-18,2026-09-20T05:00:00Z,47,1.2,1.2119,1.2,ewam
2026-09-19,2026-09-20T05:00:00Z,23,1.2,1.2579,1.22,ewam
2026-09-18,2026-09-20T06:00:00Z,48,1.3,1.2119,1.2,ewam
2026-09-19,2026-09-20T06:00:00Z,24,1.3,1.2607,1.22,ewam
2026-09-19,2026-09-20T07:00:00Z,25,1.2,1.2634,1.22,ewam
2026-09-20,2026-09-20T07:00:00Z,1,1.2,1.2874,1.26,ewam
2026-09-19,2026-09-20T08:00:00Z,26,1.3,1.2709,1.2,ewam
2026-09-20,2026-09-20T08:00:00Z,2,1.3,1.2791,1.24,ewam
2026-09-19,2026-09-20T09:00:00Z,27,1.1,1.258,1.2,ewam
2026-09-20,2026-09-20T09:00:00Z,3,1.1,1.2725,1.24,ewam
2026-09-19,2026-09-20T10:00:00Z,28,1.2,1.2691,1.2,ewam
2026-09-20,2026-09-20T10:00:00Z,4,1.2,1.2779,1.22,ewam
2026-09-19,2026-09-20T11:00:00Z,29,1.2,1.2573,1.2,ewam
2026-09-20,2026-09-20T11:00:00Z,5,1.2,1.2647,1.22,ewam
2026-09-19,2026-09-20T12:00:00Z,30,1.1,1.2433,1.18,ewam
2026-09-20,2026-09-20T12:00:00Z,6,1.1,1.2609,1.22,ewam
2026-09-19,2026-09-20T13:00:00Z,31,1.1,1.2642,1.18,ewam
2026-09-20,2026-09-20T13:00:00Z,7,1.2,1.2784,1.22,ewam
2026-09-19,2026-09-20T14:00:00Z,32,1.4,1.2462,1.18,ewam
2026-09-20,2026-09-20T14:00:00Z,8,1.3,1.252,1.22,ewam
2026-09-19,2026-09-20T15:00:00Z,33,1.2,1.251,1.18,ewam
2026-09-20,2026-09-20T15:00:00Z,9,1.2,1.2465,1.22,ewam
2026-09-19,2026-09-20T16:00:00Z,34,1.2,1.2539,1.18,ewam
2026-09-20,2026-09-20T16:00:00Z,10,1.2,1.242,1.22,ewam
2026-09-19,2026-09-20T17:00:00Z,35,1.3,1.253,1.18,ewam
2026-09-20,2026-09-20T17:00:00Z,11,1.3,1.2223,1.22,ewam
2026-09-19,2026-09-20T18:00:00Z,36,1.2,1.2445,1.18,ewam
2026-09-20,2026-09-20T18:00:00Z,12,1.2,1.2174,1.24,ewam
2026-09-19,2026-09-20T19:00:00Z,37,1.3,1.2317,1.18,ewam
2026-09-20,2026-09-20T19:00:00Z,13,1.3,1.2134,1.24,ewam
2026-09-19,2026-09-20T20:00:00Z,38,1.2,1.2255,1.18,ewam
2026-09-20,2026-09-20T20:00:00Z,14,1.2,1.206,1.24,ewam
2026-09-19,2026-09-20T21:00:00Z,39,1.2,1.2274,1.18,ewam
2026-09-20,2026-09-20T21:00:00Z,15,1.2,1.2079,1.24,ewam
2026-09-19,2026-09-20T22:00:00Z,40,1.1,1.2238,1.18,ewam
2026-09-20,2026-09-20T22:00:00Z,16,1.1,1.2176,1.22,ewam
2026-09-19,2026-09-20T23:00:00Z,41,1.1,1.2052,1.18,ewam
2026-09-20,2026-09-20T23:00:00Z,17,1.1,1.2061,1.22,ewam
2026-09-19,2026-09-21T00:00:00Z,42,1.1,1.1434,1.18,ewam
2026-09-20,2026-09-21T00:00:00Z,18,1.1,1.1202,1.2,ewam
2026-09-19,2026-09-21T01:00:00Z,43,1.3,1.1073,1.18,ewam
2026-09-20,2026-09-21T01:00:00Z,19,1.3,1.0837,1.2,ewam
2026-09-19,2026-09-21T02:00:00Z,44,1.2,1.1287,1.18,ewam
2026-09-20,2026-09-21T02:00:00Z,20,1.2,1.1494,1.2,ewam
2026-09-19,2026-09-21T03:00:00Z,45,1.4,1.1636,1.18,ewam
2026-09-20,2026-09-21T03:00:00Z,21,1.4,1.1355,1.2,ewam
2026-09-19,2026-09-21T04:00:00Z,46,1.3,1.1661,1.16,ewam
2026-09-20,2026-09-21T04:00:00Z,22,1.3,1.1183,1.18,ewam
2026-09-19,2026-09-21T05:00:00Z,47,1.3,1.0986,1.16,ewam
2026-09-20,2026-09-21T05:00:00Z,23,1.3,1.1303,1.18,ewam
2026-09-19,2026-09-21T06:00:00Z,48,1.2,1.0907,1.14,ewam
2026-09-20,2026-09-21T06:00:00Z,24,1.2,1.1341,1.18,ewam
2026-09-20,2026-09-21T07:00:00Z,25,1.1,1.1121,1.18,ewam
2026-09-21,2026-09-21T07:00:00Z,1,1.1,1.2701,1.24,ewam
2026-09-20,2026-09-21T08:00:00Z,26,1.1,1.1013,1.16,ewam
2026-09-21,2026-09-21T08:00:00Z,2,1.1,1.2455,1.24,ewam
2026-09-20,2026-09-21T09:00:00Z,27,1.0,1.1063,1.16,ewam
2026-09-21,2026-09-21T09:00:00Z,3,1.0,1.2279,1.22,ewam
2026-09-20,2026-09-21T10:00:00Z,28,0.8,1.0982,1.16,ewam
2026-09-21,2026-09-21T10:00:00Z,4,0.8,1.2284,1.22,ewam
2026-09-20,2026-09-21T11:00:00Z,29,1.0,1.1286,1.14,ewam
2026-09-21,2026-09-21T11:00:00Z,5,1.0,1.2207,1.2,ewam
2026-09-20,2026-09-21T12:00:00Z,30,1.1,1.1202,1.12,ewam
2026-09-21,2026-09-21T12:00:00Z,6,1.1,1.1799,1.18,ewam
2026-09-20,2026-09-21T13:00:00Z,31,1.2,1.1438,1.12,ewam
2026-09-21,2026-09-21T13:00:00Z,7,1.2,1.1917,1.18,ewam
2026-09-20,2026-09-21T14:00:00Z,32,1.2,1.1285,1.1,ewam
2026-09-21,2026-09-21T14:00:00Z,8,1.2,1.1403,1.16,ewam
2026-09-20,2026-09-21T15:00:00Z,33,1.0,1.1334,1.1,ewam
2026-09-21,2026-09-21T15:00:00Z,9,1.0,1.1404,1.14,ewam
2026-09-20,2026-09-21T16:00:00Z,34,1.2,1.1278,1.08,ewam
2026-09-21,2026-09-21T16:00:00Z,10,1.1,1.1222,1.14,ewam
2026-09-20,2026-09-21T17:00:00Z,35,1.1,1.0993,1.08,ewam
2026-09-21,2026-09-21T17:00:00Z,11,1.1,1.0939,1.12,ewam
2026-09-20,2026-09-21T18:00:00Z,36,1.2,1.0635,1.06,ewam
2026-09-21,2026-09-21T18:00:00Z,12,1.2,1.0134,1.1,ewam
2026-09-20,2026-09-21T19:00:00Z,37,1.0,1.048,1.04,ewam
2026-09-21,2026-09-21T19:00:00Z,13,1.0,0.9835,1.08,ewam
2026-09-20,2026-09-21T20:00:00Z,38,1.0,1.0069,1.04,ewam
2026-09-21,2026-09-21T20:00:00Z,14,1.0,0.959,1.06,ewam
2026-09-20,2026-09-21T21:00:00Z,39,1.0,0.8969,1.02,ewam
2026-09-21,2026-09-21T21:00:00Z,15,1.0,0.8925,1.04,ewam
2026-09-20,2026-09-21T22:00:00Z,40,0.9,0.8727,1.02,ewam
2026-09-21,2026-09-21T22:00:00Z,16,0.9,0.8043,1.04,ewam
2026-09-20,2026-09-21T23:00:00Z,41,0.9,0.8775,1.02,ewam
2026-09-21,2026-09-21T23:00:00Z,17,0.9,0.8035,1.04,ewam
2026-09-20,2026-09-22T00:00:00Z,42,0.8,0.8302,1.0,ewam
2026-09-21,2026-09-22T00:00:00Z,18,0.8,0.7615,1.04,ewam
2026-09-20,2026-09-22T01:00:00Z,43,0.9,0.8192,1.0,ewam
2026-09-21,2026-09-22T01:00:00Z,19,0.9,0.7614,1.02,ewam
2026-09-20,2026-09-22T02:00:00Z,44,0.9,0.8214,0.96,ewam
2026-09-21,2026-09-22T02:00:00Z,20,0.9,0.7897,0.98,ewam
2026-09-20,2026-09-22T03:00:00Z,45,0.9,0.755,0.94,ewam
2026-09-21,2026-09-22T03:00:00Z,21,0.9,0.7912,0.96,ewam
2026-09-20,2026-09-22T04:00:00Z,46,0.8,0.7662,0.92,ewam
2026-09-21,2026-09-22T04:00:00Z,22,0.8,0.7638,0.92,ewam
2026-09-20,2026-09-22T05:00:00Z,47,0.8,0.7833,0.9,ewam
2026-09-21,2026-09-22T05:00:00Z,23,0.8,0.7452,0.9,ewam
2026-09-20,2026-09-22T06:00:00Z,48,0.7,0.7462,0.88,ewam
2026-09-21,2026-09-22T06:00:00Z,24,0.7,0.7286,0.88,ewam
2026-09-21,2026-09-22T07:00:00Z,25,0.8,0.7036,0.86,ewam
2026-09-22,2026-09-22T07:00:00Z,1,0.8,0.6733,0.86,ewam
2026-09-21,2026-09-22T08:00:00Z,26,0.8,0.6712,0.84,ewam
2026-09-22,2026-09-22T08:00:00Z,2,0.8,0.6476,0.84,ewam
2026-09-21,2026-09-22T09:00:00Z,27,0.7,0.6928,0.82,ewam
2026-09-22,2026-09-22T09:00:00Z,3,0.7,0.6443,0.82,ewam
2026-09-21,2026-09-22T10:00:00Z,28,0.6,0.6308,0.8,ewam
2026-09-22,2026-09-22T10:00:00Z,4,0.6,0.588,0.82,ewam
2026-09-21,2026-09-22T11:00:00Z,29,0.6,0.6269,0.8,ewam
2026-09-22,2026-09-22T11:00:00Z,5,0.6,0.5892,0.8,ewam
2026-09-21,2026-09-22T12:00:00Z,30,0.6,0.6162,0.78,ewam
2026-09-22,2026-09-22T12:00:00Z,6,0.6,0.5943,0.78,ewam
2026-09-21,2026-09-22T13:00:00Z,31,0.6,0.6199,0.78,ewam
2026-09-22,2026-09-22T13:00:00Z,7,0.6,0.608,0.78,ewam
2026-09-21,2026-09-22T14:00:00Z,32,0.6,0.6331,0.78,ewam
2026-09-22,2026-09-22T14:00:00Z,8,0.6,0.6414,0.78,ewam
2026-09-21,2026-09-22T15:00:00Z,33,0.6,0.6716,0.78,ewam
2026-09-22,2026-09-22T15:00:00Z,9,0.6,0.6514,0.78,ewam
2026-09-21,2026-09-22T16:00:00Z,34,0.5,0.6779,0.78,ewam
2026-09-22,2026-09-22T16:00:00Z,10,0.5,0.6613,0.78,ewam
2026-09-21,2026-09-22T17:00:00Z,35,0.5,0.6911,0.8,ewam
2026-09-22,2026-09-22T17:00:00Z,11,0.5,0.6709,0.8,ewam
2026-09-21,2026-09-22T18:00:00Z,36,0.5,0.692,0.82,ewam
2026-09-22,2026-09-22T18:00:00Z,12,0.5,0.6903,0.82,ewam
2026-09-21,2026-09-22T19:00:00Z,37,0.5,0.7296,0.88,ewam
2026-09-22,2026-09-22T19:00:00Z,13,0.5,0.7336,0.86,ewam
2026-09-21,2026-09-22T20:00:00Z,38,0.5,0.8135,0.9,ewam
2026-09-22,2026-09-22T20:00:00Z,14,0.5,0.8101,0.9,ewam
2026-09-21,2026-09-22T21:00:00Z,39,0.5,0.8248,0.94,ewam
2026-09-22,2026-09-22T21:00:00Z,15,0.5,0.8388,0.92,ewam
2026-09-21,2026-09-22T22:00:00Z,40,0.6,0.9181,0.98,ewam
2026-09-22,2026-09-22T22:00:00Z,16,0.6,0.8951,0.96,ewam
2026-09-21,2026-09-22T23:00:00Z,41,0.6,0.9205,1.02,ewam
2026-09-22,2026-09-22T23:00:00Z,17,0.6,0.9283,1.0,ewam
2026-09-21,2026-09-23T00:00:00Z,42,0.7,0.9155,1.06,ewam
2026-09-22,2026-09-23T00:00:00Z,18,0.7,1.0083,1.06,ewam
2026-09-21,2026-09-23T01:00:00Z,43,0.8,1.0229,1.1,ewam
2026-09-22,2026-09-23T01:00:00Z,19,0.8,1.0678,1.12,ewam
2026-09-21,2026-09-23T02:00:00Z,44,0.8,1.109,1.16,ewam
2026-09-22,2026-09-23T02:00:00Z,20,0.8,1.0925,1.16,ewam
2026-09-21,2026-09-23T03:00:00Z,45,1.0,1.1439,1.2,ewam
2026-09-22,2026-09-23T03:00:00Z,21,1.0,1.1341,1.22,ewam
2026-09-21,2026-09-23T04:00:00Z,46,1.1,1.2062,1.24,ewam
2026-09-22,2026-09-23T04:00:00Z,22,1.1,1.1983,1.26,ewam
2026-09-21,2026-09-23T05:00:00Z,47,1.3,1.2609,1.28,ewam
2026-09-22,2026-09-23T05:00:00Z,23,1.3,1.2342,1.32,ewam
2026-09-21,2026-09-23T06:00:00Z,48,1.3,1.3093,1.32,ewam
2026-09-22,2026-09-23T06:00:00Z,24,1.3,1.2931,1.36,ewam
2026-09-22,2026-09-23T07:00:00Z,25,1.7,1.3296,1.4,ewam
2026-09-23,2026-09-23T07:00:00Z,1,1.7,1.4415,1.48,ewam
2026-09-22,2026-09-23T08:00:00Z,26,1.6,1.3503,1.44,ewam
2026-09-23,2026-09-23T08:00:00Z,2,1.6,1.4549,1.5,ewam
2026-09-22,2026-09-23T09:00:00Z,27,1.9,1.3788,1.48,ewam
2026-09-23,2026-09-23T09:00:00Z,3,1.9,1.4844,1.54,ewam
2026-09-22,2026-09-23T10:00:00Z,28,1.8,1.3999,1.52,ewam
2026-09-23,2026-09-23T10:00:00Z,4,1.8,1.5275,1.56,ewam
2026-09-22,2026-09-23T11:00:00Z,29,1.8,1.4566,1.54,ewam
2026-09-23,2026-09-23T11:00:00Z,5,1.8,1.5209,1.58,ewam
2026-09-22,2026-09-23T12:00:00Z,30,1.6,1.4796,1.56,ewam
2026-09-23,2026-09-23T12:00:00Z,6,1.6,1.5591,1.6,ewam
2026-09-22,2026-09-23T13:00:00Z,31,1.9,1.4657,1.58,ewam
2026-09-23,2026-09-23T13:00:00Z,7,1.6,1.5238,1.6,ewam
2026-09-22,2026-09-23T14:00:00Z,32,1.7,1.4777,1.58,ewam
2026-09-23,2026-09-23T14:00:00Z,8,1.7,1.524,1.62,ewam
2026-09-22,2026-09-23T15:00:00Z,33,1.7,1.5906,1.6,ewam
2026-09-23,2026-09-23T15:00:00Z,9,1.4,1.5125,1.62,ewam
2026-09-22,2026-09-23T16:00:00Z,34,1.6,1.5409,1.62,ewam
2026-09-23,2026-09-23T16:00:00Z,10,1.6,1.4925,1.62,ewam
2026-09-22,2026-09-23T17:00:00Z,35,1.6,1.4569,1.64,ewam
2026-09-23,2026-09-23T17:00:00Z,11,1.6,1.4975,1.62,ewam
2026-09-22,2026-09-23T18:00:00Z,36,1.6,1.4414,1.64,ewam
2026-09-23,2026-09-23T18:00:00Z,12,1.6,1.4567,1.6,ewam
2026-09-22,2026-09-23T19:00:00Z,37,1.7,1.3583,1.64,ewam
2026-09-23,2026-09-23T19:00:00Z,13,1.7,1.3623,1.58,ewam
2026-09-22,2026-09-23T20:00:00Z,38,1.6,1.356,1.62,ewam
2026-09-23,2026-09-23T20:00:00Z,14,1.6,1.387,1.56,ewam
2026-09-22,2026-09-23T21:00:00Z,39,1.5,1.2655,1.62,ewam
2026-09-23,2026-09-23T21:00:00Z,15,1.5,1.2362,1.58,ewam
2026-09-22,2026-09-23T22:00:00Z,40,1.5,1.2086,1.6,ewam
2026-09-23,2026-09-23T22:00:00Z,16,1.5,1.2208,1.56,ewam
2026-09-22,2026-09-23T23:00:00Z,41,1.6,1.2454,1.58,ewam
2026-09-23,2026-09-23T23:00:00Z,17,1.6,1.241,1.54,ewam
2026-09-22,2026-09-24T00:00:00Z,42,1.5,1.235,1.54,ewam
2026-09-23,2026-09-24T00:00:00Z,18,1.5,1.251,1.52,ewam
2026-09-22,2026-09-24T01:00:00Z,43,1.4,1.2201,1.5,ewam
2026-09-23,2026-09-24T01:00:00Z,19,1.4,1.2338,1.48,ewam
2026-09-22,2026-09-24T02:00:00Z,44,1.3,1.223,1.46,ewam
2026-09-23,2026-09-24T02:00:00Z,20,1.3,1.2366,1.44,ewam
2026-09-22,2026-09-24T03:00:00Z,45,1.5,1.2418,1.44,ewam
2026-09-23,2026-09-24T03:00:00Z,21,1.5,1.2361,1.42,ewam
2026-09-22,2026-09-24T04:00:00Z,46,1.3,1.1903,1.4,ewam
2026-09-23,2026-09-24T04:00:00Z,22,1.3,1.2288,1.38,ewam
2026-09-22,2026-09-24T05:00:00Z,47,1.3,1.1903,1.38,ewam
2026-09-23,2026-09-24T05:00:00Z,23,1.3,1.2196,1.36,ewam
2026-09-22,2026-09-24T06:00:00Z,48,1.2,1.1243,1.36,ewam
2026-09-23,2026-09-24T06:00:00Z,24,1.2,1.1456,1.32,ewam
2026-09-23,2026-09-24T07:00:00Z,25,1.3,1.1113,1.3,ewam
2026-09-24,2026-09-24T07:00:00Z,1,1.3,1.2825,1.32,ewam
2026-09-23,2026-09-24T08:00:00Z,26,1.4,1.0939,1.28,ewam
2026-09-24,2026-09-24T08:00:00Z,2,1.4,1.2848,1.3,ewam
2026-09-23,2026-09-24T09:00:00Z,27,1.4,1.0297,1.26,ewam
2026-09-24,2026-09-24T09:00:00Z,3,1.4,1.2166,1.28,ewam
2026-09-23,2026-09-24T10:00:00Z,28,1.3,1.0354,1.24,ewam
2026-09-24,2026-09-24T10:00:00Z,4,1.3,1.1425,1.24,ewam
2026-09-23,2026-09-24T11:00:00Z,29,1.2,1.0413,1.22,ewam
2026-09-24,2026-09-24T11:00:00Z,5,1.2,1.1245,1.22,ewam
2026-09-23,2026-09-24T12:00:00Z,30,1.2,1.0666,1.18,ewam
2026-09-24,2026-09-24T12:00:00Z,6,1.2,1.1085,1.18,ewam
2026-09-23,2026-09-24T13:00:00Z,31,1.2,1.0632,1.16,ewam
2026-09-24,2026-09-24T13:00:00Z,7,1.1,1.1073,1.14,ewam
2026-09-23,2026-09-24T14:00:00Z,32,1.0,1.0659,1.14,ewam
2026-09-24,2026-09-24T14:00:00Z,8,1.0,1.1324,1.12,ewam
2026-09-23,2026-09-24T15:00:00Z,33,1.0,1.0105,1.12,ewam
2026-09-24,2026-09-24T15:00:00Z,9,1.1,1.0281,1.08,ewam
2026-09-23,2026-09-24T16:00:00Z,34,1.0,0.9792,1.1,ewam
2026-09-24,2026-09-24T16:00:00Z,10,1.0,0.9862,1.06,ewam
2026-09-23,2026-09-24T17:00:00Z,35,1.0,0.9735,1.08,ewam
2026-09-24,2026-09-24T17:00:00Z,11,1.0,0.9777,1.04,ewam
2026-09-23,2026-09-24T18:00:00Z,36,1.0,0.9502,1.06,ewam
2026-09-24,2026-09-24T18:00:00Z,12,1.0,0.9548,1.02,ewam
2026-09-23,2026-09-24T19:00:00Z,37,0.9,0.9322,1.06,ewam
2026-09-24,2026-09-24T19:00:00Z,13,0.9,0.9367,1.0,ewam
2026-09-23,2026-09-24T20:00:00Z,38,0.9,0.9098,1.04,ewam
2026-09-24,2026-09-24T20:00:00Z,14,0.9,0.9146,0.98,ewam
2026-09-23,2026-09-24T21:00:00Z,39,0.9,0.8745,1.02,ewam
2026-09-24,2026-09-24T21:00:00Z,15,0.9,0.8827,0.96,ewam
2026-09-23,2026-09-24T22:00:00Z,40,0.9,0.8608,1.0,ewam
2026-09-24,2026-09-24T22:00:00Z,16,0.9,0.8653,0.94,ewam
2026-09-23,2026-09-24T23:00:00Z,41,0.9,0.8553,0.98,ewam
2026-09-24,2026-09-24T23:00:00Z,17,0.9,0.8615,0.94,ewam
2026-09-23,2026-09-25T00:00:00Z,42,0.9,0.8594,0.96,ewam
2026-09-24,2026-09-25T00:00:00Z,18,0.9,0.8525,0.92,ewam
2026-09-23,2026-09-25T01:00:00Z,43,0.9,0.8403,0.94,ewam
2026-09-24,2026-09-25T01:00:00Z,19,0.9,0.8509,0.9,ewam
2026-09-23,2026-09-25T02:00:00Z,44,0.9,0.8342,0.92,ewam
2026-09-24,2026-09-25T02:00:00Z,20,0.9,0.8465,0.9,ewam
2026-09-23,2026-09-25T03:00:00Z,45,0.8,0.8294,0.92,ewam
2026-09-24,2026-09-25T03:00:00Z,21,0.8,0.8451,0.9,ewam
2026-09-23,2026-09-25T04:00:00Z,46,0.8,0.8471,0.94,ewam
2026-09-24,2026-09-25T04:00:00Z,22,0.8,0.8611,0.92,ewam
2026-09-23,2026-09-25T05:00:00Z,47,0.8,0.8687,0.96,ewam
2026-09-24,2026-09-25T05:00:00Z,23,0.8,0.8652,0.94,ewam
2026-09-23,2026-09-25T06:00:00Z,48,0.7,0.9076,1.0,ewam
2026-09-24,2026-09-25T06:00:00Z,24,0.7,0.9222,0.98,ewam
2026-09-24,2026-09-25T07:00:00Z,25,0.8,0.9965,1.04,ewam
2026-09-25,2026-09-25T07:00:00Z,1,0.8,0.8027,1.04,ewam
2026-09-24,2026-09-25T08:00:00Z,26,0.8,1.0665,1.12,ewam
2026-09-25,2026-09-25T08:00:00Z,2,0.8,0.8169,1.12,ewam
2026-09-24,2026-09-25T09:00:00Z,27,0.8,1.1983,1.2,ewam
2026-09-25,2026-09-25T09:00:00Z,3,0.8,0.887,1.2,ewam
2026-09-24,2026-09-25T10:00:00Z,28,0.7,1.2853,1.28,ewam
2026-09-25,2026-09-25T10:00:00Z,4,0.7,0.9859,1.26,ewam
2026-09-24,2026-09-25T11:00:00Z,29,0.8,1.3676,1.34,ewam
2026-09-25,2026-09-25T11:00:00Z,5,0.8,1.0877,1.34,ewam
2026-09-24,2026-09-25T12:00:00Z,30,0.9,1.4702,1.42,ewam
2026-09-25,2026-09-25T12:00:00Z,6,0.9,1.155,1.42,ewam
2026-09-24,2026-09-25T13:00:00Z,31,0.9,1.5384,1.48,ewam
2026-09-25,2026-09-25T13:00:00Z,7,1.0,1.3067,1.48,ewam
2026-09-24,2026-09-25T14:00:00Z,32,1.0,1.6375,1.54,ewam
2026-09-25,2026-09-25T14:00:00Z,8,1.0,1.4277,1.56,ewam
2026-09-24,2026-09-25T15:00:00Z,33,1.0,1.7451,1.6,ewam
2026-09-25,2026-09-25T15:00:00Z,9,1.2,1.5598,1.7,ewam
2026-09-24,2026-09-25T16:00:00Z,34,1.3,1.8171,1.66,ewam
2026-09-25,2026-09-25T16:00:00Z,10,1.3,1.6347,1.88,ewam
2026-09-24,2026-09-25T17:00:00Z,35,1.3,1.9341,1.76,ewam
2026-09-25,2026-09-25T17:00:00Z,11,1.3,1.8164,2.06,ewam
2026-09-24,2026-09-25T18:00:00Z,36,1.4,2.0847,1.9,ewam
2026-09-25,2026-09-25T18:00:00Z,12,1.4,1.9241,2.2,ewam
2026-09-24,2026-09-25T19:00:00Z,37,1.6,1.9803,2.06,ewam
2026-09-25,2026-09-25T19:00:00Z,13,1.6,1.9677,2.2,ewam
2026-09-24,2026-09-25T20:00:00Z,38,1.8,2.0043,2.12,ewam
2026-09-25,2026-09-25T20:00:00Z,14,1.8,2.022,2.1,ewam
2026-09-24,2026-09-25T21:00:00Z,39,2.1,2.0423,2.16,ewam
2026-09-25,2026-09-25T21:00:00Z,15,2.1,2.0231,2.04,ewam
2026-09-24,2026-09-25T22:00:00Z,40,1.8,2.0659,2.16,ewam
2026-09-25,2026-09-25T22:00:00Z,16,1.8,2.0458,1.98,ewam
2026-09-24,2026-09-25T23:00:00Z,41,1.7,2.0657,2.1,ewam
2026-09-25,2026-09-25T23:00:00Z,17,1.7,2.0179,1.96,ewam
2026-09-24,2026-09-26T00:00:00Z,42,1.6,2.0787,2.06,ewam
2026-09-25,2026-09-26T00:00:00Z,18,1.6,2.0479,1.94,ewam
2026-09-24,2026-09-26T01:00:00Z,43,1.5,2.0417,2.02,ewam
2026-09-25,2026-09-26T01:00:00Z,19,1.5,2.0139,1.92,ewam
2026-09-24,2026-09-26T02:00:00Z,44,1.7,2.0141,1.98,ewam
2026-09-25,2026-09-26T02:00:00Z,20,1.7,2.0149,1.92,ewam
2026-09-24,2026-09-26T03:00:00Z,45,1.8,1.9948,1.96,ewam
2026-09-25,2026-09-26T03:00:00Z,21,1.8,2.0296,1.92,ewam
2026-09-24,2026-09-26T04:00:00Z,46,2.0,1.9959,1.92,ewam
2026-09-25,2026-09-26T04:00:00Z,22,2.0,1.989,1.9,ewam
2026-09-24,2026-09-26T05:00:00Z,47,1.8,1.9541,1.9,ewam
2026-09-25,2026-09-26T05:00:00Z,23,1.8,1.9463,1.9,ewam
2026-09-24,2026-09-26T06:00:00Z,48,2.0,1.9401,1.86,ewam
2026-09-25,2026-09-26T06:00:00Z,24,2.0,1.9367,1.88,ewam
2026-09-25,2026-09-26T07:00:00Z,25,1.9,1.89,1.86,ewam
2026-09-26,2026-09-26T07:00:00Z,1,1.9,1.904,1.94,ewam
2026-09-25,2026-09-26T08:00:00Z,26,2.0,1.8522,1.84,ewam
2026-09-26,2026-09-26T08:00:00Z,2,2.0,1.8583,1.9,ewam
2026-09-25,2026-09-26T09:00:00Z,27,1.6,1.7412,1.82,ewam
2026-09-26,2026-09-26T09:00:00Z,3,1.6,1.8584,1.88,ewam
2026-09-25,2026-09-26T10:00:00Z,28,1.6,1.7237,1.78,ewam
2026-09-26,2026-09-26T10:00:00Z,4,1.6,1.771,1.84,ewam
2026-09-25,2026-09-26T11:00:00Z,29,1.6,1.726,1.74,ewam
2026-09-26,2026-09-26T11:00:00Z,5,1.6,1.7511,1.8,ewam
2026-09-25,2026-09-26T12:00:00Z,30,1.6,1.7203,1.68,ewam
2026-09-26,2026-09-26T12:00:00Z,6,1.6,1.6941,1.76,ewam
2026-09-25,2026-09-26T13:00:00Z,31,1.6,1.6656,1.64,ewam
2026-09-26,2026-09-26T13:00:00Z,7,1.6,1.689,1.72,ewam
2026-09-25,2026-09-26T14:00:00Z,32,1.5,1.596,1.6,ewam
2026-09-26,2026-09-26T14:00:00Z,8,1.5,1.6603,1.68,ewam
2026-09-25,2026-09-26T15:00:00Z,33,1.6,1.5375,1.56,ewam
2026-09-26,2026-09-26T15:00:00Z,9,1.6,1.5911,1.64,ewam
2026-09-25,2026-09-26T16:00:00Z,34,1.6,1.4772,1.52,ewam
2026-09-26,2026-09-26T16:00:00Z,10,1.6,1.5534,1.6,ewam
2026-09-25,2026-09-26T17:00:00Z,35,1.5,1.4728,1.48,ewam
2026-09-26,2026-09-26T17:00:00Z,11,1.5,1.5427,1.56,ewam
2026-09-25,2026-09-26T18:00:00Z,36,1.5,1.4375,1.46,ewam
2026-09-26,2026-09-26T18:00:00Z,12,1.5,1.4594,1.52,ewam
2026-09-25,2026-09-26T19:00:00Z,37,1.5,1.3958,1.42,ewam
2026-09-26,2026-09-26T19:00:00Z,13,1.5,1.4489,1.48,ewam
2026-09-25,2026-09-26T20:00:00Z,38,1.3,1.409,1.4,ewam
2026-09-26,2026-09-26T20:00:00Z,14,1.3,1.4366,1.46,ewam
2026-09-25,2026-09-26T21:00:00Z,39,1.4,1.387,1.36,ewam
2026-09-26,2026-09-26T21:00:00Z,15,1.4,1.4316,1.42,ewam
2026-09-25,2026-09-26T22:00:00Z,40,1.5,1.37,1.34,ewam
2026-09-26,2026-09-26T22:00:00Z,16,1.5,1.4141,1.4,ewam
2026-09-25,2026-09-26T23:00:00Z,41,1.3,1.3043,1.32,ewam
2026-09-26,2026-09-26T23:00:00Z,17,1.3,1.3715,1.38,ewam
2026-09-25,2026-09-27T00:00:00Z,42,1.3,1.3353,1.3,ewam
2026-09-26,2026-09-27T00:00:00Z,18,1.3,1.3152,1.36,ewam
2026-09-25,2026-09-27T01:00:00Z,43,1.1,1.3578,1.3,ewam
2026-09-26,2026-09-27T01:00:00Z,19,1.1,1.3054,1.34,ewam
2026-09-25,2026-09-27T02:00:00Z,44,1.1,1.3414,1.28,ewam
2026-09-26,2026-09-27T02:00:00Z,20,1.1,1.2827,1.32,ewam
2026-09-25,2026-09-27T03:00:00Z,45,1.3,1.3183,1.28,ewam
2026-09-26,2026-09-27T03:00:00Z,21,1.3,1.2655,1.32,ewam
2026-09-25,2026-09-27T04:00:00Z,46,1.2,1.3081,1.26,ewam
2026-09-26,2026-09-27T04:00:00Z,22,1.2,1.2213,1.3,ewam
2026-09-25,2026-09-27T05:00:00Z,47,1.2,1.2838,1.24,ewam
2026-09-26,2026-09-27T05:00:00Z,23,1.2,1.1905,1.28,ewam
2026-09-25,2026-09-27T06:00:00Z,48,1.2,1.24,1.22,ewam
2026-09-26,2026-09-27T06:00:00Z,24,1.2,1.1115,1.26,ewam
2026-09-26,2026-09-27T07:00:00Z,25,1.2,1.1036,1.24,ewam
2026-09-27,2026-09-27T07:00:00Z,1,1.2,1.2622,1.32,ewam
2026-09-26,2026-09-27T08:00:00Z,26,1.1,1.1381,1.22,ewam
2026-09-27,2026-09-27T08:00:00Z,2,1.1,1.2787,1.32,ewam
2026-09-26,2026-09-27T09:00:00Z,27,1.2,1.1408,1.22,ewam
2026-09-27,2026-09-27T09:00:00Z,3,1.2,1.2388,1.3,ewam
2026-09-26,2026-09-27T10:00:00Z,28,1.1,1.144,1.2,ewam
2026-09-27,2026-09-27T10:00:00Z,4,1.1,1.2372,1.28,ewam
2026-09-26,2026-09-27T11:00:00Z,29,1.2,1.1501,1.2,ewam
2026-09-27,2026-09-27T11:00:00Z,5,1.2,1.2315,1.28,ewam
2026-09-26,2026-09-27T12:00:00Z,30,1.1,1.1901,1.2,ewam
2026-09-27,2026-09-27T12:00:00Z,6,1.1,1.2461,1.3,ewam
2026-09-26,2026-09-27T13:00:00Z,31,1.0,1.2267,1.22,ewam
2026-09-27,2026-09-27T13:00:00Z,7,1.0,1.2186,1.3,ewam
2026-09-26,2026-09-27T14:00:00Z,32,1.0,1.2417,1.24,ewam
2026-09-27,2026-09-27T14:00:00Z,8,1.1,1.2417,1.3,ewam
2026-09-26,2026-09-27T15:00:00Z,33,1.1,1.2419,1.28,ewam
2026-09-27,2026-09-27T15:00:00Z,9,1.2,1.2121,1.32,ewam
2026-09-26,2026-09-27T16:00:00Z,34,1.1,1.2633,1.3,ewam
2026-09-27,2026-09-27T16:00:00Z,10,1.1,1.2479,1.32,ewam
2026-09-26,2026-09-27T17:00:00Z,35,1.2,1.2994,1.34,ewam
2026-09-27,2026-09-27T17:00:00Z,11,1.2,1.3137,1.34,ewam
2026-09-26,2026-09-27T18:00:00Z,36,1.1,1.3193,1.36,ewam
2026-09-27,2026-09-27T18:00:00Z,12,1.1,1.3315,1.36,ewam
2026-09-26,2026-09-27T19:00:00Z,37,1.2,1.3274,1.4,ewam
2026-09-27,2026-09-27T19:00:00Z,13,1.2,1.3443,1.36,ewam
2026-09-26,2026-09-27T20:00:00Z,38,1.2,1.3641,1.44,ewam
2026-09-27,2026-09-27T20:00:00Z,14,1.2,1.398,1.38,ewam
2026-09-26,2026-09-27T21:00:00Z,39,1.1,1.3888,1.46,ewam
2026-09-27,2026-09-27T21:00:00Z,15,1.1,1.4245,1.38,ewam
2026-09-26,2026-09-27T22:00:00Z,40,1.1,1.4079,1.48,ewam
2026-09-27,2026-09-27T22:00:00Z,16,1.1,1.447,1.38,ewam
2026-09-26,2026-09-27T23:00:00Z,41,1.1,1.4255,1.48,ewam
2026-09-27,2026-09-27T23:00:00Z,17,1.1,1.4514,1.38,ewam
2026-09-26,2026-09-28T00:00:00Z,42,1.2,1.4161,1.46,ewam
2026-09-27,2026-09-28T00:00:00Z,18,1.2,1.455,1.38,ewam
2026-09-26,2026-09-28T01:00:00Z,43,1.1,1.4027,1.46,ewam
2026-09-27,2026-09-28T01:00:00Z,19,1.1,1.471,1.38,ewam
2026-09-26,2026-09-28T02:00:00Z,44,1.1,1.389,1.44,ewam
2026-09-27,2026-09-28T02:00:00Z,20,1.1,1.4653,1.38,ewam
2026-09-26,2026-09-28T03:00:00Z,45,1.1,1.4005,1.42,ewam
2026-09-27,2026-09-28T03:00:00Z,21,1.1,1.4292,1.38,ewam
2026-09-26,2026-09-28T04:00:00Z,46,1.1,1.3954,1.4,ewam
2026-09-27,2026-09-28T04:00:00Z,22,1.1,1.3729,1.38,ewam
2026-09-26,2026-09-28T05:00:00Z,47,1.4,1.3997,1.4,ewam
2026-09-27,2026-09-28T05:00:00Z,23,1.4,1.3726,1.38,ewam
2026-09-26,2026-09-28T06:00:00Z,48,1.4,1.4001,1.4,ewam
2026-09-27,2026-09-28T06:00:00Z,24,1.4,1.3274,1.38,ewam
2026-09-27,2026-09-28T07:00:00Z,25,1.5,1.2871,1.4,ewam
2026-09-28,2026-09-28T07:00:00Z,1,1.5,1.3247,1.44,ewam
2026-09-27,2026-09-28T08:00:00Z,26,1.5,1.2702,1.4,ewam
2026-09-28,2026-09-28T08:00:00Z,2,1.5,1.2976,1.46,ewam
2026-09-27,2026-09-28T09:00:00Z,27,1.4,1.2817,1.42,ewam
2026-09-28,2026-09-28T09:00:00Z,3,1.4,1.3133,1.46,ewam
2026-09-27,2026-09-28T10:00:00Z,28,1.4,1.2852,1.42,ewam
2026-09-28,2026-09-28T10:00:00Z,4,1.4,1.3661,1.48,ewam
2026-09-27,2026-09-28T11:00:00Z,29,1.4,1.2887,1.42,ewam
2026-09-28,2026-09-28T11:00:00Z,5,1.4,1.3842,1.5,ewam
2026-09-27,2026-09-28T12:00:00Z,30,1.6,1.3401,1.42,ewam
2026-09-28,2026-09-28T12:00:00Z,6,1.6,1.3726,1.52,ewam
2026-09-27,2026-09-28T13:00:00Z,31,1.4,1.3264,1.4,ewam
2026-09-28,2026-09-28T13:00:00Z,7,1.4,1.3609,1.52,ewam
2026-09-27,2026-09-28T14:00:00Z,32,1.3,1.318,1.38,ewam
2026-09-28,2026-09-28T14:00:00Z,8,1.3,1.3332,1.52,ewam
2026-09-27,2026-09-28T15:00:00Z,33,1.4,1.3192,1.38,ewam
2026-09-28,2026-09-28T15:00:00Z,9,1.4,1.3016,1.52,ewam
2026-09-27,2026-09-28T16:00:00Z,34,1.3,1.4166,1.36,ewam
2026-09-28,2026-09-28T16:00:00Z,10,1.2,1.365,1.5,ewam
2026-09-27,2026-09-28T17:00:00Z,35,1.3,1.4039,1.36,ewam
2026-09-28,2026-09-28T17:00:00Z,11,1.3,1.3875,1.48,ewam
2026-09-27,2026-09-28T18:00:00Z,36,1.2,1.3731,1.36,ewam
2026-09-28,2026-09-28T18:00:00Z,12,1.2,1.3725,1.46,ewam
2026-09-27,2026-09-28T19:00:00Z,37,1.3,1.3597,1.36,ewam
2026-09-28,2026-09-28T19:00:00Z,13,1.3,1.3533,1.46,ewam
2026-09-27,2026-09-28T20:00:00Z,38,1.4,1.3551,1.34,ewam
2026-09-28,2026-09-28T20:00:00Z,14,1.4,1.3416,1.44,ewam
2026-09-27,2026-09-28T21:00:00Z,39,1.4,1.3493,1.34,ewam
2026-09-28,2026-09-28T21:00:00Z,15,1.4,1.2929,1.42,ewam
2026-09-27,2026-09-28T22:00:00Z,40,1.3,1.3446,1.32,ewam
2026-09-28,2026-09-28T22:00:00Z,16,1.3,1.2205,1.4,ewam
2026-09-27,2026-09-28T23:00:00Z,41,1.3,1.259,1.32,ewam
2026-09-28,2026-09-28T23:00:00Z,17,1.3,1.2261,1.4,ewam
2026-09-27,2026-09-29T00:00:00Z,42,1.3,1.2262,1.3,ewam
2026-09-28,2026-09-29T00:00:00Z,18,1.3,1.2065,1.38,ewam
2026-09-27,2026-09-29T01:00:00Z,43,1.1,1.2539,1.3,ewam
2026-09-28,2026-09-29T01:00:00Z,19,1.1,1.2449,1.38,ewam
2026-09-27,2026-09-29T02:00:00Z,44,1.0,1.2669,1.28,ewam
2026-09-28,2026-09-29T02:00:00Z,20,1.0,1.2281,1.36,ewam
2026-09-27,2026-09-29T03:00:00Z,45,1.0,1.2585,1.26,ewam
2026-09-28,2026-09-29T03:00:00Z,21,1.0,1.2133,1.34,ewam
2026-09-27,2026-09-29T04:00:00Z,46,1.0,1.2485,1.24,ewam
2026-09-28,2026-09-29T04:00:00Z,22,1.0,1.1693,1.32,ewam
2026-09-27,2026-09-29T05:00:00Z,47,1.1,1.2458,1.22,ewam
2026-09-28,2026-09-29T05:00:00Z,23,1.1,1.1771,1.28,ewam
2026-09-27,2026-09-29T06:00:00Z,48,1.0,1.2043,1.2,ewam
2026-09-28,2026-09-29T06:00:00Z,24,1.0,1.1249,1.26,ewam
2026-09-28,2026-09-29T07:00:00Z,25,1.0,1.1175,1.22,ewam
2026-09-29,2026-09-29T07:00:00Z,1,1.0,1.0809,1.24,ewam
2026-09-28,2026-09-29T08:00:00Z,26,1.0,1.1386,1.2,ewam
2026-09-29,2026-09-29T08:00:00Z,2,1.0,1.1067,1.24,ewam
2026-09-28,2026-09-29T09:00:00Z,27,0.9,1.181,1.28,ewam
2026-09-29,2026-09-29T09:00:00Z,3,0.9,1.1706,1.32,ewam
2026-09-28,2026-09-29T10:00:00Z,28,1.0,1.2893,1.44,ewam
2026-09-29,2026-09-29T10:00:00Z,4,1.0,1.2289,1.52,ewam
2026-09-28,2026-09-29T11:00:00Z,29,1.1,1.3753,1.54,ewam
2026-09-29,2026-09-29T11:00:00Z,5,1.1,1.3032,1.6,ewam
2026-09-28,2026-09-29T12:00:00Z,30,1.2,1.4191,1.58,ewam
2026-09-29,2026-09-29T12:00:00Z,6,1.2,1.3422,1.44,ewam
2026-09-28,2026-09-29T13:00:00Z,31,1.2,1.4339,1.6,ewam
2026-09-29,2026-09-29T13:00:00Z,7,1.2,1.4238,1.44,ewam
2026-09-28,2026-09-29T14:00:00Z,32,1.2,1.5265,1.62,ewam
2026-09-29,2026-09-29T14:00:00Z,8,1.2,1.4864,1.46,ewam
2026-09-28,2026-09-29T15:00:00Z,33,1.2,1.4488,1.6,ewam
2026-09-29,2026-09-29T15:00:00Z,9,1.3,1.3995,1.46,ewam
2026-09-28,2026-09-29T16:00:00Z,34,1.3,1.4447,1.58,ewam
2026-09-29,2026-09-29T16:00:00Z,10,1.4,1.391,1.42,ewam
2026-09-28,2026-09-29T17:00:00Z,35,1.5,1.4204,1.54,ewam
2026-09-29,2026-09-29T17:00:00Z,11,1.5,1.3578,1.38,ewam
2026-09-28,2026-09-29T18:00:00Z,36,1.3,1.3992,1.48,ewam
2026-09-29,2026-09-29T18:00:00Z,12,1.3,1.3065,1.3,ewam
2026-09-28,2026-09-29T19:00:00Z,37,1.3,1.3702,1.38,ewam
2026-09-29,2026-09-29T19:00:00Z,13,1.3,1.2884,1.24,ewam
2026-09-28,2026-09-29T20:00:00Z,38,1.2,1.3334,1.28,ewam
2026-09-29,2026-09-29T20:00:00Z,14,1.2,1.3031,1.22,ewam
2026-09-28,2026-09-29T21:00:00Z,39,1.1,1.3319,1.24,ewam
2026-09-29,2026-09-29T21:00:00Z,15,1.1,1.2981,1.28,ewam
2026-09-28,2026-09-29T22:00:00Z,40,1.1,1.4115,1.3,ewam
2026-09-29,2026-09-29T22:00:00Z,16,1.1,1.4109,1.44,ewam
2026-09-28,2026-09-29T23:00:00Z,41,1.0,1.5129,1.46,ewam
2026-09-29,2026-09-29T23:00:00Z,17,1.0,1.5365,1.66,ewam
2026-09-28,2026-09-30T00:00:00Z,42,1.0,1.5935,1.66,ewam
2026-09-29,2026-09-30T00:00:00Z,18,1.0,1.6091,1.94,ewam
2026-09-28,2026-09-30T01:00:00Z,43,1.1,1.7387,2.0,ewam
2026-09-29,2026-09-30T01:00:00Z,19,1.1,1.8879,2.24,ewam
2026-09-28,2026-09-30T02:00:00Z,44,1.4,1.8045,2.3,ewam
2026-09-29,2026-09-30T02:00:00Z,20,1.4,2.0949,2.5,ewam
2026-09-28,2026-09-30T03:00:00Z,45,2.1,1.9332,2.5,ewam
2026-09-29,2026-09-30T03:00:00Z,21,2.1,2.1214,2.68,ewam
2026-09-28,2026-09-30T04:00:00Z,46,2.6,2.0632,2.6,ewam
2026-09-29,2026-09-30T04:00:00Z,22,2.6,2.2385,2.74,ewam
2026-09-28,2026-09-30T05:00:00Z,47,2.6,2.302,2.62,ewam
2026-09-29,2026-09-30T05:00:00Z,23,2.6,2.4005,2.74,ewam
2026-09-28,2026-09-30T06:00:00Z,48,2.7,2.3544,2.58,ewam
2026-09-29,2026-09-30T06:00:00Z,24,2.7,2.4899,2.7,ewam
2026-09-29,2026-09-30T07:00:00Z,25,2.7,2.4862,2.64,ewam
2026-09-30,2026-09-30T07:00:00Z,1,2.7,2.5551,2.6,ewam
2026-09-29,2026-09-30T08:00:00Z,26,2.6,2.4657,2.56,ewam
2026-09-30,2026-09-30T08:00:00Z,2,2.6,2.5343,2.54,ewam
2026-09-29,2026-09-30T09:00:00Z,27,2.3,2.4463,2.48,ewam
2026-09-30,2026-09-30T09:00:00Z,3,2.3,2.5451,2.48,ewam
2026-09-29,2026-09-30T10:00:00Z,28,2.2,2.4115,2.42,ewam
2026-09-30,2026-09-30T10:00:00Z,4,2.2,2.5713,2.42,ewam
2026-09-29,2026-09-30T11:00:00Z,29,2.1,2.3713,2.38,ewam
2026-09-30,2026-09-30T11:00:00Z,5,2.1,2.5556,2.36,ewam
2026-09-29,2026-09-30T12:00:00Z,30,2.2,2.375,2.34,ewam
2026-09-30,2026-09-30T12:00:00Z,6,2.2,2.3992,2.36,ewam
2026-09-29,2026-09-30T13:00:00Z,31,2.0,2.3648,2.34,ewam
2026-09-30,2026-09-30T13:00:00Z,7,2.0,2.3598,2.34,ewam
2026-09-29,2026-09-30T14:00:00Z,32,2.1,2.3237,2.34,ewam
2026-09-30,2026-09-30T14:00:00Z,8,2.1,2.4558,2.34,ewam
2026-09-29,2026-09-30T15:00:00Z,33,2.1,2.4003,2.34,ewam
2026-09-30,2026-09-30T15:00:00Z,9,2.1,2.5145,2.36,ewam
2026-09-29,2026-09-30T16:00:00Z,34,2.1,2.4485,2.38,ewam
2026-09-30,2026-09-30T16:00:00Z,10,2.2,2.544,2.42,ewam
2026-09-29,2026-09-30T17:00:00Z,35,2.5,2.5277,2.4,ewam
2026-09-30,2026-09-30T17:00:00Z,11,2.5,2.6387,2.46,ewam
2026-09-29,2026-09-30T18:00:00Z,36,2.4,2.6457,2.46,ewam
2026-09-30,2026-09-30T18:00:00Z,12,2.4,2.7286,2.52,ewam
2026-09-29,2026-09-30T19:00:00Z,37,2.8,2.6542,2.48,ewam
2026-09-30,2026-09-30T19:00:00Z,13,2.8,2.7499,2.56,ewam
2026-09-29,2026-09-30T20:00:00Z,38,2.8,2.6456,2.52,ewam
2026-09-30,2026-09-30T20:00:00Z,14,2.8,2.722,2.56,ewam
2026-09-29,2026-09-30T21:00:00Z,39,3.0,2.7046,2.54,ewam
2026-09-30,2026-09-30T21:00:00Z,15,3.0,2.7109,2.56,ewam
2026-09-29,2026-09-30T22:00:00Z,40,2.9,2.7194,2.56,ewam
2026-09-30,2026-09-30T22:00:00Z,16,2.9,2.6933,2.56,ewam
2026-09-29,2026-09-30T23:00:00Z,41,3.2,2.7132,2.58,ewam
2026-09-30,2026-09-30T23:00:00Z,17,3.2,2.6512,2.54,ewam
2026-09-29,2026-10-01T00:00:00Z,42,3.0,2.6732,2.6,ewam
2026-09-30,2026-10-01T00:00:00Z,18,3.0,2.6669,2.52,ewam
2026-09-29,2026-10-01T01:00:00Z,43,3.0,2.6336,2.6,ewam
2026-09-30,2026-10-01T01:00:00Z,19,3.0,2.6686,2.5,ewam
2026-09-29,2026-10-01T02:00:00Z,44,3.0,2.6138,2.58,ewam
2026-09-30,2026-10-01T02:00:00Z,20,3.0,2.6892,2.48,ewam
2026-09-29,2026-10-01T03:00:00Z,45,2.6,2.5888,2.54,ewam
2026-09-30,2026-10-01T03:00:00Z,21,2.6,2.6594,2.46,ewam
2026-09-29,2026-10-01T04:00:00Z,46,2.4,2.566,2.52,ewam
2026-09-30,2026-10-01T04:00:00Z,22,2.4,2.6659,2.42,ewam
2026-09-29,2026-10-01T05:00:00Z,47,2.4,2.5607,2.48,ewam
2026-09-30,2026-10-01T05:00:00Z,23,2.4,2.6173,2.4,ewam
2026-09-29,2026-10-01T06:00:00Z,48,2.2,2.5552,2.48,ewam
2026-09-30,2026-10-01T06:00:00Z,24,2.2,2.6475,2.38,ewam
2026-09-30,2026-10-01T07:00:00Z,25,2.2,2.6508,2.38,ewam
2026-10-01,2026-10-01T07:00:00Z,1,2.2,2.3971,2.42,ewam
2026-09-30,2026-10-01T08:00:00Z,26,2.3,2.6424,2.38,ewam
2026-10-01,2026-10-01T08:00:00Z,2,2.3,2.4188,2.42,ewam
2026-09-30,2026-10-01T09:00:00Z,27,2.4,2.6389,2.4,ewam
2026-10-01,2026-10-01T09:00:00Z,3,2.4,2.4418,2.44,ewam
2026-09-30,2026-10-01T10:00:00Z,28,2.4,2.6702,2.44,ewam
2026-10-01,2026-10-01T10:00:00Z,4,2.4,2.6024,2.46,ewam
2026-09-30,2026-10-01T11:00:00Z,29,2.5,2.8537,2.48,ewam
2026-10-01,2026-10-01T11:00:00Z,5,2.5,2.7098,2.5,ewam
2026-09-30,2026-10-01T12:00:00Z,30,2.6,2.8376,2.54,ewam
2026-10-01,2026-10-01T12:00:00Z,6,2.6,2.8021,2.54,ewam
2026-09-30,2026-10-01T13:00:00Z,31,2.9,2.8577,2.58,ewam
2026-10-01,2026-10-01T13:00:00Z,7,2.9,2.9058,2.6,ewam
2026-09-30,2026-10-01T14:00:00Z,32,3.1,2.9257,2.62,ewam
2026-10-01,2026-10-01T14:00:00Z,8,3.1,2.9641,2.62,ewam
2026-09-30,2026-10-01T15:00:00Z,33,3.1,2.9839,2.64,ewam
2026-10-01,2026-10-01T15:00:00Z,9,3.2,2.9845,2.64,ewam
2026-09-30,2026-10-01T16:00:00Z,34,3.0,2.8842,2.64,ewam
2026-10-01,2026-10-01T16:00:00Z,10,3.0,2.9236,2.64,ewam
2026-09-30,2026-10-01T17:00:00Z,35,2.8,2.8136,2.62,ewam
2026-10-01,2026-10-01T17:00:00Z,11,3.2,2.8975,2.62,ewam
2026-09-30,2026-10-01T18:00:00Z,36,2.8,2.7782,2.58,ewam
2026-10-01,2026-10-01T18:00:00Z,12,2.8,2.8205,2.6,ewam
2026-09-30,2026-10-01T19:00:00Z,37,2.8,2.6763,2.54,ewam
2026-10-01,2026-10-01T19:00:00Z,13,2.8,2.712,2.56,ewam
2026-09-30,2026-10-01T20:00:00Z,38,2.8,2.6161,2.5,ewam
2026-10-01,2026-10-01T20:00:00Z,14,2.8,2.6308,2.5,ewam
2026-09-30,2026-10-01T21:00:00Z,39,2.6,2.519,2.44,ewam
2026-10-01,2026-10-01T21:00:00Z,15,2.6,2.5584,2.44,ewam
2026-09-30,2026-10-01T22:00:00Z,40,2.6,2.4775,2.38,ewam
2026-10-01,2026-10-01T22:00:00Z,16,2.6,2.5277,2.38,ewam
2026-09-30,2026-10-01T23:00:00Z,41,2.4,2.3707,2.32,ewam
2026-10-01,2026-10-01T23:00:00Z,17,2.4,2.4588,2.32,ewam
2026-09-30,2026-10-02T00:00:00Z,42,2.2,2.3128,2.26,ewam
2026-10-01,2026-10-02T00:00:00Z,18,2.2,2.4251,2.26,ewam
2026-09-30,2026-10-02T01:00:00Z,43,2.3,2.3,2.2,ewam
2026-10-01,2026-10-02T01:00:00Z,19,2.3,2.3997,2.2,ewam
2026-09-30,2026-10-02T02:00:00Z,44,2.0,2.2099,2.14,ewam
2026-10-01,2026-10-02T02:00:00Z,20,2.0,2.3029,2.14,ewam
2026-09-30,2026-10-02T03:00:00Z,45,2.3,2.2012,2.08,ewam
2026-10-01,2026-10-02T03:00:00Z,21,2.3,2.2832,2.08,ewam
2026-09-30,2026-10-02T04:00:00Z,46,1.9,2.193,2.02,ewam
2026-10-01,2026-10-02T04:00:00Z,22,1.9,2.247,2.02,ewam
2026-09-30,2026-10-02T05:00:00Z,47,2.0,2.0946,1.96,ewam
2026-10-01,2026-10-02T05:00:00Z,23,2.0,2.1924,1.98,ewam
2026-09-30,2026-10-02T06:00:00Z,48,2.0,2.0803,1.92,ewam
2026-10-01,2026-10-02T06:00:00Z,24,2.0,2.1579,1.92,ewam
2026-10-01,2026-10-02T07:00:00Z,25,1.9,2.1001,1.86,ewam
2026-10-02,2026-10-02T07:00:00Z,1,1.9,2.2337,1.9,ewam
2026-10-01,2026-10-02T08:00:00Z,26,2.1,2.0528,1.82,ewam
2026-10-02,2026-10-02T08:00:00Z,2,2.1,2.2245,1.84,ewam
2026-10-01,2026-10-02T09:00:00Z,27,2.1,2.0062,1.78,ewam
2026-10-02,2026-10-02T09:00:00Z,3,2.1,2.147,1.8,ewam
2026-10-01,2026-10-02T10:00:00Z,28,2.0,1.9019,1.74,ewam
2026-10-02,2026-10-02T10:00:00Z,4,2.0,1.9988,1.76,ewam
2026-10-01,2026-10-02T11:00:00Z,29,2.0,1.8599,1.7,ewam
2026-10-02,2026-10-02T11:00:00Z,5,2.0,1.9547,1.72,ewam
2026-10-01,2026-10-02T12:00:00Z,30,2.0,1.8081,1.66,ewam
2026-10-02,2026-10-02T12:00:00Z,6,2.0,1.921,1.84,ewam
2026-10-01,2026-10-02T13:00:00Z,31,1.7,1.7826,1.64,ewam
2026-10-02,2026-10-02T13:00:00Z,7,1.7,1.8462,1.78,ewam
2026-10-01,2026-10-02T14:00:00Z,32,1.7,1.7298,1.6,ewam
2026-10-02,2026-10-02T14:00:00Z,8,1.5,1.7943,1.72,ewam
2026-10-01,2026-10-02T15:00:00Z,33,1.5,1.6651,1.58,ewam
2026-10-02,2026-10-02T15:00:00Z,9,1.5,1.7489,1.66,ewam
2026-10-01,2026-10-02T16:00:00Z,34,1.4,1.6309,1.56,ewam
2026-10-02,2026-10-02T16:00:00Z,10,1.3,1.6979,1.62,ewam
2026-10-01,2026-10-02T17:00:00Z,35,1.3,1.5852,1.52,ewam
2026-10-02,2026-10-02T17:00:00Z,11,1.3,1.6617,1.58,ewam
2026-10-01,2026-10-02T18:00:00Z,36,1.3,1.5428,1.5,ewam
2026-10-02,2026-10-02T18:00:00Z,12,1.3,1.6243,1.56,ewam
2026-10-01,2026-10-02T19:00:00Z,37,1.3,1.5045,1.48,ewam
2026-10-02,2026-10-02T19:00:00Z,13,1.3,1.588,1.52,ewam
2026-10-01,2026-10-02T20:00:00Z,38,1.5,1.501,1.46,ewam
2026-10-02,2026-10-02T20:00:00Z,14,1.5,1.5449,1.5,ewam
2026-10-01,2026-10-02T21:00:00Z,39,1.5,1.4964,1.44,ewam
2026-10-02,2026-10-02T21:00:00Z,15,1.5,1.5565,1.48,ewam
2026-10-01,2026-10-02T22:00:00Z,40,1.5,1.4831,1.42,ewam
2026-10-02,2026-10-02T22:00:00Z,16,1.5,1.5546,1.48,ewam
2026-10-01,2026-10-02T23:00:00Z,41,1.5,1.481,1.4,ewam
2026-10-02,2026-10-02T23:00:00Z,17,1.5,1.5514,1.46,ewam
2026-10-01,2026-10-03T00:00:00Z,42,1.6,1.4755,1.38,ewam
2026-10-02,2026-10-03T00:00:00Z,18,1.6,1.4997,1.42,ewam
2026-10-01,2026-10-03T01:00:00Z,43,1.3,1.3877,1.38,ewam
2026-10-02,2026-10-03T01:00:00Z,19,1.3,1.4538,1.4,ewam
2026-10-01,2026-10-03T02:00:00Z,44,1.3,1.3394,1.36,ewam
2026-10-02,2026-10-03T02:00:00Z,20,1.3,1.4299,1.38,ewam
2026-10-01,2026-10-03T03:00:00Z,45,1.3,1.3278,1.34,ewam
2026-10-02,2026-10-03T03:00:00Z,21,1.3,1.4206,1.36,ewam
2026-10-01,2026-10-03T04:00:00Z,46,1.1,1.3068,1.32,ewam
2026-10-02,2026-10-03T04:00:00Z,22,1.1,1.42,1.34,ewam
2026-10-01,2026-10-03T05:00:00Z,47,0.9,1.3046,1.3,ewam
2026-10-02,2026-10-03T05:00:00Z,23,0.9,1.3866,1.32,ewam
2026-10-01,2026-10-03T06:00:00Z,48,1.0,1.2761,1.3,ewam
2026-10-02,2026-10-03T06:00:00Z,24,1.0,1.3584,1.3,ewam
2026-10-02,2026-10-03T07:00:00Z,25,1.0,1.3454,1.3,ewam
2026-10-03,2026-10-03T07:00:00Z,1,1.0,1.1417,1.38,ewam
2026-10-02,2026-10-03T08:00:00Z,26,1.1,1.322,1.3,ewam
2026-10-03,2026-10-03T08:00:00Z,2,1.1,1.1603,1.44,ewam
2026-10-02,2026-10-03T09:00:00Z,27,1.2,1.302,1.28,ewam
2026-10-03,2026-10-03T09:00:00Z,3,1.2,1.1442,1.5,ewam
2026-10-02,2026-10-03T10:00:00Z,28,1.2,1.2314,1.28,ewam
2026-10-03,2026-10-03T10:00:00Z,4,1.2,1.1754,1.54,ewam
2026-10-02,2026-10-03T11:00:00Z,29,1.4,1.2212,1.26,ewam
2026-10-03,2026-10-03T11:00:00Z,5,1.4,1.1391,1.6,ewam
2026-10-02,2026-10-03T12:00:00Z,30,1.4,1.175,1.26,ewam
2026-10-03,2026-10-03T12:00:00Z,6,1.4,1.1889,1.62,ewam
2026-10-02,2026-10-03T13:00:00Z,31,1.3,1.1624,1.24,ewam
2026-10-03,2026-10-03T13:00:00Z,7,1.2,1.1905,1.62,ewam
2026-10-02,2026-10-03T14:00:00Z,32,1.3,1.1649,1.22,ewam
2026-10-03,2026-10-03T14:00:00Z,8,1.3,1.1786,1.62,ewam
2026-10-02,2026-10-03T15:00:00Z,33,1.3,1.1465,1.2,ewam
2026-10-03,2026-10-03T15:00:00Z,9,1.2,1.125,1.6,ewam
2026-10-02,2026-10-03T16:00:00Z,34,1.1,1.1271,1.18,ewam
2026-10-03,2026-10-03T16:00:00Z,10,1.1,1.1588,1.58,ewam
2026-10-02,2026-10-03T17:00:00Z,35,0.9,1.1171,1.18,ewam
2026-10-03,2026-10-03T17:00:00Z,11,0.9,1.1742,1.56,ewam
2026-10-02,2026-10-03T18:00:00Z,36,0.8,1.1375,1.16,ewam
2026-10-03,2026-10-03T18:00:00Z,12,0.8,1.1123,1.52,ewam
2026-10-02,2026-10-03T19:00:00Z,37,0.9,1.1325,1.16,ewam
2026-10-03,2026-10-03T19:00:00Z,13,0.9,1.1059,1.5,ewam
2026-10-02,2026-10-03T20:00:00Z,38,1.0,1.1302,1.16,ewam
2026-10-03,2026-10-03T20:00:00Z,14,1.0,1.1118,1.48,ewam
2026-10-02,2026-10-03T21:00:00Z,39,1.0,1.0974,1.16,ewam
2026-10-03,2026-10-03T21:00:00Z,15,1.0,1.0711,1.48,ewam
2026-10-02,2026-10-03T22:00:00Z,40,1.1,1.0065,1.18,ewam
2026-10-03,2026-10-03T22:00:00Z,16,1.1,0.9629,1.48,ewam
2026-10-02,2026-10-03T23:00:00Z,41,1.1,1.0098,1.18,ewam
2026-10-03,2026-10-03T23:00:00Z,17,1.1,0.9826,1.48,ewam
2026-10-02,2026-10-04T00:00:00Z,42,1.0,1.026,1.18,ewam
2026-10-03,2026-10-04T00:00:00Z,18,1.0,0.9199,1.44,ewam
2026-10-02,2026-10-04T01:00:00Z,43,1.1,1.0125,1.16,ewam
2026-10-03,2026-10-04T01:00:00Z,19,1.1,0.8916,1.4,ewam
2026-10-02,2026-10-04T02:00:00Z,44,1.0,1.0066,1.12,ewam
2026-10-03,2026-10-04T02:00:00Z,20,1.0,0.8617,1.36,ewam
2026-10-02,2026-10-04T03:00:00Z,45,0.9,0.917,1.1,ewam
2026-10-03,2026-10-04T03:00:00Z,21,0.9,0.8358,1.3,ewam
2026-10-02,2026-10-04T04:00:00Z,46,0.8,0.9398,1.1,ewam
2026-10-03,2026-10-04T04:00:00Z,22,0.8,0.8674,1.26,ewam
2026-10-02,2026-10-04T05:00:00Z,47,0.8,0.9252,1.08,ewam
2026-10-03,2026-10-04T05:00:00Z,23,0.8,0.8255,1.22,ewam
2026-10-02,2026-10-04T06:00:00Z,48,0.8,0.9368,1.08,ewam
2026-10-03,2026-10-04T06:00:00Z,24,0.8,0.8085,1.22,ewam
2026-10-03,2026-10-04T07:00:00Z,25,0.7,0.7658,1.2,ewam
2026-10-04,2026-10-04T07:00:00Z,1,0.7,0.6658,1.18,ewam
2026-10-03,2026-10-04T08:00:00Z,26,0.7,0.7724,1.2,ewam
2026-10-04,2026-10-04T08:00:00Z,2,0.7,0.6593,1.16,ewam
2026-10-03,2026-10-04T09:00:00Z,27,0.8,0.7202,1.18,ewam
2026-10-04,2026-10-04T09:00:00Z,3,0.8,0.6507,1.14,ewam
2026-10-03,2026-10-04T10:00:00Z,28,0.7,0.6916,1.14,ewam
2026-10-04,2026-10-04T10:00:00Z,4,0.7,0.6631,1.1,ewam
2026-10-03,2026-10-04T11:00:00Z,29,0.8,0.7054,1.1,ewam
2026-10-04,2026-10-04T11:00:00Z,5,0.8,0.6507,1.08,ewam
2026-10-03,2026-10-04T12:00:00Z,30,0.9,0.7376,1.06,ewam
2026-10-04,2026-10-04T12:00:00Z,6,0.9,0.679,1.06,ewam
2026-10-03,2026-10-04T13:00:00Z,31,0.8,0.7348,1.04,ewam
2026-10-04,2026-10-04T13:00:00Z,7,0.8,0.6682,1.04,ewam
2026-10-03,2026-10-04T14:00:00Z,32,0.8,0.7402,1.0,ewam
2026-10-04,2026-10-04T14:00:00Z,8,0.7,0.6417,1.02,ewam
2026-10-03,2026-10-04T15:00:00Z,33,0.7,0.7307,0.98,ewam
2026-10-04,2026-10-04T15:00:00Z,9,0.7,0.6482,1.02,ewam
2026-10-03,2026-10-04T16:00:00Z,34,0.7,0.7385,0.98,ewam
2026-10-04,2026-10-04T16:00:00Z,10,0.7,0.6815,1.02,ewam
2026-10-03,2026-10-04T17:00:00Z,35,0.6,0.7411,0.96,ewam
2026-10-04,2026-10-04T17:00:00Z,11,0.6,0.6617,1.02,ewam
2026-10-03,2026-10-04T18:00:00Z,36,0.6,0.7244,0.94,ewam
2026-10-04,2026-10-04T18:00:00Z,12,0.6,0.6487,1.02,ewam
2026-10-03,2026-10-04T19:00:00Z,37,0.6,0.7589,0.96,ewam
2026-10-04,2026-10-04T19:00:00Z,13,0.6,0.6755,1.06,ewam
2026-10-03,2026-10-04T20:00:00Z,38,0.6,0.6758,0.98,ewam
2026-10-04,2026-10-04T20:00:00Z,14,0.6,0.6617,1.1,ewam
2026-10-03,2026-10-04T21:00:00Z,39,0.6,0.6617,1.04,ewam
2026-10-04,2026-10-04T21:00:00Z,15,0.6,0.6676,1.12,ewam
2026-10-03,2026-10-04T22:00:00Z,40,0.7,0.6561,1.04,ewam
2026-10-04,2026-10-04T22:00:00Z,16,0.7,0.6597,1.12,ewam
2026-10-03,2026-10-04T23:00:00Z,41,0.7,0.6652,1.02,ewam
2026-10-04,2026-10-04T23:00:00Z,17,0.7,0.637,1.1,ewam
2026-10-03,2026-10-05T00:00:00Z,42,0.7,0.7062,0.98,ewam
2026-10-04,2026-10-05T00:00:00Z,18,0.7,0.6335,1.1,ewam
2026-10-03,2026-10-05T01:00:00Z,43,0.8,0.6836,0.94,ewam
2026-10-04,2026-10-05T01:00:00Z,19,0.8,0.6443,1.08,ewam
2026-10-03,2026-10-05T02:00:00Z,44,0.9,0.6805,0.92,ewam
2026-10-04,2026-10-05T02:00:00Z,20,0.9,0.6396,1.06,ewam
2026-10-03,2026-10-05T03:00:00Z,45,0.7,0.6591,0.9,ewam
2026-10-04,2026-10-05T03:00:00Z,21,0.7,0.6464,1.04,ewam
2026-10-03,2026-10-05T04:00:00Z,46,0.6,0.6016,0.88,ewam
2026-10-04,2026-10-05T04:00:00Z,22,0.6,0.6561,1.04,ewam
2026-10-03,2026-10-05T05:00:00Z,47,0.6,0.5928,0.86,ewam
2026-10-04,2026-10-05T05:00:00Z,23,0.6,0.6357,1.02,ewam
2026-10-03,2026-10-05T06:00:00Z,48,0.6,0.605,0.86,ewam
2026-10-04,2026-10-05T06:00:00Z,24,0.6,0.6217,1.02,ewam
2026-10-04,2026-10-05T07:00:00Z,25,0.5,0.6214,1.0,ewam
2026-10-05,2026-10-05T07:00:00Z,1,0.5,0.5953,0.88,ewam
2026-10-04,2026-10-05T08:00:00Z,26,0.5,0.6446,1.0,ewam
2026-10-05,2026-10-05T08:00:00Z,2,0.5,0.5826,0.88,ewam
2026-10-04,2026-10-05T09:00:00Z,27,0.5,0.6368,0.98,ewam
2026-10-05,2026-10-05T09:00:00Z,3,0.5,0.6003,0.86,ewam
2026-10-04,2026-10-05T10:00:00Z,28,0.5,0.6092,0.96,ewam
2026-10-05,2026-10-05T10:00:00Z,4,0.5,0.5578,0.84,ewam
2026-10-04,2026-10-05T11:00:00Z,29,0.6,0.5686,0.94,ewam
2026-10-05,2026-10-05T11:00:00Z,5,0.6,0.5418,0.82,ewam
2026-10-04,2026-10-05T12:00:00Z,30,0.6,0.6273,0.92,ewam
2026-10-05,2026-10-05T12:00:00Z,6,0.6,0.546,0.76,ewam
2026-10-04,2026-10-05T13:00:00Z,31,0.6,0.5752,0.88,ewam
2026-10-05,2026-10-05T13:00:00Z,7,0.6,0.528,0.74,ewam
2026-10-04,2026-10-05T14:00:00Z,32,0.7,0.5572,0.84,ewam
2026-10-05,2026-10-05T14:00:00Z,8,0.7,0.5298,0.72,ewam
2026-10-04,2026-10-05T15:00:00Z,33,0.6,0.5866,0.82,ewam
2026-10-05,2026-10-05T15:00:00Z,9,0.6,0.54,0.7,ewam
2026-10-04,2026-10-05T16:00:00Z,34,0.6,0.6042,0.8,ewam
2026-10-05,2026-10-05T16:00:00Z,10,0.6,0.5712,0.7,ewam
2026-10-04,2026-10-05T17:00:00Z,35,0.6,0.5912,0.78,ewam
2026-10-05,2026-10-05T17:00:00Z,11,0.5,0.5737,0.7,ewam
2026-10-04,2026-10-05T18:00:00Z,36,0.5,0.5861,0.76,ewam
2026-10-05,2026-10-05T18:00:00Z,12,0.5,0.563,0.68,ewam
2026-10-04,2026-10-05T19:00:00Z,37,0.5,0.5901,0.76,ewam
2026-10-05,2026-10-05T19:00:00Z,13,0.5,0.5652,0.68,ewam
2026-10-04,2026-10-05T20:00:00Z,38,0.5,0.5733,0.74,ewam
2026-10-05,2026-10-05T20:00:00Z,14,0.5,0.5776,0.68,ewam
2026-10-04,2026-10-05T21:00:00Z,39,0.4,0.5203,0.74,ewam
2026-10-05,2026-10-05T21:00:00Z,15,0.4,0.5216,0.68,ewam
2026-10-04,2026-10-05T22:00:00Z,40,0.5,0.525,0.76,ewam
2026-10-05,2026-10-05T22:00:00Z,16,0.5,0.5098,0.74,ewam
2026-10-04,2026-10-05T23:00:00Z,41,0.6,0.5226,0.76,ewam
2026-10-05,2026-10-05T23:00:00Z,17,0.6,0.5283,0.76,ewam
2026-10-04,2026-10-06T00:00:00Z,42,0.6,0.5134,0.76,ewam
2026-10-05,2026-10-06T00:00:00Z,18,0.6,0.5255,0.76,ewam
2026-10-04,2026-10-06T01:00:00Z,43,0.6,0.5056,0.74,ewam
2026-10-05,2026-10-06T01:00:00Z,19,0.6,0.5182,0.74,ewam
2026-10-04,2026-10-06T02:00:00Z,44,0.6,0.5044,0.72,ewam
2026-10-05,2026-10-06T02:00:00Z,20,0.6,0.5078,0.74,ewam
2026-10-04,2026-10-06T03:00:00Z,45,0.7,0.5104,0.7,ewam
2026-10-05,2026-10-06T03:00:00Z,21,0.7,0.52,0.72,ewam
2026-10-04,2026-10-06T04:00:00Z,46,0.7,0.5136,0.68,ewam
2026-10-05,2026-10-06T04:00:00Z,22,0.7,0.5262,0.72,ewam
2026-10-04,2026-10-06T05:00:00Z,47,0.8,0.5145,0.68,ewam
2026-10-05,2026-10-06T05:00:00Z,23,0.8,0.5291,0.7,ewam
2026-10-04,2026-10-06T06:00:00Z,48,0.6,0.4709,0.66,ewam
2026-10-05,2026-10-06T06:00:00Z,24,0.6,0.5185,0.7,ewam
2026-10-05,2026-10-06T07:00:00Z,25,0.5,0.5262,0.7,ewam
2026-10-06,2026-10-06T07:00:00Z,1,0.5,0.6002,0.76,ewam
2026-10-05,2026-10-06T08:00:00Z,26,0.5,0.5633,0.7,ewam
2026-10-06,2026-10-06T08:00:00Z,2,0.5,0.5806,0.74,ewam
2026-10-05,2026-10-06T09:00:00Z,27,0.5,0.5745,0.68,ewam
2026-10-06,2026-10-06T09:00:00Z,3,0.5,0.605,0.74,ewam
2026-10-05,2026-10-06T10:00:00Z,28,0.5,0.5539,0.68,ewam
2026-10-06,2026-10-06T10:00:00Z,4,0.5,0.6114,0.72,ewam
2026-10-05,2026-10-06T11:00:00Z,29,0.5,0.4964,0.66,ewam
2026-10-06,2026-10-06T11:00:00Z,5,0.5,0.6022,0.72,ewam
2026-10-05,2026-10-06T12:00:00Z,30,0.7,0.5179,0.66,ewam
2026-10-06,2026-10-06T12:00:00Z,6,0.7,0.6002,0.74,ewam
2026-10-05,2026-10-06T13:00:00Z,31,0.7,0.502,0.66,ewam
2026-10-06,2026-10-06T13:00:00Z,7,0.7,0.589,0.76,ewam
2026-10-05,2026-10-06T14:00:00Z,32,0.8,0.5013,0.66,ewam
2026-10-06,2026-10-06T14:00:00Z,8,0.8,0.6098,0.76,ewam
2026-10-05,2026-10-06T15:00:00Z,33,0.8,0.528,0.66,ewam
2026-10-06,2026-10-06T15:00:00Z,9,0.7,0.601,0.76,ewam
2026-10-05,2026-10-06T16:00:00Z,34,0.8,0.5299,0.66,ewam
2026-10-06,2026-10-06T16:00:00Z,10,0.8,0.6081,0.76,ewam
2026-10-05,2026-10-06T17:00:00Z,35,0.8,0.5767,0.68,ewam
2026-10-06,2026-10-06T17:00:00Z,11,0.7,0.602,0.76,ewam
2026-10-05,2026-10-06T18:00:00Z,36,0.8,0.5912,0.68,ewam
2026-10-06,2026-10-06T18:00:00Z,12,0.8,0.5588,0.74,ewam
2026-10-05,2026-10-06T19:00:00Z,37,0.7,0.6204,0.68,ewam
2026-10-06,2026-10-06T19:00:00Z,13,0.7,0.5663,0.76,ewam
2026-10-05,2026-10-06T20:00:00Z,38,0.5,0.5461,0.68,ewam
2026-10-06,2026-10-06T20:00:00Z,14,0.5,0.5455,0.76,ewam
2026-10-05,2026-10-06T21:00:00Z,39,0.5,0.5696,0.7,ewam
2026-10-06,2026-10-06T21:00:00Z,15,0.5,0.5906,0.78,ewam
2026-10-05,2026-10-06T22:00:00Z,40,0.5,0.5284,0.72,ewam
2026-10-06,2026-10-06T22:00:00Z,16,0.5,0.6138,0.78,ewam
2026-10-05,2026-10-06T23:00:00Z,41,0.6,0.5715,0.76,ewam
2026-10-06,2026-10-06T23:00:00Z,17,0.6,0.6262,0.8,ewam
2026-10-05,2026-10-07T00:00:00Z,42,0.6,0.5792,0.76,ewam
2026-10-06,2026-10-07T00:00:00Z,18,0.6,0.6255,0.8,ewam
2026-10-05,2026-10-07T01:00:00Z,43,0.7,0.6371,0.78,ewam
2026-10-06,2026-10-07T01:00:00Z,19,0.7,0.6386,0.8,ewam
2026-10-05,2026-10-07T02:00:00Z,44,0.8,0.5805,0.78,ewam
2026-10-06,2026-10-07T02:00:00Z,20,0.8,0.6389,0.8,ewam
2026-10-05,2026-10-07T03:00:00Z,45,0.8,0.6042,0.78,ewam
2026-10-06,2026-10-07T03:00:00Z,21,0.8,0.6192,0.78,ewam
2026-10-05,2026-10-07T04:00:00Z,46,0.9,0.6013,0.76,ewam
2026-10-06,2026-10-07T04:00:00Z,22,0.9,0.6669,0.78,ewam
2026-10-05,2026-10-07T05:00:00Z,47,0.9,0.5951,0.76,ewam
2026-10-06,2026-10-07T05:00:00Z,23,0.9,0.6925,0.76,ewam
2026-10-05,2026-10-07T06:00:00Z,48,1.0,0.646,0.74,ewam
2026-10-06,2026-10-07T06:00:00Z,24,1.0,0.725,0.76,ewam
2026-10-06,2026-10-07T07:00:00Z,25,1.0,0.7561,0.78,ewam
2026-10-07,2026-10-07T07:00:00Z,1,1.0,0.8444,0.78,ewam
2026-10-06,2026-10-07T08:00:00Z,26,0.9,0.9024,0.92,ewam
2026-10-07,2026-10-07T08:00:00Z,2,0.9,1.0296,0.98,ewam
2026-10-06,2026-10-07T09:00:00Z,27,1.2,1.0705,1.24,ewam
2026-10-07,2026-10-07T09:00:00Z,3,1.2,1.2104,1.32,ewam
2026-10-06,2026-10-07T10:00:00Z,28,1.3,1.1838,1.44,ewam
2026-10-07,2026-10-07T10:00:00Z,4,1.3,1.2435,1.48,ewam
2026-10-06,2026-10-07T11:00:00Z,29,1.3,1.196,1.5,ewam
2026-10-07,2026-10-07T11:00:00Z,5,1.3,1.2868,1.52,ewam
2026-10-06,2026-10-07T12:00:00Z,30,1.2,1.2978,1.54,ewam
2026-10-07,2026-10-07T12:00:00Z,6,1.2,1.4223,1.58,ewam
2026-10-06,2026-10-07T13:00:00Z,31,1.4,1.3723,1.54,ewam
2026-10-07,2026-10-07T13:00:00Z,7,1.4,1.4644,1.66,ewam
2026-10-06,2026-10-07T14:00:00Z,32,1.4,1.3306,1.46,ewam
2026-10-07,2026-10-07T14:00:00Z,8,1.4,1.6429,1.86,ewam
2026-10-06,2026-10-07T15:00:00Z,33,1.5,1.556,1.62,ewam
2026-10-07,2026-10-07T15:00:00Z,9,1.6,1.7949,2.0,ewam
2026-10-06,2026-10-07T16:00:00Z,34,1.7,1.7052,1.92,ewam
2026-10-07,2026-10-07T16:00:00Z,10,1.7,1.8671,2.14,ewam
2026-10-06,2026-10-07T17:00:00Z,35,2.0,1.8056,2.1,ewam
2026-10-07,2026-10-07T17:00:00Z,11,2.0,1.9839,2.36,ewam
2026-10-06,2026-10-07T18:00:00Z,36,2.1,1.9497,2.16,ewam
2026-10-07,2026-10-07T18:00:00Z,12,2.1,2.1503,2.48,ewam
2026-10-06,2026-10-07T19:00:00Z,37,2.2,2.0533,2.2,ewam
2026-10-07,2026-10-07T19:00:00Z,13,2.2,2.1958,2.52,ewam
2026-10-06,2026-10-07T20:00:00Z,38,2.2,2.1485,2.2,ewam
2026-10-07,2026-10-07T20:00:00Z,14,2.2,2.3264,2.56,ewam
2026-10-06,2026-10-07T21:00:00Z,39,2.5,2.2773,2.16,ewam
2026-10-07,2026-10-07T21:00:00Z,15,2.5,2.428,2.56,ewam
2026-10-06,2026-10-07T22:00:00Z,40,2.5,2.245,2.08,ewam
2026-10-07,2026-10-07T22:00:00Z,16,2.5,2.3442,2.48,ewam
2026-10-06,2026-10-07T23:00:00Z,41,2.2,2.1708,2.02,ewam
2026-10-07,2026-10-07T23:00:00Z,17,2.2,2.2755,2.36,ewam
2026-10-06,2026-10-08T00:00:00Z,42,2.0,2.073,1.96,ewam
2026-10-07,2026-10-08T00:00:00Z,18,2.0,2.1728,2.26,ewam
2026-10-06,2026-10-08T01:00:00Z,43,1.9,1.9255,1.94,ewam
2026-10-07,2026-10-08T01:00:00Z,19,1.9,2.0153,2.14,ewam
2026-10-06,2026-10-08T02:00:00Z,44,1.7,1.7821,1.78,ewam
2026-10-07,2026-10-08T02:00:00Z,20,1.7,1.9075,2.0,ewam
2026-10-06,2026-10-08T03:00:00Z,45,1.7,1.6757,1.58,ewam
2026-10-07,2026-10-08T03:00:00Z,21,1.7,1.7743,1.9,ewam
2026-10-06,2026-10-08T04:00:00Z,46,1.4,1.5621,1.46,ewam
2026-10-07,2026-10-08T04:00:00Z,22,1.4,1.7456,1.8,ewam
2026-10-06,2026-10-08T05:00:00Z,47,1.5,1.4898,1.36,ewam
2026-10-07,2026-10-08T05:00:00Z,23,1.5,1.6508,1.72,ewam
2026-10-06,2026-10-08T06:00:00Z,48,1.5,1.2639,1.24,ewam
2026-10-07,2026-10-08T06:00:00Z,24,1.5,1.5545,1.6,ewam
2026-10-07,2026-10-08T07:00:00Z,25,1.4,1.4864,1.5,ewam
2026-10-07,2026-10-08T08:00:00Z,26,1.4,1.4703,1.44,ewam
2026-10-07,2026-10-08T09:00:00Z,27,1.5,1.4325,1.38,ewam
2026-10-07,2026-10-08T10:00:00Z,28,1.4,1.3825,1.32,ewam
2026-10-07,2026-10-08T11:00:00Z,29,1.3,1.3124,1.26,ewam
2026-10-07,2026-10-08T12:00:00Z,30,1.2,1.2679,1.2,ewam
2026-10-07,2026-10-08T13:00:00Z,31,1.3,1.2388,1.16,ewam
2026-10-07,2026-10-08T14:00:00Z,32,1.2,1.223,1.14,ewam
2026-10-07,2026-10-08T15:00:00Z,33,1.3,1.2144,1.14,ewam
